ticker,name,exchange,source,norm
1101,台泥,sii,FinLab company_basic_info:公司簡稱,
1101,臺灣水泥股份有限公司,sii,FinLab company_basic_info:公司名稱,
1101,TCC,sii,FinLab company_basic_info:英文簡稱,TCC
1102,亞泥,sii,FinLab company_basic_info:公司簡稱,
1102,亞洲水泥股份有限公司,sii,FinLab company_basic_info:公司名稱,
1102,ACC,sii,FinLab company_basic_info:英文簡稱,ACC
1103,嘉泥,sii,FinLab company_basic_info:公司簡稱,
1103,嘉新水泥股份有限公司,sii,FinLab company_basic_info:公司名稱,
1103,CHC,sii,FinLab company_basic_info:英文簡稱,CHC
1104,環泥,sii,FinLab company_basic_info:公司簡稱,
1104,環球水泥股份有限公司,sii,FinLab company_basic_info:公司名稱,
1104,UCC,sii,FinLab company_basic_info:英文簡稱,UCC
1108,幸福,sii,FinLab company_basic_info:公司簡稱,
1108,幸福水泥股份有限公司,sii,FinLab company_basic_info:公司名稱,
1108,LUCKY CEMENT,sii,FinLab company_basic_info:英文簡稱,LUCKY CEMENT
1109,信大,sii,FinLab company_basic_info:公司簡稱,
1109,信大水泥股份有限公司,sii,FinLab company_basic_info:公司名稱,
1109,HsingTa,sii,FinLab company_basic_info:英文簡稱,HSINGTA
1110,東泥,sii,FinLab company_basic_info:公司簡稱,
1110,東南水泥股份有限公司,sii,FinLab company_basic_info:公司名稱,
1110,SE CEMENT,sii,FinLab company_basic_info:英文簡稱,SE CEMENT
1201,味全,sii,FinLab company_basic_info:公司簡稱,
1201,味全食品工業股份有限公司,sii,FinLab company_basic_info:公司名稱,
1201,WEI CHUAN,sii,FinLab company_basic_info:英文簡稱,WEI CHUAN
1203,味王,sii,FinLab company_basic_info:公司簡稱,
1203,味王股份有限公司,sii,FinLab company_basic_info:公司名稱,
1203,VE WONG,sii,FinLab company_basic_info:英文簡稱,VE WONG
1210,大成,sii,FinLab company_basic_info:公司簡稱,
1210,大成長城企業股份有限公司,sii,FinLab company_basic_info:公司名稱,
1210,GREATWALL,sii,FinLab company_basic_info:英文簡稱,GREATWALL
1213,大飲,sii,FinLab company_basic_info:公司簡稱,
1213,大西洋飲料股份有限公司,sii,FinLab company_basic_info:公司名稱,
1213,OCEANIC Bev.,sii,FinLab company_basic_info:英文簡稱,OCEANIC BEV
1215,卜蜂,sii,FinLab company_basic_info:公司簡稱,
1215,台灣卜蜂企業股份有限公司,sii,FinLab company_basic_info:公司名稱,
1215,CPE,sii,FinLab company_basic_info:英文簡稱,CPE
1216,統一,sii,FinLab company_basic_info:公司簡稱,
1216,統一企業股份有限公司,sii,FinLab company_basic_info:公司名稱,
1216,UNI-PRESIDENT,sii,FinLab company_basic_info:英文簡稱,UNI PRESIDENT
1217,愛之味,sii,FinLab company_basic_info:公司簡稱,
1217,愛之味股份有限公司,sii,FinLab company_basic_info:公司名稱,
1217,AGV,sii,FinLab company_basic_info:英文簡稱,AGV
1218,泰山,sii,FinLab company_basic_info:公司簡稱,
1218,泰山企業股份有限公司,sii,FinLab company_basic_info:公司名稱,
1218,TAISUN,sii,FinLab company_basic_info:英文簡稱,TAISUN
1219,福壽,sii,FinLab company_basic_info:公司簡稱,
1219,福壽實業股份有限公司,sii,FinLab company_basic_info:公司名稱,
1219,FWUSOW,sii,FinLab company_basic_info:英文簡稱,FWUSOW
1220,台榮,sii,FinLab company_basic_info:公司簡稱,
1220,台榮產業股份有限公司,sii,FinLab company_basic_info:公司名稱,
1220,TAIROUN,sii,FinLab company_basic_info:英文簡稱,TAIROUN
1225,福懋油,sii,FinLab company_basic_info:公司簡稱,
1225,福懋油脂股份有限公司,sii,FinLab company_basic_info:公司名稱,
1225,FOPCO,sii,FinLab company_basic_info:英文簡稱,FOPCO
1227,佳格,sii,FinLab company_basic_info:公司簡稱,
1227,佳格食品股份有限公司,sii,FinLab company_basic_info:公司名稱,
1227,SFC,sii,FinLab company_basic_info:英文簡稱,SFC
1229,聯華,sii,FinLab company_basic_info:公司簡稱,
1229,聯華實業控股股份有限公司,sii,FinLab company_basic_info:公司名稱,
1229,LHIHC,sii,FinLab company_basic_info:英文簡稱,LHIHC
1231,聯華食,sii,FinLab company_basic_info:公司簡稱,
1231,聯華食品工業股份有限公司,sii,FinLab company_basic_info:公司名稱,
1231,Lian Hwa Foods,sii,FinLab company_basic_info:英文簡稱,LIAN HWA FOODS
1232,大統益,sii,FinLab company_basic_info:公司簡稱,
1232,大統益股份有限公司,sii,FinLab company_basic_info:公司名稱,
1232,TTET,sii,FinLab company_basic_info:英文簡稱,TTET
1233,天仁,sii,FinLab company_basic_info:公司簡稱,
1233,天仁茶業股份有限公司,sii,FinLab company_basic_info:公司名稱,
1233,Ten Ren,sii,FinLab company_basic_info:英文簡稱,TEN REN
1234,黑松,sii,FinLab company_basic_info:公司簡稱,
1234,黑松股份有限公司,sii,FinLab company_basic_info:公司名稱,
1234,HEY SONG,sii,FinLab company_basic_info:英文簡稱,HEY SONG
1235,興泰,sii,FinLab company_basic_info:公司簡稱,
1235,興泰實業股份有限公司,sii,FinLab company_basic_info:公司名稱,
1235,ST,sii,FinLab company_basic_info:英文簡稱,ST
1236,宏亞,sii,FinLab company_basic_info:公司簡稱,
1236,宏亞食品股份有限公司,sii,FinLab company_basic_info:公司名稱,
1236,Hunya,sii,FinLab company_basic_info:英文簡稱,HUNYA
1256,鮮活果汁-KY,sii,FinLab company_basic_info:公司簡稱,KY
1256,鮮活控股股份有限公司,sii,FinLab company_basic_info:公司名稱,
1256,Sunjuice,sii,FinLab company_basic_info:英文簡稱,SUNJUICE
1301,台塑,sii,FinLab company_basic_info:公司簡稱,
1301,台灣塑膠工業股份有限公司,sii,FinLab company_basic_info:公司名稱,
1301,FPC,sii,FinLab company_basic_info:英文簡稱,FPC
1303,南亞,sii,FinLab company_basic_info:公司簡稱,
1303,南亞塑膠工業股份有限公司,sii,FinLab company_basic_info:公司名稱,
1303,NPC,sii,FinLab company_basic_info:英文簡稱,NPC
1304,台聚,sii,FinLab company_basic_info:公司簡稱,
1304,台灣聚合化學品股份有限公司,sii,FinLab company_basic_info:公司名稱,
1304,USI,sii,FinLab company_basic_info:英文簡稱,USI
1305,華夏,sii,FinLab company_basic_info:公司簡稱,
1305,華夏海灣塑膠股份有限公司,sii,FinLab company_basic_info:公司名稱,
1305,CGPC,sii,FinLab company_basic_info:英文簡稱,CGPC
1307,三芳,sii,FinLab company_basic_info:公司簡稱,
1307,三芳化學工業股份有限公司,sii,FinLab company_basic_info:公司名稱,
1307,SAN FANG,sii,FinLab company_basic_info:英文簡稱,SAN FANG
1308,亞聚,sii,FinLab company_basic_info:公司簡稱,
1308,亞洲聚合股份有限公司,sii,FinLab company_basic_info:公司名稱,
1308,APC,sii,FinLab company_basic_info:英文簡稱,APC
1309,台達化,sii,FinLab company_basic_info:公司簡稱,
1309,台達化學工業股份有限公司,sii,FinLab company_basic_info:公司名稱,
1309,TTC,sii,FinLab company_basic_info:英文簡稱,TTC
1310,台苯,sii,FinLab company_basic_info:公司簡稱,
1310,台灣苯乙烯工業股份有限公司,sii,FinLab company_basic_info:公司名稱,
1310,T.S.M.C.,sii,FinLab company_basic_info:英文簡稱,T S M
1312,國喬,sii,FinLab company_basic_info:公司簡稱,
1312,國喬石油化學股份有限公司,sii,FinLab company_basic_info:公司名稱,
1312,GPPC,sii,FinLab company_basic_info:英文簡稱,GPPC
1313,聯成,sii,FinLab company_basic_info:公司簡稱,
1313,聯成化學科技股份有限公司,sii,FinLab company_basic_info:公司名稱,
1313,UPC,sii,FinLab company_basic_info:英文簡稱,UPC
1314,中石化,sii,FinLab company_basic_info:公司簡稱,
1314,中國石油化學工業開發(股)公司,sii,FinLab company_basic_info:公司名稱,
1314,CPDC,sii,FinLab company_basic_info:英文簡稱,CPDC
1315,達新,sii,FinLab company_basic_info:公司簡稱,
1315,達新工業股份有限公司,sii,FinLab company_basic_info:公司名稱,
1315,TAH HSIN,sii,FinLab company_basic_info:英文簡稱,TAH HSIN
1316,上曜,sii,FinLab company_basic_info:公司簡稱,
1316,上曜建設開發股份有限公司,sii,FinLab company_basic_info:公司名稱,
1316,SUN YAD,sii,FinLab company_basic_info:英文簡稱,SUN YAD
1319,東陽,sii,FinLab company_basic_info:公司簡稱,
1319,東陽實業廠股份有限公司,sii,FinLab company_basic_info:公司名稱,
1319,TYG,sii,FinLab company_basic_info:英文簡稱,TYG
1321,大洋,sii,FinLab company_basic_info:公司簡稱,
1321,大洋塑膠工業股份有限公司,sii,FinLab company_basic_info:公司名稱,
1321,OPC,sii,FinLab company_basic_info:英文簡稱,OPC
1323,永裕,sii,FinLab company_basic_info:公司簡稱,
1323,永裕塑膠工業股份有限公司,sii,FinLab company_basic_info:公司名稱,
1323,YONYU,sii,FinLab company_basic_info:英文簡稱,YONYU
1324,地球,sii,FinLab company_basic_info:公司簡稱,
1324,地球綜合工業股份有限公司,sii,FinLab company_basic_info:公司名稱,
1324,GLOBE TAPE,sii,FinLab company_basic_info:英文簡稱,GLOBE TAPE
1325,恆大,sii,FinLab company_basic_info:公司簡稱,
1325,恒大股份有限公司,sii,FinLab company_basic_info:公司名稱,
1325,UK,sii,FinLab company_basic_info:英文簡稱,UK
1326,台化,sii,FinLab company_basic_info:公司簡稱,
1326,台灣化學纖維股份有限公司,sii,FinLab company_basic_info:公司名稱,
1326,FCFC,sii,FinLab company_basic_info:英文簡稱,FCFC
1337,再生-KY,sii,FinLab company_basic_info:公司簡稱,KY
1337,亞洲塑膠再生資源控股有限公司,sii,FinLab company_basic_info:公司名稱,
1337,Asia Plastic,sii,FinLab company_basic_info:英文簡稱,ASIA PLASTIC
1338,廣華-KY,sii,FinLab company_basic_info:公司簡稱,KY
1338,廣華控股有限公司,sii,FinLab company_basic_info:公司名稱,
1338,Hiroca,sii,FinLab company_basic_info:英文簡稱,HIROCA
1339,昭輝,sii,FinLab company_basic_info:公司簡稱,
1339,昭輝實業股份有限公司,sii,FinLab company_basic_info:公司名稱,
1339,Y.C.C.,sii,FinLab company_basic_info:英文簡稱,Y C
1340,勝悅-KY,sii,FinLab company_basic_info:公司簡稱,KY
1340,勝悅新材料有限公司,sii,FinLab company_basic_info:公司名稱,
1340,VICTORY,sii,FinLab company_basic_info:英文簡稱,VICTORY
1341,富林-KY,sii,FinLab company_basic_info:公司簡稱,KY
1341,富林塑膠工業(開曼)控股(股)公司,sii,FinLab company_basic_info:公司名稱,
1341,FULIN-KY,sii,FinLab company_basic_info:英文簡稱,FULIN KY
1342,八貫,sii,FinLab company_basic_info:公司簡稱,
1342,八貫企業股份有限公司,sii,FinLab company_basic_info:公司名稱,
1342,CCI Yilan,sii,FinLab company_basic_info:英文簡稱,CCI YILAN
1402,遠東新,sii,FinLab company_basic_info:公司簡稱,
1402,遠東新世紀股份有限公司,sii,FinLab company_basic_info:公司名稱,
1402,FENC,sii,FinLab company_basic_info:英文簡稱,FENC
1409,新纖,sii,FinLab company_basic_info:公司簡稱,
1409,新光合成纖維股份有限公司,sii,FinLab company_basic_info:公司名稱,
1409,SSFC,sii,FinLab company_basic_info:英文簡稱,SSFC
1410,南染,sii,FinLab company_basic_info:公司簡稱,
1410,南洋染整股份有限公司,sii,FinLab company_basic_info:公司名稱,
1410,NYDF,sii,FinLab company_basic_info:英文簡稱,NYDF
1413,宏洲,sii,FinLab company_basic_info:公司簡稱,
1413,宏洲纖維工業股份有限公司,sii,FinLab company_basic_info:公司名稱,
1413,H.C.,sii,FinLab company_basic_info:英文簡稱,H
1414,東和,sii,FinLab company_basic_info:公司簡稱,
1414,東和紡織股份有限公司,sii,FinLab company_basic_info:公司名稱,
1414,TUNG HO,sii,FinLab company_basic_info:英文簡稱,TUNG HO
1416,廣豐,sii,FinLab company_basic_info:公司簡稱,
1416,廣豐實業股份有限公司,sii,FinLab company_basic_info:公司名稱,
1416,KFIC,sii,FinLab company_basic_info:英文簡稱,KFIC
1417,嘉裕,sii,FinLab company_basic_info:公司簡稱,
1417,嘉裕股份有限公司,sii,FinLab company_basic_info:公司名稱,
1417,CARNIVAL,sii,FinLab company_basic_info:英文簡稱,CARNIVAL
1418,東華,sii,FinLab company_basic_info:公司簡稱,
1418,東華龍股份有限公司,sii,FinLab company_basic_info:公司名稱,
1418,TongHwa,sii,FinLab company_basic_info:英文簡稱,TONGHWA
1419,新紡,sii,FinLab company_basic_info:公司簡稱,
1419,新光紡織股份有限公司,sii,FinLab company_basic_info:公司名稱,
1419,SHINKO.TEXTILE,sii,FinLab company_basic_info:英文簡稱,SHINKO TEXTILE
1423,利華,sii,FinLab company_basic_info:公司簡稱,
1423,利華羊毛工業股份有限公司,sii,FinLab company_basic_info:公司名稱,
1423,REWARD WOOL,sii,FinLab company_basic_info:英文簡稱,REWARD WOOL
1432,大魯閣,sii,FinLab company_basic_info:公司簡稱,
1432,大魯閣實業股份有限公司,sii,FinLab company_basic_info:公司名稱,
1432,TAROKO,sii,FinLab company_basic_info:英文簡稱,TAROKO
1434,福懋,sii,FinLab company_basic_info:公司簡稱,
1434,福懋興業股份有限公司,sii,FinLab company_basic_info:公司名稱,
1434,F.T.C,sii,FinLab company_basic_info:英文簡稱,F T
1435,中福,sii,FinLab company_basic_info:公司簡稱,
1435,中福國際(股)公司,sii,FinLab company_basic_info:公司名稱,
1435,C.F.CORP.,sii,FinLab company_basic_info:英文簡稱,C F
1436,華友聯,sii,FinLab company_basic_info:公司簡稱,
1436,華友聯開發股份有限公司,sii,FinLab company_basic_info:公司名稱,
1436,HUA YU LIEN,sii,FinLab company_basic_info:英文簡稱,HUA YU LIEN
1437,勤益控,sii,FinLab company_basic_info:公司簡稱,
1437,勤益投資控股股份有限公司,sii,FinLab company_basic_info:公司名稱,
1437,GTM,sii,FinLab company_basic_info:英文簡稱,GTM
1438,三地開發,sii,FinLab company_basic_info:公司簡稱,
1438,三地開發地產股份有限公司,sii,FinLab company_basic_info:公司名稱,
1438,SanDi,sii,FinLab company_basic_info:英文簡稱,SANDI
1439,雋揚,sii,FinLab company_basic_info:公司簡稱,
1439,雋揚國際股份有限公司,sii,FinLab company_basic_info:公司名稱,
1439,ASCENT,sii,FinLab company_basic_info:英文簡稱,ASCENT
1440,南紡,sii,FinLab company_basic_info:公司簡稱,
1440,臺南紡織股份有限公司,sii,FinLab company_basic_info:公司名稱,
1440,TAINAN SPINNING,sii,FinLab company_basic_info:英文簡稱,TAINAN SPINNING
1441,大東,sii,FinLab company_basic_info:公司簡稱,
1441,大東紡織股份有限公司,sii,FinLab company_basic_info:公司名稱,
1441,TAH TONG,sii,FinLab company_basic_info:英文簡稱,TAH TONG
1442,名軒,sii,FinLab company_basic_info:公司簡稱,
1442,名軒開發股份有限公司,sii,FinLab company_basic_info:公司名稱,
1442,ADVANCETEK,sii,FinLab company_basic_info:英文簡稱,ADVANCETEK
1443,立益物流,sii,FinLab company_basic_info:公司簡稱,
1443,立益物流開發股份有限公司,sii,FinLab company_basic_info:公司名稱,
1443,LILYTEXTILE,sii,FinLab company_basic_info:英文簡稱,LILYTEXTILE
1444,力麗,sii,FinLab company_basic_info:公司簡稱,
1444,力麗企業股份有限公司,sii,FinLab company_basic_info:公司名稱,
1444,LEALEA,sii,FinLab company_basic_info:英文簡稱,LEALEA
1445,大宇,sii,FinLab company_basic_info:公司簡稱,
1445,大宇紡織股份有限公司,sii,FinLab company_basic_info:公司名稱,
1445,UNIVERSAL,sii,FinLab company_basic_info:英文簡稱,UNIVERSAL
1446,宏和,sii,FinLab company_basic_info:公司簡稱,
1446,宏和精密紡織股份有限公司,sii,FinLab company_basic_info:公司名稱,
1446,HONG HO,sii,FinLab company_basic_info:英文簡稱,HONG HO
1447,力鵬,sii,FinLab company_basic_info:公司簡稱,
1447,力鵬企業股份有限公司,sii,FinLab company_basic_info:公司名稱,
1447,LP,sii,FinLab company_basic_info:英文簡稱,
1449,佳和,sii,FinLab company_basic_info:公司簡稱,
1449,佳和實業股份有限公司,sii,FinLab company_basic_info:公司名稱,
1449,CHIA HER,sii,FinLab company_basic_info:英文簡稱,CHIA HER
1451,年興,sii,FinLab company_basic_info:公司簡稱,
1451,年興紡織股份有限公司,sii,FinLab company_basic_info:公司名稱,
1451,NIEN HSING,sii,FinLab company_basic_info:英文簡稱,NIEN HSING
1452,宏益,sii,FinLab company_basic_info:公司簡稱,
1452,宏益纖維工業股份有限公司,sii,FinLab company_basic_info:公司名稱,
1452,HONG YI,sii,FinLab company_basic_info:英文簡稱,HONG YI
1453,大將,sii,FinLab company_basic_info:公司簡稱,
1453,大將開發股份有限公司,sii,FinLab company_basic_info:公司名稱,
1453,TA JIANG,sii,FinLab company_basic_info:英文簡稱,TA JIANG
1454,台富,sii,FinLab company_basic_info:公司簡稱,
1454,台灣富綢纖維股份有限公司,sii,FinLab company_basic_info:公司名稱,
1454,TTF,sii,FinLab company_basic_info:英文簡稱,TTF
1455,集盛,sii,FinLab company_basic_info:公司簡稱,
1455,集盛實業股份有限公司,sii,FinLab company_basic_info:公司名稱,
1455,ZIG SHENG,sii,FinLab company_basic_info:英文簡稱,ZIG SHENG
1456,怡華,sii,FinLab company_basic_info:公司簡稱,
1456,怡華實業股份有限公司,sii,FinLab company_basic_info:公司名稱,
1456,I-HWA,sii,FinLab company_basic_info:英文簡稱,I HWA
1457,宜進,sii,FinLab company_basic_info:公司簡稱,
1457,宜進實業股份有限公司,sii,FinLab company_basic_info:公司名稱,
1457,YI JINN,sii,FinLab company_basic_info:英文簡稱,YI JINN
1459,聯發,sii,FinLab company_basic_info:公司簡稱,
1459,聯發紡織纖維股份有限公司,sii,FinLab company_basic_info:公司名稱,
1459,LAN FA,sii,FinLab company_basic_info:英文簡稱,LAN FA
1460,宏遠,sii,FinLab company_basic_info:公司簡稱,
1460,宏遠興業股份有限公司,sii,FinLab company_basic_info:公司名稱,
1460,EVEREST,sii,FinLab company_basic_info:英文簡稱,EVEREST
1463,強盛新,sii,FinLab company_basic_info:公司簡稱,
1463,強盛新投資控股股份有限公司,sii,FinLab company_basic_info:公司名稱,
1463,CSG,sii,FinLab company_basic_info:英文簡稱,CSG
1464,得力,sii,FinLab company_basic_info:公司簡稱,
1464,得力實業股份有限公司,sii,FinLab company_basic_info:公司名稱,
1464,DE LICACY,sii,FinLab company_basic_info:英文簡稱,DE LICACY
1465,偉全,sii,FinLab company_basic_info:公司簡稱,
1465,偉全實業股份有限公司,sii,FinLab company_basic_info:公司名稱,
1465,WISHER,sii,FinLab company_basic_info:英文簡稱,WISHER
1466,聚隆,sii,FinLab company_basic_info:公司簡稱,
1466,聚隆纖維股份有限公司,sii,FinLab company_basic_info:公司名稱,
1466,Acelon,sii,FinLab company_basic_info:英文簡稱,ACELON
1467,南緯,sii,FinLab company_basic_info:公司簡稱,
1467,南緯實業股份有限公司,sii,FinLab company_basic_info:公司名稱,
1467,TEX-RAY,sii,FinLab company_basic_info:英文簡稱,TEX RAY
1468,昶和,sii,FinLab company_basic_info:公司簡稱,
1468,昶和纖維興業股份有限公司,sii,FinLab company_basic_info:公司名稱,
1468,CHANG HO,sii,FinLab company_basic_info:英文簡稱,CHANG HO
1470,大統新創,sii,FinLab company_basic_info:公司簡稱,
1470,大統新創股份有限公司,sii,FinLab company_basic_info:公司名稱,
1470,EVERTEX,sii,FinLab company_basic_info:英文簡稱,EVERTEX
1471,首利,sii,FinLab company_basic_info:公司簡稱,
1471,首利實業股份有限公司,sii,FinLab company_basic_info:公司名稱,
1471,SL,sii,FinLab company_basic_info:英文簡稱,SL
1472,三洋實業,sii,FinLab company_basic_info:公司簡稱,
1472,三洋實業股份有限公司,sii,FinLab company_basic_info:公司名稱,
1472,TRIOCEAN,sii,FinLab company_basic_info:英文簡稱,TRIOCEAN
1473,台南,sii,FinLab company_basic_info:公司簡稱,
1473,台南企業股份有限公司,sii,FinLab company_basic_info:公司名稱,
1473,TAINAN,sii,FinLab company_basic_info:英文簡稱,TAINAN
1474,弘裕,sii,FinLab company_basic_info:公司簡稱,
1474,弘裕企業股份有限公司,sii,FinLab company_basic_info:公司名稱,
1474,HONMYUE,sii,FinLab company_basic_info:英文簡稱,HONMYUE
1475,業旺,sii,FinLab company_basic_info:公司簡稱,
1475,台灣業旺股份有限公司,sii,FinLab company_basic_info:公司名稱,
1475,BIG SUNSHINE,sii,FinLab company_basic_info:英文簡稱,BIG SUNSHINE
1476,儒鴻,sii,FinLab company_basic_info:公司簡稱,
1476,儒鴻企業股份有限公司,sii,FinLab company_basic_info:公司名稱,
1476,ECLAT,sii,FinLab company_basic_info:英文簡稱,ECLAT
1477,聚陽,sii,FinLab company_basic_info:公司簡稱,
1477,聚陽實業股份有限公司,sii,FinLab company_basic_info:公司名稱,
1477,Makalot,sii,FinLab company_basic_info:英文簡稱,MAKALOT
1503,士電,sii,FinLab company_basic_info:公司簡稱,
1503,士林電機廠股份有限公司,sii,FinLab company_basic_info:公司名稱,
1503,SEEC,sii,FinLab company_basic_info:英文簡稱,SEEC
1504,東元,sii,FinLab company_basic_info:公司簡稱,
1504,東元電機股份有限公司,sii,FinLab company_basic_info:公司名稱,
1504,TECO,sii,FinLab company_basic_info:英文簡稱,TECO
1506,正道,sii,FinLab company_basic_info:公司簡稱,
1506,正道工業股份有限公司,sii,FinLab company_basic_info:公司名稱,
1506,RIGHT WAY,sii,FinLab company_basic_info:英文簡稱,RIGHT WAY
1512,瑞利,sii,FinLab company_basic_info:公司簡稱,
1512,瑞利企業股份有限公司,sii,FinLab company_basic_info:公司名稱,
1512,JL,sii,FinLab company_basic_info:英文簡稱,JL
1513,中興電,sii,FinLab company_basic_info:公司簡稱,
1513,中興電工機械股份有限公司,sii,FinLab company_basic_info:公司名稱,
1513,CHEM,sii,FinLab company_basic_info:英文簡稱,CHEM
1514,亞力,sii,FinLab company_basic_info:公司簡稱,
1514,亞力電機股份有限公司,sii,FinLab company_basic_info:公司名稱,
1514,AEC,sii,FinLab company_basic_info:英文簡稱,AEC
1515,力山,sii,FinLab company_basic_info:公司簡稱,
1515,力山工業股份有限公司,sii,FinLab company_basic_info:公司名稱,
1515,REXON,sii,FinLab company_basic_info:英文簡稱,REXON
1516,川飛,sii,FinLab company_basic_info:公司簡稱,
1516,川飛能源股份有限公司,sii,FinLab company_basic_info:公司名稱,
1516,FALCON,sii,FinLab company_basic_info:英文簡稱,FALCON
1517,利奇,sii,FinLab company_basic_info:公司簡稱,
1517,利奇機械工業股份有限公司,sii,FinLab company_basic_info:公司名稱,
1517,Lee Chi,sii,FinLab company_basic_info:英文簡稱,LEE CHI
1519,華城,sii,FinLab company_basic_info:公司簡稱,
1519,華城電機股份有限公司,sii,FinLab company_basic_info:公司名稱,
1519,FE,sii,FinLab company_basic_info:英文簡稱,FE
1521,大億,sii,FinLab company_basic_info:公司簡稱,
1521,大億交通工業製造股份有限公司,sii,FinLab company_basic_info:公司名稱,
1521,TA YIH,sii,FinLab company_basic_info:英文簡稱,TA YIH
1522,堤維西,sii,FinLab company_basic_info:公司簡稱,
1522,堤維西交通工業股份有限公司,sii,FinLab company_basic_info:公司名稱,
1522,TYC,sii,FinLab company_basic_info:英文簡稱,TYC
1524,耿鼎,sii,FinLab company_basic_info:公司簡稱,
1524,耿鼎企業股份有限公司,sii,FinLab company_basic_info:公司名稱,
1524,GORDON,sii,FinLab company_basic_info:英文簡稱,GORDON
1525,江申,sii,FinLab company_basic_info:公司簡稱,
1525,江申工業股份有限公司,sii,FinLab company_basic_info:公司名稱,
1525,KSC,sii,FinLab company_basic_info:英文簡稱,KSC
1526,日馳,sii,FinLab company_basic_info:公司簡稱,
1526,日馳企業股份有限公司,sii,FinLab company_basic_info:公司名稱,
1526,SUNRACE,sii,FinLab company_basic_info:英文簡稱,SUNRACE
1527,鑽全,sii,FinLab company_basic_info:公司簡稱,
1527,鑽全實業股份有限公司,sii,FinLab company_basic_info:公司名稱,
1527,BASSO,sii,FinLab company_basic_info:英文簡稱,BASSO
1528,恩德,sii,FinLab company_basic_info:公司簡稱,
1528,恩德科技股份有限公司,sii,FinLab company_basic_info:公司名稱,
1528,ANDERSON,sii,FinLab company_basic_info:英文簡稱,ANDERSON
1529,樂事綠能,sii,FinLab company_basic_info:公司簡稱,
1529,樂事綠能科技股份有限公司,sii,FinLab company_basic_info:公司名稱,
1529,LUXE,sii,FinLab company_basic_info:英文簡稱,LUXE
1530,亞崴,sii,FinLab company_basic_info:公司簡稱,
1530,亞崴機電股份有限公司,sii,FinLab company_basic_info:公司名稱,
1530,AWEA,sii,FinLab company_basic_info:英文簡稱,AWEA
1531,高林股,sii,FinLab company_basic_info:公司簡稱,
1531,高林股份有限公司,sii,FinLab company_basic_info:公司名稱,
1531,KAULIN,sii,FinLab company_basic_info:英文簡稱,KAULIN
1532,勤美,sii,FinLab company_basic_info:公司簡稱,
1532,勤美股份有限公司,sii,FinLab company_basic_info:公司名稱,
1532,CMP,sii,FinLab company_basic_info:英文簡稱,CMP
1533,車王電,sii,FinLab company_basic_info:公司簡稱,
1533,車王電子股份有限公司,sii,FinLab company_basic_info:公司名稱,
1533,MORE,sii,FinLab company_basic_info:英文簡稱,MORE
1535,中宇,sii,FinLab company_basic_info:公司簡稱,
1535,中宇環保工程股份有限公司,sii,FinLab company_basic_info:公司名稱,
1535,CEC,sii,FinLab company_basic_info:英文簡稱,CEC
1536,和大,sii,FinLab company_basic_info:公司簡稱,
1536,和大工業股份有限公司,sii,FinLab company_basic_info:公司名稱,
1536,HOTA,sii,FinLab company_basic_info:英文簡稱,HOTA
1537,廣隆,sii,FinLab company_basic_info:公司簡稱,
1537,廣隆光電科技股份有限公司,sii,FinLab company_basic_info:公司名稱,
1537,KUNG LONG,sii,FinLab company_basic_info:英文簡稱,KUNG LONG
1538,正峰,sii,FinLab company_basic_info:公司簡稱,
1538,正峰工業股份有限公司,sii,FinLab company_basic_info:公司名稱,
1538,JF,sii,FinLab company_basic_info:英文簡稱,JF
1539,巨庭,sii,FinLab company_basic_info:公司簡稱,
1539,巨庭機械股份有限公司,sii,FinLab company_basic_info:公司名稱,
1539,GT,sii,FinLab company_basic_info:英文簡稱,GT
1540,喬福,sii,FinLab company_basic_info:公司簡稱,
1540,喬福機械工業股份有限公司,sii,FinLab company_basic_info:公司名稱,
1540,ROUNDTOP,sii,FinLab company_basic_info:英文簡稱,ROUNDTOP
1541,錩泰,sii,FinLab company_basic_info:公司簡稱,
1541,錩泰工業股份有限公司,sii,FinLab company_basic_info:公司名稱,
1541,Chang Type,sii,FinLab company_basic_info:英文簡稱,CHANG TYPE
1558,伸興,sii,FinLab company_basic_info:公司簡稱,
1558,伸興工業股份有限公司,sii,FinLab company_basic_info:公司名稱,
1558,ZENG HSING,sii,FinLab company_basic_info:英文簡稱,ZENG HSING
1560,中砂,sii,FinLab company_basic_info:公司簡稱,
1560,中國砂輪企業股份有限公司,sii,FinLab company_basic_info:公司名稱,
1560,KINIK,sii,FinLab company_basic_info:英文簡稱,KINIK
1563,巧新,sii,FinLab company_basic_info:公司簡稱,
1563,巧新科技工業股份有限公司,sii,FinLab company_basic_info:公司名稱,
1563,SAI,sii,FinLab company_basic_info:英文簡稱,SAI
1568,倉佑,sii,FinLab company_basic_info:公司簡稱,
1568,倉佑實業股份有限公司,sii,FinLab company_basic_info:公司名稱,
1568,T.Y.,sii,FinLab company_basic_info:英文簡稱,T Y
1582,信錦,sii,FinLab company_basic_info:公司簡稱,
1582,信錦企業股份有限公司,sii,FinLab company_basic_info:公司名稱,
1582,SYNCMOLD,sii,FinLab company_basic_info:英文簡稱,SYNCMOLD
1583,程泰,sii,FinLab company_basic_info:公司簡稱,
1583,程泰機械股份有限公司,sii,FinLab company_basic_info:公司名稱,
1583,GOODWAY,sii,FinLab company_basic_info:英文簡稱,GOODWAY
1587,吉茂,sii,FinLab company_basic_info:公司簡稱,
1587,吉茂精密股份有限公司,sii,FinLab company_basic_info:公司名稱,
1587,CM,sii,FinLab company_basic_info:英文簡稱,CM
1589,永冠-KY,sii,FinLab company_basic_info:公司簡稱,KY
1589,永冠能源科技集團有限公司,sii,FinLab company_basic_info:公司名稱,
1589,YGG,sii,FinLab company_basic_info:英文簡稱,YGG
1590,亞德客-KY,sii,FinLab company_basic_info:公司簡稱,KY
1590,亞德客國際集團,sii,FinLab company_basic_info:公司名稱,
1590,AIRTAC,sii,FinLab company_basic_info:英文簡稱,AIRTAC
1597,直得,sii,FinLab company_basic_info:公司簡稱,
1597,直得科技股份有限公司,sii,FinLab company_basic_info:公司名稱,
1597,cpc,sii,FinLab company_basic_info:英文簡稱,CPC
1598,岱宇,sii,FinLab company_basic_info:公司簡稱,
1598,岱宇國際股份有限公司,sii,FinLab company_basic_info:公司名稱,
1598,Dyaco,sii,FinLab company_basic_info:英文簡稱,DYACO
1603,華電,sii,FinLab company_basic_info:公司簡稱,
1603,中華電線電纜股份有限公司,sii,FinLab company_basic_info:公司名稱,
1603,CWCO,sii,FinLab company_basic_info:英文簡稱,CWCO
1604,聲寶,sii,FinLab company_basic_info:公司簡稱,
1604,聲寶股份有限公司,sii,FinLab company_basic_info:公司名稱,
1604,SAMPO,sii,FinLab company_basic_info:英文簡稱,SAMPO
1605,華新,sii,FinLab company_basic_info:公司簡稱,
1605,華新麗華股份有限公司,sii,FinLab company_basic_info:公司名稱,
1605,WALSIN,sii,FinLab company_basic_info:英文簡稱,WALSIN
1608,華榮,sii,FinLab company_basic_info:公司簡稱,
1608,華榮電線電纜股份有限公司,sii,FinLab company_basic_info:公司名稱,
1608,HE,sii,FinLab company_basic_info:英文簡稱,HE
1609,大亞,sii,FinLab company_basic_info:公司簡稱,
1609,大亞電線電纜股份有限公司,sii,FinLab company_basic_info:公司名稱,
1609,TA YA,sii,FinLab company_basic_info:英文簡稱,TA YA
1611,中電,sii,FinLab company_basic_info:公司簡稱,
1611,中國電器股份有限公司,sii,FinLab company_basic_info:公司名稱,
1611,CE,sii,FinLab company_basic_info:英文簡稱,CE
1612,宏泰,sii,FinLab company_basic_info:公司簡稱,
1612,宏泰電工股份有限公司,sii,FinLab company_basic_info:公司名稱,
1612,HONG TAI,sii,FinLab company_basic_info:英文簡稱,HONG TAI
1614,三洋電,sii,FinLab company_basic_info:公司簡稱,
1614,台灣三洋電機股份有限公司,sii,FinLab company_basic_info:公司名稱,
1614,Taiwan Sanyo,sii,FinLab company_basic_info:英文簡稱,TAIWAN SANYO
1615,大山,sii,FinLab company_basic_info:公司簡稱,
1615,大山電線電纜股份有限公司,sii,FinLab company_basic_info:公司名稱,
1615,Dah San,sii,FinLab company_basic_info:英文簡稱,DAH SAN
1616,億泰,sii,FinLab company_basic_info:公司簡稱,
1616,億泰電線電纜股份有限公司,sii,FinLab company_basic_info:公司名稱,
1616,EVERTOP,sii,FinLab company_basic_info:英文簡稱,EVERTOP
1617,榮星,sii,FinLab company_basic_info:公司簡稱,
1617,榮星電線工業股份有限公司,sii,FinLab company_basic_info:公司名稱,
1617,JSW,sii,FinLab company_basic_info:英文簡稱,JSW
1618,合機,sii,FinLab company_basic_info:公司簡稱,
1618,合機電線電纜股份有限公司,sii,FinLab company_basic_info:公司名稱,
1618,HK,sii,FinLab company_basic_info:英文簡稱,HK
1623,大東電,sii,FinLab company_basic_info:公司簡稱,
1623,大東電業廠股份有限公司,sii,FinLab company_basic_info:公司名稱,
1623,TEWC,sii,FinLab company_basic_info:英文簡稱,TEWC
1626,艾美特-KY,sii,FinLab company_basic_info:公司簡稱,KY
1626,艾美特(開曼)國際有限公司,sii,FinLab company_basic_info:公司名稱,
1626,AIRMATE,sii,FinLab company_basic_info:英文簡稱,AIRMATE
1702,南僑,sii,FinLab company_basic_info:公司簡稱,
1702,南僑投資控股股份有限公司,sii,FinLab company_basic_info:公司名稱,
1702,NAMCHOW,sii,FinLab company_basic_info:英文簡稱,NAMCHOW
1707,葡萄王,sii,FinLab company_basic_info:公司簡稱,
1707,葡萄王生技股份有限公司,sii,FinLab company_basic_info:公司名稱,
1707,GKB,sii,FinLab company_basic_info:英文簡稱,GKB
1708,東鹼,sii,FinLab company_basic_info:公司簡稱,
1708,東南實業股份有限公司,sii,FinLab company_basic_info:公司名稱,
1708,SESODA,sii,FinLab company_basic_info:英文簡稱,SESODA
1709,和益,sii,FinLab company_basic_info:公司簡稱,
1709,和益化學工業股份有限公司,sii,FinLab company_basic_info:公司名稱,
1709,FUCC,sii,FinLab company_basic_info:英文簡稱,FUCC
1710,東聯,sii,FinLab company_basic_info:公司簡稱,
1710,東聯化學股份有限公司,sii,FinLab company_basic_info:公司名稱,
1710,OUCC,sii,FinLab company_basic_info:英文簡稱,OUCC
1711,永光,sii,FinLab company_basic_info:公司簡稱,
1711,臺灣永光化學工業股份有限公司,sii,FinLab company_basic_info:公司名稱,
1711,EVERLIGHT,sii,FinLab company_basic_info:英文簡稱,EVERLIGHT
1712,興農,sii,FinLab company_basic_info:公司簡稱,
1712,興農股份有限公司,sii,FinLab company_basic_info:公司名稱,
1712,SINON,sii,FinLab company_basic_info:英文簡稱,SINON
1713,國化,sii,FinLab company_basic_info:公司簡稱,
1713,國泰化工廠股份有限公司,sii,FinLab company_basic_info:公司名稱,
1713,CCW,sii,FinLab company_basic_info:英文簡稱,CCW
1714,和桐,sii,FinLab company_basic_info:公司簡稱,
1714,和桐化學股份有限公司,sii,FinLab company_basic_info:公司名稱,
1714,HO TUNG,sii,FinLab company_basic_info:英文簡稱,HO TUNG
1717,長興,sii,FinLab company_basic_info:公司簡稱,
1717,長興材料工業股份有限公司,sii,FinLab company_basic_info:公司名稱,
1717,ETERNAL,sii,FinLab company_basic_info:英文簡稱,ETERNAL
1718,中纖,sii,FinLab company_basic_info:公司簡稱,
1718,中國人造纖維股份有限公司,sii,FinLab company_basic_info:公司名稱,
1718,CMFC,sii,FinLab company_basic_info:英文簡稱,CMFC
1720,生達,sii,FinLab company_basic_info:公司簡稱,
1720,生達化學製藥股份有限公司,sii,FinLab company_basic_info:公司名稱,
1720,S.C.P.C,sii,FinLab company_basic_info:英文簡稱,S C P
1721,三晃,sii,FinLab company_basic_info:公司簡稱,
1721,三晃股份有限公司,sii,FinLab company_basic_info:公司名稱,
1721,SUNKO,sii,FinLab company_basic_info:英文簡稱,SUNKO
1722,台肥,sii,FinLab company_basic_info:公司簡稱,
1722,台灣肥料股份有限公司,sii,FinLab company_basic_info:公司名稱,
1722,TFC,sii,FinLab company_basic_info:英文簡稱,TFC
1723,中碳,sii,FinLab company_basic_info:公司簡稱,
1723,中鋼碳素化學股份有限公司,sii,FinLab company_basic_info:公司名稱,
1723,CSCC,sii,FinLab company_basic_info:英文簡稱,CSCC
1725,元禎,sii,FinLab company_basic_info:公司簡稱,
1725,元禎企業股份有限公司,sii,FinLab company_basic_info:公司名稱,
1725,YJE,sii,FinLab company_basic_info:英文簡稱,YJE
1726,永記,sii,FinLab company_basic_info:公司簡稱,
1726,永記造漆工業股份有限公司,sii,FinLab company_basic_info:公司名稱,
1726,Y.C.P.,sii,FinLab company_basic_info:英文簡稱,Y C P
1727,中華化,sii,FinLab company_basic_info:公司簡稱,
1727,臺灣中華化學工業股份有限公司,sii,FinLab company_basic_info:公司名稱,
1727,CHCIW,sii,FinLab company_basic_info:英文簡稱,CHCIW
1730,花仙子,sii,FinLab company_basic_info:公司簡稱,
1730,花仙子企業股份有限公司,sii,FinLab company_basic_info:公司名稱,
1730,FARCENT,sii,FinLab company_basic_info:英文簡稱,FARCENT
1731,美吾華,sii,FinLab company_basic_info:公司簡稱,
1731,美吾華股份有限公司,sii,FinLab company_basic_info:公司名稱,
1731,Maywufa,sii,FinLab company_basic_info:英文簡稱,MAYWUFA
1732,毛寶,sii,FinLab company_basic_info:公司簡稱,
1732,毛寶股份有限公司,sii,FinLab company_basic_info:公司名稱,
1732,Mao Bao,sii,FinLab company_basic_info:英文簡稱,MAO BAO
1733,五鼎,sii,FinLab company_basic_info:公司簡稱,
1733,五鼎生物技術股份有限公司,sii,FinLab company_basic_info:公司名稱,
1733,ApexBio,sii,FinLab company_basic_info:英文簡稱,APEXBIO
1734,杏輝,sii,FinLab company_basic_info:公司簡稱,
1734,杏輝藥品工業股份有限公司,sii,FinLab company_basic_info:公司名稱,
1734,SINPHAR,sii,FinLab company_basic_info:英文簡稱,SINPHAR
1735,日勝化,sii,FinLab company_basic_info:公司簡稱,
1735,日勝化工股份有限公司,sii,FinLab company_basic_info:公司名稱,
1735,EMC,sii,FinLab company_basic_info:英文簡稱,EMC
1736,喬山,sii,FinLab company_basic_info:公司簡稱,
1736,喬山健康科技股份有限公司,sii,FinLab company_basic_info:公司名稱,
1736,JHT,sii,FinLab company_basic_info:英文簡稱,JHT
1737,臺鹽,sii,FinLab company_basic_info:公司簡稱,
1737,臺鹽實業股份有限公司,sii,FinLab company_basic_info:公司名稱,
1737,Taiyen,sii,FinLab company_basic_info:英文簡稱,TAIYEN
1752,南光,sii,FinLab company_basic_info:公司簡稱,
1752,南光化學製藥股份有限公司,sii,FinLab company_basic_info:公司名稱,
1752,NANG KUANG,sii,FinLab company_basic_info:英文簡稱,NANG KUANG
1760,寶齡富錦,sii,FinLab company_basic_info:公司簡稱,
1760,寶齡富錦生技股份有限公司,sii,FinLab company_basic_info:公司名稱,
1760,PBF,sii,FinLab company_basic_info:英文簡稱,PBF
1762,中化生,sii,FinLab company_basic_info:公司簡稱,
1762,中化合成生技股份有限公司,sii,FinLab company_basic_info:公司名稱,
1762,CCSB,sii,FinLab company_basic_info:英文簡稱,CCSB
1773,勝一,sii,FinLab company_basic_info:公司簡稱,
1773,勝一化工股份有限公司,sii,FinLab company_basic_info:公司名稱,
1773,SHINY CHEMICAL,sii,FinLab company_basic_info:英文簡稱,SHINY CHEMICAL
1776,展宇,sii,FinLab company_basic_info:公司簡稱,
1776,展宇科技材料股份有限公司,sii,FinLab company_basic_info:公司名稱,
1776,Headway,sii,FinLab company_basic_info:英文簡稱,HEADWAY
1783,和康生,sii,FinLab company_basic_info:公司簡稱,
1783,和康生物科技股份有限公司,sii,FinLab company_basic_info:公司名稱,
1783,MBI,sii,FinLab company_basic_info:英文簡稱,MBI
1786,科妍,sii,FinLab company_basic_info:公司簡稱,
1786,科妍生物科技股份有限公司,sii,FinLab company_basic_info:公司名稱,
1786,SVBI,sii,FinLab company_basic_info:英文簡稱,SVBI
1789,神隆,sii,FinLab company_basic_info:公司簡稱,
1789,台灣神隆股份有限公司,sii,FinLab company_basic_info:公司名稱,
1789,SPT,sii,FinLab company_basic_info:英文簡稱,SPT
1795,美時,sii,FinLab company_basic_info:公司簡稱,
1795,美時化學製藥股份有限公司,sii,FinLab company_basic_info:公司名稱,
1795,Lotus Pharm,sii,FinLab company_basic_info:英文簡稱,LOTUS PHARM
1802,台玻,sii,FinLab company_basic_info:公司簡稱,
1802,台灣玻璃工業股份有限公司,sii,FinLab company_basic_info:公司名稱,
1802,TGI,sii,FinLab company_basic_info:英文簡稱,TGI
1805,寶徠,sii,FinLab company_basic_info:公司簡稱,
1805,寶徠建設股份有限公司,sii,FinLab company_basic_info:公司名稱,
1805,BLG,sii,FinLab company_basic_info:英文簡稱,BLG
1806,冠軍,sii,FinLab company_basic_info:公司簡稱,
1806,冠軍建材股份有限公司,sii,FinLab company_basic_info:公司名稱,
1806,CHAMPION,sii,FinLab company_basic_info:英文簡稱,CHAMPION
1808,潤隆,sii,FinLab company_basic_info:公司簡稱,
1808,潤隆建設股份有限公司,sii,FinLab company_basic_info:公司名稱,
1808,RUN LONG,sii,FinLab company_basic_info:英文簡稱,RUN LONG
1809,中釉,sii,FinLab company_basic_info:公司簡稱,
1809,中國製釉股份有限公司,sii,FinLab company_basic_info:公司名稱,
1809,China Glaze,sii,FinLab company_basic_info:英文簡稱,CHINA GLAZE
1810,和成,sii,FinLab company_basic_info:公司簡稱,
1810,和成欣業股份有限公司,sii,FinLab company_basic_info:公司名稱,
1810,HCG,sii,FinLab company_basic_info:英文簡稱,HCG
1817,凱撒衛,sii,FinLab company_basic_info:公司簡稱,
1817,凱撒衛浴股份有限公司,sii,FinLab company_basic_info:公司名稱,
1817,SANITAR,sii,FinLab company_basic_info:英文簡稱,SANITAR
1903,士紙,sii,FinLab company_basic_info:公司簡稱,
1903,士林紙業股份有限公司,sii,FinLab company_basic_info:公司名稱,
1903,Shihlin Paper,sii,FinLab company_basic_info:英文簡稱,SHIHLIN PAPER
1904,正隆,sii,FinLab company_basic_info:公司簡稱,
1904,正隆股份有限公司,sii,FinLab company_basic_info:公司名稱,
1904,Cheng Loong,sii,FinLab company_basic_info:英文簡稱,CHENG LOONG
1905,華紙,sii,FinLab company_basic_info:公司簡稱,
1905,中華紙漿股份有限公司,sii,FinLab company_basic_info:公司名稱,
1905,CHP,sii,FinLab company_basic_info:英文簡稱,CHP
1906,寶隆,sii,FinLab company_basic_info:公司簡稱,
1906,寶隆國際股份有限公司,sii,FinLab company_basic_info:公司名稱,
1906,Baolong Intl.,sii,FinLab company_basic_info:英文簡稱,BAOLONG INTL
1907,永豐餘,sii,FinLab company_basic_info:公司簡稱,
1907,永豐餘投資控股股份有限公司,sii,FinLab company_basic_info:公司名稱,
1907,YFY,sii,FinLab company_basic_info:英文簡稱,YFY
1909,榮成,sii,FinLab company_basic_info:公司簡稱,
1909,榮成紙業股份有限公司,sii,FinLab company_basic_info:公司名稱,
1909,Longchen P&P,sii,FinLab company_basic_info:英文簡稱,LONGCHEN P AND P
2002,中鋼,sii,FinLab company_basic_info:公司簡稱,
2002,中國鋼鐵股份有限公司,sii,FinLab company_basic_info:公司名稱,
2002,CSC,sii,FinLab company_basic_info:英文簡稱,CSC
2006,東和鋼鐵,sii,FinLab company_basic_info:公司簡稱,
2006,東和鋼鐵企業股份有限公司,sii,FinLab company_basic_info:公司名稱,
2006,Tung Ho Steel,sii,FinLab company_basic_info:英文簡稱,TUNG HO STEEL
2007,燁興,sii,FinLab company_basic_info:公司簡稱,
2007,燁興企業股份有限公司,sii,FinLab company_basic_info:公司名稱,
2007,YH,sii,FinLab company_basic_info:英文簡稱,YH
2008,高興昌,sii,FinLab company_basic_info:公司簡稱,
2008,高興昌鋼鐵股份有限公司,sii,FinLab company_basic_info:公司名稱,
2008,KHC,sii,FinLab company_basic_info:英文簡稱,KHC
2009,第一銅,sii,FinLab company_basic_info:公司簡稱,
2009,第一伸銅科技股份有限公司,sii,FinLab company_basic_info:公司名稱,
2009,FCC,sii,FinLab company_basic_info:英文簡稱,FCC
2010,春源,sii,FinLab company_basic_info:公司簡稱,
2010,春源鋼鐵工業股份有限公司,sii,FinLab company_basic_info:公司名稱,
2010,CHUN YUAN STEEL,sii,FinLab company_basic_info:英文簡稱,CHUN YUAN STEEL
2012,春雨,sii,FinLab company_basic_info:公司簡稱,
2012,春雨工廠股份有限公司,sii,FinLab company_basic_info:公司名稱,
2012,CHUN YU,sii,FinLab company_basic_info:英文簡稱,CHUN YU
2013,中鋼構,sii,FinLab company_basic_info:公司簡稱,
2013,中國鋼鐵結構股份有限公司,sii,FinLab company_basic_info:公司名稱,
2013,CSSC,sii,FinLab company_basic_info:英文簡稱,CSSC
2014,中鴻,sii,FinLab company_basic_info:公司簡稱,
2014,中鴻鋼鐵股份有限公司,sii,FinLab company_basic_info:公司名稱,
2014,CHUNG HUNG,sii,FinLab company_basic_info:英文簡稱,CHUNG HUNG
2015,豐興,sii,FinLab company_basic_info:公司簡稱,
2015,豐興鋼鐵股份有限公司,sii,FinLab company_basic_info:公司名稱,
2015,FH,sii,FinLab company_basic_info:英文簡稱,FH
2017,官田鋼,sii,FinLab company_basic_info:公司簡稱,
2017,官田鋼鐵股份有限公司,sii,FinLab company_basic_info:公司名稱,
2017,Quintain Steel,sii,FinLab company_basic_info:英文簡稱,QUINTAIN STEEL
2020,美亞,sii,FinLab company_basic_info:公司簡稱,
2020,美亞鋼管廠股份有限公司,sii,FinLab company_basic_info:公司名稱,
2020,MAYER PIPE,sii,FinLab company_basic_info:英文簡稱,MAYER PIPE
2022,聚亨,sii,FinLab company_basic_info:公司簡稱,
2022,聚亨企業股份有限公司,sii,FinLab company_basic_info:公司名稱,
2022,TYCOONS,sii,FinLab company_basic_info:英文簡稱,TYCOONS
2023,燁輝,sii,FinLab company_basic_info:公司簡稱,
2023,燁輝企業股份有限公司,sii,FinLab company_basic_info:公司名稱,
2023,YP,sii,FinLab company_basic_info:英文簡稱,YP
2024,志聯,sii,FinLab company_basic_info:公司簡稱,
2024,志聯工業股份有限公司,sii,FinLab company_basic_info:公司名稱,
2024,CHIH LIEN,sii,FinLab company_basic_info:英文簡稱,CHIH LIEN
2025,千興,sii,FinLab company_basic_info:公司簡稱,
2025,千興不銹鋼(股)公司,sii,FinLab company_basic_info:公司名稱,
2025,CSSSC,sii,FinLab company_basic_info:英文簡稱,CSSSC
2027,大成鋼,sii,FinLab company_basic_info:公司簡稱,
2027,大成不銹鋼工業股份有限公司,sii,FinLab company_basic_info:公司名稱,
2027,TC,sii,FinLab company_basic_info:英文簡稱,TC
2028,威致,sii,FinLab company_basic_info:公司簡稱,
2028,威致鋼鐵工業股份有限公司,sii,FinLab company_basic_info:公司名稱,
2028,WEI CHIH,sii,FinLab company_basic_info:英文簡稱,WEI CHIH
2029,盛餘,sii,FinLab company_basic_info:公司簡稱,
2029,盛餘股份有限公司,sii,FinLab company_basic_info:公司名稱,
2029,SYSCO,sii,FinLab company_basic_info:英文簡稱,SYSCO
2030,彰源,sii,FinLab company_basic_info:公司簡稱,
2030,彰源企業股份有限公司,sii,FinLab company_basic_info:公司名稱,
2030,FROCH,sii,FinLab company_basic_info:英文簡稱,FROCH
2031,新光鋼,sii,FinLab company_basic_info:公司簡稱,
2031,新光鋼鐵股份有限公司,sii,FinLab company_basic_info:公司名稱,
2031,Hkssteel,sii,FinLab company_basic_info:英文簡稱,HKSSTEEL
2032,新鋼,sii,FinLab company_basic_info:公司簡稱,
2032,新鋼工業股份有限公司,sii,FinLab company_basic_info:公司名稱,
2032,Sinkang,sii,FinLab company_basic_info:英文簡稱,SINKANG
2033,佳大,sii,FinLab company_basic_info:公司簡稱,
2033,佳大世界股份有限公司,sii,FinLab company_basic_info:公司名稱,
2033,CHIA TA,sii,FinLab company_basic_info:英文簡稱,CHIA TA
2034,允強,sii,FinLab company_basic_info:公司簡稱,
2034,允強實業股份有限公司,sii,FinLab company_basic_info:公司名稱,
2034,YC,sii,FinLab company_basic_info:英文簡稱,YC
2038,海光,sii,FinLab company_basic_info:公司簡稱,
2038,海光企業股份有限公司,sii,FinLab company_basic_info:公司名稱,
2038,HAIKWANG,sii,FinLab company_basic_info:英文簡稱,HAIKWANG
2049,上銀,sii,FinLab company_basic_info:公司簡稱,
2049,上銀科技股份有限公司,sii,FinLab company_basic_info:公司名稱,
2049,HIWIN,sii,FinLab company_basic_info:英文簡稱,HIWIN
2059,川湖,sii,FinLab company_basic_info:公司簡稱,
2059,川湖科技股份有限公司,sii,FinLab company_basic_info:公司名稱,
2059,king slide,sii,FinLab company_basic_info:英文簡稱,KING SLIDE
2062,橋椿,sii,FinLab company_basic_info:公司簡稱,
2062,橋椿金屬股份有限公司,sii,FinLab company_basic_info:公司名稱,
2062,SSM,sii,FinLab company_basic_info:英文簡稱,SSM
2069,運錩,sii,FinLab company_basic_info:公司簡稱,
2069,運錩鋼鐵股份有限公司,sii,FinLab company_basic_info:公司名稱,
2069,YC,sii,FinLab company_basic_info:英文簡稱,YC
2072,世紀風電,sii,FinLab company_basic_info:公司簡稱,
2072,世紀離岸風電設備股份有限公司,sii,FinLab company_basic_info:公司名稱,
2072,CWP,sii,FinLab company_basic_info:英文簡稱,CWP
2101,南港,sii,FinLab company_basic_info:公司簡稱,
2101,南港輪胎股份有限公司,sii,FinLab company_basic_info:公司名稱,
2101,NK,sii,FinLab company_basic_info:英文簡稱,NK
2102,泰豐,sii,FinLab company_basic_info:公司簡稱,
2102,泰豐輪胎股份有限公司,sii,FinLab company_basic_info:公司名稱,
2102,FEDERAL CORP,sii,FinLab company_basic_info:英文簡稱,FEDERAL
2103,台橡,sii,FinLab company_basic_info:公司簡稱,
2103,台橡股份有限公司,sii,FinLab company_basic_info:公司名稱,
2103,TSRC,sii,FinLab company_basic_info:英文簡稱,TSRC
2104,國際中橡,sii,FinLab company_basic_info:公司簡稱,
2104,國際中橡投資控股股份有限公司,sii,FinLab company_basic_info:公司名稱,
2104,CSRC,sii,FinLab company_basic_info:英文簡稱,CSRC
2105,正新,sii,FinLab company_basic_info:公司簡稱,
2105,正新橡膠工業股份有限公司,sii,FinLab company_basic_info:公司名稱,
2105,CST,sii,FinLab company_basic_info:英文簡稱,CST
2106,建大,sii,FinLab company_basic_info:公司簡稱,
2106,建大工業股份有限公司,sii,FinLab company_basic_info:公司名稱,
2106,KENDA,sii,FinLab company_basic_info:英文簡稱,KENDA
2107,厚生,sii,FinLab company_basic_info:公司簡稱,
2107,厚生股份有限公司,sii,FinLab company_basic_info:公司名稱,
2107,FRG,sii,FinLab company_basic_info:英文簡稱,FRG
2108,南帝,sii,FinLab company_basic_info:公司簡稱,
2108,南帝化學工業股份有限公司,sii,FinLab company_basic_info:公司名稱,
2108,NANTEX,sii,FinLab company_basic_info:英文簡稱,NANTEX
2109,華豐,sii,FinLab company_basic_info:公司簡稱,
2109,華豐橡膠工業股份有限公司,sii,FinLab company_basic_info:公司名稱,
2109,HWA FONG,sii,FinLab company_basic_info:英文簡稱,HWA FONG
2114,鑫永銓,sii,FinLab company_basic_info:公司簡稱,
2114,鑫永銓股份有限公司,sii,FinLab company_basic_info:公司名稱,
2114,HYC,sii,FinLab company_basic_info:英文簡稱,HYC
2115,六暉-KY,sii,FinLab company_basic_info:公司簡稱,KY
2115,六暉控股股份有限公司,sii,FinLab company_basic_info:公司名稱,
2115,LU HAI,sii,FinLab company_basic_info:英文簡稱,LU HAI
2201,裕隆,sii,FinLab company_basic_info:公司簡稱,
2201,裕隆汽車製造股份有限公司,sii,FinLab company_basic_info:公司名稱,
2201,YL,sii,FinLab company_basic_info:英文簡稱,YL
2204,中華,sii,FinLab company_basic_info:公司簡稱,
2204,中華汽車工業股份有限公司,sii,FinLab company_basic_info:公司名稱,
2204,CMC,sii,FinLab company_basic_info:英文簡稱,CMC
2206,三陽工業,sii,FinLab company_basic_info:公司簡稱,
2206,三陽工業股份有限公司,sii,FinLab company_basic_info:公司名稱,
2206,SYM,sii,FinLab company_basic_info:英文簡稱,SYM
2207,和泰車,sii,FinLab company_basic_info:公司簡稱,
2207,和泰汽車股份有限公司,sii,FinLab company_basic_info:公司名稱,
2207,HOTAI MOTOR,sii,FinLab company_basic_info:英文簡稱,HOTAI MOTOR
2208,台船,sii,FinLab company_basic_info:公司簡稱,
2208,台灣國際造船股份有限公司,sii,FinLab company_basic_info:公司名稱,
2208,CSBC,sii,FinLab company_basic_info:英文簡稱,CSBC
2211,長榮鋼,sii,FinLab company_basic_info:公司簡稱,
2211,長榮鋼鐵股份有限公司,sii,FinLab company_basic_info:公司名稱,
2211,EGST,sii,FinLab company_basic_info:英文簡稱,EGST
2227,裕日車,sii,FinLab company_basic_info:公司簡稱,
2227,裕隆日產汽車股份有限公司,sii,FinLab company_basic_info:公司名稱,
2227,YNM,sii,FinLab company_basic_info:英文簡稱,YNM
2228,劍麟,sii,FinLab company_basic_info:公司簡稱,
2228,劍麟股份有限公司,sii,FinLab company_basic_info:公司名稱,
2228,IRF,sii,FinLab company_basic_info:英文簡稱,IRF
2231,為升,sii,FinLab company_basic_info:公司簡稱,
2231,為升電裝工業股份有限公司,sii,FinLab company_basic_info:公司名稱,
2231,CUB,sii,FinLab company_basic_info:英文簡稱,CUB
2233,宇隆,sii,FinLab company_basic_info:公司簡稱,
2233,宇隆科技股份有限公司,sii,FinLab company_basic_info:公司名稱,
2233,TURVO,sii,FinLab company_basic_info:英文簡稱,TURVO
2236,百達-KY,sii,FinLab company_basic_info:公司簡稱,KY
2236,百達精密工業股份有限公司,sii,FinLab company_basic_info:公司名稱,
2236,Patec,sii,FinLab company_basic_info:英文簡稱,PATEC
2239,英利-KY,sii,FinLab company_basic_info:公司簡稱,KY
2239,開曼英利工業股份有限公司,sii,FinLab company_basic_info:公司名稱,
2239,Cayman Engley,sii,FinLab company_basic_info:英文簡稱,CAYMAN ENGLEY
2241,艾姆勒,sii,FinLab company_basic_info:公司簡稱,
2241,艾姆勒科技股份有限公司,sii,FinLab company_basic_info:公司名稱,
2241,Amulaire,sii,FinLab company_basic_info:英文簡稱,AMULAIRE
2243,宏旭-KY,sii,FinLab company_basic_info:公司簡稱,KY
2243,宏旭控股股份有限公司,sii,FinLab company_basic_info:公司名稱,
2243,HS,sii,FinLab company_basic_info:英文簡稱,HS
2247,汎德永業,sii,FinLab company_basic_info:公司簡稱,
2247,汎德永業汽車股份有限公司,sii,FinLab company_basic_info:公司名稱,
2247,PGUM,sii,FinLab company_basic_info:英文簡稱,PGUM
2248,華勝-KY,sii,FinLab company_basic_info:公司簡稱,KY
2248,華勝汽車電子股份有限公司,sii,FinLab company_basic_info:公司名稱,
2248,eLAND,sii,FinLab company_basic_info:英文簡稱,ELAND
2250,IKKA-KY,sii,FinLab company_basic_info:公司簡稱,IKKA KY
2250,第一化成控股(開曼)股份有限公司,sii,FinLab company_basic_info:公司名稱,
2250,IKKA-KY,sii,FinLab company_basic_info:英文簡稱,IKKA KY
2254,巨鎧精密-創,sii,FinLab company_basic_info:公司簡稱,
2254,巨鎧精密工業股份有限公司,sii,FinLab company_basic_info:公司名稱,
2254,COPLUS,sii,FinLab company_basic_info:英文簡稱,COPLUS
2258,鴻華先進-創,sii,FinLab company_basic_info:公司簡稱,
2258,鴻華先進科技股份有限公司,sii,FinLab company_basic_info:公司名稱,
2258,Foxtron,sii,FinLab company_basic_info:英文簡稱,FOXTRON
2301,光寶科,sii,FinLab company_basic_info:公司簡稱,
2301,光寶科技股份有限公司,sii,FinLab company_basic_info:公司名稱,
2301,LTC,sii,FinLab company_basic_info:英文簡稱,LTC
2302,麗正,sii,FinLab company_basic_info:公司簡稱,
2302,麗正國際科技股份有限公司,sii,FinLab company_basic_info:公司名稱,
2302,RECTRON,sii,FinLab company_basic_info:英文簡稱,RECTRON
2303,聯電,sii,FinLab company_basic_info:公司簡稱,
2303,聯華電子股份有限公司,sii,FinLab company_basic_info:公司名稱,
2303,UMC,sii,FinLab company_basic_info:英文簡稱,UMC
2305,全友,sii,FinLab company_basic_info:公司簡稱,
2305,全友電腦股份有限公司,sii,FinLab company_basic_info:公司名稱,
2305,MII,sii,FinLab company_basic_info:英文簡稱,MII
2308,台達電,sii,FinLab company_basic_info:公司簡稱,
2308,台達電子工業股份有限公司,sii,FinLab company_basic_info:公司名稱,
2308,DELTA,sii,FinLab company_basic_info:英文簡稱,DELTA
2312,金寶,sii,FinLab company_basic_info:公司簡稱,
2312,金寶電子工業股份有限公司,sii,FinLab company_basic_info:公司名稱,
2312,KINPO,sii,FinLab company_basic_info:英文簡稱,KINPO
2313,華通,sii,FinLab company_basic_info:公司簡稱,
2313,華通電腦股份有限公司,sii,FinLab company_basic_info:公司名稱,
2313,COMPEQ,sii,FinLab company_basic_info:英文簡稱,COMPEQ
2314,台揚,sii,FinLab company_basic_info:公司簡稱,
2314,台揚科技股份有限公司,sii,FinLab company_basic_info:公司名稱,
2314,MTI,sii,FinLab company_basic_info:英文簡稱,MTI
2316,楠梓電,sii,FinLab company_basic_info:公司簡稱,
2316,楠梓電子股份有限公司,sii,FinLab company_basic_info:公司名稱,
2316,WUS,sii,FinLab company_basic_info:英文簡稱,WUS
2317,鴻海,sii,FinLab company_basic_info:公司簡稱,
2317,鴻海精密工業股份有限公司,sii,FinLab company_basic_info:公司名稱,
2317,HON HAI,sii,FinLab company_basic_info:英文簡稱,HON HAI
2321,東訊,sii,FinLab company_basic_info:公司簡稱,
2321,東訊股份有限公司,sii,FinLab company_basic_info:公司名稱,
2321,TECOM,sii,FinLab company_basic_info:英文簡稱,TECOM
2323,中環,sii,FinLab company_basic_info:公司簡稱,
2323,中環股份有限公司,sii,FinLab company_basic_info:公司名稱,
2323,CMC,sii,FinLab company_basic_info:英文簡稱,CMC
2324,仁寶,sii,FinLab company_basic_info:公司簡稱,
2324,仁寶電腦工業股份有限公司,sii,FinLab company_basic_info:公司名稱,
2324,Compal,sii,FinLab company_basic_info:英文簡稱,COMPAL
2327,國巨*,sii,FinLab company_basic_info:公司簡稱,
2327,國巨股份有限公司,sii,FinLab company_basic_info:公司名稱,
2327,YAGEO,sii,FinLab company_basic_info:英文簡稱,YAGEO
2328,廣宇,sii,FinLab company_basic_info:公司簡稱,
2328,廣宇科技股份有限公司,sii,FinLab company_basic_info:公司名稱,
2328,PI,sii,FinLab company_basic_info:英文簡稱,PI
2329,華泰,sii,FinLab company_basic_info:公司簡稱,
2329,華泰電子股份有限公司,sii,FinLab company_basic_info:公司名稱,
2329,OSE,sii,FinLab company_basic_info:英文簡稱,OSE
2330,台積電,sii,FinLab company_basic_info:公司簡稱,
2330,台灣積體電路製造股份有限公司,sii,FinLab company_basic_info:公司名稱,
2330,TSMC,sii,FinLab company_basic_info:英文簡稱,TSMC
2331,精英,sii,FinLab company_basic_info:公司簡稱,
2331,精英電腦股份有限公司,sii,FinLab company_basic_info:公司名稱,
2331,ECS,sii,FinLab company_basic_info:英文簡稱,ECS
2332,友訊,sii,FinLab company_basic_info:公司簡稱,
2332,友訊科技股份有限公司,sii,FinLab company_basic_info:公司名稱,
2332,D-LINK,sii,FinLab company_basic_info:英文簡稱,D LINK
2337,旺宏,sii,FinLab company_basic_info:公司簡稱,
2337,旺宏電子股份有限公司,sii,FinLab company_basic_info:公司名稱,
2337,Macronix,sii,FinLab company_basic_info:英文簡稱,MACRONIX
2338,光罩,sii,FinLab company_basic_info:公司簡稱,
2338,台灣光罩股份有限公司,sii,FinLab company_basic_info:公司名稱,
2338,TMC,sii,FinLab company_basic_info:英文簡稱,TMC
2340,台亞,sii,FinLab company_basic_info:公司簡稱,
2340,台亞半導體股份有限公司,sii,FinLab company_basic_info:公司名稱,
2340,TASC,sii,FinLab company_basic_info:英文簡稱,TASC
2342,茂矽,sii,FinLab company_basic_info:公司簡稱,
2342,台灣茂矽電子股份有限公司,sii,FinLab company_basic_info:公司名稱,
2342,MVI,sii,FinLab company_basic_info:英文簡稱,MVI
2344,華邦電,sii,FinLab company_basic_info:公司簡稱,
2344,華邦電子股份有限公司,sii,FinLab company_basic_info:公司名稱,
2344,WEC,sii,FinLab company_basic_info:英文簡稱,WEC
2345,智邦,sii,FinLab company_basic_info:公司簡稱,
2345,智邦科技股份有限公司,sii,FinLab company_basic_info:公司名稱,
2345,ACCTON,sii,FinLab company_basic_info:英文簡稱,ACCTON
2347,聯強,sii,FinLab company_basic_info:公司簡稱,
2347,聯強國際股份有限公司,sii,FinLab company_basic_info:公司名稱,
2347,Synnex,sii,FinLab company_basic_info:英文簡稱,SYNNEX
2348,海悅,sii,FinLab company_basic_info:公司簡稱,
2348,海悅國際開發股份有限公司,sii,FinLab company_basic_info:公司名稱,
2348,Hiyes,sii,FinLab company_basic_info:英文簡稱,HIYES
2349,錸德,sii,FinLab company_basic_info:公司簡稱,
2349,錸德科技股份有限公司,sii,FinLab company_basic_info:公司名稱,
2349,RITEK,sii,FinLab company_basic_info:英文簡稱,RITEK
2351,順德,sii,FinLab company_basic_info:公司簡稱,
2351,順德工業股份有限公司,sii,FinLab company_basic_info:公司名稱,
2351,SDI,sii,FinLab company_basic_info:英文簡稱,SDI
2352,佳世達,sii,FinLab company_basic_info:公司簡稱,
2352,佳世達科技股份有限公司,sii,FinLab company_basic_info:公司名稱,
2352,Qisda,sii,FinLab company_basic_info:英文簡稱,QISDA
2353,宏碁,sii,FinLab company_basic_info:公司簡稱,
2353,宏碁股份有限公司,sii,FinLab company_basic_info:公司名稱,
2353,ACER,sii,FinLab company_basic_info:英文簡稱,ACER
2354,鴻準,sii,FinLab company_basic_info:公司簡稱,
2354,鴻準精密工業股份有限公司,sii,FinLab company_basic_info:公司名稱,
2354,FTC,sii,FinLab company_basic_info:英文簡稱,FTC
2355,敬鵬,sii,FinLab company_basic_info:公司簡稱,
2355,敬鵬工業股份有限公司,sii,FinLab company_basic_info:公司名稱,
2355,CHIN-POON,sii,FinLab company_basic_info:英文簡稱,CHIN POON
2356,英業達,sii,FinLab company_basic_info:公司簡稱,
2356,英業達股份有限公司,sii,FinLab company_basic_info:公司名稱,
2356,INVENTEC,sii,FinLab company_basic_info:英文簡稱,INVENTEC
2357,華碩,sii,FinLab company_basic_info:公司簡稱,
2357,華碩電腦股份有限公司,sii,FinLab company_basic_info:公司名稱,
2357,ASUSTEK,sii,FinLab company_basic_info:英文簡稱,ASUSTEK
2359,所羅門,sii,FinLab company_basic_info:公司簡稱,
2359,所羅門股份有限公司,sii,FinLab company_basic_info:公司名稱,
2359,SOLOMON,sii,FinLab company_basic_info:英文簡稱,SOLOMON
2360,致茂,sii,FinLab company_basic_info:公司簡稱,
2360,致茂電子股份有限公司,sii,FinLab company_basic_info:公司名稱,
2360,CHROMA,sii,FinLab company_basic_info:英文簡稱,CHROMA
2362,藍天,sii,FinLab company_basic_info:公司簡稱,
2362,藍天電腦股份有限公司,sii,FinLab company_basic_info:公司名稱,
2362,CLEVO CO.,sii,FinLab company_basic_info:英文簡稱,CLEVO
2363,矽統,sii,FinLab company_basic_info:公司簡稱,
2363,矽統科技股份有限公司,sii,FinLab company_basic_info:公司名稱,
2363,SiS,sii,FinLab company_basic_info:英文簡稱,SIS
2364,倫飛,sii,FinLab company_basic_info:公司簡稱,
2364,倫飛電腦實業股份有限公司,sii,FinLab company_basic_info:公司名稱,
2364,Twinhead,sii,FinLab company_basic_info:英文簡稱,TWINHEAD
2365,昆盈,sii,FinLab company_basic_info:公司簡稱,
2365,昆盈企業股份有限公司,sii,FinLab company_basic_info:公司名稱,
2365,KYE,sii,FinLab company_basic_info:英文簡稱,KYE
2367,燿華,sii,FinLab company_basic_info:公司簡稱,
2367,燿華電子股份有限公司,sii,FinLab company_basic_info:公司名稱,
2367,UNITECH,sii,FinLab company_basic_info:英文簡稱,UNITECH
2368,金像電,sii,FinLab company_basic_info:公司簡稱,
2368,金像電子(股)公司,sii,FinLab company_basic_info:公司名稱,
2368,GCE,sii,FinLab company_basic_info:英文簡稱,GCE
2369,菱生,sii,FinLab company_basic_info:公司簡稱,
2369,菱生精密工業股份有限公司,sii,FinLab company_basic_info:公司名稱,
2369,LPI,sii,FinLab company_basic_info:英文簡稱,LPI
2371,大同,sii,FinLab company_basic_info:公司簡稱,
2371,大同股份有限公司,sii,FinLab company_basic_info:公司名稱,
2371,TATUNG COMPANY,sii,FinLab company_basic_info:英文簡稱,TATUNG
2373,震旦行,sii,FinLab company_basic_info:公司簡稱,
2373,震旦行股份有限公司,sii,FinLab company_basic_info:公司名稱,
2373,Aurora,sii,FinLab company_basic_info:英文簡稱,AURORA
2374,佳能,sii,FinLab company_basic_info:公司簡稱,
2374,佳能企業股份有限公司,sii,FinLab company_basic_info:公司名稱,
2374,ABILITY,sii,FinLab company_basic_info:英文簡稱,ABILITY
2375,凱美,sii,FinLab company_basic_info:公司簡稱,
2375,凱美電機股份有限公司,sii,FinLab company_basic_info:公司名稱,
2375,KAIMEI,sii,FinLab company_basic_info:英文簡稱,KAIMEI
2376,技嘉,sii,FinLab company_basic_info:公司簡稱,
2376,技嘉科技股份有限公司,sii,FinLab company_basic_info:公司名稱,
2376,GIGABYTE,sii,FinLab company_basic_info:英文簡稱,GIGABYTE
2377,微星,sii,FinLab company_basic_info:公司簡稱,
2377,微星科技股份有限公司,sii,FinLab company_basic_info:公司名稱,
2377,MSI,sii,FinLab company_basic_info:英文簡稱,MSI
2379,瑞昱,sii,FinLab company_basic_info:公司簡稱,
2379,瑞昱半導體股份有限公司,sii,FinLab company_basic_info:公司名稱,
2379,RT,sii,FinLab company_basic_info:英文簡稱,RT
2380,虹光,sii,FinLab company_basic_info:公司簡稱,
2380,虹光精密工業股份有限公司,sii,FinLab company_basic_info:公司名稱,
2380,AVISION,sii,FinLab company_basic_info:英文簡稱,AVISION
2382,廣達,sii,FinLab company_basic_info:公司簡稱,
2382,廣達電腦股份有限公司,sii,FinLab company_basic_info:公司名稱,
2382,QCI,sii,FinLab company_basic_info:英文簡稱,QCI
2383,台光電,sii,FinLab company_basic_info:公司簡稱,
2383,台光電子材料股份有限公司,sii,FinLab company_basic_info:公司名稱,
2383,EMC,sii,FinLab company_basic_info:英文簡稱,EMC
2385,群光,sii,FinLab company_basic_info:公司簡稱,
2385,群光電子股份有限公司,sii,FinLab company_basic_info:公司名稱,
2385,CHICONY,sii,FinLab company_basic_info:英文簡稱,CHICONY
2387,精元,sii,FinLab company_basic_info:公司簡稱,
2387,精元電腦股份有限公司,sii,FinLab company_basic_info:公司名稱,
2387,SUNREX,sii,FinLab company_basic_info:英文簡稱,SUNREX
2388,威盛,sii,FinLab company_basic_info:公司簡稱,
2388,威盛電子股份有限公司,sii,FinLab company_basic_info:公司名稱,
2388,VIA,sii,FinLab company_basic_info:英文簡稱,VIA
2390,云辰,sii,FinLab company_basic_info:公司簡稱,
2390,云辰電子開發股份有限公司,sii,FinLab company_basic_info:公司名稱,
2390,EVERSPRING,sii,FinLab company_basic_info:英文簡稱,EVERSPRING
2392,正崴,sii,FinLab company_basic_info:公司簡稱,
2392,正崴精密工業股份有限公司,sii,FinLab company_basic_info:公司名稱,
2392,FOXLINK,sii,FinLab company_basic_info:英文簡稱,FOXLINK
2393,億光,sii,FinLab company_basic_info:公司簡稱,
2393,億光電子工業股份有限公司,sii,FinLab company_basic_info:公司名稱,
2393,EVERLIGHT,sii,FinLab company_basic_info:英文簡稱,EVERLIGHT
2395,研華,sii,FinLab company_basic_info:公司簡稱,
2395,研華股份有限公司,sii,FinLab company_basic_info:公司名稱,
2395,Advantech,sii,FinLab company_basic_info:英文簡稱,ADVANTECH
2397,友通,sii,FinLab company_basic_info:公司簡稱,
2397,友通資訊股份有限公司,sii,FinLab company_basic_info:公司名稱,
2397,DFI Inc.,sii,FinLab company_basic_info:英文簡稱,DFI
2399,映泰,sii,FinLab company_basic_info:公司簡稱,
2399,映泰股份有限公司,sii,FinLab company_basic_info:公司名稱,
2399,BIOSTAR,sii,FinLab company_basic_info:英文簡稱,BIOSTAR
2401,凌陽,sii,FinLab company_basic_info:公司簡稱,
2401,凌陽科技股份有限公司,sii,FinLab company_basic_info:公司名稱,
2401,SUNPLUS,sii,FinLab company_basic_info:英文簡稱,SUNPLUS
2402,毅嘉,sii,FinLab company_basic_info:公司簡稱,
2402,毅嘉科技股份有限公司,sii,FinLab company_basic_info:公司名稱,
2402,ICHIA,sii,FinLab company_basic_info:英文簡稱,ICHIA
2404,漢唐,sii,FinLab company_basic_info:公司簡稱,
2404,漢唐集成股份有限公司,sii,FinLab company_basic_info:公司名稱,
2404,UIS,sii,FinLab company_basic_info:英文簡稱,UIS
2405,輔信,sii,FinLab company_basic_info:公司簡稱,
2405,輔信科技股份有限公司,sii,FinLab company_basic_info:公司名稱,
2405,Shuttle,sii,FinLab company_basic_info:英文簡稱,SHUTTLE
2406,國碩,sii,FinLab company_basic_info:公司簡稱,
2406,國碩科技工業股份有限公司,sii,FinLab company_basic_info:公司名稱,
2406,GSC,sii,FinLab company_basic_info:英文簡稱,GSC
2408,南亞科,sii,FinLab company_basic_info:公司簡稱,
2408,南亞科技股份有限公司,sii,FinLab company_basic_info:公司名稱,
2408,NTC,sii,FinLab company_basic_info:英文簡稱,NTC
2409,友達,sii,FinLab company_basic_info:公司簡稱,
2409,友達光電股份有限公司,sii,FinLab company_basic_info:公司名稱,
2409,AUO,sii,FinLab company_basic_info:英文簡稱,AUO
2412,中華電,sii,FinLab company_basic_info:公司簡稱,
2412,中華電信股份有限公司,sii,FinLab company_basic_info:公司名稱,
2412,CHT,sii,FinLab company_basic_info:英文簡稱,CHT
2413,環科,sii,FinLab company_basic_info:公司簡稱,
2413,環隆科技股份有限公司,sii,FinLab company_basic_info:公司名稱,
2413,UMEC,sii,FinLab company_basic_info:英文簡稱,UMEC
2414,精技,sii,FinLab company_basic_info:公司簡稱,
2414,精技電腦股份有限公司,sii,FinLab company_basic_info:公司名稱,
2414,UT,sii,FinLab company_basic_info:英文簡稱,UT
2415,錩新,sii,FinLab company_basic_info:公司簡稱,
2415,錩新科技股份有限公司,sii,FinLab company_basic_info:公司名稱,
2415,CX TECH,sii,FinLab company_basic_info:英文簡稱,CX TECH
2417,圓剛,sii,FinLab company_basic_info:公司簡稱,
2417,圓剛科技股份有限公司,sii,FinLab company_basic_info:公司名稱,
2417,AVERMEDIA,sii,FinLab company_basic_info:英文簡稱,AVERMEDIA
2419,仲琦,sii,FinLab company_basic_info:公司簡稱,
2419,仲琦科技股份有限公司,sii,FinLab company_basic_info:公司名稱,
2419,H.T.,sii,FinLab company_basic_info:英文簡稱,H T
2420,新巨,sii,FinLab company_basic_info:公司簡稱,
2420,新巨企業股份有限公司,sii,FinLab company_basic_info:公司名稱,
2420,ZIPPY,sii,FinLab company_basic_info:英文簡稱,ZIPPY
2421,建準,sii,FinLab company_basic_info:公司簡稱,
2421,建準電機工業股份有限公司,sii,FinLab company_basic_info:公司名稱,
2421,SUNON,sii,FinLab company_basic_info:英文簡稱,SUNON
2423,固緯,sii,FinLab company_basic_info:公司簡稱,
2423,固緯電子實業股份有限公司,sii,FinLab company_basic_info:公司名稱,
2423,GW,sii,FinLab company_basic_info:英文簡稱,GW
2424,隴華,sii,FinLab company_basic_info:公司簡稱,
2424,隴華電子股份有限公司,sii,FinLab company_basic_info:公司名稱,
2424,LUNG HWA,sii,FinLab company_basic_info:英文簡稱,LUNG HWA
2425,承啟,sii,FinLab company_basic_info:公司簡稱,
2425,承啟科技股份有限公司,sii,FinLab company_basic_info:公司名稱,
2425,CHAINTECH,sii,FinLab company_basic_info:英文簡稱,CHAINTECH
2426,鼎元,sii,FinLab company_basic_info:公司簡稱,
2426,鼎元光電科技股份有限公司,sii,FinLab company_basic_info:公司名稱,
2426,TYNTEK,sii,FinLab company_basic_info:英文簡稱,TYNTEK
2427,三商電,sii,FinLab company_basic_info:公司簡稱,
2427,三商電腦股份有限公司,sii,FinLab company_basic_info:公司名稱,
2427,MDS,sii,FinLab company_basic_info:英文簡稱,MDS
2428,興勤,sii,FinLab company_basic_info:公司簡稱,
2428,興勤電子工業股份有限公司,sii,FinLab company_basic_info:公司名稱,
2428,THINKING,sii,FinLab company_basic_info:英文簡稱,THINKING
2429,銘旺科,sii,FinLab company_basic_info:公司簡稱,
2429,銘旺科技股份有限公司,sii,FinLab company_basic_info:公司名稱,
2429,PWT,sii,FinLab company_basic_info:英文簡稱,PWT
2430,燦坤,sii,FinLab company_basic_info:公司簡稱,
2430,燦坤實業股份有限公司,sii,FinLab company_basic_info:公司名稱,
2430,TKE,sii,FinLab company_basic_info:英文簡稱,TKE
2431,聯昌,sii,FinLab company_basic_info:公司簡稱,
2431,聯昌電子企業股份有限公司,sii,FinLab company_basic_info:公司名稱,
2431,LIEN CHANG,sii,FinLab company_basic_info:英文簡稱,LIEN CHANG
2432,倚天酷碁-創,sii,FinLab company_basic_info:公司簡稱,
2432,倚天酷碁股份有限公司,sii,FinLab company_basic_info:公司名稱,
2432,AGT,sii,FinLab company_basic_info:英文簡稱,AGT
2433,互盛電,sii,FinLab company_basic_info:公司簡稱,
2433,互盛股份有限公司,sii,FinLab company_basic_info:公司名稱,
2433,HUXEN,sii,FinLab company_basic_info:英文簡稱,HUXEN
2434,統懋,sii,FinLab company_basic_info:公司簡稱,
2434,統懋半導體股份有限公司,sii,FinLab company_basic_info:公司名稱,
2434,MOSPEC,sii,FinLab company_basic_info:英文簡稱,MOSPEC
2436,偉詮電,sii,FinLab company_basic_info:公司簡稱,
2436,偉詮電子股份有限公司,sii,FinLab company_basic_info:公司名稱,
2436,Weltrend,sii,FinLab company_basic_info:英文簡稱,WELTREND
2438,翔耀,sii,FinLab company_basic_info:公司簡稱,
2438,翔耀實業股份有限公司,sii,FinLab company_basic_info:公司名稱,
2438,ENLIGHT,sii,FinLab company_basic_info:英文簡稱,ENLIGHT
2439,美律,sii,FinLab company_basic_info:公司簡稱,
2439,美律實業股份有限公司,sii,FinLab company_basic_info:公司名稱,
2439,MERRY,sii,FinLab company_basic_info:英文簡稱,MERRY
2440,太空梭,sii,FinLab company_basic_info:公司簡稱,
2440,太空梭高傳真資訊科技(股)公司,sii,FinLab company_basic_info:公司名稱,
2440,SPACE SHUTTLE,sii,FinLab company_basic_info:英文簡稱,SPACE SHUTTLE
2441,超豐,sii,FinLab company_basic_info:公司簡稱,
2441,超豐電子股份有限公司,sii,FinLab company_basic_info:公司名稱,
2441,GTK,sii,FinLab company_basic_info:英文簡稱,GTK
2442,新美齊,sii,FinLab company_basic_info:公司簡稱,
2442,新美齊股份有限公司,sii,FinLab company_basic_info:公司名稱,
2442,JEAN,sii,FinLab company_basic_info:英文簡稱,JEAN
2444,兆勁,sii,FinLab company_basic_info:公司簡稱,
2444,兆勁科技股份有限公司,sii,FinLab company_basic_info:公司名稱,
2444,AboCom,sii,FinLab company_basic_info:英文簡稱,ABOCOM
2449,京元電子,sii,FinLab company_basic_info:公司簡稱,
2449,京元電子股份有限公司,sii,FinLab company_basic_info:公司名稱,
2449,KYEC,sii,FinLab company_basic_info:英文簡稱,KYEC
2450,神腦,sii,FinLab company_basic_info:公司簡稱,
2450,神腦國際企業股份有限公司,sii,FinLab company_basic_info:公司名稱,
2450,SENAO,sii,FinLab company_basic_info:英文簡稱,SENAO
2451,創見,sii,FinLab company_basic_info:公司簡稱,
2451,創見資訊股份有限公司,sii,FinLab company_basic_info:公司名稱,
2451,Transcend,sii,FinLab company_basic_info:英文簡稱,TRANSCEND
2453,凌群,sii,FinLab company_basic_info:公司簡稱,
2453,凌群電腦股份有限公司,sii,FinLab company_basic_info:公司名稱,
2453,SYSCOM,sii,FinLab company_basic_info:英文簡稱,SYSCOM
2454,聯發科,sii,FinLab company_basic_info:公司簡稱,
2454,聯發科技股份有限公司,sii,FinLab company_basic_info:公司名稱,
2454,MediaTek,sii,FinLab company_basic_info:英文簡稱,MEDIATEK
2455,全新,sii,FinLab company_basic_info:公司簡稱,
2455,全新光電科技股份有限公司,sii,FinLab company_basic_info:公司名稱,
2455,VPEC,sii,FinLab company_basic_info:英文簡稱,VPEC
2457,飛宏,sii,FinLab company_basic_info:公司簡稱,
2457,飛宏科技股份有限公司,sii,FinLab company_basic_info:公司名稱,
2457,PHIHONG,sii,FinLab company_basic_info:英文簡稱,PHIHONG
2458,義隆,sii,FinLab company_basic_info:公司簡稱,
2458,義隆電子股份有限公司,sii,FinLab company_basic_info:公司名稱,
2458,ELAN,sii,FinLab company_basic_info:英文簡稱,ELAN
2459,敦吉,sii,FinLab company_basic_info:公司簡稱,
2459,敦吉科技股份有限公司,sii,FinLab company_basic_info:公司名稱,
2459,AUDIX,sii,FinLab company_basic_info:英文簡稱,AUDIX
2460,建通,sii,FinLab company_basic_info:公司簡稱,
2460,建通精密工業股份有限公司,sii,FinLab company_basic_info:公司名稱,
2460,GEM,sii,FinLab company_basic_info:英文簡稱,GEM
2461,光群雷,sii,FinLab company_basic_info:公司簡稱,
2461,光群雷射科技股份有限公司,sii,FinLab company_basic_info:公司名稱,
2461,K LASER,sii,FinLab company_basic_info:英文簡稱,K LASER
2462,良得電,sii,FinLab company_basic_info:公司簡稱,
2462,台灣良得電子股份有限公司,sii,FinLab company_basic_info:公司名稱,
2462,LINETEK,sii,FinLab company_basic_info:英文簡稱,LINETEK
2464,盟立,sii,FinLab company_basic_info:公司簡稱,
2464,盟立自動化股份有限公司,sii,FinLab company_basic_info:公司名稱,
2464,Mirle,sii,FinLab company_basic_info:英文簡稱,MIRLE
2465,麗臺,sii,FinLab company_basic_info:公司簡稱,
2465,麗臺科技股份有限公司,sii,FinLab company_basic_info:公司名稱,
2465,LEADTEK,sii,FinLab company_basic_info:英文簡稱,LEADTEK
2466,冠西電,sii,FinLab company_basic_info:公司簡稱,
2466,冠西電子企業股份有限公司,sii,FinLab company_basic_info:公司名稱,
2466,COSMO,sii,FinLab company_basic_info:英文簡稱,COSMO
2467,志聖,sii,FinLab company_basic_info:公司簡稱,
2467,志聖工業股份有限公司,sii,FinLab company_basic_info:公司名稱,
2467,C SUN,sii,FinLab company_basic_info:英文簡稱,C SUN
2468,華經,sii,FinLab company_basic_info:公司簡稱,
2468,華經資訊企業股份有限公司,sii,FinLab company_basic_info:公司名稱,
2468,FIS,sii,FinLab company_basic_info:英文簡稱,FIS
2471,資通,sii,FinLab company_basic_info:公司簡稱,
2471,資通電腦股份有限公司,sii,FinLab company_basic_info:公司名稱,
2471,ARES,sii,FinLab company_basic_info:英文簡稱,ARES
2472,立隆電,sii,FinLab company_basic_info:公司簡稱,
2472,立隆電子工業股份有限公司,sii,FinLab company_basic_info:公司名稱,
2472,LELON,sii,FinLab company_basic_info:英文簡稱,LELON
2474,可成,sii,FinLab company_basic_info:公司簡稱,
2474,可成科技股份有限公司,sii,FinLab company_basic_info:公司名稱,
2474,CATCHER,sii,FinLab company_basic_info:英文簡稱,CATCHER
2476,鉅祥,sii,FinLab company_basic_info:公司簡稱,
2476,鉅祥企業股份有限公司,sii,FinLab company_basic_info:公司名稱,
2476,GS,sii,FinLab company_basic_info:英文簡稱,GS
2477,美隆電,sii,FinLab company_basic_info:公司簡稱,
2477,美隆工業股份有限公司,sii,FinLab company_basic_info:公司名稱,
2477,MEILOON,sii,FinLab company_basic_info:英文簡稱,MEILOON
2478,大毅,sii,FinLab company_basic_info:公司簡稱,
2478,大毅科技股份有限公司,sii,FinLab company_basic_info:公司名稱,
2478,TA-I,sii,FinLab company_basic_info:英文簡稱,TA I
2480,敦陽科,sii,FinLab company_basic_info:公司簡稱,
2480,敦陽科技股份有限公司,sii,FinLab company_basic_info:公司名稱,
2480,STARK,sii,FinLab company_basic_info:英文簡稱,STARK
2481,強茂,sii,FinLab company_basic_info:公司簡稱,
2481,強茂股份有限公司,sii,FinLab company_basic_info:公司名稱,
2481,PANJIT,sii,FinLab company_basic_info:英文簡稱,PANJIT
2482,連宇,sii,FinLab company_basic_info:公司簡稱,
2482,連宇股份有限公司,sii,FinLab company_basic_info:公司名稱,
2482,UIC,sii,FinLab company_basic_info:英文簡稱,UIC
2483,百容,sii,FinLab company_basic_info:公司簡稱,
2483,百容電子股份有限公司,sii,FinLab company_basic_info:公司名稱,
2483,ECE,sii,FinLab company_basic_info:英文簡稱,ECE
2484,希華,sii,FinLab company_basic_info:公司簡稱,
2484,希華晶體科技股份有限公司,sii,FinLab company_basic_info:公司名稱,
2484,SIWARD,sii,FinLab company_basic_info:英文簡稱,SIWARD
2485,兆赫,sii,FinLab company_basic_info:公司簡稱,
2485,兆赫電子股份有限公司,sii,FinLab company_basic_info:公司名稱,
2485,ZINWELL,sii,FinLab company_basic_info:英文簡稱,ZINWELL
2486,一詮,sii,FinLab company_basic_info:公司簡稱,
2486,一詮精密工業股份有限公司,sii,FinLab company_basic_info:公司名稱,
2486,I-CHIUN,sii,FinLab company_basic_info:英文簡稱,I CHIUN
2488,漢平,sii,FinLab company_basic_info:公司簡稱,
2488,漢平電子工業股份有限公司,sii,FinLab company_basic_info:公司名稱,
2488,HANPIN,sii,FinLab company_basic_info:英文簡稱,HANPIN
2489,瑞軒,sii,FinLab company_basic_info:公司簡稱,
2489,瑞軒科技股份有限公司,sii,FinLab company_basic_info:公司名稱,
2489,AMTRAN,sii,FinLab company_basic_info:英文簡稱,AMTRAN
2491,吉祥全,sii,FinLab company_basic_info:公司簡稱,
2491,吉祥全球實業股份有限公司,sii,FinLab company_basic_info:公司名稱,
2491,FOCL,sii,FinLab company_basic_info:英文簡稱,FOCL
2492,華新科,sii,FinLab company_basic_info:公司簡稱,
2492,華新科技股份有限公司,sii,FinLab company_basic_info:公司名稱,
2492,WTC,sii,FinLab company_basic_info:英文簡稱,WTC
2493,揚博,sii,FinLab company_basic_info:公司簡稱,
2493,揚博科技股份有限公司,sii,FinLab company_basic_info:公司名稱,
2493,AMPOC,sii,FinLab company_basic_info:英文簡稱,AMPOC
2495,普安,sii,FinLab company_basic_info:公司簡稱,
2495,普安科技股份有限公司,sii,FinLab company_basic_info:公司名稱,
2495,Infortrend,sii,FinLab company_basic_info:英文簡稱,INFORTREND
2496,卓越,sii,FinLab company_basic_info:公司簡稱,
2496,卓越成功股份有限公司,sii,FinLab company_basic_info:公司名稱,
2496,SPC,sii,FinLab company_basic_info:英文簡稱,SPC
2497,怡利電,sii,FinLab company_basic_info:公司簡稱,
2497,怡利電子工業股份有限公司,sii,FinLab company_basic_info:公司名稱,
2497,E-LEAD,sii,FinLab company_basic_info:英文簡稱,E LEAD
2498,宏達電,sii,FinLab company_basic_info:公司簡稱,
2498,宏達國際電子股份有限公司,sii,FinLab company_basic_info:公司名稱,
2498,HTC,sii,FinLab company_basic_info:英文簡稱,HTC
2501,國建,sii,FinLab company_basic_info:公司簡稱,
2501,國泰建設股份有限公司,sii,FinLab company_basic_info:公司名稱,
2501,CATHAY RED,sii,FinLab company_basic_info:英文簡稱,CATHAY RED
2504,國產,sii,FinLab company_basic_info:公司簡稱,
2504,國產建材實業股份有限公司,sii,FinLab company_basic_info:公司名稱,
2504,GBM,sii,FinLab company_basic_info:英文簡稱,GBM
2505,國揚,sii,FinLab company_basic_info:公司簡稱,
2505,國揚實業股份有限公司,sii,FinLab company_basic_info:公司名稱,
2505,ky,sii,FinLab company_basic_info:英文簡稱,KY
2506,太設,sii,FinLab company_basic_info:公司簡稱,
2506,太平洋建設股份有限公司,sii,FinLab company_basic_info:公司名稱,
2506,PCC,sii,FinLab company_basic_info:英文簡稱,PCC
2509,全坤建,sii,FinLab company_basic_info:公司簡稱,
2509,全坤建設開發股份有限公司,sii,FinLab company_basic_info:公司名稱,
2509,CHAINQUI,sii,FinLab company_basic_info:英文簡稱,CHAINQUI
2511,太子,sii,FinLab company_basic_info:公司簡稱,
2511,太子建設開發股份有限公司,sii,FinLab company_basic_info:公司名稱,
2511,PHD,sii,FinLab company_basic_info:英文簡稱,PHD
2514,龍邦,sii,FinLab company_basic_info:公司簡稱,
2514,龍邦國際興業股份有限公司,sii,FinLab company_basic_info:公司名稱,
2514,LONG BON,sii,FinLab company_basic_info:英文簡稱,LONG BON
2515,中工,sii,FinLab company_basic_info:公司簡稱,
2515,中華工程股份有限公司,sii,FinLab company_basic_info:公司名稱,
2515,BES,sii,FinLab company_basic_info:英文簡稱,BES
2516,新建,sii,FinLab company_basic_info:公司簡稱,
2516,新亞建設開發股份有限公司,sii,FinLab company_basic_info:公司名稱,
2516,New Asia,sii,FinLab company_basic_info:英文簡稱,ASIA
2520,冠德,sii,FinLab company_basic_info:公司簡稱,
2520,冠德建設股份有限公司,sii,FinLab company_basic_info:公司名稱,
2520,KINDOM,sii,FinLab company_basic_info:英文簡稱,KINDOM
2524,京城,sii,FinLab company_basic_info:公司簡稱,
2524,京城建設股份有限公司,sii,FinLab company_basic_info:公司名稱,
2524,KTC,sii,FinLab company_basic_info:英文簡稱,KTC
2527,宏璟,sii,FinLab company_basic_info:公司簡稱,
2527,宏璟建設股份有限公司,sii,FinLab company_basic_info:公司名稱,
2527,Hung Ching,sii,FinLab company_basic_info:英文簡稱,HUNG CHING
2528,皇普,sii,FinLab company_basic_info:公司簡稱,
2528,皇普建設股份有限公司,sii,FinLab company_basic_info:公司名稱,
2528,CROWELL,sii,FinLab company_basic_info:英文簡稱,CROWELL
2530,華建,sii,FinLab company_basic_info:公司簡稱,
2530,大華建設股份有限公司,sii,FinLab company_basic_info:公司名稱,
2530,DELPHA,sii,FinLab company_basic_info:英文簡稱,DELPHA
2534,宏盛,sii,FinLab company_basic_info:公司簡稱,
2534,宏盛建設股份有限公司,sii,FinLab company_basic_info:公司名稱,
2534,HSC,sii,FinLab company_basic_info:英文簡稱,HSC
2535,達欣工,sii,FinLab company_basic_info:公司簡稱,
2535,達欣工程股份有限公司,sii,FinLab company_basic_info:公司名稱,
2535,DA-CIN,sii,FinLab company_basic_info:英文簡稱,DA CIN
2536,宏普,sii,FinLab company_basic_info:公司簡稱,
2536,宏普建設股份有限公司,sii,FinLab company_basic_info:公司名稱,
2536,Hong Pu,sii,FinLab company_basic_info:英文簡稱,HONG PU
2537,聯上發,sii,FinLab company_basic_info:公司簡稱,
2537,聯上開發股份有限公司,sii,FinLab company_basic_info:公司名稱,
2537,WE & WIN,sii,FinLab company_basic_info:英文簡稱,WE AND WIN
2538,基泰,sii,FinLab company_basic_info:公司簡稱,
2538,基泰建設股份有限公司,sii,FinLab company_basic_info:公司名稱,
2538,KeeTai,sii,FinLab company_basic_info:英文簡稱,KEETAI
2539,櫻花建,sii,FinLab company_basic_info:公司簡稱,
2539,櫻花建設股份有限公司,sii,FinLab company_basic_info:公司名稱,
2539,SAKURAD,sii,FinLab company_basic_info:英文簡稱,SAKURAD
2540,愛山林,sii,FinLab company_basic_info:公司簡稱,
2540,愛山林建設開發股份有限公司,sii,FinLab company_basic_info:公司名稱,
2540,JSL,sii,FinLab company_basic_info:英文簡稱,JSL
2542,興富發,sii,FinLab company_basic_info:公司簡稱,
2542,興富發建設股份有限公司,sii,FinLab company_basic_info:公司名稱,
2542,Highwealth,sii,FinLab company_basic_info:英文簡稱,HIGHWEALTH
2543,皇昌,sii,FinLab company_basic_info:公司簡稱,
2543,皇昌營造股份有限公司,sii,FinLab company_basic_info:公司名稱,
2543,HWANG CHANG,sii,FinLab company_basic_info:英文簡稱,HWANG CHANG
2545,皇翔,sii,FinLab company_basic_info:公司簡稱,
2545,皇翔建設股份有限公司,sii,FinLab company_basic_info:公司名稱,
2545,HUANG HSIANG,sii,FinLab company_basic_info:英文簡稱,HUANG HSIANG
2546,根基,sii,FinLab company_basic_info:公司簡稱,
2546,根基營造股份有限公司,sii,FinLab company_basic_info:公司名稱,
2546,KEDGE,sii,FinLab company_basic_info:英文簡稱,KEDGE
2547,日勝生,sii,FinLab company_basic_info:公司簡稱,
2547,日勝生活科技股份有限公司,sii,FinLab company_basic_info:公司名稱,
2547,RADIUM,sii,FinLab company_basic_info:英文簡稱,RADIUM
2548,華固,sii,FinLab company_basic_info:公司簡稱,
2548,華固建設股份有限公司,sii,FinLab company_basic_info:公司名稱,
2548,HUAKU,sii,FinLab company_basic_info:英文簡稱,HUAKU
2597,潤弘,sii,FinLab company_basic_info:公司簡稱,
2597,潤弘精密工程事業股份有限公司,sii,FinLab company_basic_info:公司名稱,
2597,REC,sii,FinLab company_basic_info:英文簡稱,REC
2601,益航,sii,FinLab company_basic_info:公司簡稱,
2601,益航股份有限公司,sii,FinLab company_basic_info:公司名稱,
2601,FSC,sii,FinLab company_basic_info:英文簡稱,FSC
2603,長榮,sii,FinLab company_basic_info:公司簡稱,
2603,長榮海運股份有限公司,sii,FinLab company_basic_info:公司名稱,
2603,EMC,sii,FinLab company_basic_info:英文簡稱,EMC
2605,新興,sii,FinLab company_basic_info:公司簡稱,
2605,新興航運股份有限公司,sii,FinLab company_basic_info:公司名稱,
2605,SNC,sii,FinLab company_basic_info:英文簡稱,SNC
2606,裕民,sii,FinLab company_basic_info:公司簡稱,
2606,裕民航運股份有限公司,sii,FinLab company_basic_info:公司名稱,
2606,U-MING,sii,FinLab company_basic_info:英文簡稱,U MING
2607,榮運,sii,FinLab company_basic_info:公司簡稱,
2607,長榮國際儲運股份有限公司,sii,FinLab company_basic_info:公司名稱,
2607,EITC,sii,FinLab company_basic_info:英文簡稱,EITC
2608,嘉里大榮,sii,FinLab company_basic_info:公司簡稱,
2608,嘉里大榮物流股份有限公司,sii,FinLab company_basic_info:公司名稱,
2608,Kerry TJ,sii,FinLab company_basic_info:英文簡稱,KERRY TJ
2609,陽明,sii,FinLab company_basic_info:公司簡稱,
2609,陽明海運股份有限公司,sii,FinLab company_basic_info:公司名稱,
2609,YMTC,sii,FinLab company_basic_info:英文簡稱,YMTC
2610,華航,sii,FinLab company_basic_info:公司簡稱,
2610,中華航空股份有限公司,sii,FinLab company_basic_info:公司名稱,
2610,CAL,sii,FinLab company_basic_info:英文簡稱,CAL
2611,志信,sii,FinLab company_basic_info:公司簡稱,
2611,志信國際股份有限公司,sii,FinLab company_basic_info:公司名稱,
2611,TSI,sii,FinLab company_basic_info:英文簡稱,TSI
2612,中航,sii,FinLab company_basic_info:公司簡稱,
2612,中國航運股份有限公司,sii,FinLab company_basic_info:公司名稱,
2612,CMT,sii,FinLab company_basic_info:英文簡稱,CMT
2613,中櫃,sii,FinLab company_basic_info:公司簡稱,
2613,中國貨櫃運輸股份有限公司,sii,FinLab company_basic_info:公司名稱,
2613,CCTC,sii,FinLab company_basic_info:英文簡稱,CCTC
2614,東森,sii,FinLab company_basic_info:公司簡稱,
2614,東森國際股份有限公司,sii,FinLab company_basic_info:公司名稱,
2614,EMIC,sii,FinLab company_basic_info:英文簡稱,EMIC
2615,萬海,sii,FinLab company_basic_info:公司簡稱,
2615,萬海航運股份有限公司,sii,FinLab company_basic_info:公司名稱,
2615,WANHAI,sii,FinLab company_basic_info:英文簡稱,WANHAI
2616,山隆,sii,FinLab company_basic_info:公司簡稱,
2616,山隆通運股份有限公司,sii,FinLab company_basic_info:公司名稱,
2616,SLC,sii,FinLab company_basic_info:英文簡稱,SLC
2617,台航,sii,FinLab company_basic_info:公司簡稱,
2617,台灣航業股份有限公司,sii,FinLab company_basic_info:公司名稱,
2617,TNC,sii,FinLab company_basic_info:英文簡稱,TNC
2618,長榮航,sii,FinLab company_basic_info:公司簡稱,
2618,長榮航空股份有限公司,sii,FinLab company_basic_info:公司名稱,
2618,EVAAIR,sii,FinLab company_basic_info:英文簡稱,EVAAIR
2630,亞航,sii,FinLab company_basic_info:公司簡稱,
2630,亞洲航空股份有限公司,sii,FinLab company_basic_info:公司名稱,
2630,AACL,sii,FinLab company_basic_info:英文簡稱,AACL
2633,台灣高鐵,sii,FinLab company_basic_info:公司簡稱,
2633,台灣高速鐵路股份有限公司,sii,FinLab company_basic_info:公司名稱,
2633,THSRC,sii,FinLab company_basic_info:英文簡稱,THSRC
2634,漢翔,sii,FinLab company_basic_info:公司簡稱,
2634,漢翔航空工業股份有限公司,sii,FinLab company_basic_info:公司名稱,
2634,AIDC,sii,FinLab company_basic_info:英文簡稱,AIDC
2636,台驊控股,sii,FinLab company_basic_info:公司簡稱,
2636,台驊國際控股股份有限公司,sii,FinLab company_basic_info:公司名稱,
2636,T3EX,sii,FinLab company_basic_info:英文簡稱,T3EX
2637,慧洋-KY,sii,FinLab company_basic_info:公司簡稱,KY
2637,慧洋海運股份有限公司,sii,FinLab company_basic_info:公司名稱,
2637,WISDOM,sii,FinLab company_basic_info:英文簡稱,WISDOM
2642,宅配通,sii,FinLab company_basic_info:公司簡稱,
2642,台灣宅配通股份有限公司,sii,FinLab company_basic_info:公司名稱,
2642,Pelican,sii,FinLab company_basic_info:英文簡稱,PELICAN
2645,長榮航太,sii,FinLab company_basic_info:公司簡稱,
2645,長榮航太科技股份有限公司,sii,FinLab company_basic_info:公司名稱,
2645,EGAT,sii,FinLab company_basic_info:英文簡稱,EGAT
2646,星宇航空,sii,FinLab company_basic_info:公司簡稱,
2646,星宇航空股份有限公司,sii,FinLab company_basic_info:公司名稱,
2646,STARLUX AIR,sii,FinLab company_basic_info:英文簡稱,STARLUX AIR
2701,萬企,sii,FinLab company_basic_info:公司簡稱,
2701,萬華企業股份有限公司,sii,FinLab company_basic_info:公司名稱,
2701,WANHWA,sii,FinLab company_basic_info:英文簡稱,WANHWA
2702,華園,sii,FinLab company_basic_info:公司簡稱,
2702,華園飯店股份有限公司,sii,FinLab company_basic_info:公司名稱,
2702,HG,sii,FinLab company_basic_info:英文簡稱,HG
2704,國賓,sii,FinLab company_basic_info:公司簡稱,
2704,國賓大飯店股份有限公司,sii,FinLab company_basic_info:公司名稱,
2704,AMBH,sii,FinLab company_basic_info:英文簡稱,AMBH
2705,六福,sii,FinLab company_basic_info:公司簡稱,
2705,六福開發股份有限公司,sii,FinLab company_basic_info:公司名稱,
2705,LEOFOO,sii,FinLab company_basic_info:英文簡稱,LEOFOO
2706,第一店,sii,FinLab company_basic_info:公司簡稱,
2706,第一華僑大飯店股份有限公司,sii,FinLab company_basic_info:公司名稱,
2706,FIRST HOTEL,sii,FinLab company_basic_info:英文簡稱,FIRST HOTEL
2707,晶華,sii,FinLab company_basic_info:公司簡稱,
2707,晶華國際酒店股份有限公司,sii,FinLab company_basic_info:公司名稱,
2707,GFRT,sii,FinLab company_basic_info:英文簡稱,GFRT
2712,遠雄來,sii,FinLab company_basic_info:公司簡稱,
2712,遠雄悅來大飯店股份有限公司,sii,FinLab company_basic_info:公司名稱,
2712,FGH,sii,FinLab company_basic_info:英文簡稱,FGH
2722,夏都,sii,FinLab company_basic_info:公司簡稱,
2722,夏都國際開發股份有限公司,sii,FinLab company_basic_info:公司名稱,
2722,Chateau,sii,FinLab company_basic_info:英文簡稱,CHATEAU
2723,美食-KY,sii,FinLab company_basic_info:公司簡稱,KY
2723,開曼美食達人股份有限公司,sii,FinLab company_basic_info:公司名稱,
2723,Gourmet,sii,FinLab company_basic_info:英文簡稱,GOURMET
2727,王品,sii,FinLab company_basic_info:公司簡稱,
2727,王品餐飲股份有限公司,sii,FinLab company_basic_info:公司名稱,
2727,WOWPRIME,sii,FinLab company_basic_info:英文簡稱,WOWPRIME
2731,雄獅,sii,FinLab company_basic_info:公司簡稱,
2731,雄獅旅行社股份有限公司,sii,FinLab company_basic_info:公司名稱,
2731,Liontravel,sii,FinLab company_basic_info:英文簡稱,LIONTRAVEL
2739,寒舍,sii,FinLab company_basic_info:公司簡稱,
2739,寒舍餐旅管理顧問股份有限公司,sii,FinLab company_basic_info:公司名稱,
2739,My Humble House,sii,FinLab company_basic_info:英文簡稱,MY HUMBLE HOUSE
2748,雲品,sii,FinLab company_basic_info:公司簡稱,
2748,雲品國際酒店股份有限公司,sii,FinLab company_basic_info:公司名稱,
2748,FDC,sii,FinLab company_basic_info:英文簡稱,FDC
2753,八方雲集,sii,FinLab company_basic_info:公司簡稱,
2753,八方雲集國際股份有限公司,sii,FinLab company_basic_info:公司名稱,
2753,Bafang,sii,FinLab company_basic_info:英文簡稱,BAFANG
2762,世界健身-KY,sii,FinLab company_basic_info:公司簡稱,KY
2762,世界健身股份有限公司,sii,FinLab company_basic_info:公司名稱,
2762,World Gym,sii,FinLab company_basic_info:英文簡稱,WORLD GYM
2801,彰銀,sii,FinLab company_basic_info:公司簡稱,
2801,彰化商業銀行股份有限公司,sii,FinLab company_basic_info:公司名稱,
2801,CHANG HWA BANK,sii,FinLab company_basic_info:英文簡稱,CHANG HWA BANK
2812,台中銀,sii,FinLab company_basic_info:公司簡稱,
2812,台中商業銀行股份有限公司,sii,FinLab company_basic_info:公司名稱,
2812,T.C.C.B.,sii,FinLab company_basic_info:英文簡稱,T C C
2816,旺旺保,sii,FinLab company_basic_info:公司簡稱,
2816,旺旺友聯產物保險股份有限公司,sii,FinLab company_basic_info:公司名稱,
2816,UNION INS.,sii,FinLab company_basic_info:英文簡稱,UNION INS
2820,華票,sii,FinLab company_basic_info:公司簡稱,
2820,中華票券金融股份有限公司,sii,FinLab company_basic_info:公司名稱,
2820,CBF,sii,FinLab company_basic_info:英文簡稱,CBF
2832,台產,sii,FinLab company_basic_info:公司簡稱,
2832,台灣產物保險股份有限公司,sii,FinLab company_basic_info:公司名稱,
2832,TFMI,sii,FinLab company_basic_info:英文簡稱,TFMI
2834,臺企銀,sii,FinLab company_basic_info:公司簡稱,
2834,臺灣中小企業銀行股份有限公司,sii,FinLab company_basic_info:公司名稱,
2834,TBB,sii,FinLab company_basic_info:英文簡稱,TBB
2836,高雄銀,sii,FinLab company_basic_info:公司簡稱,
2836,高雄銀行股份有限公司,sii,FinLab company_basic_info:公司名稱,
2836,B.O.K,sii,FinLab company_basic_info:英文簡稱,B O K
2838,聯邦銀,sii,FinLab company_basic_info:公司簡稱,
2838,聯邦商業銀行股份有限公司,sii,FinLab company_basic_info:公司名稱,
2838,UBOT,sii,FinLab company_basic_info:英文簡稱,UBOT
2845,遠東銀,sii,FinLab company_basic_info:公司簡稱,
2845,遠東國際商業銀行股份有限公司,sii,FinLab company_basic_info:公司名稱,
2845,FEIB,sii,FinLab company_basic_info:英文簡稱,FEIB
2849,安泰銀,sii,FinLab company_basic_info:公司簡稱,
2849,安泰商業銀行股份有限公司,sii,FinLab company_basic_info:公司名稱,
2849,EnTie Bank,sii,FinLab company_basic_info:英文簡稱,ENTIE BANK
2850,新產,sii,FinLab company_basic_info:公司簡稱,
2850,新光產物保險股份有限公司,sii,FinLab company_basic_info:公司名稱,
2850,SK Insurance,sii,FinLab company_basic_info:英文簡稱,SK INSURANCE
2851,中再保,sii,FinLab company_basic_info:公司簡稱,
2851,中央再保險股份有限公司,sii,FinLab company_basic_info:公司名稱,
2851,Central Re,sii,FinLab company_basic_info:英文簡稱,CENTRAL RE
2852,第一保,sii,FinLab company_basic_info:公司簡稱,
2852,第一產物保險股份有限公司,sii,FinLab company_basic_info:公司名稱,
2852,FIRST INS,sii,FinLab company_basic_info:英文簡稱,FIRST INS
2855,統一證,sii,FinLab company_basic_info:公司簡稱,
2855,統一綜合證券股份有限公司,sii,FinLab company_basic_info:公司名稱,
2855,PSC,sii,FinLab company_basic_info:英文簡稱,PSC
2867,三商壽,sii,FinLab company_basic_info:公司簡稱,
2867,三商美邦人壽保險股份有限公司,sii,FinLab company_basic_info:公司名稱,
2867,Mercuries Life,sii,FinLab company_basic_info:英文簡稱,MERCURIES LIFE
2880,華南金,sii,FinLab company_basic_info:公司簡稱,
2880,華南金融控股股份有限公司,sii,FinLab company_basic_info:公司名稱,
2880,HNFHC,sii,FinLab company_basic_info:英文簡稱,HNFHC
2881,富邦金,sii,FinLab company_basic_info:公司簡稱,
2881,富邦金融控股股份有限公司,sii,FinLab company_basic_info:公司名稱,
2881,Fubon Financial,sii,FinLab company_basic_info:英文簡稱,FUBON FINANCIAL
2882,國泰金,sii,FinLab company_basic_info:公司簡稱,
2882,國泰金融控股股份有限公司,sii,FinLab company_basic_info:公司名稱,
2882,CATHAY FHC,sii,FinLab company_basic_info:英文簡稱,CATHAY FHC
2883,凱基金,sii,FinLab company_basic_info:公司簡稱,
2883,凱基金融控股股份有限公司,sii,FinLab company_basic_info:公司名稱,
2883,KGI Financial,sii,FinLab company_basic_info:英文簡稱,KGI FINANCIAL
2884,玉山金,sii,FinLab company_basic_info:公司簡稱,
2884,玉山金融控股股份有限公司,sii,FinLab company_basic_info:公司名稱,
2884,E.S.F.H,sii,FinLab company_basic_info:英文簡稱,E S F H
2885,元大金,sii,FinLab company_basic_info:公司簡稱,
2885,元大金融控股股份有限公司,sii,FinLab company_basic_info:公司名稱,
2885,Yuanta Group,sii,FinLab company_basic_info:英文簡稱,YUANTA
2886,兆豐金,sii,FinLab company_basic_info:公司簡稱,
2886,兆豐金融控股股份有限公司,sii,FinLab company_basic_info:公司名稱,
2886,MEGA FHC,sii,FinLab company_basic_info:英文簡稱,MEGA FHC
2887,台新新光金,sii,FinLab company_basic_info:公司簡稱,
2887,台新新光金融控股股份有限公司,sii,FinLab company_basic_info:公司名稱,
2887,TS Holdings,sii,FinLab company_basic_info:英文簡稱,TS
2889,國票金,sii,FinLab company_basic_info:公司簡稱,
2889,國票金融控股股份有限公司,sii,FinLab company_basic_info:公司名稱,
2889,IBF,sii,FinLab company_basic_info:英文簡稱,IBF
2890,永豐金,sii,FinLab company_basic_info:公司簡稱,
2890,永豐金融控股股份有限公司,sii,FinLab company_basic_info:公司名稱,
2890,SINOPACHOLDINGS,sii,FinLab company_basic_info:英文簡稱,SINOPACHOLDINGS
2891,中信金,sii,FinLab company_basic_info:公司簡稱,
2891,中國信託金融控股股份有限公司,sii,FinLab company_basic_info:公司名稱,
2891,CTBC HOLDING,sii,FinLab company_basic_info:英文簡稱,CTBC
2892,第一金,sii,FinLab company_basic_info:公司簡稱,
2892,第一金融控股股份有限公司,sii,FinLab company_basic_info:公司名稱,
2892,FFHC,sii,FinLab company_basic_info:英文簡稱,FFHC
2897,王道銀行,sii,FinLab company_basic_info:公司簡稱,
2897,王道商業銀行股份有限公司,sii,FinLab company_basic_info:公司名稱,
2897,O-Bank,sii,FinLab company_basic_info:英文簡稱,O BANK
2901,欣欣,sii,FinLab company_basic_info:公司簡稱,
2901,欣欣大眾市場股份有限公司,sii,FinLab company_basic_info:公司名稱,
2901,SHIN SHIN,sii,FinLab company_basic_info:英文簡稱,SHIN SHIN
2903,遠百,sii,FinLab company_basic_info:公司簡稱,
2903,遠東百貨股份有限公司,sii,FinLab company_basic_info:公司名稱,
2903,FEDS,sii,FinLab company_basic_info:英文簡稱,FEDS
2904,匯僑,sii,FinLab company_basic_info:公司簡稱,
2904,匯僑股份有限公司,sii,FinLab company_basic_info:公司名稱,
2904,POCS,sii,FinLab company_basic_info:英文簡稱,POCS
2905,三商,sii,FinLab company_basic_info:公司簡稱,
2905,三商投資控股股份有限公司,sii,FinLab company_basic_info:公司名稱,
2905,MERCURIES,sii,FinLab company_basic_info:英文簡稱,MERCURIES
2906,高林,sii,FinLab company_basic_info:公司簡稱,
2906,高林實業股份有限公司,sii,FinLab company_basic_info:公司名稱,
2906,Collins,sii,FinLab company_basic_info:英文簡稱,COLLINS
2908,特力,sii,FinLab company_basic_info:公司簡稱,
2908,特力股份有限公司,sii,FinLab company_basic_info:公司名稱,
2908,Test Rite,sii,FinLab company_basic_info:英文簡稱,TEST RITE
2910,統領,sii,FinLab company_basic_info:公司簡稱,
2910,統領百貨股份有限公司,sii,FinLab company_basic_info:公司名稱,
2910,TONLIN,sii,FinLab company_basic_info:英文簡稱,TONLIN
2911,麗嬰房,sii,FinLab company_basic_info:公司簡稱,
2911,麗嬰房股份有限公司,sii,FinLab company_basic_info:公司名稱,
2911,Les enphants,sii,FinLab company_basic_info:英文簡稱,LES ENPHANTS
2912,統一超,sii,FinLab company_basic_info:公司簡稱,
2912,統一超商股份有限公司,sii,FinLab company_basic_info:公司名稱,
2912,PCSC,sii,FinLab company_basic_info:英文簡稱,PCSC
2913,農林,sii,FinLab company_basic_info:公司簡稱,
2913,台灣農林股份有限公司,sii,FinLab company_basic_info:公司名稱,
2913,TTC,sii,FinLab company_basic_info:英文簡稱,TTC
2915,潤泰全,sii,FinLab company_basic_info:公司簡稱,
2915,潤泰全球股份有限公司,sii,FinLab company_basic_info:公司名稱,
2915,RUENTEX IND.LTD,sii,FinLab company_basic_info:英文簡稱,RUENTEX IND
2923,鼎固-KY,sii,FinLab company_basic_info:公司簡稱,KY
2923,鼎固控股有限公司,sii,FinLab company_basic_info:公司名稱,
2923,Sino Horizon,sii,FinLab company_basic_info:英文簡稱,SINO HORIZON
2929,淘帝-KY,sii,FinLab company_basic_info:公司簡稱,KY
2929,淘帝國際控股有限公司,sii,FinLab company_basic_info:公司名稱,
2929,TOPBI,sii,FinLab company_basic_info:英文簡稱,TOPBI
2939,永邑-KY,sii,FinLab company_basic_info:公司簡稱,KY
2939,永邑國際集團股份有限公司,sii,FinLab company_basic_info:公司名稱,
2939,Vitafoss-KY,sii,FinLab company_basic_info:英文簡稱,VITAFOSS KY
2945,三商家購,sii,FinLab company_basic_info:公司簡稱,
2945,三商家購股份有限公司,sii,FinLab company_basic_info:公司名稱,
2945,Simple Mart,sii,FinLab company_basic_info:英文簡稱,SIMPLE MART
3002,歐格,sii,FinLab company_basic_info:公司簡稱,
3002,歐格電子股份有限公司,sii,FinLab company_basic_info:公司名稱,
3002,AHOKU,sii,FinLab company_basic_info:英文簡稱,AHOKU
3003,健和興,sii,FinLab company_basic_info:公司簡稱,
3003,健和興端子股份有限公司,sii,FinLab company_basic_info:公司名稱,
3003,KST,sii,FinLab company_basic_info:英文簡稱,KST
3004,豐達科,sii,FinLab company_basic_info:公司簡稱,
3004,豐達科技股份有限公司,sii,FinLab company_basic_info:公司名稱,
3004,NAFCO,sii,FinLab company_basic_info:英文簡稱,NAFCO
3005,神基,sii,FinLab company_basic_info:公司簡稱,
3005,神基控股股份有限公司,sii,FinLab company_basic_info:公司名稱,
3005,Getac,sii,FinLab company_basic_info:英文簡稱,GETAC
3006,晶豪科,sii,FinLab company_basic_info:公司簡稱,
3006,晶豪科技股份有限公司,sii,FinLab company_basic_info:公司名稱,
3006,ESMT,sii,FinLab company_basic_info:英文簡稱,ESMT
3008,大立光,sii,FinLab company_basic_info:公司簡稱,
3008,大立光電股份有限公司,sii,FinLab company_basic_info:公司名稱,
3008,LARGAN,sii,FinLab company_basic_info:英文簡稱,LARGAN
3010,華立,sii,FinLab company_basic_info:公司簡稱,
3010,華立企業股份有限公司,sii,FinLab company_basic_info:公司名稱,
3010,WAH LEE,sii,FinLab company_basic_info:英文簡稱,WAH LEE
3011,今皓,sii,FinLab company_basic_info:公司簡稱,
3011,今皓實業股份有限公司,sii,FinLab company_basic_info:公司名稱,
3011,JH,sii,FinLab company_basic_info:英文簡稱,JH
3013,晟銘電,sii,FinLab company_basic_info:公司簡稱,
3013,晟銘電子科技股份有限公司,sii,FinLab company_basic_info:公司名稱,
3013,UNEEC,sii,FinLab company_basic_info:英文簡稱,UNEEC
3014,聯陽,sii,FinLab company_basic_info:公司簡稱,
3014,聯陽半導體股份有限公司,sii,FinLab company_basic_info:公司名稱,
3014,ITE,sii,FinLab company_basic_info:英文簡稱,ITE
3015,全漢,sii,FinLab company_basic_info:公司簡稱,
3015,全漢企業股份有限公司,sii,FinLab company_basic_info:公司名稱,
3015,FSP,sii,FinLab company_basic_info:英文簡稱,FSP
3016,嘉晶,sii,FinLab company_basic_info:公司簡稱,
3016,嘉晶電子股份有限公司,sii,FinLab company_basic_info:公司名稱,
3016,EPi,sii,FinLab company_basic_info:英文簡稱,EPI
3017,奇鋐,sii,FinLab company_basic_info:公司簡稱,
3017,奇鋐科技股份有限公司,sii,FinLab company_basic_info:公司名稱,
3017,AVC,sii,FinLab company_basic_info:英文簡稱,AVC
3018,隆銘綠能,sii,FinLab company_basic_info:公司簡稱,
3018,隆銘綠能科技工程股份有限公司,sii,FinLab company_basic_info:公司名稱,
3018,LUNG MING,sii,FinLab company_basic_info:英文簡稱,LUNG MING
3019,亞光,sii,FinLab company_basic_info:公司簡稱,
3019,亞洲光學股份有限公司,sii,FinLab company_basic_info:公司名稱,
3019,ASIA,sii,FinLab company_basic_info:英文簡稱,ASIA
3021,鴻名,sii,FinLab company_basic_info:公司簡稱,
3021,鴻名企業股份有限公司,sii,FinLab company_basic_info:公司名稱,
3021,WELLTEND,sii,FinLab company_basic_info:英文簡稱,WELLTEND
3022,威強電,sii,FinLab company_basic_info:公司簡稱,
3022,威強電工業電腦股份有限公司,sii,FinLab company_basic_info:公司名稱,
3022,IEI,sii,FinLab company_basic_info:英文簡稱,IEI
3023,信邦,sii,FinLab company_basic_info:公司簡稱,
3023,信邦電子股份有限公司,sii,FinLab company_basic_info:公司名稱,
3023,SINBON,sii,FinLab company_basic_info:英文簡稱,SINBON
3024,憶聲,sii,FinLab company_basic_info:公司簡稱,
3024,憶聲電子股份有限公司,sii,FinLab company_basic_info:公司名稱,
3024,ACTION,sii,FinLab company_basic_info:英文簡稱,ACTION
3025,星通,sii,FinLab company_basic_info:公司簡稱,
3025,星通資訊股份有限公司,sii,FinLab company_basic_info:公司名稱,
3025,LOOP,sii,FinLab company_basic_info:英文簡稱,LOOP
3026,禾伸堂,sii,FinLab company_basic_info:公司簡稱,
3026,禾伸堂企業股份有限公司,sii,FinLab company_basic_info:公司名稱,
3026,HOLY STONE,sii,FinLab company_basic_info:英文簡稱,HOLY STONE
3027,盛達,sii,FinLab company_basic_info:公司簡稱,
3027,盛達電業股份有限公司,sii,FinLab company_basic_info:公司名稱,
3027,BILLION,sii,FinLab company_basic_info:英文簡稱,BILLION
3028,增你強,sii,FinLab company_basic_info:公司簡稱,
3028,增你強股份有限公司,sii,FinLab company_basic_info:公司名稱,
3028,ZENITRON,sii,FinLab company_basic_info:英文簡稱,ZENITRON
3029,零壹,sii,FinLab company_basic_info:公司簡稱,
3029,零壹科技股份有限公司,sii,FinLab company_basic_info:公司名稱,
3029,ZERO ONE,sii,FinLab company_basic_info:英文簡稱,ZERO ONE
3030,德律,sii,FinLab company_basic_info:公司簡稱,
3030,德律科技股份有限公司,sii,FinLab company_basic_info:公司名稱,
3030,TRI,sii,FinLab company_basic_info:英文簡稱,TRI
3031,佰鴻,sii,FinLab company_basic_info:公司簡稱,
3031,佰鴻工業股份有限公司,sii,FinLab company_basic_info:公司名稱,
3031,BRIGHT,sii,FinLab company_basic_info:英文簡稱,BRIGHT
3032,偉訓,sii,FinLab company_basic_info:公司簡稱,
3032,偉訓科技股份有限公司,sii,FinLab company_basic_info:公司名稱,
3032,COMPUCASE,sii,FinLab company_basic_info:英文簡稱,COMPUCASE
3033,威健,sii,FinLab company_basic_info:公司簡稱,
3033,威健實業股份有限公司,sii,FinLab company_basic_info:公司名稱,
3033,Weikeng,sii,FinLab company_basic_info:英文簡稱,WEIKENG
3034,聯詠,sii,FinLab company_basic_info:公司簡稱,
3034,聯詠科技股份有限公司,sii,FinLab company_basic_info:公司名稱,
3034,NOVATEK,sii,FinLab company_basic_info:英文簡稱,NOVATEK
3035,智原,sii,FinLab company_basic_info:公司簡稱,
3035,智原科技股份有限公司,sii,FinLab company_basic_info:公司名稱,
3035,Faraday,sii,FinLab company_basic_info:英文簡稱,FARADAY
3036,文曄,sii,FinLab company_basic_info:公司簡稱,
3036,文曄科技股份有限公司,sii,FinLab company_basic_info:公司名稱,
3036,WT,sii,FinLab company_basic_info:英文簡稱,WT
3037,欣興,sii,FinLab company_basic_info:公司簡稱,
3037,欣興電子股份有限公司,sii,FinLab company_basic_info:公司名稱,
3037,UNIMICRON,sii,FinLab company_basic_info:英文簡稱,UNIMICRON
3038,全台,sii,FinLab company_basic_info:公司簡稱,
3038,全台晶像股份有限公司,sii,FinLab company_basic_info:公司名稱,
3038,EDT,sii,FinLab company_basic_info:英文簡稱,EDT
3040,遠見,sii,FinLab company_basic_info:公司簡稱,
3040,遠見科技股份有限公司,sii,FinLab company_basic_info:公司名稱,
3040,G.V.,sii,FinLab company_basic_info:英文簡稱,G V
3041,揚智,sii,FinLab company_basic_info:公司簡稱,
3041,揚智科技股份有限公司,sii,FinLab company_basic_info:公司名稱,
3041,ALi,sii,FinLab company_basic_info:英文簡稱,ALI
3042,晶技,sii,FinLab company_basic_info:公司簡稱,
3042,台灣晶技股份有限公司,sii,FinLab company_basic_info:公司名稱,
3042,TXC,sii,FinLab company_basic_info:英文簡稱,TXC
3043,科風,sii,FinLab company_basic_info:公司簡稱,
3043,科風股份有限公司,sii,FinLab company_basic_info:公司名稱,
3043,PCM,sii,FinLab company_basic_info:英文簡稱,PCM
3044,健鼎,sii,FinLab company_basic_info:公司簡稱,
3044,健鼎科技股份有限公司,sii,FinLab company_basic_info:公司名稱,
3044,Tripod,sii,FinLab company_basic_info:英文簡稱,TRIPOD
3045,台灣大,sii,FinLab company_basic_info:公司簡稱,
3045,台灣大哥大股份有限公司,sii,FinLab company_basic_info:公司名稱,
3045,TWM,sii,FinLab company_basic_info:英文簡稱,TWM
3046,建碁,sii,FinLab company_basic_info:公司簡稱,
3046,建碁股份有限公司,sii,FinLab company_basic_info:公司名稱,
3046,AOPEN,sii,FinLab company_basic_info:英文簡稱,AOPEN
3047,訊舟,sii,FinLab company_basic_info:公司簡稱,
3047,訊舟科技股份有限公司,sii,FinLab company_basic_info:公司名稱,
3047,EDIMAX,sii,FinLab company_basic_info:英文簡稱,EDIMAX
3048,益登,sii,FinLab company_basic_info:公司簡稱,
3048,益登科技股份有限公司,sii,FinLab company_basic_info:公司名稱,
3048,EDOM,sii,FinLab company_basic_info:英文簡稱,EDOM
3049,精金,sii,FinLab company_basic_info:公司簡稱,
3049,精金科技股份有限公司,sii,FinLab company_basic_info:公司名稱,
3049,HannsTouch,sii,FinLab company_basic_info:英文簡稱,HANNSTOUCH
3050,鈺德,sii,FinLab company_basic_info:公司簡稱,
3050,鈺德科技股份有限公司,sii,FinLab company_basic_info:公司名稱,
3050,U-TECH,sii,FinLab company_basic_info:英文簡稱,U TECH
3051,力特,sii,FinLab company_basic_info:公司簡稱,
3051,力特光電科技股份有限公司,sii,FinLab company_basic_info:公司名稱,
3051,Optimax,sii,FinLab company_basic_info:英文簡稱,OPTIMAX
3052,夆典,sii,FinLab company_basic_info:公司簡稱,
3052,夆典科技開發股份有限公司,sii,FinLab company_basic_info:公司名稱,
3052,APEX,sii,FinLab company_basic_info:英文簡稱,APEX
3054,立萬利,sii,FinLab company_basic_info:公司簡稱,
3054,立萬利創新股份有限公司,sii,FinLab company_basic_info:公司名稱,
3054,LIWANLI,sii,FinLab company_basic_info:英文簡稱,LIWANLI
3055,蔚華科,sii,FinLab company_basic_info:公司簡稱,
3055,蔚華科技股份有限公司,sii,FinLab company_basic_info:公司名稱,
3055,Spirox Corp.,sii,FinLab company_basic_info:英文簡稱,SPIROX
3056,富華新,sii,FinLab company_basic_info:公司簡稱,
3056,富華創新股份有限公司,sii,FinLab company_basic_info:公司名稱,
3056,Fu Hua,sii,FinLab company_basic_info:英文簡稱,FU HUA
3057,喬鼎,sii,FinLab company_basic_info:公司簡稱,
3057,喬鼎資訊股份有限公司,sii,FinLab company_basic_info:公司名稱,
3057,Promise,sii,FinLab company_basic_info:英文簡稱,PROMISE
3058,立德,sii,FinLab company_basic_info:公司簡稱,
3058,立德電子股份有限公司,sii,FinLab company_basic_info:公司名稱,
3058,LEI,sii,FinLab company_basic_info:英文簡稱,LEI
3059,華晶科,sii,FinLab company_basic_info:公司簡稱,
3059,華晶科技股份有限公司,sii,FinLab company_basic_info:公司名稱,
3059,Altek,sii,FinLab company_basic_info:英文簡稱,ALTEK
3060,銘異,sii,FinLab company_basic_info:公司簡稱,
3060,銘異科技股份有限公司,sii,FinLab company_basic_info:公司名稱,
3060,MIN AIK,sii,FinLab company_basic_info:英文簡稱,MIN AIK
3062,建漢,sii,FinLab company_basic_info:公司簡稱,
3062,建漢科技股份有限公司,sii,FinLab company_basic_info:公司名稱,
3062,CyberTAN,sii,FinLab company_basic_info:英文簡稱,CYBERTAN
3090,日電貿,sii,FinLab company_basic_info:公司簡稱,
3090,日電貿股份有限公司,sii,FinLab company_basic_info:公司名稱,
3090,NDB,sii,FinLab company_basic_info:英文簡稱,NDB
3092,鴻碩,sii,FinLab company_basic_info:公司簡稱,
3092,鴻碩精密電工股份有限公司,sii,FinLab company_basic_info:公司名稱,
3092,HOTRON,sii,FinLab company_basic_info:英文簡稱,HOTRON
3094,聯傑,sii,FinLab company_basic_info:公司簡稱,
3094,聯傑國際股份有限公司,sii,FinLab company_basic_info:公司名稱,
3094,DAVICOM,sii,FinLab company_basic_info:英文簡稱,DAVICOM
3130,一零四,sii,FinLab company_basic_info:公司簡稱,
3130,一零四資訊科技股份有限公司,sii,FinLab company_basic_info:公司名稱,
3130,104,sii,FinLab company_basic_info:英文簡稱,104
3135,凌航,sii,FinLab company_basic_info:公司簡稱,
3135,凌航科技股份有限公司,sii,FinLab company_basic_info:公司名稱,
3135,Goldkey Tech.,sii,FinLab company_basic_info:英文簡稱,GOLDKEY TECH
3138,耀登,sii,FinLab company_basic_info:公司簡稱,
3138,耀登科技股份有限公司,sii,FinLab company_basic_info:公司名稱,
3138,Auden,sii,FinLab company_basic_info:英文簡稱,AUDEN
3149,正達,sii,FinLab company_basic_info:公司簡稱,
3149,正達國際光電股份有限公司,sii,FinLab company_basic_info:公司名稱,
3149,G-TECH,sii,FinLab company_basic_info:英文簡稱,G TECH
3150,鈺寶-創,sii,FinLab company_basic_info:公司簡稱,
3150,鈺寶科技股份有限公司,sii,FinLab company_basic_info:公司名稱,
3150,SYNCOMM,sii,FinLab company_basic_info:英文簡稱,SYNCOMM
3164,景岳,sii,FinLab company_basic_info:公司簡稱,
3164,景岳生物科技股份有限公司,sii,FinLab company_basic_info:公司名稱,
3164,GenMont,sii,FinLab company_basic_info:英文簡稱,GENMONT
3167,大量,sii,FinLab company_basic_info:公司簡稱,
3167,大量科技股份有限公司,sii,FinLab company_basic_info:公司名稱,
3167,TA LIANG,sii,FinLab company_basic_info:英文簡稱,TA LIANG
3168,眾福科,sii,FinLab company_basic_info:公司簡稱,
3168,眾福科技股份有限公司,sii,FinLab company_basic_info:公司名稱,
3168,DATA IMAGE,sii,FinLab company_basic_info:英文簡稱,DATA IMAGE
3189,景碩,sii,FinLab company_basic_info:公司簡稱,
3189,景碩科技股份有限公司,sii,FinLab company_basic_info:公司名稱,
3189,KINSUS,sii,FinLab company_basic_info:英文簡稱,KINSUS
3209,全科,sii,FinLab company_basic_info:公司簡稱,
3209,全科科技股份有限公司,sii,FinLab company_basic_info:公司名稱,
3209,ALLTEK,sii,FinLab company_basic_info:英文簡稱,ALLTEK
3229,晟鈦,sii,FinLab company_basic_info:公司簡稱,
3229,晟鈦股份有限公司,sii,FinLab company_basic_info:公司名稱,
3229,CHEER TIME,sii,FinLab company_basic_info:英文簡稱,CHEER TIME
3231,緯創,sii,FinLab company_basic_info:公司簡稱,
3231,緯創資通股份有限公司,sii,FinLab company_basic_info:公司名稱,
3231,Wistron,sii,FinLab company_basic_info:英文簡稱,WISTRON
3257,虹冠電,sii,FinLab company_basic_info:公司簡稱,
3257,虹冠電子工業股份有限公司,sii,FinLab company_basic_info:公司名稱,
3257,CHAMPION,sii,FinLab company_basic_info:英文簡稱,CHAMPION
3266,昇陽,sii,FinLab company_basic_info:公司簡稱,
3266,昇陽建設企業股份有限公司,sii,FinLab company_basic_info:公司名稱,
3266,SUNTY,sii,FinLab company_basic_info:英文簡稱,SUNTY
3296,勝德,sii,FinLab company_basic_info:公司簡稱,
3296,勝德國際研發股份有限公司,sii,FinLab company_basic_info:公司名稱,
3296,POWERTECH,sii,FinLab company_basic_info:英文簡稱,POWERTECH
3305,昇貿,sii,FinLab company_basic_info:公司簡稱,
3305,昇貿科技股份有限公司,sii,FinLab company_basic_info:公司名稱,
3305,SHENMAO,sii,FinLab company_basic_info:英文簡稱,SHENMAO
3308,聯德,sii,FinLab company_basic_info:公司簡稱,
3308,聯德電子股份有限公司,sii,FinLab company_basic_info:公司名稱,
3308,BESTEC,sii,FinLab company_basic_info:英文簡稱,BESTEC
3311,閎暉,sii,FinLab company_basic_info:公司簡稱,
3311,閎暉實業股份有限公司,sii,FinLab company_basic_info:公司名稱,
3311,Silitech,sii,FinLab company_basic_info:英文簡稱,SILITECH
3312,弘憶股,sii,FinLab company_basic_info:公司簡稱,
3312,弘憶國際股份有限公司,sii,FinLab company_basic_info:公司名稱,
3312,G.M.I,sii,FinLab company_basic_info:英文簡稱,G M I
3321,同泰,sii,FinLab company_basic_info:公司簡稱,
3321,同泰電子科技股份有限公司,sii,FinLab company_basic_info:公司名稱,
3321,UNIFLEX,sii,FinLab company_basic_info:英文簡稱,UNIFLEX
3338,泰碩,sii,FinLab company_basic_info:公司簡稱,
3338,泰碩電子股份有限公司,sii,FinLab company_basic_info:公司名稱,
3338,TAISOL,sii,FinLab company_basic_info:英文簡稱,TAISOL
3346,麗清,sii,FinLab company_basic_info:公司簡稱,
3346,麗清科技股份有限公司,sii,FinLab company_basic_info:公司名稱,
3346,Laster Tech,sii,FinLab company_basic_info:英文簡稱,LASTER TECH
3356,奇偶,sii,FinLab company_basic_info:公司簡稱,
3356,奇偶科技股份有限公司,sii,FinLab company_basic_info:公司名稱,
3356,GeoVision,sii,FinLab company_basic_info:英文簡稱,GEOVISION
3376,新日興,sii,FinLab company_basic_info:公司簡稱,
3376,新日興股份有限公司,sii,FinLab company_basic_info:公司名稱,
3376,SZS,sii,FinLab company_basic_info:英文簡稱,SZS
3380,明泰,sii,FinLab company_basic_info:公司簡稱,
3380,明泰科技股份有限公司,sii,FinLab company_basic_info:公司名稱,
3380,Alpha,sii,FinLab company_basic_info:英文簡稱,ALPHA
3406,玉晶光,sii,FinLab company_basic_info:公司簡稱,
3406,玉晶光電股份有限公司,sii,FinLab company_basic_info:公司名稱,
3406,GSEO,sii,FinLab company_basic_info:英文簡稱,GSEO
3413,京鼎,sii,FinLab company_basic_info:公司簡稱,
3413,京鼎精密科技股份有限公司,sii,FinLab company_basic_info:公司名稱,
3413,Fiti,sii,FinLab company_basic_info:英文簡稱,FITI
3416,融程電,sii,FinLab company_basic_info:公司簡稱,
3416,融程電訊股份有限公司,sii,FinLab company_basic_info:公司名稱,
3416,Winmate,sii,FinLab company_basic_info:英文簡稱,WINMATE
3419,譁裕,sii,FinLab company_basic_info:公司簡稱,
3419,譁裕實業股份有限公司,sii,FinLab company_basic_info:公司名稱,
3419,WHAYU,sii,FinLab company_basic_info:英文簡稱,WHAYU
3432,台端,sii,FinLab company_basic_info:公司簡稱,
3432,台端興業股份有限公司,sii,FinLab company_basic_info:公司名稱,
3432,TAI TWUN,sii,FinLab company_basic_info:英文簡稱,TAI TWUN
3437,榮創,sii,FinLab company_basic_info:公司簡稱,
3437,榮創能源科技股份有限公司,sii,FinLab company_basic_info:公司名稱,
3437,AOT,sii,FinLab company_basic_info:英文簡稱,AOT
3443,創意,sii,FinLab company_basic_info:公司簡稱,
3443,創意電子股份有限公司,sii,FinLab company_basic_info:公司名稱,
3443,GUC,sii,FinLab company_basic_info:英文簡稱,GUC
3447,展達,sii,FinLab company_basic_info:公司簡稱,
3447,展達通訊股份有限公司,sii,FinLab company_basic_info:公司名稱,
3447,XAVi,sii,FinLab company_basic_info:英文簡稱,XAVI
3450,聯鈞,sii,FinLab company_basic_info:公司簡稱,
3450,聯鈞光電股份有限公司,sii,FinLab company_basic_info:公司名稱,
3450,ELASER,sii,FinLab company_basic_info:英文簡稱,ELASER
3481,群創,sii,FinLab company_basic_info:公司簡稱,
3481,群創光電股份有限公司,sii,FinLab company_basic_info:公司名稱,
3481,INX,sii,FinLab company_basic_info:英文簡稱,INX
3494,誠研,sii,FinLab company_basic_info:公司簡稱,
3494,誠研科技股份有限公司,sii,FinLab company_basic_info:公司名稱,
3494,HiTi,sii,FinLab company_basic_info:英文簡稱,HITI
3501,維熹,sii,FinLab company_basic_info:公司簡稱,
3501,維熹科技股份有限公司,sii,FinLab company_basic_info:公司名稱,
3501,Well Shin,sii,FinLab company_basic_info:英文簡稱,WELL SHIN
3504,揚明光,sii,FinLab company_basic_info:公司簡稱,
3504,揚明光學股份有限公司,sii,FinLab company_basic_info:公司名稱,
3504,Young Optics,sii,FinLab company_basic_info:英文簡稱,YOUNG OPTICS
3515,華擎,sii,FinLab company_basic_info:公司簡稱,
3515,華擎科技股份有限公司,sii,FinLab company_basic_info:公司名稱,
3515,ASROCK,sii,FinLab company_basic_info:英文簡稱,ASROCK
3518,柏騰,sii,FinLab company_basic_info:公司簡稱,
3518,柏騰科技股份有限公司,sii,FinLab company_basic_info:公司名稱,
3518,PT TECH.,sii,FinLab company_basic_info:英文簡稱,PT TECH
3528,安馳,sii,FinLab company_basic_info:公司簡稱,
3528,安馳科技股份有限公司,sii,FinLab company_basic_info:公司名稱,
3528,ANSTEK,sii,FinLab company_basic_info:英文簡稱,ANSTEK
3530,晶相光,sii,FinLab company_basic_info:公司簡稱,
3530,晶相光電股份有限公司,sii,FinLab company_basic_info:公司名稱,
3530,SOI,sii,FinLab company_basic_info:英文簡稱,SOI
3532,台勝科,sii,FinLab company_basic_info:公司簡稱,
3532,台塑勝高科技股份有限公司,sii,FinLab company_basic_info:公司名稱,
3532,FST,sii,FinLab company_basic_info:英文簡稱,FST
3533,嘉澤,sii,FinLab company_basic_info:公司簡稱,
3533,嘉澤端子工業股份有限公司,sii,FinLab company_basic_info:公司名稱,
3533,LOTES,sii,FinLab company_basic_info:英文簡稱,LOTES
3535,晶彩科,sii,FinLab company_basic_info:公司簡稱,
3535,晶彩科技股份有限公司,sii,FinLab company_basic_info:公司名稱,
3535,Favite,sii,FinLab company_basic_info:英文簡稱,FAVITE
3543,州巧,sii,FinLab company_basic_info:公司簡稱,
3543,州巧科技股份有限公司,sii,FinLab company_basic_info:公司名稱,
3543,JOCHU,sii,FinLab company_basic_info:英文簡稱,JOCHU
3545,敦泰,sii,FinLab company_basic_info:公司簡稱,
3545,敦泰電子股份有限公司,sii,FinLab company_basic_info:公司名稱,
3545,FocalTech,sii,FinLab company_basic_info:英文簡稱,FOCALTECH
3550,聯穎,sii,FinLab company_basic_info:公司簡稱,
3550,聯穎科技股份有限公司,sii,FinLab company_basic_info:公司名稱,
3550,COPARTNER,sii,FinLab company_basic_info:英文簡稱,COPARTNER
3557,嘉威,sii,FinLab company_basic_info:公司簡稱,
3557,嘉威生活股份有限公司,sii,FinLab company_basic_info:公司名稱,
3557,JiaWei,sii,FinLab company_basic_info:英文簡稱,JIAWEI
3563,牧德,sii,FinLab company_basic_info:公司簡稱,
3563,牧德科技股份有限公司,sii,FinLab company_basic_info:公司名稱,
3563,MACHVISION,sii,FinLab company_basic_info:英文簡稱,MACHVISION
3576,聯合再生,sii,FinLab company_basic_info:公司簡稱,
3576,聯合再生能源股份有限公司,sii,FinLab company_basic_info:公司名稱,
3576,URE,sii,FinLab company_basic_info:英文簡稱,URE
3583,辛耘,sii,FinLab company_basic_info:公司簡稱,
3583,辛耘企業股份有限公司,sii,FinLab company_basic_info:公司名稱,
3583,Scientech,sii,FinLab company_basic_info:英文簡稱,SCIENTECH
3588,通嘉,sii,FinLab company_basic_info:公司簡稱,
3588,通嘉科技股份有限公司,sii,FinLab company_basic_info:公司名稱,
3588,LD,sii,FinLab company_basic_info:英文簡稱,LD
3591,艾笛森,sii,FinLab company_basic_info:公司簡稱,
3591,艾笛森光電股份有限公司,sii,FinLab company_basic_info:公司名稱,
3591,EDISON OPTO,sii,FinLab company_basic_info:英文簡稱,EDISON OPTO
3592,瑞鼎,sii,FinLab company_basic_info:公司簡稱,
3592,瑞鼎科技股份有限公司,sii,FinLab company_basic_info:公司名稱,
3592,Raydium,sii,FinLab company_basic_info:英文簡稱,RAYDIUM
3593,力銘,sii,FinLab company_basic_info:公司簡稱,
3593,力銘科技股份有限公司,sii,FinLab company_basic_info:公司名稱,
3593,Logah,sii,FinLab company_basic_info:英文簡稱,LOGAH
3596,智易,sii,FinLab company_basic_info:公司簡稱,
3596,智易科技股份有限公司,sii,FinLab company_basic_info:公司名稱,
3596,Arcadyan,sii,FinLab company_basic_info:英文簡稱,ARCADYAN
3605,宏致,sii,FinLab company_basic_info:公司簡稱,
3605,宏致電子股份有限公司,sii,FinLab company_basic_info:公司名稱,
3605,ACES,sii,FinLab company_basic_info:英文簡稱,ACES
3607,谷崧,sii,FinLab company_basic_info:公司簡稱,
3607,谷崧精密工業股份有限公司,sii,FinLab company_basic_info:公司名稱,
3607,Coxon,sii,FinLab company_basic_info:英文簡稱,COXON
3617,碩天,sii,FinLab company_basic_info:公司簡稱,
3617,碩天科技股份有限公司,sii,FinLab company_basic_info:公司名稱,
3617,CyberPower,sii,FinLab company_basic_info:英文簡稱,CYBERPOWER
3622,洋華,sii,FinLab company_basic_info:公司簡稱,
3622,洋華光電股份有限公司,sii,FinLab company_basic_info:公司名稱,
3622,YFO,sii,FinLab company_basic_info:英文簡稱,YFO
3645,達邁,sii,FinLab company_basic_info:公司簡稱,
3645,達邁科技股份有限公司,sii,FinLab company_basic_info:公司名稱,
3645,TMT,sii,FinLab company_basic_info:英文簡稱,TMT
3652,精聯,sii,FinLab company_basic_info:公司簡稱,
3652,精聯電子股份有限公司,sii,FinLab company_basic_info:公司名稱,
3652,Unitech elec.,sii,FinLab company_basic_info:英文簡稱,UNITECH ELEC
3653,健策,sii,FinLab company_basic_info:公司簡稱,
3653,健策精密工業股份有限公司,sii,FinLab company_basic_info:公司名稱,
3653,JENTECH,sii,FinLab company_basic_info:英文簡稱,JENTECH
3661,世芯-KY,sii,FinLab company_basic_info:公司簡稱,KY
3661,世芯電子股份有限公司,sii,FinLab company_basic_info:公司名稱,
3661,Alchip,sii,FinLab company_basic_info:英文簡稱,ALCHIP
3665,貿聯-KY,sii,FinLab company_basic_info:公司簡稱,KY
3665,貿聯控股(BizLink Holding Inc.),sii,FinLab company_basic_info:公司名稱,
3665,BHI (BizLink),sii,FinLab company_basic_info:英文簡稱,BHI
3669,圓展,sii,FinLab company_basic_info:公司簡稱,
3669,圓展科技股份有限公司,sii,FinLab company_basic_info:公司名稱,
3669,AVer,sii,FinLab company_basic_info:英文簡稱,AVER
3673,TPK-KY,sii,FinLab company_basic_info:公司簡稱,TPK KY
3673,TPK Holding Co. Ltd.,sii,FinLab company_basic_info:公司名稱,TPK
3673,TPK,sii,FinLab company_basic_info:英文簡稱,TPK
3679,新至陞,sii,FinLab company_basic_info:公司簡稱,
3679,新至陞科技股份有限公司,sii,FinLab company_basic_info:公司名稱,
3679,Nishoku,sii,FinLab company_basic_info:英文簡稱,NISHOKU
3686,達能,sii,FinLab company_basic_info:公司簡稱,
3686,達能科技股份有限公司,sii,FinLab company_basic_info:公司名稱,
3686,Danen,sii,FinLab company_basic_info:英文簡稱,DANEN
3694,海華,sii,FinLab company_basic_info:公司簡稱,
3694,海華科技股份有限公司,sii,FinLab company_basic_info:公司名稱,
3694,AzureWave,sii,FinLab company_basic_info:英文簡稱,AZUREWAVE
3701,大眾控,sii,FinLab company_basic_info:公司簡稱,
3701,大眾全球投資控股股份有限公司,sii,FinLab company_basic_info:公司名稱,
3701,FICG,sii,FinLab company_basic_info:英文簡稱,FICG
3702,大聯大,sii,FinLab company_basic_info:公司簡稱,
3702,大聯大控股股份有限公司,sii,FinLab company_basic_info:公司名稱,
3702,WPG,sii,FinLab company_basic_info:英文簡稱,WPG
3703,欣陸,sii,FinLab company_basic_info:公司簡稱,
3703,欣陸投資控股股份有限公司,sii,FinLab company_basic_info:公司名稱,
3703,CHC,sii,FinLab company_basic_info:英文簡稱,CHC
3704,合勤控,sii,FinLab company_basic_info:公司簡稱,
3704,合勤投資控股股份有限公司,sii,FinLab company_basic_info:公司名稱,
3704,Zyxel Group,sii,FinLab company_basic_info:英文簡稱,ZYXEL
3705,永信,sii,FinLab company_basic_info:公司簡稱,
3705,永信國際投資控股股份有限公司,sii,FinLab company_basic_info:公司名稱,
3705,Y.S.H.,sii,FinLab company_basic_info:英文簡稱,Y S H
3706,神達,sii,FinLab company_basic_info:公司簡稱,
3706,神達控股股份有限公司,sii,FinLab company_basic_info:公司名稱,
3706,MHC,sii,FinLab company_basic_info:英文簡稱,MHC
3708,上緯投控,sii,FinLab company_basic_info:公司簡稱,
3708,上緯國際投資控股股份有限公司,sii,FinLab company_basic_info:公司名稱,
3708,Swancor,sii,FinLab company_basic_info:英文簡稱,SWANCOR
3711,日月光投控,sii,FinLab company_basic_info:公司簡稱,
3711,日月光投資控股股份有限公司,sii,FinLab company_basic_info:公司名稱,
3711,ASEH,sii,FinLab company_basic_info:英文簡稱,ASEH
3712,永崴投控,sii,FinLab company_basic_info:公司簡稱,
3712,永崴投資控股股份有限公司,sii,FinLab company_basic_info:公司名稱,
3712,FITH,sii,FinLab company_basic_info:英文簡稱,FITH
3714,富采,sii,FinLab company_basic_info:公司簡稱,
3714,富采控股股份有限公司,sii,FinLab company_basic_info:公司名稱,
3714,ENNOSTAR,sii,FinLab company_basic_info:英文簡稱,ENNOSTAR
3715,定穎投控,sii,FinLab company_basic_info:公司簡稱,
3715,定穎投資控股股份有限公司,sii,FinLab company_basic_info:公司名稱,
3715,Dynamic Holding,sii,FinLab company_basic_info:英文簡稱,DYNAMIC
3716,中化控股,sii,FinLab company_basic_info:公司簡稱,
3716,中化控股股份有限公司,sii,FinLab company_basic_info:公司名稱,
3716,Cenra Inc.,sii,FinLab company_basic_info:英文簡稱,CENRA
3717,聯嘉投控,sii,FinLab company_basic_info:公司簡稱,
3717,聯嘉光電投資控股股份有限公司,sii,FinLab company_basic_info:公司名稱,
3717,EOI Holding,sii,FinLab company_basic_info:英文簡稱,EOI
4104,佳醫,sii,FinLab company_basic_info:公司簡稱,
4104,佳醫健康事業股份有限公司,sii,FinLab company_basic_info:公司名稱,
4104,EXCELSIOR,sii,FinLab company_basic_info:英文簡稱,EXCELSIOR
4106,雃博,sii,FinLab company_basic_info:公司簡稱,
4106,雃博股份有限公司,sii,FinLab company_basic_info:公司名稱,
4106,WELLELL,sii,FinLab company_basic_info:英文簡稱,WELLELL
4108,懷特,sii,FinLab company_basic_info:公司簡稱,
4108,懷特生技新藥股份有限公司,sii,FinLab company_basic_info:公司名稱,
4108,PhytoHealth,sii,FinLab company_basic_info:英文簡稱,PHYTOHEALTH
4119,旭富,sii,FinLab company_basic_info:公司簡稱,
4119,旭富製藥科技股份有限公司,sii,FinLab company_basic_info:公司名稱,
4119,SCI,sii,FinLab company_basic_info:英文簡稱,SCI
4133,亞諾法,sii,FinLab company_basic_info:公司簡稱,
4133,亞諾法生技股份有限公司,sii,FinLab company_basic_info:公司名稱,
4133,Abnova,sii,FinLab company_basic_info:英文簡稱,ABNOVA
4137,麗豐-KY,sii,FinLab company_basic_info:公司簡稱,KY
4137,麗豐股份有限公司,sii,FinLab company_basic_info:公司名稱,
4137,CHLITINA-KY,sii,FinLab company_basic_info:英文簡稱,CHLITINA KY
4142,國光生,sii,FinLab company_basic_info:公司簡稱,
4142,國光生物科技股份有限公司,sii,FinLab company_basic_info:公司名稱,
4142,ADIM,sii,FinLab company_basic_info:英文簡稱,ADIM
4148,全宇生技-KY,sii,FinLab company_basic_info:公司簡稱,KY
4148,全宇生技控股有限公司,sii,FinLab company_basic_info:公司名稱,
4148,ACBT,sii,FinLab company_basic_info:英文簡稱,ACBT
4155,訊映,sii,FinLab company_basic_info:公司簡稱,
4155,訊映光電股份有限公司,sii,FinLab company_basic_info:公司名稱,
4155,OK BIOTECH,sii,FinLab company_basic_info:英文簡稱,OK BIOTECH
4164,承業醫,sii,FinLab company_basic_info:公司簡稱,
4164,承業生醫投資控股股份有限公司,sii,FinLab company_basic_info:公司名稱,
4164,CHC,sii,FinLab company_basic_info:英文簡稱,CHC
4169,泰宗,sii,FinLab company_basic_info:公司簡稱,
4169,泰宗生物科技股份有限公司,sii,FinLab company_basic_info:公司名稱,
4169,TCM,sii,FinLab company_basic_info:英文簡稱,TCM
4190,佐登-KY,sii,FinLab company_basic_info:公司簡稱,KY
4190,佐登妮絲集團股份有限公司,sii,FinLab company_basic_info:公司名稱,
4190,JDS,sii,FinLab company_basic_info:英文簡稱,JDS
4306,炎洲,sii,FinLab company_basic_info:公司簡稱,
4306,炎洲股份有限公司,sii,FinLab company_basic_info:公司名稱,
4306,YC,sii,FinLab company_basic_info:英文簡稱,YC
4414,如興,sii,FinLab company_basic_info:公司簡稱,
4414,如興股份有限公司,sii,FinLab company_basic_info:公司名稱,
4414,ROO HSING,sii,FinLab company_basic_info:英文簡稱,ROO HSING
4426,利勤,sii,FinLab company_basic_info:公司簡稱,
4426,利勤實業股份有限公司,sii,FinLab company_basic_info:公司名稱,
4426,LI CHENG,sii,FinLab company_basic_info:英文簡稱,LI CHENG
4438,廣越,sii,FinLab company_basic_info:公司簡稱,
4438,廣越企業股份有限公司,sii,FinLab company_basic_info:公司名稱,
4438,QVE,sii,FinLab company_basic_info:英文簡稱,QVE
4439,冠星-KY,sii,FinLab company_basic_info:公司簡稱,KY
4439,冠星集團控股有限公司,sii,FinLab company_basic_info:公司名稱,
4439,TST Group,sii,FinLab company_basic_info:英文簡稱,TST
4440,宜新實業,sii,FinLab company_basic_info:公司簡稱,
4440,宜新實業股份有限公司,sii,FinLab company_basic_info:公司名稱,
4440,Yi Shin,sii,FinLab company_basic_info:英文簡稱,YI SHIN
4441,振大環球,sii,FinLab company_basic_info:公司簡稱,
4441,振大環球股份有限公司,sii,FinLab company_basic_info:公司名稱,
4441,GGF,sii,FinLab company_basic_info:英文簡稱,GGF
4526,東台,sii,FinLab company_basic_info:公司簡稱,
4526,東台精機股份有限公司,sii,FinLab company_basic_info:公司名稱,
4526,TONGTAI,sii,FinLab company_basic_info:英文簡稱,TONGTAI
4532,瑞智,sii,FinLab company_basic_info:公司簡稱,
4532,瑞智精密股份有限公司,sii,FinLab company_basic_info:公司名稱,
4532,RECHI,sii,FinLab company_basic_info:英文簡稱,RECHI
4536,拓凱,sii,FinLab company_basic_info:公司簡稱,
4536,拓凱實業股份有限公司,sii,FinLab company_basic_info:公司名稱,
4536,TOPKEY,sii,FinLab company_basic_info:英文簡稱,TOPKEY
4540,全球傳動,sii,FinLab company_basic_info:公司簡稱,
4540,全球傳動科技股份有限公司,sii,FinLab company_basic_info:公司名稱,
4540,TBI MOTION,sii,FinLab company_basic_info:英文簡稱,TBI MOTION
4545,銘鈺,sii,FinLab company_basic_info:公司簡稱,
4545,銘鈺精密工業股份有限公司,sii,FinLab company_basic_info:公司名稱,
4545,MAP,sii,FinLab company_basic_info:英文簡稱,MAP
4551,智伸科,sii,FinLab company_basic_info:公司簡稱,
4551,智伸科技股份有限公司,sii,FinLab company_basic_info:公司名稱,
4551,GLOBAL PMX,sii,FinLab company_basic_info:英文簡稱,GLOBAL PMX
4552,力達-KY,sii,FinLab company_basic_info:公司簡稱,KY
4552,力達控股有限公司,sii,FinLab company_basic_info:公司名稱,
4552,Lida,sii,FinLab company_basic_info:英文簡稱,LIDA
4555,氣立,sii,FinLab company_basic_info:公司簡稱,
4555,台灣氣立股份有限公司,sii,FinLab company_basic_info:公司名稱,
4555,CHELIC,sii,FinLab company_basic_info:英文簡稱,CHELIC
4557,永新-KY,sii,FinLab company_basic_info:公司簡稱,KY
4557,永新控股股份有限公司,sii,FinLab company_basic_info:公司名稱,
4557,Yusin,sii,FinLab company_basic_info:英文簡稱,YUSIN
4560,強信-KY,sii,FinLab company_basic_info:公司簡稱,KY
4560,強信機械科技股份有限公司,sii,FinLab company_basic_info:公司名稱,
4560,STRONG H,sii,FinLab company_basic_info:英文簡稱,STRONG H
4562,穎漢,sii,FinLab company_basic_info:公司簡稱,
4562,穎漢科技股份有限公司,sii,FinLab company_basic_info:公司名稱,
4562,YHT,sii,FinLab company_basic_info:英文簡稱,YHT
4564,元翎,sii,FinLab company_basic_info:公司簡稱,
4564,元翎精密工業股份有限公司,sii,FinLab company_basic_info:公司名稱,
4564,MOSA,sii,FinLab company_basic_info:英文簡稱,MOSA
4566,時碩工業,sii,FinLab company_basic_info:公司簡稱,
4566,時碩工業股份有限公司,sii,FinLab company_basic_info:公司名稱,
4566,GLOBAL TEK,sii,FinLab company_basic_info:英文簡稱,GLOBAL TEK
4569,六方科-KY,sii,FinLab company_basic_info:公司簡稱,KY
4569,六方科技股份有限公司,sii,FinLab company_basic_info:公司名稱,
4569,Sixxon,sii,FinLab company_basic_info:英文簡稱,SIXXON
4571,鈞興-KY,sii,FinLab company_basic_info:公司簡稱,KY
4571,鈞興機電國際股份有限公司,sii,FinLab company_basic_info:公司名稱,
4571,KHGEARS,sii,FinLab company_basic_info:英文簡稱,KHGEARS
4572,駐龍,sii,FinLab company_basic_info:公司簡稱,
4572,駐龍精密機械股份有限公司,sii,FinLab company_basic_info:公司名稱,
4572,DPI,sii,FinLab company_basic_info:英文簡稱,DPI
4576,大銀微系統,sii,FinLab company_basic_info:公司簡稱,
4576,大銀微系統股份有限公司,sii,FinLab company_basic_info:公司名稱,
4576,HMC,sii,FinLab company_basic_info:英文簡稱,HMC
4581,光隆精密-KY,sii,FinLab company_basic_info:公司簡稱,KY
4581,World Known MFG(Cayman)Limited,sii,FinLab company_basic_info:公司名稱,WORLD KNOWN MFG
4581,WKG,sii,FinLab company_basic_info:英文簡稱,WKG
4583,台灣精銳,sii,FinLab company_basic_info:公司簡稱,
4583,台灣精銳科技股份有限公司,sii,FinLab company_basic_info:公司名稱,
4583,APEXDYNA,sii,FinLab company_basic_info:英文簡稱,APEXDYNA
4585,達明,sii,FinLab company_basic_info:公司簡稱,
4585,達明機器人股份有限公司,sii,FinLab company_basic_info:公司名稱,
4585,TRI,sii,FinLab company_basic_info:英文簡稱,TRI
4588,玖鼎電力,sii,FinLab company_basic_info:公司簡稱,
4588,玖鼎電力資訊股份有限公司,sii,FinLab company_basic_info:公司名稱,
4588,Arch Meter,sii,FinLab company_basic_info:英文簡稱,ARCH METER
4590,富田-創,sii,FinLab company_basic_info:公司簡稱,
4590,富田電機股份有限公司,sii,FinLab company_basic_info:公司名稱,
4590,FUKUTA,sii,FinLab company_basic_info:英文簡稱,FUKUTA
4720,德淵,sii,FinLab company_basic_info:公司簡稱,
4720,德淵企業股份有限公司,sii,FinLab company_basic_info:公司名稱,
4720,TEX YEAR,sii,FinLab company_basic_info:英文簡稱,TEX YEAR
4722,國精化,sii,FinLab company_basic_info:公司簡稱,
4722,國精化學股份有限公司,sii,FinLab company_basic_info:公司名稱,
4722,QPC,sii,FinLab company_basic_info:英文簡稱,QPC
4736,泰博,sii,FinLab company_basic_info:公司簡稱,
4736,泰博科技股份有限公司,sii,FinLab company_basic_info:公司名稱,
4736,TaiDoc,sii,FinLab company_basic_info:英文簡稱,TAIDOC
4737,華廣,sii,FinLab company_basic_info:公司簡稱,
4737,華廣生技股份有限公司,sii,FinLab company_basic_info:公司名稱,
4737,BIONIME,sii,FinLab company_basic_info:英文簡稱,BIONIME
4739,康普,sii,FinLab company_basic_info:公司簡稱,
4739,康普材料科技股份有限公司,sii,FinLab company_basic_info:公司名稱,
4739,COREMAX,sii,FinLab company_basic_info:英文簡稱,COREMAX
4746,台耀,sii,FinLab company_basic_info:公司簡稱,
4746,台耀化學股份有限公司,sii,FinLab company_basic_info:公司名稱,
4746,FRMSL,sii,FinLab company_basic_info:英文簡稱,FRMSL
4755,三福化,sii,FinLab company_basic_info:公司簡稱,
4755,三福化工股份有限公司,sii,FinLab company_basic_info:公司名稱,
4755,SAN FU,sii,FinLab company_basic_info:英文簡稱,SAN FU
4763,材料*-KY,sii,FinLab company_basic_info:公司簡稱,KY
4763,濟南大自然新材料股份有限公司,sii,FinLab company_basic_info:公司名稱,
4763,ACE,sii,FinLab company_basic_info:英文簡稱,ACE
4764,雙鍵,sii,FinLab company_basic_info:公司簡稱,
4764,雙鍵化工股份有限公司,sii,FinLab company_basic_info:公司名稱,
4764,DBC,sii,FinLab company_basic_info:英文簡稱,DBC
4766,南寶,sii,FinLab company_basic_info:公司簡稱,
4766,南寶樹脂化學工廠股份有限公司,sii,FinLab company_basic_info:公司名稱,
4766,NAN PAO,sii,FinLab company_basic_info:英文簡稱,NAN PAO
4770,上品,sii,FinLab company_basic_info:公司簡稱,
4770,上品綜合工業股份有限公司,sii,FinLab company_basic_info:公司名稱,
4770,ASC,sii,FinLab company_basic_info:英文簡稱,ASC
4771,望隼,sii,FinLab company_basic_info:公司簡稱,
4771,望隼科技股份有限公司,sii,FinLab company_basic_info:公司名稱,
4771,VF,sii,FinLab company_basic_info:英文簡稱,VF
4807,日成-KY,sii,FinLab company_basic_info:公司簡稱,KY
4807,日成控股股份有限公司,sii,FinLab company_basic_info:公司名稱,
4807,RH,sii,FinLab company_basic_info:英文簡稱,RH
4904,遠傳,sii,FinLab company_basic_info:公司簡稱,
4904,遠傳電信股份有限公司,sii,FinLab company_basic_info:公司名稱,
4904,Far EasTone,sii,FinLab company_basic_info:英文簡稱,FAR EASTONE
4906,正文,sii,FinLab company_basic_info:公司簡稱,
4906,正文科技股份有限公司,sii,FinLab company_basic_info:公司名稱,
4906,GEMTEK,sii,FinLab company_basic_info:英文簡稱,GEMTEK
4912,聯德控股-KY,sii,FinLab company_basic_info:公司簡稱,KY
4912,聯德控股股份有限公司,sii,FinLab company_basic_info:公司名稱,
4912,Lemtech-KY,sii,FinLab company_basic_info:英文簡稱,LEMTECH KY
4915,致伸,sii,FinLab company_basic_info:公司簡稱,
4915,致伸科技股份有限公司,sii,FinLab company_basic_info:公司名稱,
4915,Primax,sii,FinLab company_basic_info:英文簡稱,PRIMAX
4916,事欣科,sii,FinLab company_basic_info:公司簡稱,
4916,事欣科技股份有限公司,sii,FinLab company_basic_info:公司名稱,
4916,PARPRO,sii,FinLab company_basic_info:英文簡稱,PARPRO
4919,新唐,sii,FinLab company_basic_info:公司簡稱,
4919,新唐科技股份有限公司,sii,FinLab company_basic_info:公司名稱,
4919,NTC,sii,FinLab company_basic_info:英文簡稱,NTC
4927,泰鼎-KY,sii,FinLab company_basic_info:公司簡稱,KY
4927,泰鼎國際股份有限公司,sii,FinLab company_basic_info:公司名稱,
4927,Apex,sii,FinLab company_basic_info:英文簡稱,APEX
4930,燦星網,sii,FinLab company_basic_info:公司簡稱,
4930,燦星網通股份有限公司,sii,FinLab company_basic_info:公司名稱,
4930,Star Comgistic,sii,FinLab company_basic_info:英文簡稱,STAR COMGISTIC
4934,太極,sii,FinLab company_basic_info:公司簡稱,
4934,太極能源科技股份有限公司,sii,FinLab company_basic_info:公司名稱,
4934,Tainergy,sii,FinLab company_basic_info:英文簡稱,TAINERGY
4935,茂林-KY,sii,FinLab company_basic_info:公司簡稱,KY
4935,茂林光電科技(開曼)股份有限公司,sii,FinLab company_basic_info:公司名稱,
4935,GLT,sii,FinLab company_basic_info:英文簡稱,GLT
4938,和碩,sii,FinLab company_basic_info:公司簡稱,
4938,和碩聯合科技股份有限公司,sii,FinLab company_basic_info:公司名稱,
4938,Pegatron,sii,FinLab company_basic_info:英文簡稱,PEGATRON
4942,嘉彰,sii,FinLab company_basic_info:公司簡稱,
4942,嘉彰股份有限公司,sii,FinLab company_basic_info:公司名稱,
4942,Chia Chang,sii,FinLab company_basic_info:英文簡稱,CHIA CHANG
4943,康控-KY,sii,FinLab company_basic_info:公司簡稱,KY
4943,開曼康而富控股股份有限公司,sii,FinLab company_basic_info:公司名稱,
4943,CONCRAFT,sii,FinLab company_basic_info:英文簡稱,CONCRAFT
4949,有成精密,sii,FinLab company_basic_info:公司簡稱,
4949,有成精密股份有限公司,sii,FinLab company_basic_info:公司名稱,
4949,WIN WIN,sii,FinLab company_basic_info:英文簡稱,WIN WIN
4952,凌通,sii,FinLab company_basic_info:公司簡稱,
4952,凌通科技股份有限公司,sii,FinLab company_basic_info:公司名稱,
4952,Generalplus,sii,FinLab company_basic_info:英文簡稱,GENERALPLUS
4956,光鋐,sii,FinLab company_basic_info:公司簡稱,
4956,光鋐科技股份有限公司,sii,FinLab company_basic_info:公司名稱,
4956,Epileds,sii,FinLab company_basic_info:英文簡稱,EPILEDS
4958,臻鼎-KY,sii,FinLab company_basic_info:公司簡稱,KY
4958,臻鼎科技控股股份有限公司,sii,FinLab company_basic_info:公司名稱,
4958,ZDT,sii,FinLab company_basic_info:英文簡稱,ZDT
4960,誠美材,sii,FinLab company_basic_info:公司簡稱,
4960,誠美材料科技股份有限公司,sii,FinLab company_basic_info:公司名稱,
4960,CMMT,sii,FinLab company_basic_info:英文簡稱,CMMT
4961,天鈺,sii,FinLab company_basic_info:公司簡稱,
4961,天鈺科技股份有限公司,sii,FinLab company_basic_info:公司名稱,
4961,FITIPOWER,sii,FinLab company_basic_info:英文簡稱,FITIPOWER
4967,十銓,sii,FinLab company_basic_info:公司簡稱,
4967,十銓科技股份有限公司,sii,FinLab company_basic_info:公司名稱,
4967,TEAM,sii,FinLab company_basic_info:英文簡稱,TEAM
4968,立積,sii,FinLab company_basic_info:公司簡稱,
4968,立積電子股份有限公司,sii,FinLab company_basic_info:公司名稱,
4968,Richwave,sii,FinLab company_basic_info:英文簡稱,RICHWAVE
4976,佳凌,sii,FinLab company_basic_info:公司簡稱,
4976,佳凌科技股份有限公司,sii,FinLab company_basic_info:公司名稱,
4976,Calin,sii,FinLab company_basic_info:英文簡稱,CALIN
4977,眾達-KY,sii,FinLab company_basic_info:公司簡稱,KY
4977,眾達科技股份有限公司,sii,FinLab company_basic_info:公司名稱,
4977,PCL,sii,FinLab company_basic_info:英文簡稱,PCL
4989,榮科,sii,FinLab company_basic_info:公司簡稱,
4989,李長榮科技股份有限公司,sii,FinLab company_basic_info:公司名稱,
4989,LCYT,sii,FinLab company_basic_info:英文簡稱,LCYT
4994,傳奇,sii,FinLab company_basic_info:公司簡稱,
4994,傳奇網路遊戲股份有限公司,sii,FinLab company_basic_info:公司名稱,
4994,X-LEGEND,sii,FinLab company_basic_info:英文簡稱,X LEGEND
4999,鑫禾,sii,FinLab company_basic_info:公司簡稱,
4999,鑫禾科技股份有限公司,sii,FinLab company_basic_info:公司名稱,
4999,Sinher,sii,FinLab company_basic_info:英文簡稱,SINHER
5007,三星,sii,FinLab company_basic_info:公司簡稱,
5007,三星科技股份有限公司,sii,FinLab company_basic_info:公司名稱,
5007,SAN SHING,sii,FinLab company_basic_info:英文簡稱,SAN SHING
5203,訊連,sii,FinLab company_basic_info:公司簡稱,
5203,訊連科技股份有限公司,sii,FinLab company_basic_info:公司名稱,
5203,CyberLink,sii,FinLab company_basic_info:英文簡稱,CYBERLINK
5215,科嘉-KY,sii,FinLab company_basic_info:公司簡稱,KY
5215,科嘉(開曼)股份有限公司,sii,FinLab company_basic_info:公司名稱,
5215,KO JA,sii,FinLab company_basic_info:英文簡稱,KO JA
5222,全訊,sii,FinLab company_basic_info:公司簡稱,
5222,全訊科技股份有限公司,sii,FinLab company_basic_info:公司名稱,
5222,TRANSCOM,sii,FinLab company_basic_info:英文簡稱,TRANSCOM
5225,東科-KY,sii,FinLab company_basic_info:公司簡稱,KY
5225,東科控股股份有限公司,sii,FinLab company_basic_info:公司名稱,
5225,EASTECH,sii,FinLab company_basic_info:英文簡稱,EASTECH
5234,達興材料,sii,FinLab company_basic_info:公司簡稱,
5234,達興材料股份有限公司,sii,FinLab company_basic_info:公司名稱,
5234,DAXIN,sii,FinLab company_basic_info:英文簡稱,DAXIN
5243,乙盛-KY,sii,FinLab company_basic_info:公司簡稱,KY
5243,乙盛精密工業股份有限公司,sii,FinLab company_basic_info:公司名稱,
5243,ESON,sii,FinLab company_basic_info:英文簡稱,ESON
5244,弘凱,sii,FinLab company_basic_info:公司簡稱,
5244,弘凱光電股份有限公司,sii,FinLab company_basic_info:公司名稱,
5244,BRIGHTEK,sii,FinLab company_basic_info:英文簡稱,BRIGHTEK
5258,虹堡,sii,FinLab company_basic_info:公司簡稱,
5258,虹堡科技股份有限公司,sii,FinLab company_basic_info:公司名稱,
5258,Castles,sii,FinLab company_basic_info:英文簡稱,CASTLES
5269,祥碩,sii,FinLab company_basic_info:公司簡稱,
5269,祥碩科技股份有限公司,sii,FinLab company_basic_info:公司名稱,
5269,Asmedia,sii,FinLab company_basic_info:英文簡稱,ASMEDIA
5283,禾聯碩,sii,FinLab company_basic_info:公司簡稱,
5283,禾聯碩股份有限公司,sii,FinLab company_basic_info:公司名稱,
5283,Heran,sii,FinLab company_basic_info:英文簡稱,HERAN
5284,jpp-KY,sii,FinLab company_basic_info:公司簡稱,JPP KY
5284,經寶精密控股股份有限公司,sii,FinLab company_basic_info:公司名稱,
5284,jpp,sii,FinLab company_basic_info:英文簡稱,JPP
5285,界霖,sii,FinLab company_basic_info:公司簡稱,
5285,界霖科技股份有限公司,sii,FinLab company_basic_info:公司名稱,
5285,Jih Lin,sii,FinLab company_basic_info:英文簡稱,JIH LIN
5288,豐祥-KY,sii,FinLab company_basic_info:公司簡稱,KY
5288,開曼商豐祥控股股份有限公司,sii,FinLab company_basic_info:公司名稱,
5288,Eurocharm,sii,FinLab company_basic_info:英文簡稱,EUROCHARM
5292,華懋,sii,FinLab company_basic_info:公司簡稱,
5292,華懋科技股份有限公司,sii,FinLab company_basic_info:公司名稱,
5292,DTECH,sii,FinLab company_basic_info:英文簡稱,DTECH
5306,桂盟,sii,FinLab company_basic_info:公司簡稱,
5306,桂盟國際股份有限公司,sii,FinLab company_basic_info:公司名稱,
5306,KMC,sii,FinLab company_basic_info:英文簡稱,KMC
5388,中磊,sii,FinLab company_basic_info:公司簡稱,
5388,中磊電子股份有限公司,sii,FinLab company_basic_info:公司名稱,
5388,Sercomm,sii,FinLab company_basic_info:英文簡稱,SERCOMM
5434,崇越,sii,FinLab company_basic_info:公司簡稱,
5434,崇越科技股份有限公司,sii,FinLab company_basic_info:公司名稱,
5434,TOPCO,sii,FinLab company_basic_info:英文簡稱,TOPCO
5469,瀚宇博,sii,FinLab company_basic_info:公司簡稱,
5469,瀚宇博德股份有限公司,sii,FinLab company_basic_info:公司名稱,
5469,HSB,sii,FinLab company_basic_info:英文簡稱,HSB
5471,松翰,sii,FinLab company_basic_info:公司簡稱,
5471,松翰科技股份有限公司,sii,FinLab company_basic_info:公司名稱,
5471,SONIX,sii,FinLab company_basic_info:英文簡稱,SONIX
5484,慧友,sii,FinLab company_basic_info:公司簡稱,
5484,慧友電子股份有限公司,sii,FinLab company_basic_info:公司名稱,
5484,EverFocus,sii,FinLab company_basic_info:英文簡稱,EVERFOCUS
5515,建國,sii,FinLab company_basic_info:公司簡稱,
5515,建國工程股份有限公司,sii,FinLab company_basic_info:公司名稱,
5515,CHIEN KUO,sii,FinLab company_basic_info:英文簡稱,CHIEN KUO
5519,隆大,sii,FinLab company_basic_info:公司簡稱,
5519,隆大營建事業股份有限公司,sii,FinLab company_basic_info:公司名稱,
5519,LD,sii,FinLab company_basic_info:英文簡稱,LD
5521,工信,sii,FinLab company_basic_info:公司簡稱,
5521,工信工程股份有限公司,sii,FinLab company_basic_info:公司名稱,
5521,KSECO,sii,FinLab company_basic_info:英文簡稱,KSECO
5522,遠雄,sii,FinLab company_basic_info:公司簡稱,
5522,遠雄建設事業股份有限公司,sii,FinLab company_basic_info:公司名稱,
5522,Farglory,sii,FinLab company_basic_info:英文簡稱,FARGLORY
5525,順天,sii,FinLab company_basic_info:公司簡稱,
5525,順天建設股份有限公司,sii,FinLab company_basic_info:公司名稱,
5525,SWEETEN,sii,FinLab company_basic_info:英文簡稱,SWEETEN
5531,鄉林,sii,FinLab company_basic_info:公司簡稱,
5531,鄉林建設事業股份有限公司,sii,FinLab company_basic_info:公司名稱,
5531,Shining,sii,FinLab company_basic_info:英文簡稱,SHINING
5533,皇鼎,sii,FinLab company_basic_info:公司簡稱,
5533,皇鼎建設開發股份有限公司,sii,FinLab company_basic_info:公司名稱,
5533,FOUNDING,sii,FinLab company_basic_info:英文簡稱,FOUNDING
5534,長虹,sii,FinLab company_basic_info:公司簡稱,
5534,長虹建設股份有限公司,sii,FinLab company_basic_info:公司名稱,
5534,CHONG HONG,sii,FinLab company_basic_info:英文簡稱,CHONG HONG
5538,東明-KY,sii,FinLab company_basic_info:公司簡稱,KY
5538,開曼東明控股股份有限公司,sii,FinLab company_basic_info:公司名稱,
5538,TONG MING,sii,FinLab company_basic_info:英文簡稱,TONG MING
5546,永固-KY,sii,FinLab company_basic_info:公司簡稱,KY
5546,永固集團股份有限公司,sii,FinLab company_basic_info:公司名稱,
5546,YGI,sii,FinLab company_basic_info:英文簡稱,YGI
5607,遠雄港,sii,FinLab company_basic_info:公司簡稱,
5607,遠雄自貿港投資控股股份有限公司,sii,FinLab company_basic_info:公司名稱,
5607,Farglory FTZ,sii,FinLab company_basic_info:英文簡稱,FARGLORY FTZ
5608,四維航,sii,FinLab company_basic_info:公司簡稱,
5608,四維航業股份有限公司,sii,FinLab company_basic_info:公司名稱,
5608,S. W.,sii,FinLab company_basic_info:英文簡稱,S W
5706,鳳凰,sii,FinLab company_basic_info:公司簡稱,
5706,鳳凰國際旅行社股份有限公司,sii,FinLab company_basic_info:公司名稱,
5706,PHX TOUR,sii,FinLab company_basic_info:英文簡稱,PHX TOUR
5871,中租-KY,sii,FinLab company_basic_info:公司簡稱,KY
5871,中租控股股份有限公司,sii,FinLab company_basic_info:公司名稱,
5871,Chailease,sii,FinLab company_basic_info:英文簡稱,CHAILEASE
5876,上海商銀,sii,FinLab company_basic_info:公司簡稱,
5876,上海商業儲蓄銀行股份有限公司,sii,FinLab company_basic_info:公司名稱,
5876,SCSB,sii,FinLab company_basic_info:英文簡稱,SCSB
5880,合庫金,sii,FinLab company_basic_info:公司簡稱,
5880,合作金庫金融控股股份有限公司,sii,FinLab company_basic_info:公司名稱,
5880,TCFHC,sii,FinLab company_basic_info:英文簡稱,TCFHC
5906,台南-KY,sii,FinLab company_basic_info:公司簡稱,KY
5906,台南生活(開曼)股份有限公司,sii,FinLab company_basic_info:公司名稱,
5906,TAINAN CAYMAN,sii,FinLab company_basic_info:英文簡稱,TAINAN CAYMAN
5907,大洋-KY,sii,FinLab company_basic_info:公司簡稱,KY
5907,Grand Ocean RetailGroupLimited,sii,FinLab company_basic_info:公司名稱,GRAND OCEAN RETAILGROUPLIMITED
5907,GORG,sii,FinLab company_basic_info:英文簡稱,GORG
6005,群益證,sii,FinLab company_basic_info:公司簡稱,
6005,群益金鼎證券股份有限公司,sii,FinLab company_basic_info:公司名稱,
6005,CSC,sii,FinLab company_basic_info:英文簡稱,CSC
6024,群益期,sii,FinLab company_basic_info:公司簡稱,
6024,群益期貨股份有限公司,sii,FinLab company_basic_info:公司名稱,
6024,CFC,sii,FinLab company_basic_info:英文簡稱,CFC
6108,競國,sii,FinLab company_basic_info:公司簡稱,
6108,競國實業股份有限公司,sii,FinLab company_basic_info:公司名稱,
6108,APCB INC.,sii,FinLab company_basic_info:英文簡稱,APCB
6112,邁達特,sii,FinLab company_basic_info:公司簡稱,
6112,邁達特數位股份有限公司,sii,FinLab company_basic_info:公司名稱,
6112,Metaage,sii,FinLab company_basic_info:英文簡稱,METAAGE
6115,鎰勝,sii,FinLab company_basic_info:公司簡稱,
6115,鎰勝工業股份有限公司,sii,FinLab company_basic_info:公司名稱,
6115,I-SHENG,sii,FinLab company_basic_info:英文簡稱,I SHENG
6116,彩晶,sii,FinLab company_basic_info:公司簡稱,
6116,瀚宇彩晶股份有限公司,sii,FinLab company_basic_info:公司名稱,
6116,Hannstar,sii,FinLab company_basic_info:英文簡稱,HANNSTAR
6117,迎廣,sii,FinLab company_basic_info:公司簡稱,
6117,迎廣科技股份有限公司,sii,FinLab company_basic_info:公司名稱,
6117,IN WIN,sii,FinLab company_basic_info:英文簡稱,IN WIN
6120,達運,sii,FinLab company_basic_info:公司簡稱,
6120,達運精密工業股份有限公司,sii,FinLab company_basic_info:公司名稱,
6120,DARWIN,sii,FinLab company_basic_info:英文簡稱,DARWIN
6128,上福,sii,FinLab company_basic_info:公司簡稱,
6128,上福全球科技股份有限公司,sii,FinLab company_basic_info:公司名稱,
6128,GPI,sii,FinLab company_basic_info:英文簡稱,GPI
6133,金橋,sii,FinLab company_basic_info:公司簡稱,
6133,金橋科技股份有限公司,sii,FinLab company_basic_info:公司名稱,
6133,GBE,sii,FinLab company_basic_info:英文簡稱,GBE
6136,富爾特,sii,FinLab company_basic_info:公司簡稱,
6136,富爾特科技股份有限公司,sii,FinLab company_basic_info:公司名稱,
6136,FTC,sii,FinLab company_basic_info:英文簡稱,FTC
6139,亞翔,sii,FinLab company_basic_info:公司簡稱,
6139,亞翔工程股份有限公司,sii,FinLab company_basic_info:公司名稱,
6139,L & K,sii,FinLab company_basic_info:英文簡稱,L AND K
6141,柏承,sii,FinLab company_basic_info:公司簡稱,
6141,柏承科技股份有限公司,sii,FinLab company_basic_info:公司名稱,
6141,PLOTECH,sii,FinLab company_basic_info:英文簡稱,PLOTECH
6142,友勁,sii,FinLab company_basic_info:公司簡稱,
6142,友勁科技股份有限公司,sii,FinLab company_basic_info:公司名稱,
6142,CAMEO,sii,FinLab company_basic_info:英文簡稱,CAMEO
6152,百一,sii,FinLab company_basic_info:公司簡稱,
6152,百一電子股份有限公司,sii,FinLab company_basic_info:公司名稱,
6152,PRIME,sii,FinLab company_basic_info:英文簡稱,PRIME
6153,嘉聯益,sii,FinLab company_basic_info:公司簡稱,
6153,嘉聯益科技股份有限公司,sii,FinLab company_basic_info:公司名稱,
6153,Career Tech.,sii,FinLab company_basic_info:英文簡稱,CAREER TECH
6155,鈞寶,sii,FinLab company_basic_info:公司簡稱,
6155,鈞寶電子工業股份有限公司,sii,FinLab company_basic_info:公司名稱,
6155,KC,sii,FinLab company_basic_info:英文簡稱,KC
6164,華興,sii,FinLab company_basic_info:公司簡稱,
6164,華興電子工業股份有限公司,sii,FinLab company_basic_info:公司名稱,
6164,LEDTECH,sii,FinLab company_basic_info:英文簡稱,LEDTECH
6165,浪凡,sii,FinLab company_basic_info:公司簡稱,
6165,浪凡網路科技股份有限公司,sii,FinLab company_basic_info:公司名稱,
6165,Lang,sii,FinLab company_basic_info:英文簡稱,LANG
6166,凌華,sii,FinLab company_basic_info:公司簡稱,
6166,凌華科技股份有限公司,sii,FinLab company_basic_info:公司名稱,
6166,ADLINK,sii,FinLab company_basic_info:英文簡稱,ADLINK
6168,宏齊,sii,FinLab company_basic_info:公司簡稱,
6168,宏齊科技股份有限公司,sii,FinLab company_basic_info:公司名稱,
6168,HARVATEK CORPOR,sii,FinLab company_basic_info:英文簡稱,HARVATEK CORPOR
6176,瑞儀,sii,FinLab company_basic_info:公司簡稱,
6176,瑞儀光電股份有限公司,sii,FinLab company_basic_info:公司名稱,
6176,ROEC,sii,FinLab company_basic_info:英文簡稱,ROEC
6177,達麗,sii,FinLab company_basic_info:公司簡稱,
6177,達麗建設事業股份有限公司,sii,FinLab company_basic_info:公司名稱,
6177,DA-LI CO.LTD.,sii,FinLab company_basic_info:英文簡稱,DA LI
6183,關貿,sii,FinLab company_basic_info:公司簡稱,
6183,關貿網路股份有限公司,sii,FinLab company_basic_info:公司名稱,
6183,TRADE-VAN,sii,FinLab company_basic_info:英文簡稱,TRADE VAN
6184,大豐電,sii,FinLab company_basic_info:公司簡稱,
6184,大豐有線電視股份有限公司,sii,FinLab company_basic_info:公司名稱,
6184,Dafeng TV Ltd.,sii,FinLab company_basic_info:英文簡稱,DAFENG TV
6189,豐藝,sii,FinLab company_basic_info:公司簡稱,
6189,豐藝電子股份有限公司,sii,FinLab company_basic_info:公司名稱,
6189,Promate,sii,FinLab company_basic_info:英文簡稱,PROMATE
6191,精成科,sii,FinLab company_basic_info:公司簡稱,
6191,精成科技股份有限公司,sii,FinLab company_basic_info:公司名稱,
6191,GBM,sii,FinLab company_basic_info:英文簡稱,GBM
6192,巨路,sii,FinLab company_basic_info:公司簡稱,
6192,巨路國際股份有限公司,sii,FinLab company_basic_info:公司名稱,
6192,LUMAX,sii,FinLab company_basic_info:英文簡稱,LUMAX
6196,帆宣,sii,FinLab company_basic_info:公司簡稱,
6196,帆宣系統科技股份有限公司,sii,FinLab company_basic_info:公司名稱,
6196,MIC,sii,FinLab company_basic_info:英文簡稱,MIC
6197,佳必琪,sii,FinLab company_basic_info:公司簡稱,
6197,佳必琪國際股份有限公司,sii,FinLab company_basic_info:公司名稱,
6197,JPC,sii,FinLab company_basic_info:英文簡稱,JPC
6201,亞弘電,sii,FinLab company_basic_info:公司簡稱,
6201,亞弘電科技股份有限公司,sii,FinLab company_basic_info:公司名稱,
6201,YAHORNG,sii,FinLab company_basic_info:英文簡稱,YAHORNG
6202,盛群,sii,FinLab company_basic_info:公司簡稱,
6202,盛群半導體股份有限公司,sii,FinLab company_basic_info:公司名稱,
6202,HOLTEK,sii,FinLab company_basic_info:英文簡稱,HOLTEK
6205,詮欣,sii,FinLab company_basic_info:公司簡稱,
6205,詮欣股份有限公司,sii,FinLab company_basic_info:公司名稱,
6205,COXOC,sii,FinLab company_basic_info:英文簡稱,COXOC
6206,飛捷,sii,FinLab company_basic_info:公司簡稱,
6206,飛捷科技股份有限公司,sii,FinLab company_basic_info:公司名稱,
6206,FLYTECH,sii,FinLab company_basic_info:英文簡稱,FLYTECH
6209,今國光,sii,FinLab company_basic_info:公司簡稱,
6209,今國光學工業股份有限公司,sii,FinLab company_basic_info:公司名稱,
6209,KINKO,sii,FinLab company_basic_info:英文簡稱,KINKO
6213,聯茂,sii,FinLab company_basic_info:公司簡稱,
6213,聯茂電子股份有限公司,sii,FinLab company_basic_info:公司名稱,
6213,ITEQ,sii,FinLab company_basic_info:英文簡稱,ITEQ
6214,精誠,sii,FinLab company_basic_info:公司簡稱,
6214,精誠資訊股份有限公司,sii,FinLab company_basic_info:公司名稱,
6214,SYSTEX,sii,FinLab company_basic_info:英文簡稱,SYSTEX
6215,和椿,sii,FinLab company_basic_info:公司簡稱,
6215,和椿科技股份有限公司,sii,FinLab company_basic_info:公司名稱,
6215,Aurotek,sii,FinLab company_basic_info:英文簡稱,AUROTEK
6216,居易,sii,FinLab company_basic_info:公司簡稱,
6216,居易科技股份有限公司,sii,FinLab company_basic_info:公司名稱,
6216,DrayTek Corp.,sii,FinLab company_basic_info:英文簡稱,DRAYTEK
6224,聚鼎,sii,FinLab company_basic_info:公司簡稱,
6224,聚鼎科技股份有限公司,sii,FinLab company_basic_info:公司名稱,
6224,PTTC.,sii,FinLab company_basic_info:英文簡稱,PTTC
6225,天瀚,sii,FinLab company_basic_info:公司簡稱,
6225,天瀚科技股份有限公司,sii,FinLab company_basic_info:公司名稱,
6225,aiPlex,sii,FinLab company_basic_info:英文簡稱,AIPLEX
6226,光鼎,sii,FinLab company_basic_info:公司簡稱,
6226,光鼎電子股份有限公司,sii,FinLab company_basic_info:公司名稱,
6226,Para Light,sii,FinLab company_basic_info:英文簡稱,PARA LIGHT
6230,尼得科超眾,sii,FinLab company_basic_info:公司簡稱,
6230,尼得科超眾科技股份有限公司,sii,FinLab company_basic_info:公司名稱,
6230,NCCI,sii,FinLab company_basic_info:英文簡稱,NCCI
6235,華孚,sii,FinLab company_basic_info:公司簡稱,
6235,華孚科技股份有限公司,sii,FinLab company_basic_info:公司名稱,
6235,Waffer,sii,FinLab company_basic_info:英文簡稱,WAFFER
6239,力成,sii,FinLab company_basic_info:公司簡稱,
6239,力成科技股份有限公司,sii,FinLab company_basic_info:公司名稱,
6239,PTI,sii,FinLab company_basic_info:英文簡稱,PTI
6243,迅杰,sii,FinLab company_basic_info:公司簡稱,
6243,迅杰科技股份有限公司,sii,FinLab company_basic_info:公司名稱,
6243,ENE,sii,FinLab company_basic_info:英文簡稱,ENE
6257,矽格,sii,FinLab company_basic_info:公司簡稱,
6257,矽格股份有限公司,sii,FinLab company_basic_info:公司名稱,
6257,SIGURD,sii,FinLab company_basic_info:英文簡稱,SIGURD
6269,台郡,sii,FinLab company_basic_info:公司簡稱,
6269,台郡科技股份有限公司,sii,FinLab company_basic_info:公司名稱,
6269,FLEXIUM,sii,FinLab company_basic_info:英文簡稱,FLEXIUM
6271,同欣電,sii,FinLab company_basic_info:公司簡稱,
6271,同欣電子工業股份有限公司,sii,FinLab company_basic_info:公司名稱,
6271,THEIL,sii,FinLab company_basic_info:英文簡稱,THEIL
6272,驊陞,sii,FinLab company_basic_info:公司簡稱,
6272,驊陞科技股份有限公司,sii,FinLab company_basic_info:公司名稱,
6272,WIESON,sii,FinLab company_basic_info:英文簡稱,WIESON
6277,宏正,sii,FinLab company_basic_info:公司簡稱,
6277,宏正自動科技股份有限公司,sii,FinLab company_basic_info:公司名稱,
6277,ATEN,sii,FinLab company_basic_info:英文簡稱,ATEN
6278,台表科,sii,FinLab company_basic_info:公司簡稱,
6278,台灣表面黏著科技股份有限公司,sii,FinLab company_basic_info:公司名稱,
6278,TSMT,sii,FinLab company_basic_info:英文簡稱,TSMT
6281,全國電,sii,FinLab company_basic_info:公司簡稱,
6281,全國電子股份有限公司,sii,FinLab company_basic_info:公司名稱,
6281,E-LIFE,sii,FinLab company_basic_info:英文簡稱,E LIFE
6282,康舒,sii,FinLab company_basic_info:公司簡稱,
6282,康舒科技股份有限公司,sii,FinLab company_basic_info:公司名稱,
6282,Acbel,sii,FinLab company_basic_info:英文簡稱,ACBEL
6283,淳安,sii,FinLab company_basic_info:公司簡稱,
6283,淳安電子股份有限公司,sii,FinLab company_basic_info:公司名稱,
6283,SOE,sii,FinLab company_basic_info:英文簡稱,SOE
6285,啟碁,sii,FinLab company_basic_info:公司簡稱,
6285,啟碁科技股份有限公司,sii,FinLab company_basic_info:公司名稱,
6285,WNC,sii,FinLab company_basic_info:英文簡稱,WNC
6405,悅城,sii,FinLab company_basic_info:公司簡稱,
6405,悅城科技股份有限公司,sii,FinLab company_basic_info:公司名稱,
6405,ONANO,sii,FinLab company_basic_info:英文簡稱,ONANO
6409,旭隼,sii,FinLab company_basic_info:公司簡稱,
6409,旭隼科技股份有限公司,sii,FinLab company_basic_info:公司名稱,
6409,VOLTRONIC,sii,FinLab company_basic_info:英文簡稱,VOLTRONIC
6412,群電,sii,FinLab company_basic_info:公司簡稱,
6412,群光電能科技股份有限公司,sii,FinLab company_basic_info:公司名稱,
6412,Chicony Power,sii,FinLab company_basic_info:英文簡稱,CHICONY POWER
6414,樺漢,sii,FinLab company_basic_info:公司簡稱,
6414,樺漢科技股份有限公司,sii,FinLab company_basic_info:公司名稱,
6414,ENNOCONN,sii,FinLab company_basic_info:英文簡稱,ENNOCONN
6415,矽力*-KY,sii,FinLab company_basic_info:公司簡稱,KY
6415,矽力杰股份有限公司,sii,FinLab company_basic_info:公司名稱,
6415,Silergy,sii,FinLab company_basic_info:英文簡稱,SILERGY
6416,瑞祺電通,sii,FinLab company_basic_info:公司簡稱,
6416,瑞祺電通股份有限公司,sii,FinLab company_basic_info:公司名稱,
6416,CASWELL,sii,FinLab company_basic_info:英文簡稱,CASWELL
6426,統新,sii,FinLab company_basic_info:公司簡稱,
6426,統新光訊股份有限公司,sii,FinLab company_basic_info:公司名稱,
6426,APOGEE,sii,FinLab company_basic_info:英文簡稱,APOGEE
6431,光麗-KY,sii,FinLab company_basic_info:公司簡稱,KY
6431,光麗生技控股股份有限公司,sii,FinLab company_basic_info:公司名稱,
6431,KL,sii,FinLab company_basic_info:英文簡稱,KL
6438,迅得,sii,FinLab company_basic_info:公司簡稱,
6438,迅得機械股份有限公司,sii,FinLab company_basic_info:公司名稱,
6438,SAA,sii,FinLab company_basic_info:英文簡稱,SAA
6442,光聖,sii,FinLab company_basic_info:公司簡稱,
6442,光紅建聖股份有限公司,sii,FinLab company_basic_info:公司名稱,
6442,EZconn,sii,FinLab company_basic_info:英文簡稱,EZCONN
6443,元晶,sii,FinLab company_basic_info:公司簡稱,
6443,元晶太陽能科技股份有限公司,sii,FinLab company_basic_info:公司名稱,
6443,TSEC,sii,FinLab company_basic_info:英文簡稱,TSEC
6446,藥華藥,sii,FinLab company_basic_info:公司簡稱,
6446,藥華醫藥股份有限公司,sii,FinLab company_basic_info:公司名稱,
6446,PEC,sii,FinLab company_basic_info:英文簡稱,PEC
6449,鈺邦,sii,FinLab company_basic_info:公司簡稱,
6449,鈺邦科技股份有限公司,sii,FinLab company_basic_info:公司名稱,
6449,APAQ,sii,FinLab company_basic_info:英文簡稱,APAQ
6451,訊芯-KY,sii,FinLab company_basic_info:公司簡稱,KY
6451,訊芯科技控股股份有限公司,sii,FinLab company_basic_info:公司名稱,
6451,ShunSin,sii,FinLab company_basic_info:英文簡稱,SHUNSIN
6456,GIS-KY,sii,FinLab company_basic_info:公司簡稱,GIS KY
6456,GIS Holding Limited,sii,FinLab company_basic_info:公司名稱,GIS
6456,GIS,sii,FinLab company_basic_info:英文簡稱,GIS
6464,台數科,sii,FinLab company_basic_info:公司簡稱,
6464,台灣數位光訊科技股份有限公司,sii,FinLab company_basic_info:公司名稱,
6464,top MSO,sii,FinLab company_basic_info:英文簡稱,TOP MSO
6472,保瑞,sii,FinLab company_basic_info:公司簡稱,
6472,保瑞藥業股份有限公司,sii,FinLab company_basic_info:公司名稱,
6472,Bora,sii,FinLab company_basic_info:英文簡稱,BORA
6477,安集,sii,FinLab company_basic_info:公司簡稱,
6477,安集科技股份有限公司,sii,FinLab company_basic_info:公司名稱,
6477,Anji,sii,FinLab company_basic_info:英文簡稱,ANJI
6491,晶碩,sii,FinLab company_basic_info:公司簡稱,
6491,晶碩光學股份有限公司,sii,FinLab company_basic_info:公司名稱,
6491,PEGAVISION,sii,FinLab company_basic_info:英文簡稱,PEGAVISION
6504,南六,sii,FinLab company_basic_info:公司簡稱,
6504,南六企業股份有限公司,sii,FinLab company_basic_info:公司名稱,
6504,NAN LIU,sii,FinLab company_basic_info:英文簡稱,NAN LIU
6505,台塑化,sii,FinLab company_basic_info:公司簡稱,
6505,台塑石化股份有限公司,sii,FinLab company_basic_info:公司名稱,
6505,FPCC,sii,FinLab company_basic_info:英文簡稱,FPCC
6515,穎崴,sii,FinLab company_basic_info:公司簡稱,
6515,穎崴科技股份有限公司,sii,FinLab company_basic_info:公司名稱,
6515,WinWay,sii,FinLab company_basic_info:英文簡稱,WINWAY
6525,捷敏-KY,sii,FinLab company_basic_info:公司簡稱,KY
6525,捷敏股份有限公司,sii,FinLab company_basic_info:公司名稱,
6525,GEM,sii,FinLab company_basic_info:英文簡稱,GEM
6526,達發,sii,FinLab company_basic_info:公司簡稱,
6526,達發科技股份有限公司,sii,FinLab company_basic_info:公司名稱,
6526,Airoha,sii,FinLab company_basic_info:英文簡稱,AIROHA
6531,愛普*,sii,FinLab company_basic_info:公司簡稱,
6531,愛普科技股份有限公司,sii,FinLab company_basic_info:公司名稱,
6531,AP Memory,sii,FinLab company_basic_info:英文簡稱,AP MEMORY
6533,晶心科,sii,FinLab company_basic_info:公司簡稱,
6533,晶心科技股份有限公司,sii,FinLab company_basic_info:公司名稱,
6533,ANDES,sii,FinLab company_basic_info:英文簡稱,ANDES
6534,正瀚-創,sii,FinLab company_basic_info:公司簡稱,
6534,正瀚生技股份有限公司,sii,FinLab company_basic_info:公司名稱,
6534,CHBIO,sii,FinLab company_basic_info:英文簡稱,CHBIO
6541,泰福-KY,sii,FinLab company_basic_info:公司簡稱,KY
6541,泰福生技股份有限公司,sii,FinLab company_basic_info:公司名稱,
6541,Tanvex,sii,FinLab company_basic_info:英文簡稱,TANVEX
6550,北極星藥業-KY,sii,FinLab company_basic_info:公司簡稱,KY
6550,北極星藥業集團股份有限公司,sii,FinLab company_basic_info:公司名稱,
6550,PG,sii,FinLab company_basic_info:英文簡稱,PG
6552,易華電,sii,FinLab company_basic_info:公司簡稱,
6552,易華電子股份有限公司,sii,FinLab company_basic_info:公司名稱,
6552,JMC,sii,FinLab company_basic_info:英文簡稱,JMC
6558,興能高,sii,FinLab company_basic_info:公司簡稱,
6558,興能高科技股份有限公司,sii,FinLab company_basic_info:公司名稱,
6558,SYNST,sii,FinLab company_basic_info:英文簡稱,SYNST
6573,虹揚-KY,sii,FinLab company_basic_info:公司簡稱,KY
6573,虹揚發展科技股份有限公司,sii,FinLab company_basic_info:公司名稱,
6573,HY,sii,FinLab company_basic_info:英文簡稱,HY
6579,研揚,sii,FinLab company_basic_info:公司簡稱,
6579,研揚科技股份有限公司,sii,FinLab company_basic_info:公司名稱,
6579,AAEON,sii,FinLab company_basic_info:英文簡稱,AAEON
6581,鋼聯,sii,FinLab company_basic_info:公司簡稱,
6581,台灣鋼聯股份有限公司,sii,FinLab company_basic_info:公司名稱,
6581,TSU,sii,FinLab company_basic_info:英文簡稱,TSU
6582,申豐,sii,FinLab company_basic_info:公司簡稱,
6582,申豐特用應材股份有限公司,sii,FinLab company_basic_info:公司名稱,
6582,Shin Foong,sii,FinLab company_basic_info:英文簡稱,SHIN FOONG
6585,鼎基,sii,FinLab company_basic_info:公司簡稱,
6585,鼎基先進材料股份有限公司,sii,FinLab company_basic_info:公司名稱,
6585,DingZing,sii,FinLab company_basic_info:英文簡稱,DINGZING
6589,台康生技,sii,FinLab company_basic_info:公司簡稱,
6589,台康生技股份有限公司,sii,FinLab company_basic_info:公司名稱,
6589,EirGenix,sii,FinLab company_basic_info:英文簡稱,EIRGENIX
6591,動力-KY,sii,FinLab company_basic_info:公司簡稱,KY
6591,動力科技股份有限公司,sii,FinLab company_basic_info:公司名稱,
6591,SUN MAX,sii,FinLab company_basic_info:英文簡稱,SUN MAX
6592,和潤企業,sii,FinLab company_basic_info:公司簡稱,
6592,和潤企業股份有限公司,sii,FinLab company_basic_info:公司名稱,
6592,HOTAI FINANCE,sii,FinLab company_basic_info:英文簡稱,HOTAI FINANCE
6598,ABC-KY,sii,FinLab company_basic_info:公司簡稱,ABC KY
6598,Applied BioCode Corporation,sii,FinLab company_basic_info:公司名稱,APPLIED BIOCODE
6598,Applied BioCode,sii,FinLab company_basic_info:英文簡稱,APPLIED BIOCODE
6605,帝寶,sii,FinLab company_basic_info:公司簡稱,
6605,帝寶工業股份有限公司,sii,FinLab company_basic_info:公司名稱,
6605,DEPO,sii,FinLab company_basic_info:英文簡稱,DEPO
6606,建德工業,sii,FinLab company_basic_info:公司簡稱,
6606,建德工業股份有限公司,sii,FinLab company_basic_info:公司名稱,
6606,KENT,sii,FinLab company_basic_info:英文簡稱,KENT
6614,資拓宏宇,sii,FinLab company_basic_info:公司簡稱,
6614,資拓宏宇國際股份有限公司,sii,FinLab company_basic_info:公司名稱,
6614,IISI,sii,FinLab company_basic_info:英文簡稱,IISI
6625,必應,sii,FinLab company_basic_info:公司簡稱,
6625,必應創造股份有限公司,sii,FinLab company_basic_info:公司名稱,
6625,Binlive,sii,FinLab company_basic_info:英文簡稱,BINLIVE
6641,基士德-KY,sii,FinLab company_basic_info:公司簡稱,KY
6641,基士德科技股份有限公司,sii,FinLab company_basic_info:公司名稱,
6641,GSD-KY,sii,FinLab company_basic_info:英文簡稱,GSD KY
6645,金萬林-創,sii,FinLab company_basic_info:公司簡稱,
6645,金萬林企業股份有限公司,sii,FinLab company_basic_info:公司名稱,
6645,KIM FOREST,sii,FinLab company_basic_info:英文簡稱,KIM FOREST
6655,科定,sii,FinLab company_basic_info:公司簡稱,
6655,科定企業股份有限公司,sii,FinLab company_basic_info:公司名稱,
6655,KD,sii,FinLab company_basic_info:英文簡稱,KD
6657,華安,sii,FinLab company_basic_info:公司簡稱,
6657,華安醫學股份有限公司,sii,FinLab company_basic_info:公司名稱,
6657,ENERGENESIS,sii,FinLab company_basic_info:英文簡稱,ENERGENESIS
6658,聯策,sii,FinLab company_basic_info:公司簡稱,
6658,聯策科技股份有限公司,sii,FinLab company_basic_info:公司名稱,
6658,SynPower,sii,FinLab company_basic_info:英文簡稱,SYNPOWER
6666,羅麗芬-KY,sii,FinLab company_basic_info:公司簡稱,KY
6666,羅麗芬控股股份有限公司,sii,FinLab company_basic_info:公司名稱,
6666,LLF-KY,sii,FinLab company_basic_info:英文簡稱,LLF KY
6668,中揚光,sii,FinLab company_basic_info:公司簡稱,
6668,中揚光電股份有限公司,sii,FinLab company_basic_info:公司名稱,
6668,Zhong Yang,sii,FinLab company_basic_info:英文簡稱,ZHONG YANG
6669,緯穎,sii,FinLab company_basic_info:公司簡稱,
6669,緯穎科技服務股份有限公司,sii,FinLab company_basic_info:公司名稱,
6669,Wiwynn,sii,FinLab company_basic_info:英文簡稱,WIWYNN
6670,復盛應用,sii,FinLab company_basic_info:公司簡稱,
6670,復盛應用科技股份有限公司,sii,FinLab company_basic_info:公司名稱,
6670,FSP,sii,FinLab company_basic_info:英文簡稱,FSP
6671,三能-KY,sii,FinLab company_basic_info:公司簡稱,KY
6671,三能集團控股股份有限公司,sii,FinLab company_basic_info:公司名稱,
6671,San Neng-KY,sii,FinLab company_basic_info:英文簡稱,SAN NENG KY
6672,騰輝電子-KY,sii,FinLab company_basic_info:公司簡稱,KY
6672,騰輝電子國際集團股份有限公司,sii,FinLab company_basic_info:公司名稱,
6672,Ventec,sii,FinLab company_basic_info:英文簡稱,VENTEC
6674,鋐寶科技,sii,FinLab company_basic_info:公司簡稱,
6674,鋐寶科技股份有限公司,sii,FinLab company_basic_info:公司名稱,
6674,CBN,sii,FinLab company_basic_info:英文簡稱,CBN
6689,伊雲谷,sii,FinLab company_basic_info:公司簡稱,
6689,伊雲谷數位科技股份有限公司,sii,FinLab company_basic_info:公司名稱,
6689,ECV,sii,FinLab company_basic_info:英文簡稱,ECV
6691,洋基工程,sii,FinLab company_basic_info:公司簡稱,
6691,洋基工程股份有限公司,sii,FinLab company_basic_info:公司名稱,
6691,YANKEY,sii,FinLab company_basic_info:英文簡稱,YANKEY
6695,芯鼎,sii,FinLab company_basic_info:公司簡稱,
6695,芯鼎科技股份有限公司,sii,FinLab company_basic_info:公司名稱,
6695,iCatchtek,sii,FinLab company_basic_info:英文簡稱,ICATCHTEK
6698,旭暉應材,sii,FinLab company_basic_info:公司簡稱,
6698,旭暉應用材料股份有限公司,sii,FinLab company_basic_info:公司名稱,
6698,FINEMAT,sii,FinLab company_basic_info:英文簡稱,FINEMAT
6706,惠特,sii,FinLab company_basic_info:公司簡稱,
6706,惠特科技股份有限公司,sii,FinLab company_basic_info:公司名稱,
6706,FitTech,sii,FinLab company_basic_info:英文簡稱,FITTECH
6715,嘉基,sii,FinLab company_basic_info:公司簡稱,
6715,嘉基科技股份有限公司,sii,FinLab company_basic_info:公司名稱,
6715,Lintes,sii,FinLab company_basic_info:英文簡稱,LINTES
6719,力智,sii,FinLab company_basic_info:公司簡稱,
6719,力智電子股份有限公司,sii,FinLab company_basic_info:公司名稱,
6719,uPI,sii,FinLab company_basic_info:英文簡稱,UPI
6722,輝創,sii,FinLab company_basic_info:公司簡稱,
6722,輝創電子股份有限公司,sii,FinLab company_basic_info:公司名稱,
6722,Whetron,sii,FinLab company_basic_info:英文簡稱,WHETRON
6742,澤米,sii,FinLab company_basic_info:公司簡稱,
6742,澤米科技股份有限公司,sii,FinLab company_basic_info:公司名稱,
6742,Vti,sii,FinLab company_basic_info:英文簡稱,VTI
6743,安普新,sii,FinLab company_basic_info:公司簡稱,
6743,安普新股份有限公司,sii,FinLab company_basic_info:公司名稱,
6743,AMPACS,sii,FinLab company_basic_info:英文簡稱,AMPACS
6753,龍德造船,sii,FinLab company_basic_info:公司簡稱,
6753,龍德造船工業股份有限公司,sii,FinLab company_basic_info:公司名稱,
6753,LUNGTEH,sii,FinLab company_basic_info:英文簡稱,LUNGTEH
6754,匯僑設計,sii,FinLab company_basic_info:公司簡稱,
6754,匯僑室內裝修設計股份有限公司,sii,FinLab company_basic_info:公司名稱,
6754,Rich Honour,sii,FinLab company_basic_info:英文簡稱,RICH HONOUR
6756,威鋒電子,sii,FinLab company_basic_info:公司簡稱,
6756,威鋒電子股份有限公司,sii,FinLab company_basic_info:公司名稱,
6756,VLI,sii,FinLab company_basic_info:英文簡稱,VLI
6757,台灣虎航,sii,FinLab company_basic_info:公司簡稱,
6757,台灣虎航股份有限公司,sii,FinLab company_basic_info:公司名稱,
6757,TTW,sii,FinLab company_basic_info:英文簡稱,TTW
6768,志強-KY,sii,FinLab company_basic_info:公司簡稱,KY
6768,志強國際企業股份有限公司,sii,FinLab company_basic_info:公司名稱,
6768,SPG-KY,sii,FinLab company_basic_info:英文簡稱,SPG KY
6770,力積電,sii,FinLab company_basic_info:公司簡稱,
6770,力晶積成電子製造股份有限公司,sii,FinLab company_basic_info:公司名稱,
6770,PSMC,sii,FinLab company_basic_info:英文簡稱,PSMC
6771,平和環保-創,sii,FinLab company_basic_info:公司簡稱,
6771,平和環保科技股份有限公司,sii,FinLab company_basic_info:公司名稱,
6771,PHET,sii,FinLab company_basic_info:英文簡稱,PHET
6776,展碁國際,sii,FinLab company_basic_info:公司簡稱,
6776,展碁國際股份有限公司,sii,FinLab company_basic_info:公司名稱,
6776,Weblink,sii,FinLab company_basic_info:英文簡稱,WEBLINK
6781,AES-KY,sii,FinLab company_basic_info:公司簡稱,AES KY
6781,AES Holding Co. Ltd.,sii,FinLab company_basic_info:公司名稱,AES
6781,AES-KY,sii,FinLab company_basic_info:英文簡稱,AES KY
6782,視陽,sii,FinLab company_basic_info:公司簡稱,
6782,視陽光學股份有限公司,sii,FinLab company_basic_info:公司名稱,
6782,VISCO,sii,FinLab company_basic_info:英文簡稱,VISCO
6789,采鈺,sii,FinLab company_basic_info:公司簡稱,
6789,采鈺科技股份有限公司,sii,FinLab company_basic_info:公司名稱,
6789,VisEra,sii,FinLab company_basic_info:英文簡稱,VISERA
6790,永豐實,sii,FinLab company_basic_info:公司簡稱,
6790,永豐餘消費品實業股份有限公司,sii,FinLab company_basic_info:公司名稱,
6790,YFYCPG,sii,FinLab company_basic_info:英文簡稱,YFYCPG
6792,詠業,sii,FinLab company_basic_info:公司簡稱,
6792,詠業科技股份有限公司,sii,FinLab company_basic_info:公司名稱,
6792,Unictron,sii,FinLab company_basic_info:英文簡稱,UNICTRON
6794,向榮生技,sii,FinLab company_basic_info:公司簡稱,
6794,向榮生醫科技股份有限公司,sii,FinLab company_basic_info:公司名稱,
6794,UnicoCell,sii,FinLab company_basic_info:英文簡稱,UNICOCELL
6796,晉弘,sii,FinLab company_basic_info:公司簡稱,
6796,晉弘科技股份有限公司,sii,FinLab company_basic_info:公司名稱,
6796,MiiS,sii,FinLab company_basic_info:英文簡稱,MIIS
6799,來頡,sii,FinLab company_basic_info:公司簡稱,
6799,來頡科技股份有限公司,sii,FinLab company_basic_info:公司名稱,
6799,M3TEK,sii,FinLab company_basic_info:英文簡稱,M3TEK
6805,富世達,sii,FinLab company_basic_info:公司簡稱,
6805,富世達股份有限公司,sii,FinLab company_basic_info:公司名稱,
6805,Fositek,sii,FinLab company_basic_info:英文簡稱,FOSITEK
6806,森崴能源,sii,FinLab company_basic_info:公司簡稱,
6806,森崴能源股份有限公司,sii,FinLab company_basic_info:公司名稱,
6806,SHINFOX ENERGY,sii,FinLab company_basic_info:英文簡稱,SHINFOX ENERGY
6807,峰源-KY,sii,FinLab company_basic_info:公司簡稱,KY
6807,峰源集團股份有限公司,sii,FinLab company_basic_info:公司名稱,
6807,FY-KY,sii,FinLab company_basic_info:英文簡稱,FY KY
6830,汎銓,sii,FinLab company_basic_info:公司簡稱,
6830,汎銓科技股份有限公司,sii,FinLab company_basic_info:公司名稱,
6830,MSS,sii,FinLab company_basic_info:英文簡稱,MSS
6831,邁科,sii,FinLab company_basic_info:公司簡稱,
6831,邁萪科技股份有限公司,sii,FinLab company_basic_info:公司名稱,
6831,MICROLOOPS,sii,FinLab company_basic_info:英文簡稱,MICROLOOPS
6834,天二科技,sii,FinLab company_basic_info:公司簡稱,
6834,天二科技股份有限公司,sii,FinLab company_basic_info:公司名稱,
6834,EVEROHMS,sii,FinLab company_basic_info:英文簡稱,EVEROHMS
6835,圓裕,sii,FinLab company_basic_info:公司簡稱,
6835,圓裕企業股份有限公司,sii,FinLab company_basic_info:公司名稱,
6835,CMI,sii,FinLab company_basic_info:英文簡稱,CMI
6838,台新藥,sii,FinLab company_basic_info:公司簡稱,
6838,台新藥股份有限公司,sii,FinLab company_basic_info:公司名稱,
6838,FRMSP,sii,FinLab company_basic_info:英文簡稱,FRMSP
6854,錼創科技-KY創,sii,FinLab company_basic_info:公司簡稱,KY
6854,PlayNitride Inc.,sii,FinLab company_basic_info:公司名稱,PLAYNITRIDE
6854,PlayNitride,sii,FinLab company_basic_info:英文簡稱,PLAYNITRIDE
6861,睿生光電,sii,FinLab company_basic_info:公司簡稱,
6861,睿生光電股份有限公司,sii,FinLab company_basic_info:公司名稱,
6861,INCX,sii,FinLab company_basic_info:英文簡稱,INCX
6862,三集瑞-KY,sii,FinLab company_basic_info:公司簡稱,KY
6862,三集瑞科技國際集團股份有限公司,sii,FinLab company_basic_info:公司名稱,
6862,TRIO-KY,sii,FinLab company_basic_info:英文簡稱,TRIO KY
6863,永道-KY,sii,FinLab company_basic_info:公司簡稱,KY
6863,Arizon RFID Technology,sii,FinLab company_basic_info:公司名稱,ARIZON RFID TECHNOLOGY
6863,Arizon RFID,sii,FinLab company_basic_info:英文簡稱,ARIZON RFID
6869,雲豹能源,sii,FinLab company_basic_info:公司簡稱,
6869,雲豹能源科技股份有限公司,sii,FinLab company_basic_info:公司名稱,
6869,J&V Energy,sii,FinLab company_basic_info:英文簡稱,J AND V ENERGY
6873,泓德能源,sii,FinLab company_basic_info:公司簡稱,
6873,泓德能源科技股份有限公司,sii,FinLab company_basic_info:公司名稱,
6873,HDRE,sii,FinLab company_basic_info:英文簡稱,HDRE
6885,全福生技,sii,FinLab company_basic_info:公司簡稱,
6885,全福生物科技股份有限公司,sii,FinLab company_basic_info:公司名稱,
6885,BRIM,sii,FinLab company_basic_info:英文簡稱,BRIM
6887,寶綠特-KY,sii,FinLab company_basic_info:公司簡稱,KY
6887,寶綠特資源再生工程股份有限公司,sii,FinLab company_basic_info:公司名稱,
6887,BORETECH-KY,sii,FinLab company_basic_info:英文簡稱,BORETECH KY
6890,來億-KY,sii,FinLab company_basic_info:公司簡稱,KY
6890,來億興業股份有限公司,sii,FinLab company_basic_info:公司名稱,
6890,Lai Yih,sii,FinLab company_basic_info:英文簡稱,LAI YIH
6901,鑽石投資,sii,FinLab company_basic_info:公司簡稱,
6901,鑽石生技投資股份有限公司,sii,FinLab company_basic_info:公司名稱,
6901,DIAMOND BIOFUND,sii,FinLab company_basic_info:英文簡稱,DIAMOND BIOFUND
6902,GOGOLOOK,sii,FinLab company_basic_info:公司簡稱,GOGOLOOK
6902,走著瞧股份有限公司,sii,FinLab company_basic_info:公司名稱,
6902,Gogolook,sii,FinLab company_basic_info:英文簡稱,GOGOLOOK
6906,現觀科,sii,FinLab company_basic_info:公司簡稱,
6906,現觀科技股份有限公司,sii,FinLab company_basic_info:公司名稱,
6906,Groundhog,sii,FinLab company_basic_info:英文簡稱,GROUNDHOG
6908,宏碁遊戲-創,sii,FinLab company_basic_info:公司簡稱,
6908,宏碁遊戲股份有限公司,sii,FinLab company_basic_info:公司名稱,
6908,AGM,sii,FinLab company_basic_info:英文簡稱,AGM
6909,創控,sii,FinLab company_basic_info:公司簡稱,
6909,創控科技股份有限公司,sii,FinLab company_basic_info:公司名稱,
6909,tCt,sii,FinLab company_basic_info:英文簡稱,TCT
6914,阜爾運通,sii,FinLab company_basic_info:公司簡稱,
6914,阜爾運通股份有限公司,sii,FinLab company_basic_info:公司名稱,
6914,PSS,sii,FinLab company_basic_info:英文簡稱,PSS
6916,華凌,sii,FinLab company_basic_info:公司簡稱,
6916,華凌光電股份有限公司,sii,FinLab company_basic_info:公司名稱,
6916,WINSTAR,sii,FinLab company_basic_info:英文簡稱,WINSTAR
6918,愛派司,sii,FinLab company_basic_info:公司簡稱,
6918,愛派司生技股份有限公司,sii,FinLab company_basic_info:公司名稱,
6918,A Plus Biotech,sii,FinLab company_basic_info:英文簡稱,A PLUS BIOTECH
6919,康霈*,sii,FinLab company_basic_info:公司簡稱,
6919,康霈生技股份有限公司,sii,FinLab company_basic_info:公司名稱,
6919,Caliway,sii,FinLab company_basic_info:英文簡稱,CALIWAY
6921,嘉雨思-創,sii,FinLab company_basic_info:公司簡稱,
6921,嘉雨思科技股份有限公司,sii,FinLab company_basic_info:公司名稱,
6921,LeRain,sii,FinLab company_basic_info:英文簡稱,LERAIN
6923,中台,sii,FinLab company_basic_info:公司簡稱,
6923,中台資源科技股份有限公司,sii,FinLab company_basic_info:公司名稱,
6923,ctrt,sii,FinLab company_basic_info:英文簡稱,CTRT
6924,榮惠-KY創,sii,FinLab company_basic_info:公司簡稱,KY
6924,榮惠集團(開曼)股份有限公司,sii,FinLab company_basic_info:公司名稱,
6924,EIKEI-KY,sii,FinLab company_basic_info:英文簡稱,EIKEI KY
6928,攸泰科技,sii,FinLab company_basic_info:公司簡稱,
6928,攸泰科技股份有限公司,sii,FinLab company_basic_info:公司名稱,
6928,UTI,sii,FinLab company_basic_info:英文簡稱,UTI
6931,青松健康,sii,FinLab company_basic_info:公司簡稱,
6931,青松健康股份有限公司,sii,FinLab company_basic_info:公司名稱,
6931,Qing Song,sii,FinLab company_basic_info:英文簡稱,QING SONG
6933,AMAX-KY,sii,FinLab company_basic_info:公司簡稱,AMAX KY
6933,艾瑪斯科技控股股份有限公司,sii,FinLab company_basic_info:公司名稱,
6933,AMAX,sii,FinLab company_basic_info:英文簡稱,AMAX
6934,心誠鎂,sii,FinLab company_basic_info:公司簡稱,
6934,心誠鎂行動醫電股份有限公司,sii,FinLab company_basic_info:公司名稱,
6934,HCMED,sii,FinLab company_basic_info:英文簡稱,HCMED
6936,永鴻生技,sii,FinLab company_basic_info:公司簡稱,
6936,永鴻國際生技股份有限公司,sii,FinLab company_basic_info:公司名稱,
6936,Vetnostrum,sii,FinLab company_basic_info:英文簡稱,VETNOSTRUM
6937,天虹,sii,FinLab company_basic_info:公司簡稱,
6937,天虹科技股份有限公司,sii,FinLab company_basic_info:公司名稱,
6937,Skytech,sii,FinLab company_basic_info:英文簡稱,SKYTECH
6944,兆聯實業,sii,FinLab company_basic_info:公司簡稱,
6944,兆聯實業股份有限公司,sii,FinLab company_basic_info:公司名稱,
6944,Mega Union,sii,FinLab company_basic_info:英文簡稱,MEGA UNION
6949,沛爾生醫-創,sii,FinLab company_basic_info:公司簡稱,
6949,沛爾生技醫藥股份有限公司,sii,FinLab company_basic_info:公司名稱,
6949,PELL BMT,sii,FinLab company_basic_info:英文簡稱,PELL BMT
6951,青新-創,sii,FinLab company_basic_info:公司簡稱,
6951,青新環境工程股份有限公司,sii,FinLab company_basic_info:公司名稱,
6951,CHIN HSIN,sii,FinLab company_basic_info:英文簡稱,CHIN HSIN
6952,大武山,sii,FinLab company_basic_info:公司簡稱,
6952,大武山牧場科技股份有限公司,sii,FinLab company_basic_info:公司名稱,
6952,DWS,sii,FinLab company_basic_info:英文簡稱,DWS
6955,邦睿生技-創,sii,FinLab company_basic_info:公司簡稱,
6955,邦睿生技股份有限公司,sii,FinLab company_basic_info:公司名稱,
6955,BONRAYBIO,sii,FinLab company_basic_info:英文簡稱,BONRAYBIO
6957,裕慶-KY,sii,FinLab company_basic_info:公司簡稱,KY
6957,裕慶金屬股份有限公司,sii,FinLab company_basic_info:公司名稱,
6957,Horizon,sii,FinLab company_basic_info:英文簡稱,HORIZON
6958,日盛台駿,sii,FinLab company_basic_info:公司簡稱,
6958,日盛台駿國際租賃股份有限公司,sii,FinLab company_basic_info:公司名稱,
6958,INFINITE,sii,FinLab company_basic_info:英文簡稱,INFINITE
6962,奕力-KY,sii,FinLab company_basic_info:公司簡稱,KY
6962,ITH Corporation,sii,FinLab company_basic_info:公司名稱,ITH
6962,ITH-KY,sii,FinLab company_basic_info:英文簡稱,ITH KY
6965,中傑-KY,sii,FinLab company_basic_info:公司簡稱,KY
6965,中傑投資控股股份有限公司,sii,FinLab company_basic_info:公司名稱,
6965,CJ,sii,FinLab company_basic_info:英文簡稱,CJ
6969,成信實業*-創,sii,FinLab company_basic_info:公司簡稱,
6969,成信實業股份有限公司,sii,FinLab company_basic_info:公司名稱,
6969,Transcene,sii,FinLab company_basic_info:英文簡稱,TRANSCENE
6988,威力暘-創,sii,FinLab company_basic_info:公司簡稱,
6988,威力暘電子股份有限公司,sii,FinLab company_basic_info:公司名稱,
6988,WELLYSUN,sii,FinLab company_basic_info:英文簡稱,WELLYSUN
6994,富威電力,sii,FinLab company_basic_info:公司簡稱,
6994,富威電力股份有限公司,sii,FinLab company_basic_info:公司名稱,
6994,FWP,sii,FinLab company_basic_info:英文簡稱,FWP
7610,聯友金屬-創,sii,FinLab company_basic_info:公司簡稱,
7610,聯友金屬科技股份有限公司,sii,FinLab company_basic_info:公司名稱,
7610,LIANYOU METALS,sii,FinLab company_basic_info:英文簡稱,LIANYOU METALS
7631,聚賢研發-創,sii,FinLab company_basic_info:公司簡稱,
7631,聚賢研發股份有限公司,sii,FinLab company_basic_info:公司名稱,
7631,GENIIDEAS,sii,FinLab company_basic_info:英文簡稱,GENIIDEAS
7705,三商餐飲,sii,FinLab company_basic_info:公司簡稱,
7705,三商餐飲股份有限公司,sii,FinLab company_basic_info:公司名稱,
7705,Mercuries F&B,sii,FinLab company_basic_info:英文簡稱,MERCURIES F AND
7711,永擎,sii,FinLab company_basic_info:公司簡稱,
7711,永擎電子股份有限公司,sii,FinLab company_basic_info:公司名稱,
7711,ASROCK RACK,sii,FinLab company_basic_info:英文簡稱,ASROCK RACK
7721,微程式,sii,FinLab company_basic_info:公司簡稱,
7721,微程式資訊股份有限公司,sii,FinLab company_basic_info:公司名稱,
7721,MICROPROGRAM,sii,FinLab company_basic_info:英文簡稱,MICROPROGRAM
7722,LINEPAY,sii,FinLab company_basic_info:公司簡稱,LINEPAY
7722,連加網路商業股份有限公司,sii,FinLab company_basic_info:公司名稱,
7722,LINEPAY,sii,FinLab company_basic_info:英文簡稱,LINEPAY
7730,暉盛-創,sii,FinLab company_basic_info:公司簡稱,
7730,暉盛科技股份有限公司,sii,FinLab company_basic_info:公司名稱,
7730,NEMS,sii,FinLab company_basic_info:英文簡稱,NEMS
7732,金興精密,sii,FinLab company_basic_info:公司簡稱,
7732,金興精密工業股份有限公司,sii,FinLab company_basic_info:公司名稱,
7732,KING SHING,sii,FinLab company_basic_info:英文簡稱,KING SHING
7736,虎山,sii,FinLab company_basic_info:公司簡稱,
7736,虎山實業股份有限公司,sii,FinLab company_basic_info:公司名稱,
7736,HUSHAN,sii,FinLab company_basic_info:英文簡稱,HUSHAN
7740,熙特爾-創,sii,FinLab company_basic_info:公司簡稱,
7740,熙特爾新能源股份有限公司,sii,FinLab company_basic_info:公司名稱,
7740,SEETEL,sii,FinLab company_basic_info:英文簡稱,SEETEL
7749,意騰-KY,sii,FinLab company_basic_info:公司簡稱,KY
7749,意騰科技股份有限公司,sii,FinLab company_basic_info:公司名稱,
7749,iGo-KY,sii,FinLab company_basic_info:英文簡稱,IGO KY
7750,新代,sii,FinLab company_basic_info:公司簡稱,
7750,新代科技股份有限公司,sii,FinLab company_basic_info:公司名稱,
7750,Syntec,sii,FinLab company_basic_info:英文簡稱,SYNTEC
7765,中華資安,sii,FinLab company_basic_info:公司簡稱,
7765,中華資安國際股份有限公司,sii,FinLab company_basic_info:公司名稱,
7765,CHT Security,sii,FinLab company_basic_info:英文簡稱,CHT SECURITY
7769,鴻勁,sii,FinLab company_basic_info:公司簡稱,
7769,鴻勁精密股份有限公司,sii,FinLab company_basic_info:公司名稱,
7769,HON,sii,FinLab company_basic_info:英文簡稱,HON
7780,大研生醫*,sii,FinLab company_basic_info:公司簡稱,
7780,大研生醫國際股份有限公司,sii,FinLab company_basic_info:公司名稱,
7780,DAIKEN,sii,FinLab company_basic_info:英文簡稱,DAIKEN
7786,東方風能,sii,FinLab company_basic_info:公司簡稱,
7786,東方風能科技股份有限公司,sii,FinLab company_basic_info:公司名稱,
7786,DFO,sii,FinLab company_basic_info:英文簡稱,DFO
7788,松川精密,sii,FinLab company_basic_info:公司簡稱,
7788,松川精密股份有限公司,sii,FinLab company_basic_info:公司名稱,
7788,SONG CHUAN,sii,FinLab company_basic_info:英文簡稱,SONG CHUAN
7791,皇家可口,sii,FinLab company_basic_info:公司簡稱,
7791,皇家可口股份有限公司,sii,FinLab company_basic_info:公司名稱,
7791,LUCKY ROYAL,sii,FinLab company_basic_info:英文簡稱,LUCKY ROYAL
7795,長廣,sii,FinLab company_basic_info:公司簡稱,
7795,長廣精機股份有限公司,sii,FinLab company_basic_info:公司名稱,
7795,EPM,sii,FinLab company_basic_info:英文簡稱,EPM
7799,禾榮科,sii,FinLab company_basic_info:公司簡稱,
7799,禾榮科技股份有限公司,sii,FinLab company_basic_info:公司名稱,
7799,HNMC,sii,FinLab company_basic_info:英文簡稱,HNMC
7822,倍利科,sii,FinLab company_basic_info:公司簡稱,
7822,倍利科技股份有限公司,sii,FinLab company_basic_info:公司名稱,
7822,V5 TECHNOLOGIES,sii,FinLab company_basic_info:英文簡稱,V5 TECHNOLOGIES
7823,奧義賽博-KY創,sii,FinLab company_basic_info:公司簡稱,KY
7823,奧義賽博科技股份有限公司,sii,FinLab company_basic_info:公司名稱,
7823,CyCraft-KY,sii,FinLab company_basic_info:英文簡稱,CYCRAFT KY
8011,台通,sii,FinLab company_basic_info:公司簡稱,
8011,台通光電股份有限公司,sii,FinLab company_basic_info:公司名稱,
8011,TTCC,sii,FinLab company_basic_info:英文簡稱,TTCC
8016,矽創,sii,FinLab company_basic_info:公司簡稱,
8016,矽創電子股份有限公司,sii,FinLab company_basic_info:公司名稱,
8016,Sitronix,sii,FinLab company_basic_info:英文簡稱,SITRONIX
8021,尖點,sii,FinLab company_basic_info:公司簡稱,
8021,尖點科技股份有限公司,sii,FinLab company_basic_info:公司名稱,
8021,Topoint,sii,FinLab company_basic_info:英文簡稱,TOPOINT
8028,昇陽半導體,sii,FinLab company_basic_info:公司簡稱,
8028,昇陽國際半導體股份有限公司,sii,FinLab company_basic_info:公司名稱,
8028,PSI,sii,FinLab company_basic_info:英文簡稱,PSI
8033,雷虎,sii,FinLab company_basic_info:公司簡稱,
8033,雷虎科技股份有限公司,sii,FinLab company_basic_info:公司名稱,
8033,TT,sii,FinLab company_basic_info:英文簡稱,TT
8039,台虹,sii,FinLab company_basic_info:公司簡稱,
8039,台虹科技股份有限公司,sii,FinLab company_basic_info:公司名稱,
8039,TAIFLEX,sii,FinLab company_basic_info:英文簡稱,TAIFLEX
8045,達運光電,sii,FinLab company_basic_info:公司簡稱,
8045,達運光電股份有限公司,sii,FinLab company_basic_info:公司名稱,
8045,TWOWAY,sii,FinLab company_basic_info:英文簡稱,TWOWAY
8046,南電,sii,FinLab company_basic_info:公司簡稱,
8046,南亞電路板股份有限公司,sii,FinLab company_basic_info:公司名稱,
8046,N.P.C,sii,FinLab company_basic_info:英文簡稱,N P
8070,長華*,sii,FinLab company_basic_info:公司簡稱,
8070,長華電材股份有限公司,sii,FinLab company_basic_info:公司名稱,
8070,CHANG WAH,sii,FinLab company_basic_info:英文簡稱,CHANG WAH
8072,陞泰,sii,FinLab company_basic_info:公司簡稱,
8072,陞泰科技股份有限公司,sii,FinLab company_basic_info:公司名稱,
8072,AV TECH,sii,FinLab company_basic_info:英文簡稱,AV TECH
8081,致新,sii,FinLab company_basic_info:公司簡稱,
8081,致新科技股份有限公司,sii,FinLab company_basic_info:公司名稱,
8081,GMT,sii,FinLab company_basic_info:英文簡稱,GMT
8101,華冠,sii,FinLab company_basic_info:公司簡稱,
8101,華冠通訊股份有限公司,sii,FinLab company_basic_info:公司名稱,
8101,Arima Comm.,sii,FinLab company_basic_info:英文簡稱,ARIMA COMM
8103,瀚荃,sii,FinLab company_basic_info:公司簡稱,
8103,瀚荃股份有限公司,sii,FinLab company_basic_info:公司名稱,
8103,CviLux,sii,FinLab company_basic_info:英文簡稱,CVILUX
8104,錸寶,sii,FinLab company_basic_info:公司簡稱,
8104,錸寶科技股份有限公司,sii,FinLab company_basic_info:公司名稱,
8104,RiTdisplay,sii,FinLab company_basic_info:英文簡稱,RITDISPLAY
8105,凌巨,sii,FinLab company_basic_info:公司簡稱,
8105,凌巨科技股份有限公司,sii,FinLab company_basic_info:公司名稱,
8105,GiantPlus,sii,FinLab company_basic_info:英文簡稱,GIANTPLUS
8110,華東,sii,FinLab company_basic_info:公司簡稱,
8110,華東科技股份有限公司,sii,FinLab company_basic_info:公司名稱,
8110,WALTON,sii,FinLab company_basic_info:英文簡稱,WALTON
8112,至上,sii,FinLab company_basic_info:公司簡稱,
8112,至上電子股份有限公司,sii,FinLab company_basic_info:公司名稱,
8112,Supreme,sii,FinLab company_basic_info:英文簡稱,SUPREME
8114,振樺電,sii,FinLab company_basic_info:公司簡稱,
8114,振樺電子股份有限公司,sii,FinLab company_basic_info:公司名稱,
8114,POSIFLEX,sii,FinLab company_basic_info:英文簡稱,POSIFLEX
8131,福懋科,sii,FinLab company_basic_info:公司簡稱,
8131,福懋科技股份有限公司,sii,FinLab company_basic_info:公司名稱,
8131,FATC,sii,FinLab company_basic_info:英文簡稱,FATC
8150,南茂,sii,FinLab company_basic_info:公司簡稱,
8150,南茂科技股份有限公司,sii,FinLab company_basic_info:公司名稱,
8150,ChipMOS,sii,FinLab company_basic_info:英文簡稱,CHIPMOS
8162,微矽電子-創,sii,FinLab company_basic_info:公司簡稱,
8162,微矽電子股份有限公司,sii,FinLab company_basic_info:公司名稱,
8162,MSEC,sii,FinLab company_basic_info:英文簡稱,MSEC
8163,達方,sii,FinLab company_basic_info:公司簡稱,
8163,達方電子股份有限公司,sii,FinLab company_basic_info:公司名稱,
8163,DARFON,sii,FinLab company_basic_info:英文簡稱,DARFON
8201,無敵,sii,FinLab company_basic_info:公司簡稱,
8201,無敵科技股份有限公司,sii,FinLab company_basic_info:公司名稱,
8201,BESTA,sii,FinLab company_basic_info:英文簡稱,BESTA
8210,勤誠,sii,FinLab company_basic_info:公司簡稱,
8210,勤誠興業股份有限公司,sii,FinLab company_basic_info:公司名稱,
8210,CHENBRO,sii,FinLab company_basic_info:英文簡稱,CHENBRO
8213,志超,sii,FinLab company_basic_info:公司簡稱,
8213,志超科技股份有限公司,sii,FinLab company_basic_info:公司名稱,
8213,tpt,sii,FinLab company_basic_info:英文簡稱,TPT
8215,明基材,sii,FinLab company_basic_info:公司簡稱,
8215,明基材料股份有限公司,sii,FinLab company_basic_info:公司名稱,
8215,BMC,sii,FinLab company_basic_info:英文簡稱,BMC
8222,寶一,sii,FinLab company_basic_info:公司簡稱,
8222,寶一科技股份有限公司,sii,FinLab company_basic_info:公司名稱,
8222,Aero Win,sii,FinLab company_basic_info:英文簡稱,AERO WIN
8249,菱光,sii,FinLab company_basic_info:公司簡稱,
8249,菱光科技股份有限公司,sii,FinLab company_basic_info:公司名稱,
8249,CSI,sii,FinLab company_basic_info:英文簡稱,CSI
8261,富鼎,sii,FinLab company_basic_info:公司簡稱,
8261,富鼎先進電子股份有限公司,sii,FinLab company_basic_info:公司名稱,
8261,APEC,sii,FinLab company_basic_info:英文簡稱,APEC
8271,宇瞻,sii,FinLab company_basic_info:公司簡稱,
8271,宇瞻科技股份有限公司,sii,FinLab company_basic_info:公司名稱,
8271,Apacer,sii,FinLab company_basic_info:英文簡稱,APACER
8341,日友,sii,FinLab company_basic_info:公司簡稱,
8341,日友環保科技股份有限公司,sii,FinLab company_basic_info:公司名稱,
8341,SF,sii,FinLab company_basic_info:英文簡稱,SF
8367,建新國際,sii,FinLab company_basic_info:公司簡稱,
8367,建新國際股份有限公司,sii,FinLab company_basic_info:公司名稱,
8367,CS,sii,FinLab company_basic_info:英文簡稱,CS
8374,羅昇,sii,FinLab company_basic_info:公司簡稱,
8374,羅昇企業股份有限公司,sii,FinLab company_basic_info:公司名稱,
8374,ACE PILLAR,sii,FinLab company_basic_info:英文簡稱,ACE PILLAR
8404,百和興業-KY,sii,FinLab company_basic_info:公司簡稱,KY
8404,百和興業股份有限公司(開曼),sii,FinLab company_basic_info:公司名稱,
8404,PAIHO SHIH,sii,FinLab company_basic_info:英文簡稱,PAIHO SHIH
8411,福貞-KY,sii,FinLab company_basic_info:公司簡稱,KY
8411,福貞控股股份有限公司,sii,FinLab company_basic_info:公司名稱,
8411,KINGCAN,sii,FinLab company_basic_info:英文簡稱,KINGCAN
8422,可寧衛*,sii,FinLab company_basic_info:公司簡稱,
8422,可寧衛股份有限公司,sii,FinLab company_basic_info:公司名稱,
8422,Cleanaway,sii,FinLab company_basic_info:英文簡稱,CLEANAWAY
8429,金麗-KY,sii,FinLab company_basic_info:公司簡稱,KY
8429,金麗集團控股有限公司,sii,FinLab company_basic_info:公司名稱,
8429,Jinli,sii,FinLab company_basic_info:英文簡稱,JINLI
8438,昶昕,sii,FinLab company_basic_info:公司簡稱,
8438,昶昕實業股份有限公司,sii,FinLab company_basic_info:公司名稱,
8438,AMIA,sii,FinLab company_basic_info:英文簡稱,AMIA
8442,威宏-KY,sii,FinLab company_basic_info:公司簡稱,KY
8442,威宏控股股份有限公司,sii,FinLab company_basic_info:公司名稱,
8442,WW,sii,FinLab company_basic_info:英文簡稱,WW
8443,阿瘦,sii,FinLab company_basic_info:公司簡稱,
8443,阿瘦實業股份有限公司,sii,FinLab company_basic_info:公司名稱,
8443,ASO,sii,FinLab company_basic_info:英文簡稱,ASO
8454,富邦媒,sii,FinLab company_basic_info:公司簡稱,
8454,富邦媒體科技股份有限公司,sii,FinLab company_basic_info:公司名稱,
8454,momo,sii,FinLab company_basic_info:英文簡稱,MOMO
8462,柏文,sii,FinLab company_basic_info:公司簡稱,
8462,柏文健康事業股份有限公司,sii,FinLab company_basic_info:公司名稱,
8462,Power Wind,sii,FinLab company_basic_info:英文簡稱,POWER WIND
8463,潤泰材,sii,FinLab company_basic_info:公司簡稱,
8463,潤泰精密材料股份有限公司,sii,FinLab company_basic_info:公司名稱,
8463,RTM,sii,FinLab company_basic_info:英文簡稱,RTM
8464,億豐,sii,FinLab company_basic_info:公司簡稱,
8464,億豐綜合工業股份有限公司,sii,FinLab company_basic_info:公司名稱,
8464,Nien Made,sii,FinLab company_basic_info:英文簡稱,NIEN MADE
8466,美吉吉-KY,sii,FinLab company_basic_info:公司簡稱,KY
8466,美吉吉國際股份有限公司,sii,FinLab company_basic_info:公司名稱,
8466,M.J.,sii,FinLab company_basic_info:英文簡稱,M J
8467,波力-KY,sii,FinLab company_basic_info:公司簡稱,KY
8467,波力環球企業股份有限公司,sii,FinLab company_basic_info:公司名稱,
8467,BONNY,sii,FinLab company_basic_info:英文簡稱,BONNY
8473,山林水,sii,FinLab company_basic_info:公司簡稱,
8473,山林水環境工程股份有限公司,sii,FinLab company_basic_info:公司名稱,
8473,FOREST WATER,sii,FinLab company_basic_info:英文簡稱,FOREST WATER
8476,台境*,sii,FinLab company_basic_info:公司簡稱,
8476,台境企業股份有限公司,sii,FinLab company_basic_info:公司名稱,
8476,TESC,sii,FinLab company_basic_info:英文簡稱,TESC
8478,東哥遊艇,sii,FinLab company_basic_info:公司簡稱,
8478,東哥企業股份有限公司,sii,FinLab company_basic_info:公司名稱,
8478,Ocean Alexander,sii,FinLab company_basic_info:英文簡稱,OCEAN ALEXANDER
8481,政伸,sii,FinLab company_basic_info:公司簡稱,
8481,政伸企業股份有限公司,sii,FinLab company_basic_info:公司名稱,
8481,Transart,sii,FinLab company_basic_info:英文簡稱,TRANSART
8482,商億-KY,sii,FinLab company_basic_info:公司簡稱,KY
8482,商億全球控股有限公司,sii,FinLab company_basic_info:公司名稱,
8482,Shane Global,sii,FinLab company_basic_info:英文簡稱,SHANE GLOBAL
8487,愛爾達-創,sii,FinLab company_basic_info:公司簡稱,
8487,愛爾達科技股份有限公司,sii,FinLab company_basic_info:公司名稱,
8487,ELTA,sii,FinLab company_basic_info:英文簡稱,ELTA
8488,吉源-KY,sii,FinLab company_basic_info:公司簡稱,KY
8488,吉源控股股份有限公司,sii,FinLab company_basic_info:公司名稱,
8488,JYPKG,sii,FinLab company_basic_info:英文簡稱,JYPKG
8499,鼎炫-KY,sii,FinLab company_basic_info:公司簡稱,KY
8499,鼎炫投資控股股份有限公司,sii,FinLab company_basic_info:公司名稱,
8499,TOP BRIGHT,sii,FinLab company_basic_info:英文簡稱,TOP BRIGHT
8926,台汽電,sii,FinLab company_basic_info:公司簡稱,
8926,台灣汽電共生股份有限公司,sii,FinLab company_basic_info:公司名稱,
8926,TCC,sii,FinLab company_basic_info:英文簡稱,TCC
8940,新天地,sii,FinLab company_basic_info:公司簡稱,
8940,新天地國際實業股份有限公司,sii,FinLab company_basic_info:公司名稱,
8940,New Palace,sii,FinLab company_basic_info:英文簡稱,PALACE
8996,高力,sii,FinLab company_basic_info:公司簡稱,
8996,高力熱處理工業股份有限公司,sii,FinLab company_basic_info:公司名稱,
8996,KAORI,sii,FinLab company_basic_info:英文簡稱,KAORI
9103,美德醫療-DR,sii,FinLab company_basic_info:公司簡稱,DR
9103,美德向邦醫療國際股份有限公司,sii,FinLab company_basic_info:公司名稱,
9103,MEDTECS,sii,FinLab company_basic_info:英文簡稱,MEDTECS
910322,康師傅-DR,sii,FinLab company_basic_info:公司簡稱,DR
910322,康師傅控股有限公司,sii,FinLab company_basic_info:公司名稱,
910322,Tingyi,sii,FinLab company_basic_info:英文簡稱,TINGYI
9105,泰金寶-DR,sii,FinLab company_basic_info:公司簡稱,DR
9105,泰金寶科技股份有限公司,sii,FinLab company_basic_info:公司名稱,
9105,CCET,sii,FinLab company_basic_info:英文簡稱,CCET
910861,神州-DR,sii,FinLab company_basic_info:公司簡稱,DR
910861,神州數碼控股有限公司,sii,FinLab company_basic_info:公司名稱,
910861,DCH,sii,FinLab company_basic_info:英文簡稱,DCH
9110,越南控-DR,sii,FinLab company_basic_info:公司簡稱,DR
9110,越南製造加工出口控股有限公司,sii,FinLab company_basic_info:公司名稱,
9110,VMEP Holdings,sii,FinLab company_basic_info:英文簡稱,VMEP
911608,明輝-DR,sii,FinLab company_basic_info:公司簡稱,DR
911608,明輝環球企業有限公司,sii,FinLab company_basic_info:公司名稱,
911608,BH Global,sii,FinLab company_basic_info:英文簡稱,BH GLOBAL
911622,泰聚亨-DR,sii,FinLab company_basic_info:公司簡稱,DR
911622,聚亨企業集團(泰國)大眾有限公司,sii,FinLab company_basic_info:公司名稱,
911622,TYCN,sii,FinLab company_basic_info:英文簡稱,TYCN
911868,同方友友-DR,sii,FinLab company_basic_info:公司簡稱,DR
911868,同方友友控股有限公司,sii,FinLab company_basic_info:公司名稱,
911868,Neo-Neon,sii,FinLab company_basic_info:英文簡稱,NEO NEON
912000,晨訊科-DR,sii,FinLab company_basic_info:公司簡稱,DR
912000,晨訊科技集團有限公司,sii,FinLab company_basic_info:公司名稱,
912000,SIM TECH,sii,FinLab company_basic_info:英文簡稱,SIM TECH
9136,巨騰-DR,sii,FinLab company_basic_info:公司簡稱,DR
9136,巨騰國際控股有限公司,sii,FinLab company_basic_info:公司名稱,
9136,Ju Teng,sii,FinLab company_basic_info:英文簡稱,JU TENG
9802,鈺齊-KY,sii,FinLab company_basic_info:公司簡稱,KY
9802,鈺齊國際股份有限公司,sii,FinLab company_basic_info:公司名稱,
9802,Fulgent Sun,sii,FinLab company_basic_info:英文簡稱,FULGENT SUN
9902,台火,sii,FinLab company_basic_info:公司簡稱,
9902,台火開發股份有限公司,sii,FinLab company_basic_info:公司名稱,
9902,TIDEHOLD,sii,FinLab company_basic_info:英文簡稱,TIDEHOLD
9904,寶成,sii,FinLab company_basic_info:公司簡稱,
9904,寶成工業股份有限公司,sii,FinLab company_basic_info:公司名稱,
9904,PCC,sii,FinLab company_basic_info:英文簡稱,PCC
9905,大華,sii,FinLab company_basic_info:公司簡稱,
9905,大華金屬工業股份有限公司,sii,FinLab company_basic_info:公司名稱,
9905,GCM,sii,FinLab company_basic_info:英文簡稱,GCM
9906,欣巴巴,sii,FinLab company_basic_info:公司簡稱,
9906,欣巴巴事業股份有限公司,sii,FinLab company_basic_info:公司名稱,
9906,HSIN BA BA,sii,FinLab company_basic_info:英文簡稱,HSIN BA BA
9907,統一實,sii,FinLab company_basic_info:公司簡稱,
9907,統一實業股份有限公司,sii,FinLab company_basic_info:公司名稱,
9907,TON YI,sii,FinLab company_basic_info:英文簡稱,TON YI
9908,大台北,sii,FinLab company_basic_info:公司簡稱,
9908,大台北區瓦斯股份有限公司,sii,FinLab company_basic_info:公司名稱,
9908,GTG,sii,FinLab company_basic_info:英文簡稱,GTG
9910,豐泰,sii,FinLab company_basic_info:公司簡稱,
9910,豐泰企業股份有限公司,sii,FinLab company_basic_info:公司名稱,
9910,FT,sii,FinLab company_basic_info:英文簡稱,FT
9911,櫻花,sii,FinLab company_basic_info:公司簡稱,
9911,台灣櫻花股份有限公司,sii,FinLab company_basic_info:公司名稱,
9911,TAIWAN SAKURA,sii,FinLab company_basic_info:英文簡稱,TAIWAN SAKURA
9912,偉聯,sii,FinLab company_basic_info:公司簡稱,
9912,偉聯科技股份有限公司,sii,FinLab company_basic_info:公司名稱,
9912,AIC,sii,FinLab company_basic_info:英文簡稱,AIC
9914,美利達,sii,FinLab company_basic_info:公司簡稱,
9914,美利達工業股份有限公司,sii,FinLab company_basic_info:公司名稱,
9914,MIC,sii,FinLab company_basic_info:英文簡稱,MIC
9917,中保科,sii,FinLab company_basic_info:公司簡稱,
9917,中興保全科技股份有限公司,sii,FinLab company_basic_info:公司名稱,
9917,TAIWAN SECOM,sii,FinLab company_basic_info:英文簡稱,TAIWAN SECOM
9918,欣天然,sii,FinLab company_basic_info:公司簡稱,
9918,欣欣天然氣股份有限公司,sii,FinLab company_basic_info:公司名稱,
9918,S.S.N.G,sii,FinLab company_basic_info:英文簡稱,S S N G
9919,康那香,sii,FinLab company_basic_info:公司簡稱,
9919,康那香企業股份有限公司,sii,FinLab company_basic_info:公司名稱,
9919,KNH,sii,FinLab company_basic_info:英文簡稱,KNH
9921,巨大,sii,FinLab company_basic_info:公司簡稱,
9921,巨大機械工業股份有限公司,sii,FinLab company_basic_info:公司名稱,
9921,GIANT,sii,FinLab company_basic_info:英文簡稱,GIANT
9924,福興,sii,FinLab company_basic_info:公司簡稱,
9924,台灣福興工業股份有限公司,sii,FinLab company_basic_info:公司名稱,
9924,TAIWAN FU HSING,sii,FinLab company_basic_info:英文簡稱,TAIWAN FU HSING
9925,新保,sii,FinLab company_basic_info:公司簡稱,
9925,台灣新光保全股份有限公司,sii,FinLab company_basic_info:公司名稱,
9925,SKS,sii,FinLab company_basic_info:英文簡稱,SKS
9926,新海,sii,FinLab company_basic_info:公司簡稱,
9926,新海瓦斯股份有限公司,sii,FinLab company_basic_info:公司名稱,
9926,S.H.,sii,FinLab company_basic_info:英文簡稱,S H
9927,泰銘,sii,FinLab company_basic_info:公司簡稱,
9927,泰銘實業股份有限公司,sii,FinLab company_basic_info:公司名稱,
9927,TMI,sii,FinLab company_basic_info:英文簡稱,TMI
9928,中視,sii,FinLab company_basic_info:公司簡稱,
9928,中國電視事業股份有限公司,sii,FinLab company_basic_info:公司名稱,
9928,CTV,sii,FinLab company_basic_info:英文簡稱,CTV
9929,秋雨,sii,FinLab company_basic_info:公司簡稱,
9929,秋雨創新股份有限公司,sii,FinLab company_basic_info:公司名稱,
9929,CHOICE,sii,FinLab company_basic_info:英文簡稱,CHOICE
9930,中聯資源,sii,FinLab company_basic_info:公司簡稱,
9930,中聯資源股份有限公司,sii,FinLab company_basic_info:公司名稱,
9930,CHC,sii,FinLab company_basic_info:英文簡稱,CHC
9931,欣高,sii,FinLab company_basic_info:公司簡稱,
9931,欣高石油氣股份有限公司,sii,FinLab company_basic_info:公司名稱,
9931,HSIN KAO,sii,FinLab company_basic_info:英文簡稱,HSIN KAO
9933,中鼎,sii,FinLab company_basic_info:公司簡稱,
9933,中鼎工程股份有限公司,sii,FinLab company_basic_info:公司名稱,
9933,CTCI,sii,FinLab company_basic_info:英文簡稱,CTCI
9934,成霖,sii,FinLab company_basic_info:公司簡稱,
9934,成霖企業股份有限公司,sii,FinLab company_basic_info:公司名稱,
9934,GUIC,sii,FinLab company_basic_info:英文簡稱,GUIC
9935,慶豐富,sii,FinLab company_basic_info:公司簡稱,
9935,慶豐富實業股份有限公司,sii,FinLab company_basic_info:公司名稱,
9935,CF,sii,FinLab company_basic_info:英文簡稱,CF
9937,全國,sii,FinLab company_basic_info:公司簡稱,
9937,全國加油站股份有限公司,sii,FinLab company_basic_info:公司名稱,
9937,NPC,sii,FinLab company_basic_info:英文簡稱,NPC
9938,百和,sii,FinLab company_basic_info:公司簡稱,
9938,台灣百和工業股份有限公司,sii,FinLab company_basic_info:公司名稱,
9938,TAIWAN PAIHO,sii,FinLab company_basic_info:英文簡稱,TAIWAN PAIHO
9939,宏全,sii,FinLab company_basic_info:公司簡稱,
9939,宏全國際股份有限公司,sii,FinLab company_basic_info:公司名稱,
9939,HON CHUAN,sii,FinLab company_basic_info:英文簡稱,HON CHUAN
9940,信義,sii,FinLab company_basic_info:公司簡稱,
9940,信義房屋股份有限公司,sii,FinLab company_basic_info:公司名稱,
9940,Sinyi,sii,FinLab company_basic_info:英文簡稱,SINYI
9941,裕融,sii,FinLab company_basic_info:公司簡稱,
9941,裕融企業股份有限公司,sii,FinLab company_basic_info:公司名稱,
9941,TAC,sii,FinLab company_basic_info:英文簡稱,TAC
9942,茂順,sii,FinLab company_basic_info:公司簡稱,
9942,茂順密封元件科技股份有限公司,sii,FinLab company_basic_info:公司名稱,
9942,MAO SHUN,sii,FinLab company_basic_info:英文簡稱,MAO SHUN
9943,好樂迪,sii,FinLab company_basic_info:公司簡稱,
9943,好樂迪股份有限公司,sii,FinLab company_basic_info:公司名稱,
9943,HOLIDAY,sii,FinLab company_basic_info:英文簡稱,HOLIDAY
9944,新麗,sii,FinLab company_basic_info:公司簡稱,
9944,新麗企業股份有限公司,sii,FinLab company_basic_info:公司名稱,
9944,Shinih,sii,FinLab company_basic_info:英文簡稱,SHINIH
9945,潤泰新,sii,FinLab company_basic_info:公司簡稱,
9945,潤泰創新國際股份有限公司,sii,FinLab company_basic_info:公司名稱,
9945,RUENTEX DEVELOP,sii,FinLab company_basic_info:英文簡稱,RUENTEX DEVELOP
9946,三發地產,sii,FinLab company_basic_info:公司簡稱,
9946,三發地產股份有限公司,sii,FinLab company_basic_info:公司名稱,
9946,SANFAR,sii,FinLab company_basic_info:英文簡稱,SANFAR
9955,佳龍,sii,FinLab company_basic_info:公司簡稱,
9955,佳龍科技工程股份有限公司,sii,FinLab company_basic_info:公司名稱,
9955,SDTI,sii,FinLab company_basic_info:英文簡稱,SDTI
9958,世紀鋼,sii,FinLab company_basic_info:公司簡稱,
9958,世紀鋼鐵結構股份有限公司,sii,FinLab company_basic_info:公司名稱,
9958,CIS,sii,FinLab company_basic_info:英文簡稱,CIS
1240,茂生農經,otc,FinLab company_basic_info:公司簡稱,
1240,茂生農經股份有限公司,otc,FinLab company_basic_info:公司名稱,
1240,MORNSUN,otc,FinLab company_basic_info:英文簡稱,MORNSUN
1259,安心,otc,FinLab company_basic_info:公司簡稱,
1259,安心食品服務股份有限公司,otc,FinLab company_basic_info:公司名稱,
1259,AN-SHIN,otc,FinLab company_basic_info:英文簡稱,AN SHIN
1264,德麥,otc,FinLab company_basic_info:公司簡稱,
1264,德麥食品股份有限公司,otc,FinLab company_basic_info:公司名稱,
1264,TEHMAG,otc,FinLab company_basic_info:英文簡稱,TEHMAG
1268,漢來美食,otc,FinLab company_basic_info:公司簡稱,
1268,漢來美食股份有限公司,otc,FinLab company_basic_info:公司名稱,
1268,Hi-Lai Foods,otc,FinLab company_basic_info:英文簡稱,HI LAI FOODS
1294,漢田生技,otc,FinLab company_basic_info:公司簡稱,
1294,漢田生技股份有限公司,otc,FinLab company_basic_info:公司名稱,
1294,HTB,otc,FinLab company_basic_info:英文簡稱,HTB
1295,生合,otc,FinLab company_basic_info:公司簡稱,
1295,生合生物科技股份有限公司,otc,FinLab company_basic_info:公司名稱,
1295,SYNBIO,otc,FinLab company_basic_info:英文簡稱,SYNBIO
1336,台翰,otc,FinLab company_basic_info:公司簡稱,
1336,台翰精密科技股份有限公司,otc,FinLab company_basic_info:公司名稱,
1336,TAIHAN,otc,FinLab company_basic_info:英文簡稱,TAIHAN
1565,精華,otc,FinLab company_basic_info:公司簡稱,
1565,精華光學股份有限公司,otc,FinLab company_basic_info:公司名稱,
1565,St.Shine,otc,FinLab company_basic_info:英文簡稱,ST SHINE
1569,濱川,otc,FinLab company_basic_info:公司簡稱,
1569,濱川企業股份有限公司,otc,FinLab company_basic_info:公司名稱,
1569,Bin Chuan,otc,FinLab company_basic_info:英文簡稱,BIN CHUAN
1570,力肯,otc,FinLab company_basic_info:公司簡稱,
1570,力肯實業股份有限公司,otc,FinLab company_basic_info:公司名稱,
1570,De Poan,otc,FinLab company_basic_info:英文簡稱,DE POAN
1580,新麥,otc,FinLab company_basic_info:公司簡稱,
1580,新麥企業股份有限公司,otc,FinLab company_basic_info:公司名稱,
1580,SINMAG,otc,FinLab company_basic_info:英文簡稱,SINMAG
1584,精剛,otc,FinLab company_basic_info:公司簡稱,
1584,精剛精密科技股份有限公司,otc,FinLab company_basic_info:公司名稱,
1584,STC,otc,FinLab company_basic_info:英文簡稱,STC
1586,和勤,otc,FinLab company_basic_info:公司簡稱,
1586,和勤精機股份有限公司,otc,FinLab company_basic_info:公司名稱,
1586,CFTC,otc,FinLab company_basic_info:英文簡稱,CFTC
1591,駿吉-KY,otc,FinLab company_basic_info:公司簡稱,KY
1591,英屬開曼群島商駿吉控股(股)公司,otc,FinLab company_basic_info:公司名稱,
1591,INMAX,otc,FinLab company_basic_info:英文簡稱,INMAX
1593,祺驊,otc,FinLab company_basic_info:公司簡稱,
1593,祺驊股份有限公司,otc,FinLab company_basic_info:公司名稱,
1593,CHI HUA,otc,FinLab company_basic_info:英文簡稱,CHI HUA
1595,川寶,otc,FinLab company_basic_info:公司簡稱,
1595,川寶科技股份有限公司,otc,FinLab company_basic_info:公司名稱,
1595,CBT,otc,FinLab company_basic_info:英文簡稱,CBT
1599,宏佳騰,otc,FinLab company_basic_info:公司簡稱,
1599,宏佳騰動力科技股份有限公司,otc,FinLab company_basic_info:公司名稱,
1599,AEON,otc,FinLab company_basic_info:英文簡稱,AEON
1742,台蠟,otc,FinLab company_basic_info:公司簡稱,
1742,台灣蠟品股份有限公司,otc,FinLab company_basic_info:公司名稱,
1742,TWC,otc,FinLab company_basic_info:英文簡稱,TWC
1777,生泰,otc,FinLab company_basic_info:公司簡稱,
1777,生泰合成工業股份有限公司,otc,FinLab company_basic_info:公司名稱,
1777,SYN-TECH,otc,FinLab company_basic_info:英文簡稱,SYN TECH
1781,合世,otc,FinLab company_basic_info:公司簡稱,
1781,合世生醫科技股份有限公司,otc,FinLab company_basic_info:公司名稱,
1781,H&L,otc,FinLab company_basic_info:英文簡稱,H AND L
1784,訊聯,otc,FinLab company_basic_info:公司簡稱,
1784,訊聯生物科技股份有限公司,otc,FinLab company_basic_info:公司名稱,
1784,BIONET CORP.,otc,FinLab company_basic_info:英文簡稱,BIONET
1785,光洋科,otc,FinLab company_basic_info:公司簡稱,
1785,光洋應用材料科技股份有限公司,otc,FinLab company_basic_info:公司名稱,
1785,Solar,otc,FinLab company_basic_info:英文簡稱,SOLAR
1788,杏昌,otc,FinLab company_basic_info:公司簡稱,
1788,杏昌生技股份有限公司,otc,FinLab company_basic_info:公司名稱,
1788,HCI,otc,FinLab company_basic_info:英文簡稱,HCI
1796,金穎生技,otc,FinLab company_basic_info:公司簡稱,
1796,金穎生物科技股份有限公司,otc,FinLab company_basic_info:公司名稱,
1796,GeneFerm,otc,FinLab company_basic_info:英文簡稱,GENEFERM
1799,易威,otc,FinLab company_basic_info:公司簡稱,
1799,易威生醫科技股份有限公司,otc,FinLab company_basic_info:公司名稱,
1799,EASYWELL,otc,FinLab company_basic_info:英文簡稱,EASYWELL
1813,寶利徠,otc,FinLab company_basic_info:公司簡稱,
1813,寶利徠光學科技股份有限公司,otc,FinLab company_basic_info:公司名稱,
1813,Polylite,otc,FinLab company_basic_info:英文簡稱,POLYLITE
1815,富喬,otc,FinLab company_basic_info:公司簡稱,
1815,富喬工業股份有限公司,otc,FinLab company_basic_info:公司名稱,
1815,FFG,otc,FinLab company_basic_info:英文簡稱,FFG
2035,唐榮公司,otc,FinLab company_basic_info:公司簡稱,
2035,唐榮鐵工廠股份有限公司,otc,FinLab company_basic_info:公司名稱,
2035,TE,otc,FinLab company_basic_info:英文簡稱,TE
2061,風青,otc,FinLab company_basic_info:公司簡稱,
2061,風青實業股份有限公司,otc,FinLab company_basic_info:公司名稱,
2061,FENG CHING,otc,FinLab company_basic_info:英文簡稱,FENG CHING
2063,世鎧精密,otc,FinLab company_basic_info:公司簡稱,
2063,世鎧精密股份有限公司,otc,FinLab company_basic_info:公司名稱,
2063,SHEH KAI,otc,FinLab company_basic_info:英文簡稱,SHEH KAI
2064,晉椿,otc,FinLab company_basic_info:公司簡稱,
2064,晉椿工業股份有限公司,otc,FinLab company_basic_info:公司名稱,
2064,CAMELLIA,otc,FinLab company_basic_info:英文簡稱,CAMELLIA
2065,世豐,otc,FinLab company_basic_info:公司簡稱,
2065,世豐螺絲股份有限公司,otc,FinLab company_basic_info:公司名稱,
2065,SF,otc,FinLab company_basic_info:英文簡稱,SF
2066,世德,otc,FinLab company_basic_info:公司簡稱,
2066,世德工業股份有限公司,otc,FinLab company_basic_info:公司名稱,
2066,SUMEEKO,otc,FinLab company_basic_info:英文簡稱,SUMEEKO
2067,嘉鋼,otc,FinLab company_basic_info:公司簡稱,
2067,嘉鋼精密工業股份有限公司,otc,FinLab company_basic_info:公司名稱,
2067,CYSTEEL,otc,FinLab company_basic_info:英文簡稱,CYSTEEL
2070,精湛,otc,FinLab company_basic_info:公司簡稱,
2070,精湛光學科技股份有限公司,otc,FinLab company_basic_info:公司名稱,
2070,Ching Chan,otc,FinLab company_basic_info:英文簡稱,CHING CHAN
2073,雄順,otc,FinLab company_basic_info:公司簡稱,
2073,雄順金屬股份有限公司,otc,FinLab company_basic_info:公司名稱,
2073,SSMC,otc,FinLab company_basic_info:英文簡稱,SSMC
2221,大甲,otc,FinLab company_basic_info:公司簡稱,
2221,大甲永和機械工業股份有限公司,otc,FinLab company_basic_info:公司名稱,
2221,DAJA、YHMCO,otc,FinLab company_basic_info:英文簡稱,DAJA YHMCO
2230,泰茂,otc,FinLab company_basic_info:公司簡稱,
2230,泰茂實業股份有限公司,otc,FinLab company_basic_info:公司名稱,
2230,C.T.I.,otc,FinLab company_basic_info:英文簡稱,C T I
2235,謚源,otc,FinLab company_basic_info:公司簡稱,
2235,謚源實業股份有限公司,otc,FinLab company_basic_info:公司名稱,
2235,I YUAN,otc,FinLab company_basic_info:英文簡稱,I YUAN
2596,綠意,otc,FinLab company_basic_info:公司簡稱,
2596,綠意開發股份有限公司,otc,FinLab company_basic_info:公司名稱,
2596,ReaLy,otc,FinLab company_basic_info:英文簡稱,REALY
2640,大車隊,otc,FinLab company_basic_info:公司簡稱,
2640,台灣大車隊股份有限公司,otc,FinLab company_basic_info:公司名稱,
2640,55688,otc,FinLab company_basic_info:英文簡稱,55688
2641,正德,otc,FinLab company_basic_info:公司簡稱,
2641,正德海運股份有限公司,otc,FinLab company_basic_info:公司名稱,
2641,Franbo Lines,otc,FinLab company_basic_info:英文簡稱,FRANBO LINES
2643,捷迅,otc,FinLab company_basic_info:公司簡稱,
2643,捷迅股份有限公司,otc,FinLab company_basic_info:公司名稱,
2643,Soonest,otc,FinLab company_basic_info:英文簡稱,SOONEST
2718,全心投控,otc,FinLab company_basic_info:公司簡稱,
2718,全心投資控股股份有限公司,otc,FinLab company_basic_info:公司名稱,
2718,Allmind,otc,FinLab company_basic_info:英文簡稱,ALLMIND
2719,燦星旅,otc,FinLab company_basic_info:公司簡稱,
2719,台鋼燦星國際旅行社股份有限公司,otc,FinLab company_basic_info:公司名稱,
2719,Star Travel,otc,FinLab company_basic_info:英文簡稱,STAR TRAVEL
2724,藝舍-KY,otc,FinLab company_basic_info:公司簡稱,KY
2724,藝舍國際創新股份有限公司,otc,FinLab company_basic_info:公司名稱,
2724,AAGD-KY,otc,FinLab company_basic_info:英文簡稱,AAGD KY
2726,雅茗-KY,otc,FinLab company_basic_info:公司簡稱,KY
2726,雅茗天地股份有限公司,otc,FinLab company_basic_info:公司名稱,
2726,Yummy Town,otc,FinLab company_basic_info:英文簡稱,YUMMY TOWN
2729,瓦城,otc,FinLab company_basic_info:公司簡稱,
2729,瓦城泰統股份有限公司,otc,FinLab company_basic_info:公司名稱,
2729,TTFB,otc,FinLab company_basic_info:英文簡稱,TTFB
2732,六角,otc,FinLab company_basic_info:公司簡稱,
2732,六角國際事業股份有限公司,otc,FinLab company_basic_info:公司名稱,
2732,La Kaffa,otc,FinLab company_basic_info:英文簡稱,LA KAFFA
2734,易飛網,otc,FinLab company_basic_info:公司簡稱,
2734,易飛網國際旅行社股份有限公司,otc,FinLab company_basic_info:公司名稱,
2734,Ezfly,otc,FinLab company_basic_info:英文簡稱,EZFLY
2736,富野,otc,FinLab company_basic_info:公司簡稱,
2736,富野大飯店股份有限公司,otc,FinLab company_basic_info:公司名稱,
2736,HOYA,otc,FinLab company_basic_info:英文簡稱,HOYA
2740,華軒,otc,FinLab company_basic_info:公司簡稱,
2740,華軒地產股份有限公司,otc,FinLab company_basic_info:公司名稱,
2740,Hua Hsuan,otc,FinLab company_basic_info:英文簡稱,HUA HSUAN
2743,山富,otc,FinLab company_basic_info:公司簡稱,
2743,山富國際旅行社股份有限公司,otc,FinLab company_basic_info:公司名稱,
2743,richmond,otc,FinLab company_basic_info:英文簡稱,RICHMOND
2745,五福,otc,FinLab company_basic_info:公司簡稱,
2745,五福旅行社股份有限公司,otc,FinLab company_basic_info:公司名稱,
2745,LIFE TRAVEL,otc,FinLab company_basic_info:英文簡稱,LIFE TRAVEL
2751,王座,otc,FinLab company_basic_info:公司簡稱,
2751,王座國際餐飲股份有限公司,otc,FinLab company_basic_info:公司名稱,
2751,Kingza,otc,FinLab company_basic_info:英文簡稱,KINGZA
2752,豆府,otc,FinLab company_basic_info:公司簡稱,
2752,豆府股份有限公司,otc,FinLab company_basic_info:公司名稱,
2752,TOFU,otc,FinLab company_basic_info:英文簡稱,TOFU
2754,亞洲藏壽司,otc,FinLab company_basic_info:公司簡稱,
2754,亞洲藏壽司股份有限公司,otc,FinLab company_basic_info:公司名稱,
2754,KURA SUSHI ASIA,otc,FinLab company_basic_info:英文簡稱,KURA SUSHI ASIA
2755,揚秦,otc,FinLab company_basic_info:公司簡稱,
2755,揚秦國際企業股份有限公司,otc,FinLab company_basic_info:公司名稱,
2755,YoungQin,otc,FinLab company_basic_info:英文簡稱,YOUNGQIN
2756,聯發國際,otc,FinLab company_basic_info:公司簡稱,
2756,聯發國際餐飲事業股份有限公司,otc,FinLab company_basic_info:公司名稱,
2756,LIAN FA,otc,FinLab company_basic_info:英文簡稱,LIAN FA
2916,滿心,otc,FinLab company_basic_info:公司簡稱,
2916,滿心企業股份有限公司,otc,FinLab company_basic_info:公司名稱,
2916,MUNSIN,otc,FinLab company_basic_info:英文簡稱,MUNSIN
2924,宏太-KY,otc,FinLab company_basic_info:公司簡稱,KY
2924,開曼群島宏太股份有限公司,otc,FinLab company_basic_info:公司名稱,
2924,Grand Galactica,otc,FinLab company_basic_info:英文簡稱,GRAND GALACTICA
2926,誠品生活,otc,FinLab company_basic_info:公司簡稱,
2926,誠品生活股份有限公司,otc,FinLab company_basic_info:公司名稱,
2926,Eslite Spectrum,otc,FinLab company_basic_info:英文簡稱,ESLITE SPECTRUM
2937,集雅社,otc,FinLab company_basic_info:公司簡稱,
2937,集雅社股份有限公司,otc,FinLab company_basic_info:公司名稱,
2937,Gseven,otc,FinLab company_basic_info:英文簡稱,GSEVEN
2941,米斯特,otc,FinLab company_basic_info:公司簡稱,
2941,米斯特國際企業股份有限公司,otc,FinLab company_basic_info:公司名稱,
2941,MISTER,otc,FinLab company_basic_info:英文簡稱,MISTER
2947,振宇五金,otc,FinLab company_basic_info:公司簡稱,
2947,振宇五金股份有限公司,otc,FinLab company_basic_info:公司名稱,
2947,Zhen Yu,otc,FinLab company_basic_info:英文簡稱,ZHEN YU
2948,寶陞,otc,FinLab company_basic_info:公司簡稱,
2948,寶陞國際股份有限公司,otc,FinLab company_basic_info:公司名稱,
2948,Bausen,otc,FinLab company_basic_info:英文簡稱,BAUSEN
2949,欣新網,otc,FinLab company_basic_info:公司簡稱,
2949,欣新網股份有限公司,otc,FinLab company_basic_info:公司名稱,
2949,HHG,otc,FinLab company_basic_info:英文簡稱,HHG
3064,泰偉,otc,FinLab company_basic_info:公司簡稱,
3064,泰偉電子股份有限公司,otc,FinLab company_basic_info:公司名稱,
3064,Astro Corp.,otc,FinLab company_basic_info:英文簡稱,ASTRO
3066,李洲,otc,FinLab company_basic_info:公司簡稱,
3066,李洲科技股份有限公司,otc,FinLab company_basic_info:公司名稱,
3066,TAIWAN OASIS,otc,FinLab company_basic_info:英文簡稱,TAIWAN OASIS
3067,全域,otc,FinLab company_basic_info:公司簡稱,
3067,全域股份有限公司,otc,FinLab company_basic_info:公司名稱,
3067,PNC,otc,FinLab company_basic_info:英文簡稱,PNC
3071,協禧,otc,FinLab company_basic_info:公司簡稱,
3071,協禧電機股份有限公司,otc,FinLab company_basic_info:公司名稱,
3071,ADDA,otc,FinLab company_basic_info:英文簡稱,ADDA
3073,天方能源,otc,FinLab company_basic_info:公司簡稱,
3073,天方能源科技股份有限公司,otc,FinLab company_basic_info:公司名稱,
3073,Teamphon,otc,FinLab company_basic_info:英文簡稱,TEAMPHON
3078,僑威,otc,FinLab company_basic_info:公司簡稱,
3078,僑威科技股份有限公司,otc,FinLab company_basic_info:公司名稱,
3078,CWT,otc,FinLab company_basic_info:英文簡稱,CWT
3081,聯亞,otc,FinLab company_basic_info:公司簡稱,
3081,聯亞光電工業股份有限公司,otc,FinLab company_basic_info:公司名稱,
3081,LandMark,otc,FinLab company_basic_info:英文簡稱,LANDMARK
3083,網龍,otc,FinLab company_basic_info:公司簡稱,
3083,中華網龍股份有限公司,otc,FinLab company_basic_info:公司名稱,
3083,CHINESEGAMER,otc,FinLab company_basic_info:英文簡稱,CHINESEGAMER
3085,新零售,otc,FinLab company_basic_info:公司簡稱,
3085,台鋼新零售股份有限公司,otc,FinLab company_basic_info:公司名稱,
3085,NEWRETAIL,otc,FinLab company_basic_info:英文簡稱,NEWRETAIL
3086,華義,otc,FinLab company_basic_info:公司簡稱,
3086,華義國際數位娛樂股份有限公司,otc,FinLab company_basic_info:公司名稱,
3086,WAYI,otc,FinLab company_basic_info:英文簡稱,WAYI
3088,艾訊,otc,FinLab company_basic_info:公司簡稱,
3088,艾訊股份有限公司,otc,FinLab company_basic_info:公司名稱,
3088,AXIOMTEK,otc,FinLab company_basic_info:英文簡稱,AXIOMTEK
3093,港建*,otc,FinLab company_basic_info:公司簡稱,
3093,台灣港建股份有限公司,otc,FinLab company_basic_info:公司名稱,
3093,TKK,otc,FinLab company_basic_info:英文簡稱,TKK
3095,及成,otc,FinLab company_basic_info:公司簡稱,
3095,及成企業股份有限公司,otc,FinLab company_basic_info:公司名稱,
3095,CCC,otc,FinLab company_basic_info:英文簡稱,CCC
3105,穩懋,otc,FinLab company_basic_info:公司簡稱,
3105,穩懋半導體股份有限公司,otc,FinLab company_basic_info:公司名稱,
3105,WIN,otc,FinLab company_basic_info:英文簡稱,WIN
3114,好德,otc,FinLab company_basic_info:公司簡稱,
3114,好德科技股份有限公司,otc,FinLab company_basic_info:公司名稱,
3114,HT,otc,FinLab company_basic_info:英文簡稱,HT
3115,富榮綱,otc,FinLab company_basic_info:公司簡稱,
3115,富育榮綱股份有限公司,otc,FinLab company_basic_info:公司名稱,
3115,TSC,otc,FinLab company_basic_info:英文簡稱,TSC
3118,進階,otc,FinLab company_basic_info:公司簡稱,
3118,進階生物科技股份有限公司,otc,FinLab company_basic_info:公司名稱,
3118,LEVEL,otc,FinLab company_basic_info:英文簡稱,LEVEL
3122,笙泉,otc,FinLab company_basic_info:公司簡稱,
3122,笙泉科技股份有限公司,otc,FinLab company_basic_info:公司名稱,
3122,Megawin,otc,FinLab company_basic_info:英文簡稱,MEGAWIN
3128,昇銳,otc,FinLab company_basic_info:公司簡稱,
3128,昇銳智慧科技股份有限公司,otc,FinLab company_basic_info:公司名稱,
3128,HI SHARP,otc,FinLab company_basic_info:英文簡稱,HI SHARP
3131,弘塑,otc,FinLab company_basic_info:公司簡稱,
3131,弘塑科技股份有限公司,otc,FinLab company_basic_info:公司名稱,
3131,GPTC,otc,FinLab company_basic_info:英文簡稱,GPTC
3141,晶宏,otc,FinLab company_basic_info:公司簡稱,
3141,晶宏半導體股份有限公司,otc,FinLab company_basic_info:公司名稱,
3141,UltraChip,otc,FinLab company_basic_info:英文簡稱,ULTRACHIP
3147,大綜,otc,FinLab company_basic_info:公司簡稱,
3147,大綜電腦系統股份有限公司,otc,FinLab company_basic_info:公司名稱,
3147,JETWELL,otc,FinLab company_basic_info:英文簡稱,JETWELL
3152,璟德,otc,FinLab company_basic_info:公司簡稱,
3152,璟德電子工業股份有限公司,otc,FinLab company_basic_info:公司名稱,
3152,ACX,otc,FinLab company_basic_info:英文簡稱,ACX
3158,嘉實,otc,FinLab company_basic_info:公司簡稱,
3158,嘉實資訊股份有限公司,otc,FinLab company_basic_info:公司名稱,
3158,SysJust,otc,FinLab company_basic_info:英文簡稱,SYSJUST
3162,精確,otc,FinLab company_basic_info:公司簡稱,
3162,精確實業股份有限公司,otc,FinLab company_basic_info:公司名稱,
3162,UAT,otc,FinLab company_basic_info:英文簡稱,UAT
3163,波若威,otc,FinLab company_basic_info:公司簡稱,
3163,波若威科技股份有限公司,otc,FinLab company_basic_info:公司名稱,
3163,Browave,otc,FinLab company_basic_info:英文簡稱,BROWAVE
3169,亞信,otc,FinLab company_basic_info:公司簡稱,
3169,亞信電子股份有限公司,otc,FinLab company_basic_info:公司名稱,
3169,ASIX,otc,FinLab company_basic_info:英文簡稱,ASIX
3171,炎洲流通,otc,FinLab company_basic_info:公司簡稱,
3171,炎洲流通股份有限公司,otc,FinLab company_basic_info:公司名稱,
3171,YCD,otc,FinLab company_basic_info:英文簡稱,YCD
3176,基亞,otc,FinLab company_basic_info:公司簡稱,
3176,基亞生物科技股份有限公司,otc,FinLab company_basic_info:公司名稱,
3176,MEDIGEN,otc,FinLab company_basic_info:英文簡稱,MEDIGEN
3178,公準,otc,FinLab company_basic_info:公司簡稱,
3178,公準精密工業股份有限公司,otc,FinLab company_basic_info:公司名稱,
3178,GONGIN,otc,FinLab company_basic_info:英文簡稱,GONGIN
3188,鑫龍騰,otc,FinLab company_basic_info:公司簡稱,
3188,鑫龍騰開發股份有限公司,otc,FinLab company_basic_info:公司名稱,
3188,GLTD,otc,FinLab company_basic_info:英文簡稱,GLTD
3191,雲嘉南,otc,FinLab company_basic_info:公司簡稱,
3191,雲嘉南科技股份有限公司,otc,FinLab company_basic_info:公司名稱,
3191,YJN,otc,FinLab company_basic_info:英文簡稱,YJN
3205,佰研,otc,FinLab company_basic_info:公司簡稱,
3205,佰研生化科技股份有限公司,otc,FinLab company_basic_info:公司名稱,
3205,SLS,otc,FinLab company_basic_info:英文簡稱,SLS
3206,志豐,otc,FinLab company_basic_info:公司簡稱,
3206,志豐電子股份有限公司,otc,FinLab company_basic_info:公司名稱,
3206,KINGSTATE,otc,FinLab company_basic_info:英文簡稱,KINGSTATE
3207,耀勝,otc,FinLab company_basic_info:公司簡稱,
3207,耀勝電子股份有限公司,otc,FinLab company_basic_info:公司名稱,
3207,YAO SHENG,otc,FinLab company_basic_info:英文簡稱,YAO SHENG
3211,順達,otc,FinLab company_basic_info:公司簡稱,
3211,順達科技股份有限公司,otc,FinLab company_basic_info:公司名稱,
3211,Dynapack,otc,FinLab company_basic_info:英文簡稱,DYNAPACK
3213,茂訊,otc,FinLab company_basic_info:公司簡稱,
3213,茂訊電腦股份有限公司,otc,FinLab company_basic_info:公司名稱,
3213,Mildef,otc,FinLab company_basic_info:英文簡稱,MILDEF
3217,優群,otc,FinLab company_basic_info:公司簡稱,
3217,優群科技股份有限公司,otc,FinLab company_basic_info:公司名稱,
3217,ARGOSY,otc,FinLab company_basic_info:英文簡稱,ARGOSY
3218,大學光,otc,FinLab company_basic_info:公司簡稱,
3218,大學光學科技股份有限公司,otc,FinLab company_basic_info:公司名稱,
3218,UNIVERSAL,otc,FinLab company_basic_info:英文簡稱,UNIVERSAL
3219,倚強科,otc,FinLab company_basic_info:公司簡稱,
3219,倚強科技股份有限公司,otc,FinLab company_basic_info:公司名稱,
3219,Aethertek,otc,FinLab company_basic_info:英文簡稱,AETHERTEK
3221,台嘉碩,otc,FinLab company_basic_info:公司簡稱,
3221,台灣嘉碩科技股份有限公司,otc,FinLab company_basic_info:公司名稱,
3221,TST,otc,FinLab company_basic_info:英文簡稱,TST
3224,三顧,otc,FinLab company_basic_info:公司簡稱,
3224,三顧股份有限公司,otc,FinLab company_basic_info:公司名稱,
3224,MetaTech,otc,FinLab company_basic_info:英文簡稱,METATECH
3226,龍鋒,otc,FinLab company_basic_info:公司簡稱,
3226,龍鋒科技股份有限公司,otc,FinLab company_basic_info:公司名稱,
3226,LFA,otc,FinLab company_basic_info:英文簡稱,LFA
3227,原相,otc,FinLab company_basic_info:公司簡稱,
3227,原相科技股份有限公司,otc,FinLab company_basic_info:公司名稱,
3227,PXI,otc,FinLab company_basic_info:英文簡稱,PXI
3228,金麗科,otc,FinLab company_basic_info:公司簡稱,
3228,金麗科技股份有限公司,otc,FinLab company_basic_info:公司名稱,
3228,RDC,otc,FinLab company_basic_info:英文簡稱,RDC
3230,錦明,otc,FinLab company_basic_info:公司簡稱,
3230,錦明實業股份有限公司,otc,FinLab company_basic_info:公司名稱,
3230,Jiin Ming,otc,FinLab company_basic_info:英文簡稱,JIIN MING
3232,昱捷,otc,FinLab company_basic_info:公司簡稱,
3232,昱捷股份有限公司,otc,FinLab company_basic_info:公司名稱,
3232,SIC,otc,FinLab company_basic_info:英文簡稱,SIC
3234,光環,otc,FinLab company_basic_info:公司簡稱,
3234,光環科技股份有限公司,otc,FinLab company_basic_info:公司名稱,
3234,TrueLight,otc,FinLab company_basic_info:英文簡稱,TRUELIGHT
3236,千如,otc,FinLab company_basic_info:公司簡稱,
3236,千如電機工業股份有限公司,otc,FinLab company_basic_info:公司名稱,
3236,ABC,otc,FinLab company_basic_info:英文簡稱,ABC
3252,海灣,otc,FinLab company_basic_info:公司簡稱,
3252,海灣國際開發(股)公司,otc,FinLab company_basic_info:公司名稱,
3252,Haiwan,otc,FinLab company_basic_info:英文簡稱,HAIWAN
3259,鑫創,otc,FinLab company_basic_info:公司簡稱,
3259,鑫創科技股份有限公司,otc,FinLab company_basic_info:公司名稱,
3259,3S,otc,FinLab company_basic_info:英文簡稱,3S
3260,威剛,otc,FinLab company_basic_info:公司簡稱,
3260,威剛科技股份有限公司,otc,FinLab company_basic_info:公司名稱,
3260,ADATA,otc,FinLab company_basic_info:英文簡稱,ADATA
3264,欣銓,otc,FinLab company_basic_info:公司簡稱,
3264,欣銓科技股份有限公司,otc,FinLab company_basic_info:公司名稱,
3264,Ardentec,otc,FinLab company_basic_info:英文簡稱,ARDENTEC
3265,台星科,otc,FinLab company_basic_info:公司簡稱,
3265,台星科股份有限公司,otc,FinLab company_basic_info:公司名稱,
3265,WST,otc,FinLab company_basic_info:英文簡稱,WST
3268,海德威,otc,FinLab company_basic_info:公司簡稱,
3268,海德威電子工業股份有限公司,otc,FinLab company_basic_info:公司名稱,
3268,Higher Way,otc,FinLab company_basic_info:英文簡稱,HIGHER WAY
3272,東碩,otc,FinLab company_basic_info:公司簡稱,
3272,東碩資訊股份有限公司,otc,FinLab company_basic_info:公司名稱,
3272,GW,otc,FinLab company_basic_info:英文簡稱,GW
3276,宇環,otc,FinLab company_basic_info:公司簡稱,
3276,宇環科技股份有限公司,otc,FinLab company_basic_info:公司名稱,
3276,tht,otc,FinLab company_basic_info:英文簡稱,THT
3284,太普高,otc,FinLab company_basic_info:公司簡稱,
3284,太普高精密影像股份有限公司,otc,FinLab company_basic_info:公司名稱,
3284,TOP,otc,FinLab company_basic_info:英文簡稱,TOP
3285,微端,otc,FinLab company_basic_info:公司簡稱,
3285,微端科技股份有限公司,otc,FinLab company_basic_info:公司名稱,
3285,MT,otc,FinLab company_basic_info:英文簡稱,MT
3287,廣寰科,otc,FinLab company_basic_info:公司簡稱,
3287,廣寰科技股份有限公司,otc,FinLab company_basic_info:公司名稱,
3287,Kworld,otc,FinLab company_basic_info:英文簡稱,KWORLD
3288,點晶,otc,FinLab company_basic_info:公司簡稱,
3288,點晶科技股份有限公司,otc,FinLab company_basic_info:公司名稱,
3288,SiTI,otc,FinLab company_basic_info:英文簡稱,SITI
3289,宜特,otc,FinLab company_basic_info:公司簡稱,
3289,宜特科技股份有限公司,otc,FinLab company_basic_info:公司名稱,
3289,IST,otc,FinLab company_basic_info:英文簡稱,IST
3290,東浦,otc,FinLab company_basic_info:公司簡稱,
3290,東浦精密光電股份有限公司,otc,FinLab company_basic_info:公司名稱,
3290,DONPON,otc,FinLab company_basic_info:英文簡稱,DONPON
3293,鈊象,otc,FinLab company_basic_info:公司簡稱,
3293,鈊象電子股份有限公司,otc,FinLab company_basic_info:公司名稱,
3293,IGS,otc,FinLab company_basic_info:英文簡稱,IGS
3294,英濟,otc,FinLab company_basic_info:公司簡稱,
3294,英濟股份有限公司,otc,FinLab company_basic_info:公司名稱,
3294,Megaforce,otc,FinLab company_basic_info:英文簡稱,MEGAFORCE
3297,杭特,otc,FinLab company_basic_info:公司簡稱,
3297,杭特電子股份有限公司,otc,FinLab company_basic_info:公司名稱,
3297,Hunt,otc,FinLab company_basic_info:英文簡稱,HUNT
3303,岱稜,otc,FinLab company_basic_info:公司簡稱,
3303,岱稜科技股份有限公司,otc,FinLab company_basic_info:公司名稱,
3303,UNIVACCO,otc,FinLab company_basic_info:英文簡稱,UNIVACCO
3306,鼎天,otc,FinLab company_basic_info:公司簡稱,
3306,鼎天國際股份有限公司,otc,FinLab company_basic_info:公司名稱,
3306,RoyalTek,otc,FinLab company_basic_info:英文簡稱,ROYALTEK
3310,佳穎,otc,FinLab company_basic_info:公司簡稱,
3310,佳穎精密企業股份有限公司,otc,FinLab company_basic_info:公司名稱,
3310,CHIALIN,otc,FinLab company_basic_info:英文簡稱,CHIALIN
3313,斐成,otc,FinLab company_basic_info:公司簡稱,
3313,斐成開發科技股份有限公司,otc,FinLab company_basic_info:公司名稱,
3313,FCD,otc,FinLab company_basic_info:英文簡稱,FCD
3317,尼克森,otc,FinLab company_basic_info:公司簡稱,
3317,尼克森微電子股份有限公司,otc,FinLab company_basic_info:公司名稱,
3317,NIKO-SEM,otc,FinLab company_basic_info:英文簡稱,NIKO SEM
3322,建舜電,otc,FinLab company_basic_info:公司簡稱,
3322,建舜電子製造股份有限公司,otc,FinLab company_basic_info:公司名稱,
3322,JEM,otc,FinLab company_basic_info:英文簡稱,JEM
3323,加百裕,otc,FinLab company_basic_info:公司簡稱,
3323,加百裕工業股份有限公司,otc,FinLab company_basic_info:公司名稱,
3323,Celxpert,otc,FinLab company_basic_info:英文簡稱,CELXPERT
3324,雙鴻,otc,FinLab company_basic_info:公司簡稱,
3324,雙鴻科技股份有限公司,otc,FinLab company_basic_info:公司名稱,
3324,AURAS,otc,FinLab company_basic_info:英文簡稱,AURAS
3325,旭品,otc,FinLab company_basic_info:公司簡稱,
3325,旭品科技股份有限公司,otc,FinLab company_basic_info:公司名稱,
3325,Casing,otc,FinLab company_basic_info:英文簡稱,CASING
3332,幸康,otc,FinLab company_basic_info:公司簡稱,
3332,幸康電子股份有限公司,otc,FinLab company_basic_info:公司名稱,
3332,CINCON,otc,FinLab company_basic_info:英文簡稱,CINCON
3339,泰谷,otc,FinLab company_basic_info:公司簡稱,
3339,泰谷光電科技股份有限公司,otc,FinLab company_basic_info:公司名稱,
3339,TEKCORE,otc,FinLab company_basic_info:英文簡稱,TEKCORE
3349,寶德,otc,FinLab company_basic_info:公司簡稱,
3349,寶德科技股份有限公司,otc,FinLab company_basic_info:公司名稱,
3349,DEXIN,otc,FinLab company_basic_info:英文簡稱,DEXIN
3354,律勝,otc,FinLab company_basic_info:公司簡稱,
3354,律勝科技股份有限公司,otc,FinLab company_basic_info:公司名稱,
3354,MICROCOSM,otc,FinLab company_basic_info:英文簡稱,MICROCOSM
3357,臺慶科,otc,FinLab company_basic_info:公司簡稱,
3357,西北臺慶科技股份有限公司,otc,FinLab company_basic_info:公司名稱,
3357,TAI-TECH,otc,FinLab company_basic_info:英文簡稱,TAI TECH
3360,尚立,otc,FinLab company_basic_info:公司簡稱,
3360,尚立股份有限公司,otc,FinLab company_basic_info:公司名稱,
3360,SUNNIC,otc,FinLab company_basic_info:英文簡稱,SUNNIC
3362,先進光,otc,FinLab company_basic_info:公司簡稱,
3362,先進光電科技股份有限公司,otc,FinLab company_basic_info:公司名稱,
3362,ABILITY,otc,FinLab company_basic_info:英文簡稱,ABILITY
3363,上詮,otc,FinLab company_basic_info:公司簡稱,
3363,上詮光纖通信股份有限公司,otc,FinLab company_basic_info:公司名稱,
3363,FOCI,otc,FinLab company_basic_info:英文簡稱,FOCI
3372,典範,otc,FinLab company_basic_info:公司簡稱,
3372,台灣典範半導體股份有限公司,otc,FinLab company_basic_info:公司名稱,
3372,TICP,otc,FinLab company_basic_info:英文簡稱,TICP
3373,熱映,otc,FinLab company_basic_info:公司簡稱,
3373,熱映光電股份有限公司,otc,FinLab company_basic_info:公司名稱,
3373,Radiant,otc,FinLab company_basic_info:英文簡稱,RADIANT
3374,精材,otc,FinLab company_basic_info:公司簡稱,
3374,精材科技股份有限公司,otc,FinLab company_basic_info:公司名稱,
3374,Xintec,otc,FinLab company_basic_info:英文簡稱,XINTEC
3379,彬台,otc,FinLab company_basic_info:公司簡稱,
3379,彬台科技股份有限公司,otc,FinLab company_basic_info:公司名稱,
3379,TBC,otc,FinLab company_basic_info:英文簡稱,TBC
3388,崇越電,otc,FinLab company_basic_info:公司簡稱,
3388,崇越電通股份有限公司,otc,FinLab company_basic_info:公司名稱,
3388,TTC,otc,FinLab company_basic_info:英文簡稱,TTC
3390,旭軟,otc,FinLab company_basic_info:公司簡稱,
3390,旭軟電子科技股份有限公司,otc,FinLab company_basic_info:公司名稱,
3390,SUNFLEX,otc,FinLab company_basic_info:英文簡稱,SUNFLEX
3402,漢科,otc,FinLab company_basic_info:公司簡稱,
3402,漢科系統科技股份有限公司,otc,FinLab company_basic_info:公司名稱,
3402,WHOLETECH,otc,FinLab company_basic_info:英文簡稱,WHOLETECH
3426,台興,otc,FinLab company_basic_info:公司簡稱,
3426,台興電子企業股份有限公司,otc,FinLab company_basic_info:公司名稱,
3426,TSE,otc,FinLab company_basic_info:英文簡稱,TSE
3430,奇鈦科,otc,FinLab company_basic_info:公司簡稱,
3430,奇鈦科技股份有限公司,otc,FinLab company_basic_info:公司名稱,
3430,CHITEC,otc,FinLab company_basic_info:英文簡稱,CHITEC
3434,哲固,otc,FinLab company_basic_info:公司簡稱,
3434,哲固資訊科技股份有限公司,otc,FinLab company_basic_info:公司名稱,
3434,ACULA,otc,FinLab company_basic_info:英文簡稱,ACULA
3438,類比科,otc,FinLab company_basic_info:公司簡稱,
3438,台灣類比科技股份有限公司,otc,FinLab company_basic_info:公司名稱,
3438,AAT,otc,FinLab company_basic_info:英文簡稱,AAT
3441,聯一光電,otc,FinLab company_basic_info:公司簡稱,
3441,聯一光電股份有限公司,otc,FinLab company_basic_info:公司名稱,
3441,UNIQUE,otc,FinLab company_basic_info:英文簡稱,UNIQUE
3444,利機,otc,FinLab company_basic_info:公司簡稱,
3444,利機企業股份有限公司,otc,FinLab company_basic_info:公司名稱,
3444,NICHING,otc,FinLab company_basic_info:英文簡稱,NICHING
3455,由田,otc,FinLab company_basic_info:公司簡稱,
3455,由田新技股份有限公司,otc,FinLab company_basic_info:公司名稱,
3455,UTECHZONE,otc,FinLab company_basic_info:英文簡稱,UTECHZONE
3465,進泰電子,otc,FinLab company_basic_info:公司簡稱,
3465,進泰電子科技股份有限公司,otc,FinLab company_basic_info:公司名稱,
3465,NAE,otc,FinLab company_basic_info:英文簡稱,NAE
3466,德晉,otc,FinLab company_basic_info:公司簡稱,
3466,德晉科技股份有限公司,otc,FinLab company_basic_info:公司名稱,
3466,SKARDIN,otc,FinLab company_basic_info:英文簡稱,SKARDIN
3467,台灣精材,otc,FinLab company_basic_info:公司簡稱,
3467,台灣精材股份有限公司,otc,FinLab company_basic_info:公司名稱,
3467,Forcera,otc,FinLab company_basic_info:英文簡稱,FORCERA
3479,安勤,otc,FinLab company_basic_info:公司簡稱,
3479,安勤科技股份有限公司,otc,FinLab company_basic_info:公司名稱,
3479,Avalue,otc,FinLab company_basic_info:英文簡稱,AVALUE
3483,力致,otc,FinLab company_basic_info:公司簡稱,
3483,力致科技股份有限公司,otc,FinLab company_basic_info:公司名稱,
3483,FCN,otc,FinLab company_basic_info:英文簡稱,FCN
3484,崧騰,otc,FinLab company_basic_info:公司簡稱,
3484,崧騰企業股份有限公司,otc,FinLab company_basic_info:公司名稱,
3484,SOLTEAM,otc,FinLab company_basic_info:英文簡稱,SOLTEAM
3489,森寶,otc,FinLab company_basic_info:公司簡稱,
3489,森寶開發股份有限公司,otc,FinLab company_basic_info:公司名稱,
3489,Sun Brothers,otc,FinLab company_basic_info:英文簡稱,SUN BROTHERS
3490,單井,otc,FinLab company_basic_info:公司簡稱,
3490,單井工業股份有限公司,otc,FinLab company_basic_info:公司名稱,
3490,singlewell,otc,FinLab company_basic_info:英文簡稱,SINGLEWELL
3491,昇達科,otc,FinLab company_basic_info:公司簡稱,
3491,昇達科技股份有限公司,otc,FinLab company_basic_info:公司名稱,
3491,UMT,otc,FinLab company_basic_info:英文簡稱,UMT
3492,長盛,otc,FinLab company_basic_info:公司簡稱,
3492,長盛科技股份有限公司,otc,FinLab company_basic_info:公司名稱,
3492,ACT,otc,FinLab company_basic_info:英文簡稱,ACT
3498,陽程,otc,FinLab company_basic_info:公司簡稱,
3498,陽程科技股份有限公司,otc,FinLab company_basic_info:公司名稱,
3498,USUN,otc,FinLab company_basic_info:英文簡稱,USUN
3499,環天科,otc,FinLab company_basic_info:公司簡稱,
3499,環天世通科技股份有限公司,otc,FinLab company_basic_info:公司名稱,
3499,GLOBALSAT,otc,FinLab company_basic_info:英文簡稱,GLOBALSAT
3508,位速,otc,FinLab company_basic_info:公司簡稱,
3508,位速科技股份有限公司,otc,FinLab company_basic_info:公司名稱,
3508,Ways,otc,FinLab company_basic_info:英文簡稱,WAYS
3511,矽瑪,otc,FinLab company_basic_info:公司簡稱,
3511,矽瑪科技股份有限公司,otc,FinLab company_basic_info:公司名稱,
3511,SIMULA TECH INC,otc,FinLab company_basic_info:英文簡稱,SIMULA TECH
3512,皇龍,otc,FinLab company_basic_info:公司簡稱,
3512,皇龍開發股份有限公司,otc,FinLab company_basic_info:公司名稱,
3512,Huang Long,otc,FinLab company_basic_info:英文簡稱,HUANG LONG
3516,亞帝歐,otc,FinLab company_basic_info:公司簡稱,
3516,亞帝歐光電股份有限公司,otc,FinLab company_basic_info:公司名稱,
3516,ADO,otc,FinLab company_basic_info:英文簡稱,ADO
3520,華盈,otc,FinLab company_basic_info:公司簡稱,
3520,華盈電子股份有限公司,otc,FinLab company_basic_info:公司名稱,
3520,JVE,otc,FinLab company_basic_info:英文簡稱,JVE
3521,台鋼建設,otc,FinLab company_basic_info:公司簡稱,
3521,台鋼建設事業股份有限公司,otc,FinLab company_basic_info:公司名稱,
3521,TSG Development,otc,FinLab company_basic_info:英文簡稱,TSG DEVELOPMENT
3522,御嵿,otc,FinLab company_basic_info:公司簡稱,
3522,御嵿國際股份有限公司,otc,FinLab company_basic_info:公司名稱,
3522,TOPLUS,otc,FinLab company_basic_info:英文簡稱,TOPLUS
3523,迎輝,otc,FinLab company_basic_info:公司簡稱,
3523,迎輝科技股份有限公司,otc,FinLab company_basic_info:公司名稱,
3523,EFUN,otc,FinLab company_basic_info:英文簡稱,EFUN
3526,凡甲,otc,FinLab company_basic_info:公司簡稱,
3526,凡甲科技股份有限公司,otc,FinLab company_basic_info:公司名稱,
3526,ALLTOP,otc,FinLab company_basic_info:英文簡稱,ALLTOP
3527,聚積,otc,FinLab company_basic_info:公司簡稱,
3527,聚積科技股份有限公司,otc,FinLab company_basic_info:公司名稱,
3527,MBI,otc,FinLab company_basic_info:英文簡稱,MBI
3529,力旺,otc,FinLab company_basic_info:公司簡稱,
3529,力旺電子股份有限公司,otc,FinLab company_basic_info:公司名稱,
3529,eMemory,otc,FinLab company_basic_info:英文簡稱,EMEMORY
3531,先益,otc,FinLab company_basic_info:公司簡稱,
3531,先益電子工業股份有限公司,otc,FinLab company_basic_info:公司名稱,
3531,Shian Yih,otc,FinLab company_basic_info:英文簡稱,SHIAN YIH
3537,堡達,otc,FinLab company_basic_info:公司簡稱,
3537,堡達實業股份有限公司,otc,FinLab company_basic_info:公司名稱,
3537,PODAK,otc,FinLab company_basic_info:英文簡稱,PODAK
3540,曜越,otc,FinLab company_basic_info:公司簡稱,
3540,曜越科技股份有限公司,otc,FinLab company_basic_info:公司名稱,
3540,Thermaltake,otc,FinLab company_basic_info:英文簡稱,THERMALTAKE
3541,西柏,otc,FinLab company_basic_info:公司簡稱,
3541,西柏科技股份有限公司,otc,FinLab company_basic_info:公司名稱,
3541,CYP,otc,FinLab company_basic_info:英文簡稱,CYP
3546,宇峻,otc,FinLab company_basic_info:公司簡稱,
3546,宇峻奧汀科技股份有限公司,otc,FinLab company_basic_info:公司名稱,
3546,USERJOY,otc,FinLab company_basic_info:英文簡稱,USERJOY
3548,兆利,otc,FinLab company_basic_info:公司簡稱,
3548,兆利科技工業股份有限公司,otc,FinLab company_basic_info:公司名稱,
3548,JARLLY,otc,FinLab company_basic_info:英文簡稱,JARLLY
3551,世禾,otc,FinLab company_basic_info:公司簡稱,
3551,世禾科技股份有限公司,otc,FinLab company_basic_info:公司名稱,
3551,SHT,otc,FinLab company_basic_info:英文簡稱,SHT
3552,同致,otc,FinLab company_basic_info:公司簡稱,
3552,同致電子企業股份有限公司,otc,FinLab company_basic_info:公司名稱,
3552,TUNG THIH,otc,FinLab company_basic_info:英文簡稱,TUNG THIH
3555,博士旺,otc,FinLab company_basic_info:公司簡稱,
3555,博士旺創新股份有限公司,otc,FinLab company_basic_info:公司名稱,
3555,BaaS,otc,FinLab company_basic_info:英文簡稱,BAAS
3556,禾瑞亞,otc,FinLab company_basic_info:公司簡稱,
3556,禾瑞亞科技股份有限公司,otc,FinLab company_basic_info:公司名稱,
3556,EETI,otc,FinLab company_basic_info:英文簡稱,EETI
3558,神準,otc,FinLab company_basic_info:公司簡稱,
3558,神準科技股份有限公司,otc,FinLab company_basic_info:公司名稱,
3558,Senao Networks,otc,FinLab company_basic_info:英文簡稱,SENAO NETWORKS
3564,其陽,otc,FinLab company_basic_info:公司簡稱,
3564,其陽科技股份有限公司,otc,FinLab company_basic_info:公司名稱,
3564,AEWIN,otc,FinLab company_basic_info:英文簡稱,AEWIN
3567,逸昌,otc,FinLab company_basic_info:公司簡稱,
3567,逸昌科技股份有限公司,otc,FinLab company_basic_info:公司名稱,
3567,ETREND,otc,FinLab company_basic_info:英文簡稱,ETREND
3570,大塚,otc,FinLab company_basic_info:公司簡稱,
3570,大塚資訊科技股份有限公司,otc,FinLab company_basic_info:公司名稱,
3570,OITC,otc,FinLab company_basic_info:英文簡稱,OITC
3577,泓格,otc,FinLab company_basic_info:公司簡稱,
3577,泓格科技股份有限公司,otc,FinLab company_basic_info:公司名稱,
3577,ICP DAS,otc,FinLab company_basic_info:英文簡稱,ICP DAS
3580,友威科,otc,FinLab company_basic_info:公司簡稱,
3580,友威科技股份有限公司,otc,FinLab company_basic_info:公司名稱,
3580,UVAT,otc,FinLab company_basic_info:英文簡稱,UVAT
3581,博磊,otc,FinLab company_basic_info:公司簡稱,
3581,博磊科技股份有限公司,otc,FinLab company_basic_info:公司名稱,
3581,ZVC,otc,FinLab company_basic_info:英文簡稱,ZVC
3587,閎康,otc,FinLab company_basic_info:公司簡稱,
3587,閎康科技股份有限公司,otc,FinLab company_basic_info:公司名稱,
3587,MA-tek,otc,FinLab company_basic_info:英文簡稱,MA TEK
3594,磐儀,otc,FinLab company_basic_info:公司簡稱,
3594,磐儀科技股份有限公司,otc,FinLab company_basic_info:公司名稱,
3594,ARBOR,otc,FinLab company_basic_info:英文簡稱,ARBOR
3597,映興,otc,FinLab company_basic_info:公司簡稱,
3597,映興電子股份有限公司,otc,FinLab company_basic_info:公司名稱,
3597,AVI,otc,FinLab company_basic_info:英文簡稱,AVI
3609,三一東林,otc,FinLab company_basic_info:公司簡稱,
3609,三一東林科技股份有限公司,otc,FinLab company_basic_info:公司名稱,
3609,HEP,otc,FinLab company_basic_info:英文簡稱,HEP
3611,鼎翰,otc,FinLab company_basic_info:公司簡稱,
3611,鼎翰科技股份有限公司,otc,FinLab company_basic_info:公司名稱,
3611,TSC AUTO ID,otc,FinLab company_basic_info:英文簡稱,TSC AUTO ID
3615,安可,otc,FinLab company_basic_info:公司簡稱,
3615,安可光電股份有限公司,otc,FinLab company_basic_info:公司名稱,
3615,AimCore,otc,FinLab company_basic_info:英文簡稱,AIMCORE
3623,富晶通,otc,FinLab company_basic_info:公司簡稱,
3623,富晶通科技股份有限公司,otc,FinLab company_basic_info:公司名稱,
3623,TTI,otc,FinLab company_basic_info:英文簡稱,TTI
3624,光頡,otc,FinLab company_basic_info:公司簡稱,
3624,光頡科技股份有限公司,otc,FinLab company_basic_info:公司名稱,
3624,VIKING,otc,FinLab company_basic_info:英文簡稱,VIKING
3625,西勝,otc,FinLab company_basic_info:公司簡稱,
3625,西勝國際股份有限公司,otc,FinLab company_basic_info:公司名稱,
3625,C-TECH,otc,FinLab company_basic_info:英文簡稱,C TECH
3628,盈正,otc,FinLab company_basic_info:公司簡稱,
3628,盈正豫順電子股份有限公司,otc,FinLab company_basic_info:公司名稱,
3628,ABLEREX,otc,FinLab company_basic_info:英文簡稱,ABLEREX
3629,地心引力,otc,FinLab company_basic_info:公司簡稱,
3629,地心引力股份有限公司,otc,FinLab company_basic_info:公司名稱,
3629,Gravitytai,otc,FinLab company_basic_info:英文簡稱,GRAVITYTAI
3630,新鉅科,otc,FinLab company_basic_info:公司簡稱,
3630,新鉅科技股份有限公司,otc,FinLab company_basic_info:公司名稱,
3630,NEWMAX,otc,FinLab company_basic_info:英文簡稱,NEWMAX
3631,晟楠,otc,FinLab company_basic_info:公司簡稱,
3631,晟楠科技股份有限公司,otc,FinLab company_basic_info:公司名稱,
3631,CHERNAN,otc,FinLab company_basic_info:英文簡稱,CHERNAN
3632,研勤,otc,FinLab company_basic_info:公司簡稱,
3632,研勤科技股份有限公司,otc,FinLab company_basic_info:公司名稱,
3632,PAPAGO,otc,FinLab company_basic_info:英文簡稱,PAPAGO
3646,艾恩特,otc,FinLab company_basic_info:公司簡稱,
3646,艾恩特精密工業股份有限公司,otc,FinLab company_basic_info:公司名稱,
3646,ANT,otc,FinLab company_basic_info:英文簡稱,ANT
3663,鑫科,otc,FinLab company_basic_info:公司簡稱,
3663,鑫科材料科技股份有限公司,otc,FinLab company_basic_info:公司名稱,
3663,TTMC,otc,FinLab company_basic_info:英文簡稱,TTMC
3664,安瑞-KY,otc,FinLab company_basic_info:公司簡稱,KY
3664,安瑞科技股份有限公司,otc,FinLab company_basic_info:公司名稱,
3664,Array,otc,FinLab company_basic_info:英文簡稱,ARRAY
3666,光耀,otc,FinLab company_basic_info:公司簡稱,
3666,光耀科技股份有限公司,otc,FinLab company_basic_info:公司名稱,
3666,OTI,otc,FinLab company_basic_info:英文簡稱,OTI
3672,康聯訊,otc,FinLab company_basic_info:公司簡稱,
3672,康聯訊科技股份有限公司,otc,FinLab company_basic_info:公司名稱,
3672,CTS,otc,FinLab company_basic_info:英文簡稱,CTS
3675,德微,otc,FinLab company_basic_info:公司簡稱,
3675,德微科技股份有限公司,otc,FinLab company_basic_info:公司名稱,
3675,Eris Tech,otc,FinLab company_basic_info:英文簡稱,ERIS TECH
3680,家登,otc,FinLab company_basic_info:公司簡稱,
3680,家登精密工業股份有限公司,otc,FinLab company_basic_info:公司名稱,
3680,Gudeng,otc,FinLab company_basic_info:英文簡稱,GUDENG
3684,榮昌,otc,FinLab company_basic_info:公司簡稱,
3684,榮昌科技股份有限公司,otc,FinLab company_basic_info:公司名稱,
3684,Grand-Tek,otc,FinLab company_basic_info:英文簡稱,GRAND TEK
3685,元創精密,otc,FinLab company_basic_info:公司簡稱,
3685,元創精密車業股份有限公司,otc,FinLab company_basic_info:公司名稱,
3685,TAC,otc,FinLab company_basic_info:英文簡稱,TAC
3687,歐買尬,otc,FinLab company_basic_info:公司簡稱,
3687,茂為歐買尬數位科技股份有限公司,otc,FinLab company_basic_info:公司名稱,
3687,OMG,otc,FinLab company_basic_info:英文簡稱,OMG
3689,湧德,otc,FinLab company_basic_info:公司簡稱,
3689,湧德電子股份有限公司,otc,FinLab company_basic_info:公司名稱,
3689,UDE,otc,FinLab company_basic_info:英文簡稱,UDE
3691,碩禾,otc,FinLab company_basic_info:公司簡稱,
3691,碩禾電子材料股份有限公司,otc,FinLab company_basic_info:公司名稱,
3691,GIGASOLAR,otc,FinLab company_basic_info:英文簡稱,GIGASOLAR
3693,營邦,otc,FinLab company_basic_info:公司簡稱,
3693,營邦企業股份有限公司,otc,FinLab company_basic_info:公司名稱,
3693,AIC,otc,FinLab company_basic_info:英文簡稱,AIC
3707,漢磊,otc,FinLab company_basic_info:公司簡稱,
3707,漢磊科技股份有限公司,otc,FinLab company_basic_info:公司名稱,
3707,EPISIL,otc,FinLab company_basic_info:英文簡稱,EPISIL
3709,鑫聯大投控,otc,FinLab company_basic_info:公司簡稱,
3709,鑫聯大投資控股股份有限公司,otc,FinLab company_basic_info:公司名稱,
3709,Trigold,otc,FinLab company_basic_info:英文簡稱,TRIGOLD
3710,連展投控,otc,FinLab company_basic_info:公司簡稱,
3710,連展投資控股股份有限公司,otc,FinLab company_basic_info:公司名稱,
3710,ACON Holding,otc,FinLab company_basic_info:英文簡稱,ACON
3713,新晶投控,otc,FinLab company_basic_info:公司簡稱,
3713,新晶投資控股股份有限公司,otc,FinLab company_basic_info:公司名稱,
3713,HsinjingHolding,otc,FinLab company_basic_info:英文簡稱,HSINJINGHOLDING
4102,永日,otc,FinLab company_basic_info:公司簡稱,
4102,永日化學工業股份有限公司,otc,FinLab company_basic_info:公司名稱,
4102,YUNGZIP,otc,FinLab company_basic_info:英文簡稱,YUNGZIP
4105,東洋,otc,FinLab company_basic_info:公司簡稱,
4105,台灣東洋藥品工業股份有限公司,otc,FinLab company_basic_info:公司名稱,
4105,TTY,otc,FinLab company_basic_info:英文簡稱,TTY
4107,邦特,otc,FinLab company_basic_info:公司簡稱,
4107,邦特生物科技股份有限公司,otc,FinLab company_basic_info:公司名稱,
4107,BIOTEQUE,otc,FinLab company_basic_info:英文簡稱,BIOTEQUE
4109,加捷生醫,otc,FinLab company_basic_info:公司簡稱,
4109,加捷生醫股份有限公司,otc,FinLab company_basic_info:公司名稱,
4109,Jia Jie Bio,otc,FinLab company_basic_info:英文簡稱,JIA JIE BIO
4111,濟生,otc,FinLab company_basic_info:公司簡稱,
4111,濟生醫藥生技股份有限公司,otc,FinLab company_basic_info:公司名稱,
4111,CHI SHENG,otc,FinLab company_basic_info:英文簡稱,CHI SHENG
4113,聯上,otc,FinLab company_basic_info:公司簡稱,
4113,聯上實業股份有限公司,otc,FinLab company_basic_info:公司名稱,
4113,WE&WIN,otc,FinLab company_basic_info:英文簡稱,WE AND WIN
4114,健喬,otc,FinLab company_basic_info:公司簡稱,
4114,健喬信元醫藥生技股份有限公司,otc,FinLab company_basic_info:公司名稱,
4114,SYNMOSA,otc,FinLab company_basic_info:英文簡稱,SYNMOSA
4116,明基醫,otc,FinLab company_basic_info:公司簡稱,
4116,明基三豐醫療器材股份有限公司,otc,FinLab company_basic_info:公司名稱,
4116,BMTC,otc,FinLab company_basic_info:英文簡稱,BMTC
4120,友華,otc,FinLab company_basic_info:公司簡稱,
4120,友華生技醫藥股份有限公司,otc,FinLab company_basic_info:公司名稱,
4120,OEP,otc,FinLab company_basic_info:英文簡稱,OEP
4121,優盛,otc,FinLab company_basic_info:公司簡稱,
4121,優盛醫學科技股份有限公司,otc,FinLab company_basic_info:公司名稱,
4121,ROSSMAX,otc,FinLab company_basic_info:英文簡稱,ROSSMAX
4123,晟德,otc,FinLab company_basic_info:公司簡稱,
4123,晟德大藥廠股份有限公司,otc,FinLab company_basic_info:公司名稱,
4123,Center Lab.,otc,FinLab company_basic_info:英文簡稱,CENTER LAB
4126,太醫,otc,FinLab company_basic_info:公司簡稱,
4126,太平洋醫材股份有限公司,otc,FinLab company_basic_info:公司名稱,
4126,PAHSCO,otc,FinLab company_basic_info:英文簡稱,PAHSCO
4127,天良,otc,FinLab company_basic_info:公司簡稱,
4127,天良生物科技企業股份有限公司,otc,FinLab company_basic_info:公司名稱,
4127,TLB,otc,FinLab company_basic_info:英文簡稱,TLB
4128,中天,otc,FinLab company_basic_info:公司簡稱,
4128,中天生物科技股份有限公司,otc,FinLab company_basic_info:公司名稱,
4128,MICROBIO,otc,FinLab company_basic_info:英文簡稱,MICROBIO
4129,聯合,otc,FinLab company_basic_info:公司簡稱,
4129,聯合骨科器材股份有限公司,otc,FinLab company_basic_info:公司名稱,
4129,UOC,otc,FinLab company_basic_info:英文簡稱,UOC
4130,健亞,otc,FinLab company_basic_info:公司簡稱,
4130,健亞生物科技股份有限公司,otc,FinLab company_basic_info:公司名稱,
4130,GBL,otc,FinLab company_basic_info:英文簡稱,GBL
4131,浩泰,otc,FinLab company_basic_info:公司簡稱,
4131,浩泰精準股份有限公司,otc,FinLab company_basic_info:公司名稱,
4131,NeoCore,otc,FinLab company_basic_info:英文簡稱,NEOCORE
4138,曜亞,otc,FinLab company_basic_info:公司簡稱,
4138,曜亞國際股份有限公司,otc,FinLab company_basic_info:公司名稱,
4138,DMT,otc,FinLab company_basic_info:英文簡稱,DMT
4139,馬光-KY,otc,FinLab company_basic_info:公司簡稱,KY
4139,馬光保健控股股份有限公司,otc,FinLab company_basic_info:公司名稱,
4139,KY M.K.,otc,FinLab company_basic_info:英文簡稱,KY M K
4147,中裕,otc,FinLab company_basic_info:公司簡稱,
4147,中裕新藥股份有限公司,otc,FinLab company_basic_info:公司名稱,
4147,TMB,otc,FinLab company_basic_info:英文簡稱,TMB
4153,鈺緯,otc,FinLab company_basic_info:公司簡稱,
4153,鈺緯科技開發股份有限公司,otc,FinLab company_basic_info:公司名稱,
4153,DIVA Labs.,otc,FinLab company_basic_info:英文簡稱,DIVA LABS
4154,樂威科-KY,otc,FinLab company_basic_info:公司簡稱,KY
4154,樂威科股份有限公司,otc,FinLab company_basic_info:公司名稱,
4154,Raku-KY,otc,FinLab company_basic_info:英文簡稱,RAKU KY
4157,太景*-KY,otc,FinLab company_basic_info:公司簡稱,KY
4157,太景醫藥研發控股股份有限公司,otc,FinLab company_basic_info:公司名稱,
4157,TAIGEN,otc,FinLab company_basic_info:英文簡稱,TAIGEN
4160,訊聯基因,otc,FinLab company_basic_info:公司簡稱,
4160,訊聯基因數位股份有限公司,otc,FinLab company_basic_info:公司名稱,
4160,GGA Corp.,otc,FinLab company_basic_info:英文簡稱,GGA
4161,聿新科,otc,FinLab company_basic_info:公司簡稱,
4161,聿新生物科技股份有限公司,otc,FinLab company_basic_info:公司名稱,
4161,BIOPTIK,otc,FinLab company_basic_info:英文簡稱,BIOPTIK
4162,智擎,otc,FinLab company_basic_info:公司簡稱,
4162,智擎生技製藥股份有限公司,otc,FinLab company_basic_info:公司名稱,
4162,PEI,otc,FinLab company_basic_info:英文簡稱,PEI
4163,鐿鈦,otc,FinLab company_basic_info:公司簡稱,
4163,鐿鈦科技股份有限公司,otc,FinLab company_basic_info:公司名稱,
4163,INTAI,otc,FinLab company_basic_info:英文簡稱,INTAI
4166,友霖,otc,FinLab company_basic_info:公司簡稱,
4166,友霖生技醫藥股份有限公司,otc,FinLab company_basic_info:公司名稱,
4166,OP,otc,FinLab company_basic_info:英文簡稱,OP
4167,松瑞藥,otc,FinLab company_basic_info:公司簡稱,
4167,松瑞製藥股份有限公司,otc,FinLab company_basic_info:公司名稱,
4167,SLC,otc,FinLab company_basic_info:英文簡稱,SLC
4168,醣聯,otc,FinLab company_basic_info:公司簡稱,
4168,台灣醣聯生技醫藥股份有限公司,otc,FinLab company_basic_info:公司名稱,
4168,GlycoNex Inc.,otc,FinLab company_basic_info:英文簡稱,GLYCONEX
4171,瑞基,otc,FinLab company_basic_info:公司簡稱,
4171,瑞基海洋生物科技股份有限公司,otc,FinLab company_basic_info:公司名稱,
4171,GeneReach,otc,FinLab company_basic_info:英文簡稱,GENEREACH
4173,久裕,otc,FinLab company_basic_info:公司簡稱,
4173,久裕企業股份有限公司,otc,FinLab company_basic_info:公司名稱,
4173,ARICH,otc,FinLab company_basic_info:英文簡稱,ARICH
4174,浩鼎,otc,FinLab company_basic_info:公司簡稱,
4174,台灣浩鼎生技股份有限公司,otc,FinLab company_basic_info:公司名稱,
4174,OBI,otc,FinLab company_basic_info:英文簡稱,OBI
4175,杏一,otc,FinLab company_basic_info:公司簡稱,
4175,杏一醫療用品股份有限公司,otc,FinLab company_basic_info:公司名稱,
4175,MedFirst,otc,FinLab company_basic_info:英文簡稱,MEDFIRST
4183,福永生技,otc,FinLab company_basic_info:公司簡稱,
4183,福永生物科技股份有限公司,otc,FinLab company_basic_info:公司名稱,
4183,EPS Bio,otc,FinLab company_basic_info:英文簡稱,EPS BIO
4188,安克,otc,FinLab company_basic_info:公司簡稱,
4188,安克生醫股份有限公司,otc,FinLab company_basic_info:公司名稱,
4188,AmCad,otc,FinLab company_basic_info:英文簡稱,AMCAD
4192,杏國,otc,FinLab company_basic_info:公司簡稱,
4192,杏國新藥股份有限公司,otc,FinLab company_basic_info:公司名稱,
4192,SynCore,otc,FinLab company_basic_info:英文簡稱,SYNCORE
4198,欣大健康,otc,FinLab company_basic_info:公司簡稱,
4198,欣大健康投資控股股份有限公司,otc,FinLab company_basic_info:公司名稱,
4198,S&S,otc,FinLab company_basic_info:英文簡稱,S AND S
4205,中華食,otc,FinLab company_basic_info:公司簡稱,
4205,中華食品實業股份有限公司,otc,FinLab company_basic_info:公司名稱,
4205,CHUNG HWA,otc,FinLab company_basic_info:英文簡稱,CHUNG HWA
4207,環泰,otc,FinLab company_basic_info:公司簡稱,
4207,環泰企業股份有限公司,otc,FinLab company_basic_info:公司名稱,
4207,TFC,otc,FinLab company_basic_info:英文簡稱,TFC
4303,信立,otc,FinLab company_basic_info:公司簡稱,
4303,信立化學工業股份有限公司,otc,FinLab company_basic_info:公司名稱,
4303,HSINLI,otc,FinLab company_basic_info:英文簡稱,HSINLI
4304,勝昱,otc,FinLab company_basic_info:公司簡稱,
4304,勝昱科技股份有限公司,otc,FinLab company_basic_info:公司名稱,
4304,SUNVIC,otc,FinLab company_basic_info:英文簡稱,SUNVIC
4305,世坤,otc,FinLab company_basic_info:公司簡稱,
4305,世坤塑膠股份有限公司,otc,FinLab company_basic_info:公司名稱,
4305,SKP,otc,FinLab company_basic_info:英文簡稱,SKP
4401,東隆興,otc,FinLab company_basic_info:公司簡稱,
4401,東隆興業股份有限公司,otc,FinLab company_basic_info:公司名稱,
4401,TLTM,otc,FinLab company_basic_info:英文簡稱,TLTM
4402,郡都開發,otc,FinLab company_basic_info:公司簡稱,
4402,郡都開發股份有限公司,otc,FinLab company_basic_info:公司名稱,
4402,J.D Development,otc,FinLab company_basic_info:英文簡稱,J D DEVELOPMENT
4406,新昕纖,otc,FinLab company_basic_info:公司簡稱,
4406,新昕纖維股份有限公司,otc,FinLab company_basic_info:公司名稱,
4406,HSIN-SIN,otc,FinLab company_basic_info:英文簡稱,HSIN SIN
4413,飛寶企業,otc,FinLab company_basic_info:公司簡稱,
4413,飛寶企業股份有限公司,otc,FinLab company_basic_info:公司名稱,
4413,EST,otc,FinLab company_basic_info:英文簡稱,EST
4416,三圓,otc,FinLab company_basic_info:公司簡稱,
4416,三圓建設股份有限公司,otc,FinLab company_basic_info:公司名稱,
4416,Sumwon,otc,FinLab company_basic_info:英文簡稱,SUMWON
4417,金洲,otc,FinLab company_basic_info:公司簡稱,
4417,金洲海洋科技股份有限公司,otc,FinLab company_basic_info:公司名稱,
4417,KING CHOU,otc,FinLab company_basic_info:英文簡稱,KING CHOU
4419,皇家美食,otc,FinLab company_basic_info:公司簡稱,
4419,皇家國際美食股份有限公司,otc,FinLab company_basic_info:公司名稱,
4419,KH,otc,FinLab company_basic_info:英文簡稱,KH
4420,光明,otc,FinLab company_basic_info:公司簡稱,
4420,光明絲織廠股份有限公司,otc,FinLab company_basic_info:公司名稱,
4420,Kwang Ming,otc,FinLab company_basic_info:英文簡稱,KWANG MING
4430,耀億,otc,FinLab company_basic_info:公司簡稱,
4430,耀億工業股份有限公司,otc,FinLab company_basic_info:公司名稱,
4430,YAO I,otc,FinLab company_basic_info:英文簡稱,YAO I
4432,銘旺實,otc,FinLab company_basic_info:公司簡稱,
4432,銘旺實業股份有限公司,otc,FinLab company_basic_info:公司名稱,
4432,Haksport,otc,FinLab company_basic_info:英文簡稱,HAKSPORT
4433,興采,otc,FinLab company_basic_info:公司簡稱,
4433,興采實業股份有限公司,otc,FinLab company_basic_info:公司名稱,
4433,Singtex,otc,FinLab company_basic_info:英文簡稱,SINGTEX
4442,竣邦-KY,otc,FinLab company_basic_info:公司簡稱,KY
4442,開曼群島商竣邦國際股份有限公司,otc,FinLab company_basic_info:公司名稱,
4442,J&B-KY,otc,FinLab company_basic_info:英文簡稱,J AND B KY
4502,健信,otc,FinLab company_basic_info:公司簡稱,
4502,健信科技工業股份有限公司,otc,FinLab company_basic_info:公司名稱,
4502,RT,otc,FinLab company_basic_info:英文簡稱,RT
4503,金雨,otc,FinLab company_basic_info:公司簡稱,
4503,金雨企業股份有限公司,otc,FinLab company_basic_info:公司名稱,
4503,GOLD RAIN,otc,FinLab company_basic_info:英文簡稱,GOLD RAIN
4506,崇友,otc,FinLab company_basic_info:公司簡稱,
4506,崇友實業(股)公司,otc,FinLab company_basic_info:公司名稱,
4506,GFC,otc,FinLab company_basic_info:英文簡稱,GFC
4510,高鋒,otc,FinLab company_basic_info:公司簡稱,
4510,高鋒工業股份有限公司,otc,FinLab company_basic_info:公司名稱,
4510,KAFO,otc,FinLab company_basic_info:英文簡稱,KAFO
4513,福裕,otc,FinLab company_basic_info:公司簡稱,
4513,福裕事業股份有限公司,otc,FinLab company_basic_info:公司名稱,
4513,FALCON,otc,FinLab company_basic_info:英文簡稱,FALCON
4523,永彰,otc,FinLab company_basic_info:公司簡稱,
4523,永彰科技股份有限公司,otc,FinLab company_basic_info:公司名稱,
4523,Everbrite,otc,FinLab company_basic_info:英文簡稱,EVERBRITE
4527,方方土霖,otc,FinLab company_basic_info:公司簡稱,
4527,(方方土)霖冷凍機械股份有限公司,otc,FinLab company_basic_info:公司名稱,
4527,KL,otc,FinLab company_basic_info:英文簡稱,KL
4528,江興鍛,otc,FinLab company_basic_info:公司簡稱,
4528,江興鍛壓工業股份有限公司,otc,FinLab company_basic_info:公司名稱,
4528,CHF,otc,FinLab company_basic_info:英文簡稱,CHF
4529,淳紳,otc,FinLab company_basic_info:公司簡稱,
4529,淳紳股份有限公司,otc,FinLab company_basic_info:公司名稱,
4529,EPTECH,otc,FinLab company_basic_info:英文簡稱,EPTECH
4530,宏易,otc,FinLab company_basic_info:公司簡稱,
4530,宏易創新國際股份有限公司,otc,FinLab company_basic_info:公司名稱,
4530,Honyi,otc,FinLab company_basic_info:英文簡稱,HONYI
4533,協易機,otc,FinLab company_basic_info:公司簡稱,
4533,協易機械工業股份有限公司,otc,FinLab company_basic_info:公司名稱,
4533,SEYI,otc,FinLab company_basic_info:英文簡稱,SEYI
4534,慶騰,otc,FinLab company_basic_info:公司簡稱,
4534,慶騰精密科技股份有限公司,otc,FinLab company_basic_info:公司名稱,
4534,trinity,otc,FinLab company_basic_info:英文簡稱,TRINITY
4535,至興,otc,FinLab company_basic_info:公司簡稱,
4535,至興精機股份有限公司,otc,FinLab company_basic_info:公司名稱,
4535,FBT,otc,FinLab company_basic_info:英文簡稱,FBT
4538,大詠城,otc,FinLab company_basic_info:公司簡稱,
4538,大詠城機械股份有限公司,otc,FinLab company_basic_info:公司名稱,
4538,WINSON,otc,FinLab company_basic_info:英文簡稱,WINSON
4541,晟田,otc,FinLab company_basic_info:公司簡稱,
4541,晟田科技工業股份有限公司,otc,FinLab company_basic_info:公司名稱,
4541,Magnate,otc,FinLab company_basic_info:英文簡稱,MAGNATE
4542,科嶠,otc,FinLab company_basic_info:公司簡稱,
4542,科嶠工業股份有限公司,otc,FinLab company_basic_info:公司名稱,
4542,ANT,otc,FinLab company_basic_info:英文簡稱,ANT
4543,萬在,otc,FinLab company_basic_info:公司簡稱,
4543,萬在工業股份有限公司,otc,FinLab company_basic_info:公司名稱,
4543,MAN ZAI,otc,FinLab company_basic_info:英文簡稱,MAN ZAI
4549,桓達,otc,FinLab company_basic_info:公司簡稱,
4549,桓達科技股份有限公司,otc,FinLab company_basic_info:公司名稱,
4549,FineTek,otc,FinLab company_basic_info:英文簡稱,FINETEK
4550,長佳,otc,FinLab company_basic_info:公司簡稱,
4550,長佳機電工程股份有限公司,otc,FinLab company_basic_info:公司名稱,
4550,CJME,otc,FinLab company_basic_info:英文簡稱,CJME
4554,橙的,otc,FinLab company_basic_info:公司簡稱,
4554,橙的電子股份有限公司,otc,FinLab company_basic_info:公司名稱,
4554,Orange,otc,FinLab company_basic_info:英文簡稱,ORANGE
4556,旭然,otc,FinLab company_basic_info:公司簡稱,
4556,旭然國際股份有限公司,otc,FinLab company_basic_info:公司名稱,
4556,BSI,otc,FinLab company_basic_info:英文簡稱,BSI
4558,寶緯,otc,FinLab company_basic_info:公司簡稱,
4558,寶緯工業股份有限公司,otc,FinLab company_basic_info:公司名稱,
4558,Alformer,otc,FinLab company_basic_info:英文簡稱,ALFORMER
4561,健椿,otc,FinLab company_basic_info:公司簡稱,
4561,健椿工業股份有限公司,otc,FinLab company_basic_info:公司名稱,
4561,Kenturn,otc,FinLab company_basic_info:英文簡稱,KENTURN
4563,百德,otc,FinLab company_basic_info:公司簡稱,
4563,百德機械股份有限公司,otc,FinLab company_basic_info:公司名稱,
4563,QUASER,otc,FinLab company_basic_info:英文簡稱,QUASER
4568,科際精密,otc,FinLab company_basic_info:公司簡稱,
4568,科際精密股份有限公司,otc,FinLab company_basic_info:公司名稱,
4568,KOGE,otc,FinLab company_basic_info:英文簡稱,KOGE
4577,達航科技,otc,FinLab company_basic_info:公司簡稱,
4577,達航科技股份有限公司,otc,FinLab company_basic_info:公司名稱,
4577,Ofuna Tech,otc,FinLab company_basic_info:英文簡稱,OFUNA TECH
4580,捷流閥業,otc,FinLab company_basic_info:公司簡稱,
4580,捷流閥業股份有限公司,otc,FinLab company_basic_info:公司名稱,
4580,Value Valves,otc,FinLab company_basic_info:英文簡稱,VALUE VALVES
4584,君帆,otc,FinLab company_basic_info:公司簡稱,
4584,君帆工業股份有限公司,otc,FinLab company_basic_info:公司名稱,
4584,JUFAN,otc,FinLab company_basic_info:英文簡稱,JUFAN
4609,唐鋒,otc,FinLab company_basic_info:公司簡稱,
4609,唐鋒實業股份有限公司,otc,FinLab company_basic_info:公司名稱,
4609,AIRLUX,otc,FinLab company_basic_info:英文簡稱,AIRLUX
4702,中美實,otc,FinLab company_basic_info:公司簡稱,
4702,中美聯合實業股份有限公司,otc,FinLab company_basic_info:公司名稱,
4702,ALLIED,otc,FinLab company_basic_info:英文簡稱,ALLIED
4706,大恭,otc,FinLab company_basic_info:公司簡稱,
4706,大恭化學工業股份有限公司,otc,FinLab company_basic_info:公司名稱,
4706,TKC,otc,FinLab company_basic_info:英文簡稱,TKC
4707,磐亞,otc,FinLab company_basic_info:公司簡稱,
4707,磐亞股份有限公司,otc,FinLab company_basic_info:公司名稱,
4707,PACC,otc,FinLab company_basic_info:英文簡稱,PACC
4711,永純,otc,FinLab company_basic_info:公司簡稱,
4711,永純化學工業股份有限公司,otc,FinLab company_basic_info:公司名稱,
4711,YONG SHUN,otc,FinLab company_basic_info:英文簡稱,YONG SHUN
4714,永捷,otc,FinLab company_basic_info:公司簡稱,
4714,永捷創新科技股份有限公司,otc,FinLab company_basic_info:公司名稱,
4714,UB,otc,FinLab company_basic_info:英文簡稱,UB
4716,大立,otc,FinLab company_basic_info:公司簡稱,
4716,大立高分子工業股份有限公司,otc,FinLab company_basic_info:公司名稱,
4716,DAILY,otc,FinLab company_basic_info:英文簡稱,DAILY
4721,美琪瑪,otc,FinLab company_basic_info:公司簡稱,
4721,美琪瑪國際股份有限公司,otc,FinLab company_basic_info:公司名稱,
4721,mechema,otc,FinLab company_basic_info:英文簡稱,MECHEMA
4726,永昕,otc,FinLab company_basic_info:公司簡稱,
4726,永昕生物醫藥股份有限公司,otc,FinLab company_basic_info:公司名稱,
4726,Mycenax,otc,FinLab company_basic_info:英文簡稱,MYCENAX
4728,雙美,otc,FinLab company_basic_info:公司簡稱,
4728,雙美生物科技股份有限公司,otc,FinLab company_basic_info:公司名稱,
4728,Sunmax,otc,FinLab company_basic_info:英文簡稱,SUNMAX
4729,熒茂,otc,FinLab company_basic_info:公司簡稱,
4729,熒茂光學股份有限公司,otc,FinLab company_basic_info:公司名稱,
4729,MILDEX,otc,FinLab company_basic_info:英文簡稱,MILDEX
4735,豪展,otc,FinLab company_basic_info:公司簡稱,
4735,豪展醫療科技股份有限公司,otc,FinLab company_basic_info:公司名稱,
4735,Avita,otc,FinLab company_basic_info:英文簡稱,AVITA
4741,泓瀚,otc,FinLab company_basic_info:公司簡稱,
4741,泓瀚科技股份有限公司,otc,FinLab company_basic_info:公司名稱,
4741,Jetbest,otc,FinLab company_basic_info:英文簡稱,JETBEST
4743,合一,otc,FinLab company_basic_info:公司簡稱,
4743,合一生技股份有限公司,otc,FinLab company_basic_info:公司名稱,
4743,ONENESS BIOTECH,otc,FinLab company_basic_info:英文簡稱,ONENESS BIOTECH
4744,皇將,otc,FinLab company_basic_info:公司簡稱,
4744,皇將科技股份有限公司,otc,FinLab company_basic_info:公司名稱,
4744,CVC,otc,FinLab company_basic_info:英文簡稱,CVC
4745,合富-KY,otc,FinLab company_basic_info:公司簡稱,KY
4745,合富醫療控股股份有限公司,otc,FinLab company_basic_info:公司名稱,
4745,CMH,otc,FinLab company_basic_info:英文簡稱,CMH
4747,強生製藥,otc,FinLab company_basic_info:公司簡稱,
4747,強生化學製藥廠股份有限公司,otc,FinLab company_basic_info:公司名稱,
4747,JCP,otc,FinLab company_basic_info:英文簡稱,JCP
4749,新應材,otc,FinLab company_basic_info:公司簡稱,
4749,新應材股份有限公司,otc,FinLab company_basic_info:公司名稱,
4749,aemc,otc,FinLab company_basic_info:英文簡稱,AEMC
4754,國碳科,otc,FinLab company_basic_info:公司簡稱,
4754,國碳科技股份有限公司,otc,FinLab company_basic_info:公司名稱,
4754,INCA,otc,FinLab company_basic_info:英文簡稱,INCA
4760,勤凱科技,otc,FinLab company_basic_info:公司簡稱,
4760,勤凱科技股份有限公司,otc,FinLab company_basic_info:公司名稱,
4760,ample,otc,FinLab company_basic_info:英文簡稱,AMPLE
4767,誠泰科技,otc,FinLab company_basic_info:公司簡稱,
4767,誠泰工業科技股份有限公司,otc,FinLab company_basic_info:公司名稱,
4767,CHETAY,otc,FinLab company_basic_info:英文簡稱,CHETAY
4768,晶呈科技,otc,FinLab company_basic_info:公司簡稱,
4768,晶呈科技股份有限公司,otc,FinLab company_basic_info:公司名稱,
4768,INGENTEC,otc,FinLab company_basic_info:英文簡稱,INGENTEC
4772,台特化,otc,FinLab company_basic_info:公司簡稱,
4772,台灣特品化學股份有限公司,otc,FinLab company_basic_info:公司名稱,
4772,TSC,otc,FinLab company_basic_info:英文簡稱,TSC
4804,大略-KY,otc,FinLab company_basic_info:公司簡稱,KY
4804,大略國際控股有限公司,otc,FinLab company_basic_info:公司名稱,
4804,Da Lue,otc,FinLab company_basic_info:英文簡稱,DA LUE
4806,桂田文創,otc,FinLab company_basic_info:公司簡稱,
4806,桂田文創娛樂股份有限公司,otc,FinLab company_basic_info:公司名稱,
4806,KTCCE,otc,FinLab company_basic_info:英文簡稱,KTCCE
4903,聯光通,otc,FinLab company_basic_info:公司簡稱,
4903,聯合光纖通信股份有限公司,otc,FinLab company_basic_info:公司名稱,
4903,UFOC,otc,FinLab company_basic_info:英文簡稱,UFOC
4905,台聯電,otc,FinLab company_basic_info:公司簡稱,
4905,台聯電訊股份有限公司,otc,FinLab company_basic_info:公司名稱,
4905,TAINET,otc,FinLab company_basic_info:英文簡稱,TAINET
4907,富宇,otc,FinLab company_basic_info:公司簡稱,
4907,富宇地產股份有限公司,otc,FinLab company_basic_info:公司名稱,
4907,Fu Yu Property,otc,FinLab company_basic_info:英文簡稱,FU YU PROPERTY
4908,前鼎,otc,FinLab company_basic_info:公司簡稱,
4908,前鼎光電股份有限公司,otc,FinLab company_basic_info:公司名稱,
4908,APAC,otc,FinLab company_basic_info:英文簡稱,APAC
4909,新復興,otc,FinLab company_basic_info:公司簡稱,
4909,新復興微波通訊股份有限公司,otc,FinLab company_basic_info:公司名稱,
4909,NEE,otc,FinLab company_basic_info:英文簡稱,NEE
4911,德英,otc,FinLab company_basic_info:公司簡稱,
4911,德英生物科技股份有限公司,otc,FinLab company_basic_info:公司名稱,
4911,G&E,otc,FinLab company_basic_info:英文簡稱,G AND E
4923,力士,otc,FinLab company_basic_info:公司簡稱,
4923,力士科技股份有限公司,otc,FinLab company_basic_info:公司名稱,
4923,Force Mos,otc,FinLab company_basic_info:英文簡稱,FORCE MOS
4924,欣厚-KY,otc,FinLab company_basic_info:公司簡稱,KY
4924,欣厚科技股份有限公司,otc,FinLab company_basic_info:公司名稱,
4924,HTM,otc,FinLab company_basic_info:英文簡稱,HTM
4931,新盛力,otc,FinLab company_basic_info:公司簡稱,
4931,新盛力科技股份有限公司,otc,FinLab company_basic_info:公司名稱,
4931,STL,otc,FinLab company_basic_info:英文簡稱,STL
4933,友輝,otc,FinLab company_basic_info:公司簡稱,
4933,友輝光電股份有限公司,otc,FinLab company_basic_info:公司名稱,
4933,UBRIGHT,otc,FinLab company_basic_info:英文簡稱,UBRIGHT
4939,亞電,otc,FinLab company_basic_info:公司簡稱,
4939,亞洲電材股份有限公司,otc,FinLab company_basic_info:公司名稱,
4939,AEM,otc,FinLab company_basic_info:英文簡稱,AEM
4946,辣椒,otc,FinLab company_basic_info:公司簡稱,
4946,紅心辣椒娛樂科技股份有限公司,otc,FinLab company_basic_info:公司名稱,
4946,Cayenne Tech,otc,FinLab company_basic_info:英文簡稱,CAYENNE TECH
4950,金耘國際,otc,FinLab company_basic_info:公司簡稱,
4950,金耘國際股份有限公司,otc,FinLab company_basic_info:公司名稱,
4950,GWIC,otc,FinLab company_basic_info:英文簡稱,GWIC
4951,精拓科,otc,FinLab company_basic_info:公司簡稱,
4951,精拓科技股份有限公司,otc,FinLab company_basic_info:公司名稱,
4951,Fintek,otc,FinLab company_basic_info:英文簡稱,FINTEK
4953,緯軟,otc,FinLab company_basic_info:公司簡稱,
4953,緯創軟體股份有限公司,otc,FinLab company_basic_info:公司名稱,
4953,WITS,otc,FinLab company_basic_info:英文簡稱,WITS
4966,譜瑞-KY,otc,FinLab company_basic_info:公司簡稱,KY
4966,譜瑞科技股份有限公司,otc,FinLab company_basic_info:公司名稱,
4966,Parade,otc,FinLab company_basic_info:英文簡稱,PARADE
4971,IET-KY,otc,FinLab company_basic_info:公司簡稱,IET KY
4971,英特磊科技股份有限公司,otc,FinLab company_basic_info:公司名稱,
4971,IET,otc,FinLab company_basic_info:英文簡稱,IET
4972,湯石照明,otc,FinLab company_basic_info:公司簡稱,
4972,湯石照明科技股份有限公司,otc,FinLab company_basic_info:公司名稱,
4972,TONS,otc,FinLab company_basic_info:英文簡稱,TONS
4973,廣穎電通,otc,FinLab company_basic_info:公司簡稱,
4973,廣穎電通股份有限公司,otc,FinLab company_basic_info:公司名稱,
4973,Silicon Power,otc,FinLab company_basic_info:英文簡稱,SILICON POWER
4974,亞泰,otc,FinLab company_basic_info:公司簡稱,
4974,亞泰影像科技股份有限公司,otc,FinLab company_basic_info:公司名稱,
4974,ATII,otc,FinLab company_basic_info:英文簡稱,ATII
4979,華星光,otc,FinLab company_basic_info:公司簡稱,
4979,華星光通科技股份有限公司,otc,FinLab company_basic_info:公司名稱,
4979,LuxNet,otc,FinLab company_basic_info:英文簡稱,LUXNET
4987,科誠,otc,FinLab company_basic_info:公司簡稱,
4987,科誠股份有限公司,otc,FinLab company_basic_info:公司名稱,
4987,GODEX,otc,FinLab company_basic_info:英文簡稱,GODEX
4991,環宇-KY,otc,FinLab company_basic_info:公司簡稱,KY
4991,環宇通訊半導體控股股份有限公司,otc,FinLab company_basic_info:公司名稱,
4991,GCS,otc,FinLab company_basic_info:英文簡稱,GCS
4995,晶達,otc,FinLab company_basic_info:公司簡稱,
4995,晶達光電股份有限公司,otc,FinLab company_basic_info:公司名稱,
4995,Litemax,otc,FinLab company_basic_info:英文簡稱,LITEMAX
5009,榮剛,otc,FinLab company_basic_info:公司簡稱,
5009,榮剛材料科技股份有限公司,otc,FinLab company_basic_info:公司名稱,
5009,GMTC,otc,FinLab company_basic_info:英文簡稱,GMTC
5011,久陽,otc,FinLab company_basic_info:公司簡稱,
5011,久陽精密股份有限公司,otc,FinLab company_basic_info:公司名稱,
5011,OFCO,otc,FinLab company_basic_info:英文簡稱,OFCO
5013,強新,otc,FinLab company_basic_info:公司簡稱,
5013,強新工業股份有限公司,otc,FinLab company_basic_info:公司名稱,
5013,NEW BEST,otc,FinLab company_basic_info:英文簡稱,BEST
5014,建錩,otc,FinLab company_basic_info:公司簡稱,
5014,建錩實業股份有限公司,otc,FinLab company_basic_info:公司名稱,
5014,CCI,otc,FinLab company_basic_info:英文簡稱,CCI
5015,華祺,otc,FinLab company_basic_info:公司簡稱,
5015,華祺工業股份有限公司,otc,FinLab company_basic_info:公司名稱,
5015,RODEX,otc,FinLab company_basic_info:英文簡稱,RODEX
5016,松和,otc,FinLab company_basic_info:公司簡稱,
5016,松和工業股份有限公司,otc,FinLab company_basic_info:公司名稱,
5016,Song Ho,otc,FinLab company_basic_info:英文簡稱,SONG HO
5201,凱衛,otc,FinLab company_basic_info:公司簡稱,
5201,凱衛資訊股份有限公司,otc,FinLab company_basic_info:公司名稱,
5201,KWAY,otc,FinLab company_basic_info:英文簡稱,KWAY
5202,力新,otc,FinLab company_basic_info:公司簡稱,
5202,力新國際科技股份有限公司,otc,FinLab company_basic_info:公司名稱,
5202,NewSoft,otc,FinLab company_basic_info:英文簡稱,NEWSOFT
5205,中茂,otc,FinLab company_basic_info:公司簡稱,
5205,中茂能資系統整合科技(股)公司,otc,FinLab company_basic_info:公司名稱,
5205,TWGET,otc,FinLab company_basic_info:英文簡稱,TWGET
5206,坤悅,otc,FinLab company_basic_info:公司簡稱,
5206,坤悅開發股份有限公司,otc,FinLab company_basic_info:公司名稱,
5206,Kunyue,otc,FinLab company_basic_info:英文簡稱,KUNYUE
5209,新鼎,otc,FinLab company_basic_info:公司簡稱,
5209,新鼎系統股份有限公司,otc,FinLab company_basic_info:公司名稱,
5209,CTCI ASI,otc,FinLab company_basic_info:英文簡稱,CTCI ASI
5210,寶碩,otc,FinLab company_basic_info:公司簡稱,
5210,寶碩財務科技股份有限公司,otc,FinLab company_basic_info:公司名稱,
5210,APEX,otc,FinLab company_basic_info:英文簡稱,APEX
5211,蒙恬,otc,FinLab company_basic_info:公司簡稱,
5211,蒙恬科技股份有限公司,otc,FinLab company_basic_info:公司名稱,
5211,Penpower,otc,FinLab company_basic_info:英文簡稱,PENPOWER
5212,凌網,otc,FinLab company_basic_info:公司簡稱,
5212,凌網科技股份有限公司,otc,FinLab company_basic_info:公司名稱,
5212,HYWEB,otc,FinLab company_basic_info:英文簡稱,HYWEB
5213,亞昕,otc,FinLab company_basic_info:公司簡稱,
5213,亞昕國際開發股份有限公司,otc,FinLab company_basic_info:公司名稱,
5213,YeaShin,otc,FinLab company_basic_info:英文簡稱,YEASHIN
5220,萬達光電,otc,FinLab company_basic_info:公司簡稱,
5220,萬達光電科技股份有限公司,otc,FinLab company_basic_info:公司名稱,
5220,HIGGSTEC,otc,FinLab company_basic_info:英文簡稱,HIGGSTEC
5223,安力-KY,otc,FinLab company_basic_info:公司簡稱,KY
5223,安力國際股份有限公司,otc,FinLab company_basic_info:公司名稱,
5223,Anli,otc,FinLab company_basic_info:英文簡稱,ANLI
5227,立凱-KY,otc,FinLab company_basic_info:公司簡稱,KY
5227,蓋曼立凱電能科技(股)公司,otc,FinLab company_basic_info:公司名稱,
5227,Aleees,otc,FinLab company_basic_info:英文簡稱,ALEEES
5228,鈺鎧,otc,FinLab company_basic_info:公司簡稱,
5228,鈺鎧科技股份有限公司,otc,FinLab company_basic_info:公司名稱,
5228,MAX ECHO,otc,FinLab company_basic_info:英文簡稱,MAX ECHO
5230,雷笛克光學,otc,FinLab company_basic_info:公司簡稱,
5230,雷笛克光學股份有限公司,otc,FinLab company_basic_info:公司名稱,
5230,Ledlink,otc,FinLab company_basic_info:英文簡稱,LEDLINK
5236,凌陽創新,otc,FinLab company_basic_info:公司簡稱,
5236,凌陽創新科技股份有限公司,otc,FinLab company_basic_info:公司名稱,
5236,Sunplusit,otc,FinLab company_basic_info:英文簡稱,SUNPLUSIT
5245,智晶,otc,FinLab company_basic_info:公司簡稱,
5245,智晶光電股份有限公司,otc,FinLab company_basic_info:公司名稱,
5245,WSI,otc,FinLab company_basic_info:英文簡稱,WSI
5251,天鉞電,otc,FinLab company_basic_info:公司簡稱,
5251,天鉞電子股份有限公司,otc,FinLab company_basic_info:公司名稱,
5251,JSW,otc,FinLab company_basic_info:英文簡稱,JSW
5263,智崴,otc,FinLab company_basic_info:公司簡稱,
5263,智崴資訊科技股份有限公司,otc,FinLab company_basic_info:公司名稱,
5263,BROGENT,otc,FinLab company_basic_info:英文簡稱,BROGENT
5272,笙科,otc,FinLab company_basic_info:公司簡稱,
5272,笙科電子股份有限公司,otc,FinLab company_basic_info:公司名稱,
5272,AMICCOM,otc,FinLab company_basic_info:英文簡稱,AMICCOM
5274,信驊,otc,FinLab company_basic_info:公司簡稱,
5274,信驊科技股份有限公司,otc,FinLab company_basic_info:公司名稱,
5274,ASPEED,otc,FinLab company_basic_info:英文簡稱,ASPEED
5276,達輝-KY,otc,FinLab company_basic_info:公司簡稱,KY
5276,達輝股份有限公司,otc,FinLab company_basic_info:公司名稱,
5276,Da Hui,otc,FinLab company_basic_info:英文簡稱,DA HUI
5278,尚凡*,otc,FinLab company_basic_info:公司簡稱,
5278,尚凡國際創新科技股份有限公司,otc,FinLab company_basic_info:公司名稱,
5278,Sunfun,otc,FinLab company_basic_info:英文簡稱,SUNFUN
5287,數字,otc,FinLab company_basic_info:公司簡稱,
5287,數字科技股份有限公司,otc,FinLab company_basic_info:公司名稱,
5287,ADDCN,otc,FinLab company_basic_info:英文簡稱,ADDCN
5289,宜鼎,otc,FinLab company_basic_info:公司簡稱,
5289,宜鼎國際股份有限公司,otc,FinLab company_basic_info:公司名稱,
5289,Innodisk,otc,FinLab company_basic_info:英文簡稱,INNODISK
5291,邑昇,otc,FinLab company_basic_info:公司簡稱,
5291,邑昇實業股份有限公司,otc,FinLab company_basic_info:公司名稱,
5291,EISO,otc,FinLab company_basic_info:英文簡稱,EISO
5299,杰力,otc,FinLab company_basic_info:公司簡稱,
5299,杰力科技股份有限公司,otc,FinLab company_basic_info:公司名稱,
5299,EMC,otc,FinLab company_basic_info:英文簡稱,EMC
5301,寶得利,otc,FinLab company_basic_info:公司簡稱,
5301,寶得利國際股份有限公司,otc,FinLab company_basic_info:公司名稱,
5301,CJW,otc,FinLab company_basic_info:英文簡稱,CJW
5302,太欣,otc,FinLab company_basic_info:公司簡稱,
5302,太欣半導體股份有限公司,otc,FinLab company_basic_info:公司名稱,
5302,STK,otc,FinLab company_basic_info:英文簡稱,STK
5309,系統電,otc,FinLab company_basic_info:公司簡稱,
5309,系統電子工業股份有限公司,otc,FinLab company_basic_info:公司名稱,
5309,SG,otc,FinLab company_basic_info:英文簡稱,SG
5310,天剛,otc,FinLab company_basic_info:公司簡稱,
5310,天剛資訊股份有限公司,otc,FinLab company_basic_info:公司名稱,
5310,CGS,otc,FinLab company_basic_info:英文簡稱,CGS
5312,寶島科,otc,FinLab company_basic_info:公司簡稱,
5312,寶島光學科技股份有限公司,otc,FinLab company_basic_info:公司名稱,
5312,FORMOSA,otc,FinLab company_basic_info:英文簡稱,FORMOSA
5314,世紀*,otc,FinLab company_basic_info:公司簡稱,
5314,世紀民生科技股份有限公司,otc,FinLab company_basic_info:公司名稱,
5314,Myson,otc,FinLab company_basic_info:英文簡稱,MYSON
5315,光聯,otc,FinLab company_basic_info:公司簡稱,
5315,光聯科技股份有限公司,otc,FinLab company_basic_info:公司名稱,
5315,U.R.T.,otc,FinLab company_basic_info:英文簡稱,U R T
5321,美而快,otc,FinLab company_basic_info:公司簡稱,
5321,美而快國際股份有限公司,otc,FinLab company_basic_info:公司名稱,
5321,U.R.,otc,FinLab company_basic_info:英文簡稱,U R
5324,士開,otc,FinLab company_basic_info:公司簡稱,
5324,士林開發股份有限公司,otc,FinLab company_basic_info:公司名稱,
5324,SDC,otc,FinLab company_basic_info:英文簡稱,SDC
5328,華容,otc,FinLab company_basic_info:公司簡稱,
5328,華容股份有限公司,otc,FinLab company_basic_info:公司名稱,
5328,HJC,otc,FinLab company_basic_info:英文簡稱,HJC
5340,建榮,otc,FinLab company_basic_info:公司簡稱,
5340,建榮工業材料股份有限公司,otc,FinLab company_basic_info:公司名稱,
5340,BAOTEK,otc,FinLab company_basic_info:英文簡稱,BAOTEK
5344,立衛,otc,FinLab company_basic_info:公司簡稱,
5344,立衛科技股份有限公司,otc,FinLab company_basic_info:公司名稱,
5344,VATE,otc,FinLab company_basic_info:英文簡稱,VATE
5345,馥鴻,otc,FinLab company_basic_info:公司簡稱,
5345,馥鴻建設股份有限公司,otc,FinLab company_basic_info:公司名稱,
5345,Fullhome,otc,FinLab company_basic_info:英文簡稱,FULLHOME
5347,世界,otc,FinLab company_basic_info:公司簡稱,
5347,世界先進積體電路股份有限公司,otc,FinLab company_basic_info:公司名稱,
5347,VIS,otc,FinLab company_basic_info:英文簡稱,VIS
5348,正能量智能,otc,FinLab company_basic_info:公司簡稱,
5348,正能量智能股份有限公司,otc,FinLab company_basic_info:公司名稱,
5348,EMT,otc,FinLab company_basic_info:英文簡稱,EMT
5351,鈺創,otc,FinLab company_basic_info:公司簡稱,
5351,鈺創科技股份有限公司,otc,FinLab company_basic_info:公司名稱,
5351,Etron,otc,FinLab company_basic_info:英文簡稱,ETRON
5353,台林,otc,FinLab company_basic_info:公司簡稱,
5353,台林電通股份有限公司,otc,FinLab company_basic_info:公司名稱,
5353,Tailyn,otc,FinLab company_basic_info:英文簡稱,TAILYN
5355,佳總,otc,FinLab company_basic_info:公司簡稱,
5355,佳總興業股份有限公司,otc,FinLab company_basic_info:公司名稱,
5355,PSC,otc,FinLab company_basic_info:英文簡稱,PSC
5356,協益,otc,FinLab company_basic_info:公司簡稱,
5356,協益電子股份有限公司,otc,FinLab company_basic_info:公司名稱,
5356,SIRTEC,otc,FinLab company_basic_info:英文簡稱,SIRTEC
5364,力麗店,otc,FinLab company_basic_info:公司簡稱,
5364,力麗觀光開發股份有限公司,otc,FinLab company_basic_info:公司名稱,
5364,LEALEA HOTELS,otc,FinLab company_basic_info:英文簡稱,LEALEA HOTELS
5371,中光電,otc,FinLab company_basic_info:公司簡稱,
5371,中強光電股份有限公司,otc,FinLab company_basic_info:公司名稱,
5371,Coretronic,otc,FinLab company_basic_info:英文簡稱,CORETRONIC
5381,光譜,otc,FinLab company_basic_info:公司簡稱,
5381,光譜電工股份有限公司,otc,FinLab company_basic_info:公司名稱,
5381,SPE,otc,FinLab company_basic_info:英文簡稱,SPE
5386,青雲,otc,FinLab company_basic_info:公司簡稱,
5386,青雲國際科技股份有限公司,otc,FinLab company_basic_info:公司名稱,
5386,ALBATRON,otc,FinLab company_basic_info:英文簡稱,ALBATRON
5392,能率,otc,FinLab company_basic_info:公司簡稱,
5392,能率創新股份有限公司,otc,FinLab company_basic_info:公司名稱,
5392,ABICO AVY,otc,FinLab company_basic_info:英文簡稱,ABICO AVY
5398,慕康生醫,otc,FinLab company_basic_info:公司簡稱,
5398,慕康生技醫藥股份有限公司,otc,FinLab company_basic_info:公司名稱,
5398,Mediera,otc,FinLab company_basic_info:英文簡稱,MEDIERA
5403,中菲,otc,FinLab company_basic_info:公司簡稱,
5403,中菲電腦股份有限公司,otc,FinLab company_basic_info:公司名稱,
5403,DDSC,otc,FinLab company_basic_info:英文簡稱,DDSC
5410,國眾,otc,FinLab company_basic_info:公司簡稱,
5410,國眾電腦股份有限公司,otc,FinLab company_basic_info:公司名稱,
5410,LEO,otc,FinLab company_basic_info:英文簡稱,LEO
5425,台半,otc,FinLab company_basic_info:公司簡稱,
5425,台灣半導體股份有限公司,otc,FinLab company_basic_info:公司名稱,
5425,TSC,otc,FinLab company_basic_info:英文簡稱,TSC
5426,振發,otc,FinLab company_basic_info:公司簡稱,
5426,振發實業股份有限公司,otc,FinLab company_basic_info:公司名稱,
5426,CF,otc,FinLab company_basic_info:英文簡稱,CF
5432,新門,otc,FinLab company_basic_info:公司簡稱,
5432,新門科技股份有限公司,otc,FinLab company_basic_info:公司名稱,
5432,SOLOMON DATA,otc,FinLab company_basic_info:英文簡稱,SOLOMON DATA
5438,東友,otc,FinLab company_basic_info:公司簡稱,
5438,東友科技股份有限公司,otc,FinLab company_basic_info:公司名稱,
5438,TIS,otc,FinLab company_basic_info:英文簡稱,TIS
5439,高技,otc,FinLab company_basic_info:公司簡稱,
5439,高技企業股份有限公司,otc,FinLab company_basic_info:公司名稱,
5439,FHt,otc,FinLab company_basic_info:英文簡稱,FHT
5443,均豪,otc,FinLab company_basic_info:公司簡稱,
5443,均豪精密工業股份有限公司,otc,FinLab company_basic_info:公司名稱,
5443,GPM,otc,FinLab company_basic_info:英文簡稱,GPM
5450,南良,otc,FinLab company_basic_info:公司簡稱,
5450,南良國際股份有限公司,otc,FinLab company_basic_info:公司名稱,
5450,NAMLIONG,otc,FinLab company_basic_info:英文簡稱,NAMLIONG
5452,佶優,otc,FinLab company_basic_info:公司簡稱,
5452,佶優科技股份有限公司,otc,FinLab company_basic_info:公司名稱,
5452,UNIC,otc,FinLab company_basic_info:英文簡稱,UNIC
5455,昇益,otc,FinLab company_basic_info:公司簡稱,
5455,昇益開發股份有限公司,otc,FinLab company_basic_info:公司名稱,
5455,SY,otc,FinLab company_basic_info:英文簡稱,SY
5457,宣德,otc,FinLab company_basic_info:公司簡稱,
5457,宣德科技股份有限公司,otc,FinLab company_basic_info:公司名稱,
5457,SPEED TECH,otc,FinLab company_basic_info:英文簡稱,SPEED TECH
5460,同協,otc,FinLab company_basic_info:公司簡稱,
5460,同協電子股份有限公司,otc,FinLab company_basic_info:公司名稱,
5460,MUSTANG,otc,FinLab company_basic_info:英文簡稱,MUSTANG
5464,霖宏,otc,FinLab company_basic_info:公司簡稱,
5464,霖宏科技股份有限公司,otc,FinLab company_basic_info:公司名稱,
5464,LIN HORN,otc,FinLab company_basic_info:英文簡稱,LIN HORN
5465,富驊,otc,FinLab company_basic_info:公司簡稱,
5465,富驊企業股份有限公司,otc,FinLab company_basic_info:公司名稱,
5465,LFE,otc,FinLab company_basic_info:英文簡稱,LFE
5468,凱鈺,otc,FinLab company_basic_info:公司簡稱,
5468,凱鈺科技股份有限公司,otc,FinLab company_basic_info:公司名稱,
5468,TMTECH,otc,FinLab company_basic_info:英文簡稱,TMTECH
5474,聰泰,otc,FinLab company_basic_info:公司簡稱,
5474,聰泰科技開發股份有限公司,otc,FinLab company_basic_info:公司名稱,
5474,YUAN,otc,FinLab company_basic_info:英文簡稱,YUAN
5475,德宏,otc,FinLab company_basic_info:公司簡稱,
5475,德宏工業股份有限公司,otc,FinLab company_basic_info:公司名稱,
5475,GLOTECH,otc,FinLab company_basic_info:英文簡稱,GLOTECH
5478,智冠,otc,FinLab company_basic_info:公司簡稱,
5478,智冠科技股份有限公司,otc,FinLab company_basic_info:公司名稱,
5478,SOFT-WORLD,otc,FinLab company_basic_info:英文簡稱,SOFT WORLD
5481,新華,otc,FinLab company_basic_info:公司簡稱,
5481,新華泰富股份有限公司,otc,FinLab company_basic_info:公司名稱,
5481,SINOTACT,otc,FinLab company_basic_info:英文簡稱,SINOTACT
5483,中美晶,otc,FinLab company_basic_info:公司簡稱,
5483,中美矽晶製品股份有限公司,otc,FinLab company_basic_info:公司名稱,
5483,SAS,otc,FinLab company_basic_info:英文簡稱,SAS
5487,通泰,otc,FinLab company_basic_info:公司簡稱,
5487,通泰積體電路股份有限公司,otc,FinLab company_basic_info:公司名稱,
5487,TONTEK,otc,FinLab company_basic_info:英文簡稱,TONTEK
5488,松普,otc,FinLab company_basic_info:公司簡稱,
5488,松普科技股份有限公司,otc,FinLab company_basic_info:公司名稱,
5488,SP,otc,FinLab company_basic_info:英文簡稱,SP
5489,彩富,otc,FinLab company_basic_info:公司簡稱,
5489,彩富電子股份有限公司,otc,FinLab company_basic_info:公司名稱,
5489,DYNACOLOR,otc,FinLab company_basic_info:英文簡稱,DYNACOLOR
5490,同亨,otc,FinLab company_basic_info:公司簡稱,
5490,同亨科技股份有限公司,otc,FinLab company_basic_info:公司名稱,
5490,XAC,otc,FinLab company_basic_info:英文簡稱,XAC
5493,三聯,otc,FinLab company_basic_info:公司簡稱,
5493,三聯科技股份有限公司,otc,FinLab company_basic_info:公司名稱,
5493,Sanlien,otc,FinLab company_basic_info:英文簡稱,SANLIEN
5498,凱崴,otc,FinLab company_basic_info:公司簡稱,
5498,凱崴電子股份有限公司,otc,FinLab company_basic_info:公司名稱,
5498,KEY WARE,otc,FinLab company_basic_info:英文簡稱,KEY WARE
5508,永信建,otc,FinLab company_basic_info:公司簡稱,
5508,永信建設開發股份有限公司,otc,FinLab company_basic_info:公司名稱,
5508,YCDC,otc,FinLab company_basic_info:英文簡稱,YCDC
5511,德昌,otc,FinLab company_basic_info:公司簡稱,
5511,德昌營造股份有限公司,otc,FinLab company_basic_info:公司名稱,
5511,TE CHANG,otc,FinLab company_basic_info:英文簡稱,TE CHANG
5512,力麒,otc,FinLab company_basic_info:公司簡稱,
5512,力麒建設股份有限公司,otc,FinLab company_basic_info:公司名稱,
5512,RICH,otc,FinLab company_basic_info:英文簡稱,RICH
5514,三豐,otc,FinLab company_basic_info:公司簡稱,
5514,三豐建設股份有限公司,otc,FinLab company_basic_info:公司名稱,
5514,SUN FON,otc,FinLab company_basic_info:英文簡稱,SUN FON
5516,雙喜,otc,FinLab company_basic_info:公司簡稱,
5516,雙喜營造股份有限公司,otc,FinLab company_basic_info:公司名稱,
5516,SUN-SEA,otc,FinLab company_basic_info:英文簡稱,SUN SEA
5520,力泰,otc,FinLab company_basic_info:公司簡稱,
5520,力泰建設企業股份有限公司,otc,FinLab company_basic_info:公司名稱,
5520,Lihtai,otc,FinLab company_basic_info:英文簡稱,LIHTAI
5523,豐謙,otc,FinLab company_basic_info:公司簡稱,
5523,豐謙建設股份有限公司,otc,FinLab company_basic_info:公司名稱,
5523,FONG CHIEN,otc,FinLab company_basic_info:英文簡稱,FONG CHIEN
5529,鉅陞,otc,FinLab company_basic_info:公司簡稱,
5529,鉅陞國際開發股份有限公司,otc,FinLab company_basic_info:公司名稱,
5529,MEGA,otc,FinLab company_basic_info:英文簡稱,MEGA
5530,龍巖,otc,FinLab company_basic_info:公司簡稱,
5530,龍巖股份有限公司,otc,FinLab company_basic_info:公司名稱,
5530,LUNG YEN,otc,FinLab company_basic_info:英文簡稱,LUNG YEN
5536,聖暉*,otc,FinLab company_basic_info:公司簡稱,
5536,聖暉工程科技股份有限公司,otc,FinLab company_basic_info:公司名稱,
5536,ACTER,otc,FinLab company_basic_info:英文簡稱,ACTER
5543,桓鼎-KY,otc,FinLab company_basic_info:公司簡稱,KY
5543,桓鼎股份有限公司,otc,FinLab company_basic_info:公司名稱,
5543,Buima,otc,FinLab company_basic_info:英文簡稱,BUIMA
5547,久舜,otc,FinLab company_basic_info:公司簡稱,
5547,久舜營造股份有限公司,otc,FinLab company_basic_info:公司名稱,
5547,Jioushun,otc,FinLab company_basic_info:英文簡稱,JIOUSHUN
5548,安倉,otc,FinLab company_basic_info:公司簡稱,
5548,安倉營造股份有限公司,otc,FinLab company_basic_info:公司名稱,
5548,ANCANG,otc,FinLab company_basic_info:英文簡稱,ANCANG
5601,台聯櫃,otc,FinLab company_basic_info:公司簡稱,
5601,臺聯貨櫃通運股份有限公司,otc,FinLab company_basic_info:公司名稱,
5601,TACT,otc,FinLab company_basic_info:英文簡稱,TACT
5603,陸海,otc,FinLab company_basic_info:公司簡稱,
5603,陸海股份有限公司,otc,FinLab company_basic_info:公司名稱,
5603,SEA&LAND,otc,FinLab company_basic_info:英文簡稱,SEA AND LAND
5604,中連,otc,FinLab company_basic_info:公司簡稱,
5604,中連誠企業股份有限公司,otc,FinLab company_basic_info:公司名稱,
5604,CLTC,otc,FinLab company_basic_info:英文簡稱,CLTC
5609,中菲行,otc,FinLab company_basic_info:公司簡稱,
5609,中菲行國際物流股份有限公司,otc,FinLab company_basic_info:公司名稱,
5609,DIMERCO,otc,FinLab company_basic_info:英文簡稱,DIMERCO
5701,劍湖山,otc,FinLab company_basic_info:公司簡稱,
5701,劍湖山世界股份有限公司,otc,FinLab company_basic_info:公司名稱,
5701,JFS,otc,FinLab company_basic_info:英文簡稱,JFS
5703,亞都麗緻,otc,FinLab company_basic_info:公司簡稱,
5703,亞都麗緻大飯店股份有限公司,otc,FinLab company_basic_info:公司名稱,
5703,Landis Taipei,otc,FinLab company_basic_info:英文簡稱,LANDIS TAIPEI
5704,老爺知,otc,FinLab company_basic_info:公司簡稱,
5704,知本老爺大酒店股份有限公司,otc,FinLab company_basic_info:公司名稱,
5704,Chihpen Royal,otc,FinLab company_basic_info:英文簡稱,CHIHPEN ROYAL
5864,致和證,otc,FinLab company_basic_info:公司簡稱,
5864,致和證券股份有限公司,otc,FinLab company_basic_info:公司名稱,
5864,CIS,otc,FinLab company_basic_info:英文簡稱,CIS
5878,台名,otc,FinLab company_basic_info:公司簡稱,
5878,台名保險經紀人股份有限公司,otc,FinLab company_basic_info:公司名稱,
5878,TABC,otc,FinLab company_basic_info:英文簡稱,TABC
5902,德記,otc,FinLab company_basic_info:公司簡稱,
5902,德記洋行股份有限公司,otc,FinLab company_basic_info:公司名稱,
5902,Tait,otc,FinLab company_basic_info:英文簡稱,TAIT
5903,全家,otc,FinLab company_basic_info:公司簡稱,
5903,全家便利商店股份有限公司,otc,FinLab company_basic_info:公司名稱,
5903,FamilyMart,otc,FinLab company_basic_info:英文簡稱,FAMILYMART
5904,寶雅,otc,FinLab company_basic_info:公司簡稱,
5904,寶雅國際股份有限公司,otc,FinLab company_basic_info:公司名稱,
5904,Poya,otc,FinLab company_basic_info:英文簡稱,POYA
5905,南仁湖,otc,FinLab company_basic_info:公司簡稱,
5905,南仁湖育樂股份有限公司,otc,FinLab company_basic_info:公司名稱,
5905,NRL,otc,FinLab company_basic_info:英文簡稱,NRL
6015,宏遠證,otc,FinLab company_basic_info:公司簡稱,
6015,宏遠證券股份有限公司,otc,FinLab company_basic_info:公司名稱,
6015,HORIZON Sec.,otc,FinLab company_basic_info:英文簡稱,HORIZON SEC
6016,康和證,otc,FinLab company_basic_info:公司簡稱,
6016,康和綜合證券股份有限公司,otc,FinLab company_basic_info:公司名稱,
6016,concords,otc,FinLab company_basic_info:英文簡稱,CONCORDS
6020,大展證,otc,FinLab company_basic_info:公司簡稱,
6020,大展證券股份有限公司,otc,FinLab company_basic_info:公司名稱,
6020,TACHAN,otc,FinLab company_basic_info:英文簡稱,TACHAN
6021,美好證,otc,FinLab company_basic_info:公司簡稱,
6021,美好證券股份有限公司,otc,FinLab company_basic_info:公司名稱,
6021,GOOD FINANCE,otc,FinLab company_basic_info:英文簡稱,GOOD FINANCE
6023,元大期貨,otc,FinLab company_basic_info:公司簡稱,
6023,元大期貨股份有限公司,otc,FinLab company_basic_info:公司名稱,
6023,Yuanta Futures,otc,FinLab company_basic_info:英文簡稱,YUANTA FUTURES
6026,福邦證,otc,FinLab company_basic_info:公司簡稱,
6026,福邦證券股份有限公司,otc,FinLab company_basic_info:公司名稱,
6026,GFS,otc,FinLab company_basic_info:英文簡稱,GFS
6028,公勝保經,otc,FinLab company_basic_info:公司簡稱,
6028,公勝保險經紀人股份有限公司,otc,FinLab company_basic_info:公司名稱,
6028,GIBC,otc,FinLab company_basic_info:英文簡稱,GIBC
6101,寬魚國際,otc,FinLab company_basic_info:公司簡稱,
6101,寬魚國際股份有限公司,otc,FinLab company_basic_info:公司名稱,
6101,KIC,otc,FinLab company_basic_info:英文簡稱,KIC
6103,合邦,otc,FinLab company_basic_info:公司簡稱,
6103,合邦電子股份有限公司,otc,FinLab company_basic_info:公司名稱,
6103,AVID,otc,FinLab company_basic_info:英文簡稱,AVID
6104,創惟,otc,FinLab company_basic_info:公司簡稱,
6104,創惟科技股份有限公司,otc,FinLab company_basic_info:公司名稱,
6104,GLI,otc,FinLab company_basic_info:英文簡稱,GLI
6109,亞元,otc,FinLab company_basic_info:公司簡稱,
6109,亞元科技股份有限公司,otc,FinLab company_basic_info:公司名稱,
6109,AtechOEM,otc,FinLab company_basic_info:英文簡稱,ATECHOEM
6111,光聚晶電,otc,FinLab company_basic_info:公司簡稱,
6111,光聚晶電聯合股份有限公司,otc,FinLab company_basic_info:公司名稱,
6111,SFG,otc,FinLab company_basic_info:英文簡稱,SFG
6113,亞矽,otc,FinLab company_basic_info:公司簡稱,
6113,亞矽科技股份有限公司,otc,FinLab company_basic_info:公司名稱,
6113,ASEC,otc,FinLab company_basic_info:英文簡稱,ASEC
6114,久威,otc,FinLab company_basic_info:公司簡稱,
6114,久威國際股份有限公司,otc,FinLab company_basic_info:公司名稱,
6114,JUIC,otc,FinLab company_basic_info:英文簡稱,JUIC
6118,建達,otc,FinLab company_basic_info:公司簡稱,
6118,建達國際股份有限公司,otc,FinLab company_basic_info:公司名稱,
6118,Xander,otc,FinLab company_basic_info:英文簡稱,XANDER
6121,新普,otc,FinLab company_basic_info:公司簡稱,
6121,新普科技股份有限公司,otc,FinLab company_basic_info:公司名稱,
6121,SMP,otc,FinLab company_basic_info:英文簡稱,SMP
6122,擎邦,otc,FinLab company_basic_info:公司簡稱,
6122,擎邦國際科技工程股份有限公司,otc,FinLab company_basic_info:公司名稱,
6122,KPEC,otc,FinLab company_basic_info:英文簡稱,KPEC
6123,上奇,otc,FinLab company_basic_info:公司簡稱,
6123,上奇科技股份有限公司,otc,FinLab company_basic_info:公司名稱,
6123,GrandTech,otc,FinLab company_basic_info:英文簡稱,GRANDTECH
6124,業強,otc,FinLab company_basic_info:公司簡稱,
6124,業強科技股份有限公司,otc,FinLab company_basic_info:公司名稱,
6124,YCTC,otc,FinLab company_basic_info:英文簡稱,YCTC
6125,廣運,otc,FinLab company_basic_info:公司簡稱,
6125,廣運機械工程股份有限公司,otc,FinLab company_basic_info:公司名稱,
6125,KENMEC,otc,FinLab company_basic_info:英文簡稱,KENMEC
6126,信音,otc,FinLab company_basic_info:公司簡稱,
6126,信音企業股份有限公司,otc,FinLab company_basic_info:公司名稱,
6126,SINGATRON,otc,FinLab company_basic_info:英文簡稱,SINGATRON
6127,九豪,otc,FinLab company_basic_info:公司簡稱,
6127,九豪精密陶瓷股份有限公司,otc,FinLab company_basic_info:公司名稱,
6127,LEATEC,otc,FinLab company_basic_info:英文簡稱,LEATEC
6129,普誠,otc,FinLab company_basic_info:公司簡稱,
6129,普誠科技股份有限公司,otc,FinLab company_basic_info:公司名稱,
6129,PTC,otc,FinLab company_basic_info:英文簡稱,PTC
6130,上亞科技,otc,FinLab company_basic_info:公司簡稱,
6130,上亞科技股份有限公司,otc,FinLab company_basic_info:公司名稱,
6130,SHANGYA,otc,FinLab company_basic_info:英文簡稱,SHANGYA
6134,萬旭,otc,FinLab company_basic_info:公司簡稱,
6134,萬旭電業股份有限公司,otc,FinLab company_basic_info:公司名稱,
6134,WanShih,otc,FinLab company_basic_info:英文簡稱,WANSHIH
6138,茂達,otc,FinLab company_basic_info:公司簡稱,
6138,茂達電子股份有限公司,otc,FinLab company_basic_info:公司名稱,
6138,ANPEC,otc,FinLab company_basic_info:英文簡稱,ANPEC
6140,訊達電腦,otc,FinLab company_basic_info:公司簡稱,
6140,訊達電腦股份有限公司,otc,FinLab company_basic_info:公司名稱,
6140,DIMENSION,otc,FinLab company_basic_info:英文簡稱,DIMENSION
6143,振曜,otc,FinLab company_basic_info:公司簡稱,
6143,振曜科技股份有限公司,otc,FinLab company_basic_info:公司名稱,
6143,NETRONIXINC.,otc,FinLab company_basic_info:英文簡稱,NETRONIXINC
6144,得利影,otc,FinLab company_basic_info:公司簡稱,
6144,得利影視股份有限公司,otc,FinLab company_basic_info:公司名稱,
6144,DMT,otc,FinLab company_basic_info:英文簡稱,DMT
6146,耕興,otc,FinLab company_basic_info:公司簡稱,
6146,耕興股份有限公司,otc,FinLab company_basic_info:公司名稱,
6146,SPORTON,otc,FinLab company_basic_info:英文簡稱,SPORTON
6147,頎邦,otc,FinLab company_basic_info:公司簡稱,
6147,頎邦科技股份有限公司,otc,FinLab company_basic_info:公司名稱,
6147,CHIPBOND,otc,FinLab company_basic_info:英文簡稱,CHIPBOND
6148,驊宏資,otc,FinLab company_basic_info:公司簡稱,
6148,驊宏資通股份有限公司,otc,FinLab company_basic_info:公司名稱,
6148,AZION,otc,FinLab company_basic_info:英文簡稱,AZION
6150,撼訊,otc,FinLab company_basic_info:公司簡稱,
6150,撼訊科技股份有限公司,otc,FinLab company_basic_info:公司名稱,
6150,Tul,otc,FinLab company_basic_info:英文簡稱,TUL
6151,晉倫,otc,FinLab company_basic_info:公司簡稱,
6151,晉倫科技股份有限公司,otc,FinLab company_basic_info:公司名稱,
6151,GINAR,otc,FinLab company_basic_info:英文簡稱,GINAR
6154,順發,otc,FinLab company_basic_info:公司簡稱,
6154,順發電腦股份有限公司,otc,FinLab company_basic_info:公司名稱,
6154,Sunfar,otc,FinLab company_basic_info:英文簡稱,SUNFAR
6156,松上,otc,FinLab company_basic_info:公司簡稱,
6156,松上電子股份有限公司,otc,FinLab company_basic_info:公司名稱,
6156,SONG SHANG,otc,FinLab company_basic_info:英文簡稱,SONG SHANG
6158,禾昌,otc,FinLab company_basic_info:公司簡稱,
6158,禾昌興業股份有限公司,otc,FinLab company_basic_info:公司名稱,
6158,P-TWO,otc,FinLab company_basic_info:英文簡稱,P TWO
6160,欣技,otc,FinLab company_basic_info:公司簡稱,
6160,欣技資訊股份有限公司,otc,FinLab company_basic_info:公司名稱,
6160,Cipherlab,otc,FinLab company_basic_info:英文簡稱,CIPHERLAB
6161,捷波,otc,FinLab company_basic_info:公司簡稱,
6161,捷波資訊股份有限公司,otc,FinLab company_basic_info:公司名稱,
6161,JETWAY,otc,FinLab company_basic_info:英文簡稱,JETWAY
6163,華電網,otc,FinLab company_basic_info:公司簡稱,
6163,華電聯網股份有限公司,otc,FinLab company_basic_info:公司名稱,
6163,HWACOM,otc,FinLab company_basic_info:英文簡稱,HWACOM
6167,久正,otc,FinLab company_basic_info:公司簡稱,
6167,久正光電股份有限公司,otc,FinLab company_basic_info:公司名稱,
6167,POWERTIP,otc,FinLab company_basic_info:英文簡稱,POWERTIP
6169,昱泉,otc,FinLab company_basic_info:公司簡稱,
6169,昱泉國際股份有限公司,otc,FinLab company_basic_info:公司名稱,
6169,InterServ,otc,FinLab company_basic_info:英文簡稱,INTERSERV
6170,統振,otc,FinLab company_basic_info:公司簡稱,
6170,統振股份有限公司,otc,FinLab company_basic_info:公司名稱,
6170,WELLDONE,otc,FinLab company_basic_info:英文簡稱,WELLDONE
6171,大城地產,otc,FinLab company_basic_info:公司簡稱,
6171,大城地產股份有限公司,otc,FinLab company_basic_info:公司名稱,
6171,Tacheng,otc,FinLab company_basic_info:英文簡稱,TACHENG
6173,信昌電,otc,FinLab company_basic_info:公司簡稱,
6173,信昌電子陶瓷股份有限公司,otc,FinLab company_basic_info:公司名稱,
6173,P.D.C.,otc,FinLab company_basic_info:英文簡稱,P D
6174,安碁,otc,FinLab company_basic_info:公司簡稱,
6174,安碁科技股份有限公司,otc,FinLab company_basic_info:公司名稱,
6174,AKER,otc,FinLab company_basic_info:英文簡稱,AKER
6175,立敦,otc,FinLab company_basic_info:公司簡稱,
6175,立敦科技股份有限公司,otc,FinLab company_basic_info:公司名稱,
6175,LITON,otc,FinLab company_basic_info:英文簡稱,LITON
6179,亞通,otc,FinLab company_basic_info:公司簡稱,
6179,亞通利大能源股份有限公司,otc,FinLab company_basic_info:公司名稱,
6179,ATE ENERGY.INC,otc,FinLab company_basic_info:英文簡稱,ATE ENERGY
6180,橘子,otc,FinLab company_basic_info:公司簡稱,
6180,遊戲橘子數位科技股份有限公司,otc,FinLab company_basic_info:公司名稱,
6180,GAMANIA,otc,FinLab company_basic_info:英文簡稱,GAMANIA
6182,合晶,otc,FinLab company_basic_info:公司簡稱,
6182,合晶科技股份有限公司,otc,FinLab company_basic_info:公司名稱,
6182,WAFER WORKS,otc,FinLab company_basic_info:英文簡稱,WAFER WORKS
6185,幃翔,otc,FinLab company_basic_info:公司簡稱,
6185,幃翔精密股份有限公司,otc,FinLab company_basic_info:公司名稱,
6185,PLASTRON,otc,FinLab company_basic_info:英文簡稱,PLASTRON
6186,新潤,otc,FinLab company_basic_info:公司簡稱,
6186,新潤興業股份有限公司,otc,FinLab company_basic_info:公司名稱,
6186,Shin Ruenn,otc,FinLab company_basic_info:英文簡稱,SHIN RUENN
6187,萬潤,otc,FinLab company_basic_info:公司簡稱,
6187,萬潤科技股份有限公司,otc,FinLab company_basic_info:公司名稱,
6187,ALL RING,otc,FinLab company_basic_info:英文簡稱,ALL RING
6188,廣明,otc,FinLab company_basic_info:公司簡稱,
6188,廣明光電股份有限公司,otc,FinLab company_basic_info:公司名稱,
6188,QSI,otc,FinLab company_basic_info:英文簡稱,QSI
6190,萬泰科,otc,FinLab company_basic_info:公司簡稱,
6190,萬泰科技股份有限公司,otc,FinLab company_basic_info:公司名稱,
6190,WONDERFUL,otc,FinLab company_basic_info:英文簡稱,WONDERFUL
6194,育富,otc,FinLab company_basic_info:公司簡稱,
6194,育富電子股份有限公司,otc,FinLab company_basic_info:公司名稱,
6194,YUFO,otc,FinLab company_basic_info:英文簡稱,YUFO
6195,詩肯,otc,FinLab company_basic_info:公司簡稱,
6195,詩肯股份有限公司,otc,FinLab company_basic_info:公司名稱,
6195,SCAN-D,otc,FinLab company_basic_info:英文簡稱,SCAN D
6198,瑞築,otc,FinLab company_basic_info:公司簡稱,
6198,瑞築建設股份有限公司,otc,FinLab company_basic_info:公司名稱,
6198,Rich Circle,otc,FinLab company_basic_info:英文簡稱,RICH CIRCLE
6199,天品,otc,FinLab company_basic_info:公司簡稱,
6199,天品聯合企業股份有限公司,otc,FinLab company_basic_info:公司名稱,
6199,TienPin,otc,FinLab company_basic_info:英文簡稱,TIENPIN
6203,海韻電,otc,FinLab company_basic_info:公司簡稱,
6203,海韻電子工業股份有限公司,otc,FinLab company_basic_info:公司名稱,
6203,Sea Sonic,otc,FinLab company_basic_info:英文簡稱,SEA SONIC
6204,艾華,otc,FinLab company_basic_info:公司簡稱,
6204,台灣艾華電子工業股份有限公司,otc,FinLab company_basic_info:公司名稱,
6204,ALPHA,otc,FinLab company_basic_info:英文簡稱,ALPHA
6207,雷科,otc,FinLab company_basic_info:公司簡稱,
6207,雷科股份有限公司,otc,FinLab company_basic_info:公司名稱,
6207,LASERTEK,otc,FinLab company_basic_info:英文簡稱,LASERTEK
6208,日揚,otc,FinLab company_basic_info:公司簡稱,
6208,日揚科技股份有限公司,otc,FinLab company_basic_info:公司名稱,
6208,Htc,otc,FinLab company_basic_info:英文簡稱,HTC
6210,慶生,otc,FinLab company_basic_info:公司簡稱,
6210,慶生電子股份有限公司,otc,FinLab company_basic_info:公司名稱,
6210,KINTECH,otc,FinLab company_basic_info:英文簡稱,KINTECH
6212,理銘,otc,FinLab company_basic_info:公司簡稱,
6212,理銘開發股份有限公司,otc,FinLab company_basic_info:公司名稱,
6212,LI MING,otc,FinLab company_basic_info:英文簡稱,LI MING
6217,中探針,otc,FinLab company_basic_info:公司簡稱,
6217,中國探針股份有限公司,otc,FinLab company_basic_info:公司名稱,
6217,C.C.P.,otc,FinLab company_basic_info:英文簡稱,C C P
6218,豪勉,otc,FinLab company_basic_info:公司簡稱,
6218,豪勉科技股份有限公司,otc,FinLab company_basic_info:公司名稱,
6218,Hauman,otc,FinLab company_basic_info:英文簡稱,HAUMAN
6219,富旺,otc,FinLab company_basic_info:公司簡稱,
6219,富旺國際開發股份有限公司,otc,FinLab company_basic_info:公司名稱,
6219,FULL WANG,otc,FinLab company_basic_info:英文簡稱,FULL WANG
6220,岳豐,otc,FinLab company_basic_info:公司簡稱,
6220,岳豐科技股份有限公司,otc,FinLab company_basic_info:公司名稱,
6220,YFC-BONEAGLE,otc,FinLab company_basic_info:英文簡稱,YFC BONEAGLE
6221,晉泰,otc,FinLab company_basic_info:公司簡稱,
6221,晉泰科技股份有限公司,otc,FinLab company_basic_info:公司名稱,
6221,Genesis,otc,FinLab company_basic_info:英文簡稱,GENESIS
6222,立軒,otc,FinLab company_basic_info:公司簡稱,
6222,立軒開發建設股份有限公司,otc,FinLab company_basic_info:公司名稱,
6222,Li Hsuan,otc,FinLab company_basic_info:英文簡稱,LI HSUAN
6223,旺矽,otc,FinLab company_basic_info:公司簡稱,
6223,旺矽科技股份有限公司,otc,FinLab company_basic_info:公司名稱,
6223,MPI,otc,FinLab company_basic_info:英文簡稱,MPI
6227,茂綸,otc,FinLab company_basic_info:公司簡稱,
6227,茂綸股份有限公司,otc,FinLab company_basic_info:公司名稱,
6227,Macnica Galaxy,otc,FinLab company_basic_info:英文簡稱,MACNICA GALAXY
6228,全譜,otc,FinLab company_basic_info:公司簡稱,
6228,全譜科技股份有限公司,otc,FinLab company_basic_info:公司名稱,
6228,PIE,otc,FinLab company_basic_info:英文簡稱,PIE
6229,研通,otc,FinLab company_basic_info:公司簡稱,
6229,研通科技股份有限公司,otc,FinLab company_basic_info:公司名稱,
6229,V-TAC,otc,FinLab company_basic_info:英文簡稱,V TAC
6231,系微,otc,FinLab company_basic_info:公司簡稱,
6231,系微股份有限公司,otc,FinLab company_basic_info:公司名稱,
6231,Insyde,otc,FinLab company_basic_info:英文簡稱,INSYDE
6233,旺玖,otc,FinLab company_basic_info:公司簡稱,
6233,旺玖科技股份有限公司,otc,FinLab company_basic_info:公司名稱,
6233,PROLIFIC,otc,FinLab company_basic_info:英文簡稱,PROLIFIC
6234,高僑,otc,FinLab company_basic_info:公司簡稱,
6234,高僑自動化科技股份有限公司,otc,FinLab company_basic_info:公司名稱,
6234,TERA AUTO,otc,FinLab company_basic_info:英文簡稱,TERA AUTO
6236,中湛,otc,FinLab company_basic_info:公司簡稱,
6236,中湛股份有限公司,otc,FinLab company_basic_info:公司名稱,
6236,Neith Corp.,otc,FinLab company_basic_info:英文簡稱,NEITH
6237,驊訊,otc,FinLab company_basic_info:公司簡稱,
6237,驊訊電子企業股份有限公司,otc,FinLab company_basic_info:公司名稱,
6237,CMEI,otc,FinLab company_basic_info:英文簡稱,CMEI
6240,松崗,otc,FinLab company_basic_info:公司簡稱,
6240,松崗國際興業股份有限公司,otc,FinLab company_basic_info:公司名稱,
6240,Sung Gang,otc,FinLab company_basic_info:英文簡稱,SUNG GANG
6241,鑫永洋,otc,FinLab company_basic_info:公司簡稱,
6241,鑫永洋科技股份有限公司,otc,FinLab company_basic_info:公司名稱,
6241,AMIGO,otc,FinLab company_basic_info:英文簡稱,AMIGO
6242,立康,otc,FinLab company_basic_info:公司簡稱,
6242,立康生醫事業股份有限公司,otc,FinLab company_basic_info:公司名稱,
6242,LI KANG,otc,FinLab company_basic_info:英文簡稱,LI KANG
6244,茂迪,otc,FinLab company_basic_info:公司簡稱,
6244,茂迪股份有限公司,otc,FinLab company_basic_info:公司名稱,
6244,MOTECH,otc,FinLab company_basic_info:英文簡稱,MOTECH
6245,立端,otc,FinLab company_basic_info:公司簡稱,
6245,立端科技股份有限公司,otc,FinLab company_basic_info:公司名稱,
6245,Lanner,otc,FinLab company_basic_info:英文簡稱,LANNER
6246,臺龍,otc,FinLab company_basic_info:公司簡稱,
6246,臺龍電子股份有限公司,otc,FinLab company_basic_info:公司名稱,
6246,TTFIC,otc,FinLab company_basic_info:英文簡稱,TTFIC
6248,沛波,otc,FinLab company_basic_info:公司簡稱,
6248,沛波鋼鐵股份有限公司,otc,FinLab company_basic_info:公司名稱,
6248,TMP,otc,FinLab company_basic_info:英文簡稱,TMP
6259,百徽,otc,FinLab company_basic_info:公司簡稱,
6259,百徽股份有限公司,otc,FinLab company_basic_info:公司名稱,
6259,BULLWILL,otc,FinLab company_basic_info:英文簡稱,BULLWILL
6261,久元,otc,FinLab company_basic_info:公司簡稱,
6261,久元電子股份有限公司,otc,FinLab company_basic_info:公司名稱,
6261,YTEC,otc,FinLab company_basic_info:英文簡稱,YTEC
6263,普萊德,otc,FinLab company_basic_info:公司簡稱,
6263,普萊德科技股份有限公司,otc,FinLab company_basic_info:公司名稱,
6263,Planet,otc,FinLab company_basic_info:英文簡稱,PLANET
6264,富裔,otc,FinLab company_basic_info:公司簡稱,
6264,富裔實業股份有限公司,otc,FinLab company_basic_info:公司名稱,
6264,KL,otc,FinLab company_basic_info:英文簡稱,KL
6265,方土昶,otc,FinLab company_basic_info:公司簡稱,
6265,方土昶股份有限公司,otc,FinLab company_basic_info:公司名稱,
6265,KCU,otc,FinLab company_basic_info:英文簡稱,KCU
6266,泰詠,otc,FinLab company_basic_info:公司簡稱,
6266,泰詠電子股份有限公司,otc,FinLab company_basic_info:公司名稱,
6266,TOP UNION,otc,FinLab company_basic_info:英文簡稱,TOP UNION
6270,倍微,otc,FinLab company_basic_info:公司簡稱,
6270,倍微科技股份有限公司,otc,FinLab company_basic_info:公司名稱,
6270,PCT,otc,FinLab company_basic_info:英文簡稱,PCT
6274,台燿,otc,FinLab company_basic_info:公司簡稱,
6274,台燿科技股份有限公司,otc,FinLab company_basic_info:公司名稱,
6274,tuc,otc,FinLab company_basic_info:英文簡稱,TUC
6275,元山,otc,FinLab company_basic_info:公司簡稱,
6275,元山科技工業股份有限公司,otc,FinLab company_basic_info:公司名稱,
6275,Y.S.TECH,otc,FinLab company_basic_info:英文簡稱,Y S TECH
6276,安鈦克,otc,FinLab company_basic_info:公司簡稱,
6276,安鈦克科技股份有限公司,otc,FinLab company_basic_info:公司名稱,
6276,Antec,otc,FinLab company_basic_info:英文簡稱,ANTEC
6279,胡連,otc,FinLab company_basic_info:公司簡稱,
6279,胡連精密股份有限公司,otc,FinLab company_basic_info:公司名稱,
6279,HU LANE,otc,FinLab company_basic_info:英文簡稱,HU LANE
6284,佳邦,otc,FinLab company_basic_info:公司簡稱,
6284,佳邦科技股份有限公司,otc,FinLab company_basic_info:公司名稱,
6284,INPAQ,otc,FinLab company_basic_info:英文簡稱,INPAQ
6290,良維,otc,FinLab company_basic_info:公司簡稱,
6290,良維科技股份有限公司,otc,FinLab company_basic_info:公司名稱,
6290,LONGWELL,otc,FinLab company_basic_info:英文簡稱,LONGWELL
6291,沛亨,otc,FinLab company_basic_info:公司簡稱,
6291,沛亨半導體股份有限公司,otc,FinLab company_basic_info:公司名稱,
6291,AIC,otc,FinLab company_basic_info:英文簡稱,AIC
6292,迅德,otc,FinLab company_basic_info:公司簡稱,
6292,迅德興業股份有限公司,otc,FinLab company_basic_info:公司名稱,
6292,AXIS,otc,FinLab company_basic_info:英文簡稱,AXIS
6294,智基,otc,FinLab company_basic_info:公司簡稱,
6294,智基科技開發股份有限公司,otc,FinLab company_basic_info:公司名稱,
6294,Tekom,otc,FinLab company_basic_info:英文簡稱,TEKOM
6411,晶焱,otc,FinLab company_basic_info:公司簡稱,
6411,晶焱科技股份有限公司,otc,FinLab company_basic_info:公司名稱,
6411,Amazing,otc,FinLab company_basic_info:英文簡稱,AMAZING
6417,韋僑,otc,FinLab company_basic_info:公司簡稱,
6417,韋僑科技股份有限公司,otc,FinLab company_basic_info:公司名稱,
6417,SAG,otc,FinLab company_basic_info:英文簡稱,SAG
6418,詠昇,otc,FinLab company_basic_info:公司簡稱,
6418,詠昇電子股份有限公司,otc,FinLab company_basic_info:公司名稱,
6418,Y-S ELEC.,otc,FinLab company_basic_info:英文簡稱,Y S ELEC
6419,京晨科,otc,FinLab company_basic_info:公司簡稱,
6419,京晨科技股份有限公司,otc,FinLab company_basic_info:公司名稱,
6419,NUUO,otc,FinLab company_basic_info:英文簡稱,NUUO
6423,億而得,otc,FinLab company_basic_info:公司簡稱,
6423,億而得微電子股份有限公司,otc,FinLab company_basic_info:公司名稱,
6423,YMC,otc,FinLab company_basic_info:英文簡稱,YMC
6425,易發,otc,FinLab company_basic_info:公司簡稱,
6425,易發精機股份有限公司,otc,FinLab company_basic_info:公司名稱,
6425,EFC,otc,FinLab company_basic_info:英文簡稱,EFC
6432,今展科,otc,FinLab company_basic_info:公司簡稱,
6432,今展科技股份有限公司,otc,FinLab company_basic_info:公司名稱,
6432,ARLITECH,otc,FinLab company_basic_info:英文簡稱,ARLITECH
6435,大中,otc,FinLab company_basic_info:公司簡稱,
6435,大中積體電路股份有限公司,otc,FinLab company_basic_info:公司名稱,
6435,Sinopower,otc,FinLab company_basic_info:英文簡稱,SINOPOWER
6441,廣錠,otc,FinLab company_basic_info:公司簡稱,
6441,廣錠科技股份有限公司,otc,FinLab company_basic_info:公司名稱,
6441,IBS,otc,FinLab company_basic_info:英文簡稱,IBS
6461,益得,otc,FinLab company_basic_info:公司簡稱,
6461,益得生物科技股份有限公司,otc,FinLab company_basic_info:公司名稱,
6461,Intech,otc,FinLab company_basic_info:英文簡稱,INTECH
6462,神盾,otc,FinLab company_basic_info:公司簡稱,
6462,神盾股份有限公司,otc,FinLab company_basic_info:公司名稱,
6462,EGIS,otc,FinLab company_basic_info:英文簡稱,EGIS
6465,威潤,otc,FinLab company_basic_info:公司簡稱,
6465,威潤科技股份有限公司,otc,FinLab company_basic_info:公司名稱,
6465,ATrack,otc,FinLab company_basic_info:英文簡稱,ATRACK
6469,大樹,otc,FinLab company_basic_info:公司簡稱,
6469,大樹醫藥股份有限公司,otc,FinLab company_basic_info:公司名稱,
6469,Great Tree,otc,FinLab company_basic_info:英文簡稱,GREAT TREE
6470,宇智,otc,FinLab company_basic_info:公司簡稱,
6470,宇智網通股份有限公司,otc,FinLab company_basic_info:公司名稱,
6470,U-MEDIA,otc,FinLab company_basic_info:英文簡稱,U MEDIA
6474,華豫寧,otc,FinLab company_basic_info:公司簡稱,
6474,華豫寧股份有限公司,otc,FinLab company_basic_info:公司名稱,
6474,WFE,otc,FinLab company_basic_info:英文簡稱,WFE
6482,弘煜科,otc,FinLab company_basic_info:公司簡稱,
6482,弘煜科技事業股份有限公司,otc,FinLab company_basic_info:公司名稱,
6482,FUN YOURS,otc,FinLab company_basic_info:英文簡稱,FUN YOURS
6485,點序,otc,FinLab company_basic_info:公司簡稱,
6485,點序科技股份有限公司,otc,FinLab company_basic_info:公司名稱,
6485,ASolid,otc,FinLab company_basic_info:英文簡稱,ASOLID
6486,互動,otc,FinLab company_basic_info:公司簡稱,
6486,互動國際數位股份有限公司,otc,FinLab company_basic_info:公司名稱,
6486,IDT,otc,FinLab company_basic_info:英文簡稱,IDT
6488,環球晶,otc,FinLab company_basic_info:公司簡稱,
6488,環球晶圓股份有限公司,otc,FinLab company_basic_info:公司名稱,
6488,GWC,otc,FinLab company_basic_info:英文簡稱,GWC
6492,生華科,otc,FinLab company_basic_info:公司簡稱,
6492,生華生物科技股份有限公司,otc,FinLab company_basic_info:公司名稱,
6492,SH,otc,FinLab company_basic_info:英文簡稱,SH
6494,九齊,otc,FinLab company_basic_info:公司簡稱,
6494,九齊科技股份有限公司,otc,FinLab company_basic_info:公司名稱,
6494,Nyquest,otc,FinLab company_basic_info:英文簡稱,NYQUEST
6496,科懋,otc,FinLab company_basic_info:公司簡稱,
6496,科懋生物科技股份有限公司,otc,FinLab company_basic_info:公司名稱,
6496,Excelsior,otc,FinLab company_basic_info:英文簡稱,EXCELSIOR
6498,久禾光,otc,FinLab company_basic_info:公司簡稱,
6498,久禾光電股份有限公司,otc,FinLab company_basic_info:公司名稱,
6498,PTIC,otc,FinLab company_basic_info:英文簡稱,PTIC
6499,益安,otc,FinLab company_basic_info:公司簡稱,
6499,益安生醫股份有限公司,otc,FinLab company_basic_info:公司名稱,
6499,Medeon,otc,FinLab company_basic_info:英文簡稱,MEDEON
6506,雙邦,otc,FinLab company_basic_info:公司簡稱,
6506,雙邦實業股份有限公司,otc,FinLab company_basic_info:公司名稱,
6506,SBI,otc,FinLab company_basic_info:英文簡稱,SBI
6508,惠光,otc,FinLab company_basic_info:公司簡稱,
6508,惠光股份有限公司,otc,FinLab company_basic_info:公司名稱,
6508,HKC,otc,FinLab company_basic_info:英文簡稱,HKC
6509,聚和,otc,FinLab company_basic_info:公司簡稱,
6509,聚和國際股份有限公司,otc,FinLab company_basic_info:公司名稱,
6509,HOPAX,otc,FinLab company_basic_info:英文簡稱,HOPAX
6510,精測,otc,FinLab company_basic_info:公司簡稱,
6510,中華精測科技股份有限公司,otc,FinLab company_basic_info:公司名稱,
6510,CHPT,otc,FinLab company_basic_info:英文簡稱,CHPT
6512,啟發電,otc,FinLab company_basic_info:公司簡稱,
6512,啟發電子股份有限公司,otc,FinLab company_basic_info:公司名稱,
6512,GoMax,otc,FinLab company_basic_info:英文簡稱,GOMAX
6516,勤崴國際,otc,FinLab company_basic_info:公司簡稱,
6516,勤崴國際科技股份有限公司,otc,FinLab company_basic_info:公司名稱,
6516,KINGWAY,otc,FinLab company_basic_info:英文簡稱,KINGWAY
6517,保勝光學,otc,FinLab company_basic_info:公司簡稱,
6517,保勝光學股份有限公司,otc,FinLab company_basic_info:公司名稱,
6517,BASO,otc,FinLab company_basic_info:英文簡稱,BASO
6523,達爾膚,otc,FinLab company_basic_info:公司簡稱,
6523,達爾膚生醫科技股份有限公司,otc,FinLab company_basic_info:公司名稱,
6523,DR.WU,otc,FinLab company_basic_info:英文簡稱,DR WU
6527,明達醫,otc,FinLab company_basic_info:公司簡稱,
6527,明達醫學科技股份有限公司,otc,FinLab company_basic_info:公司名稱,
6527,Crystalvue,otc,FinLab company_basic_info:英文簡稱,CRYSTALVUE
6530,創威,otc,FinLab company_basic_info:公司簡稱,
6530,創威光電股份有限公司,otc,FinLab company_basic_info:公司名稱,
6530,Axcen,otc,FinLab company_basic_info:英文簡稱,AXCEN
6532,瑞耘,otc,FinLab company_basic_info:公司簡稱,
6532,瑞耘科技股份有限公司,otc,FinLab company_basic_info:公司名稱,
6532,CT,otc,FinLab company_basic_info:英文簡稱,CT
6535,順藥,otc,FinLab company_basic_info:公司簡稱,
6535,順天醫藥生技股份有限公司,otc,FinLab company_basic_info:公司名稱,
6535,LUMOSA,otc,FinLab company_basic_info:英文簡稱,LUMOSA
6538,倉和,otc,FinLab company_basic_info:公司簡稱,
6538,倉和股份有限公司,otc,FinLab company_basic_info:公司名稱,
6538,Brave Screen,otc,FinLab company_basic_info:英文簡稱,BRAVE SCREEN
6542,隆中,otc,FinLab company_basic_info:公司簡稱,
6542,隆中網絡股份有限公司,otc,FinLab company_basic_info:公司名稱,
6542,GAMESPARCS,otc,FinLab company_basic_info:英文簡稱,GAMESPARCS
6546,正基,otc,FinLab company_basic_info:公司簡稱,
6546,正基科技股份有限公司,otc,FinLab company_basic_info:公司名稱,
6546,AMPAK,otc,FinLab company_basic_info:英文簡稱,AMPAK
6547,高端疫苗,otc,FinLab company_basic_info:公司簡稱,
6547,高端疫苗生物製劑股份有限公司,otc,FinLab company_basic_info:公司名稱,
6547,MVC,otc,FinLab company_basic_info:英文簡稱,MVC
6548,長科*,otc,FinLab company_basic_info:公司簡稱,
6548,長華科技股份有限公司,otc,FinLab company_basic_info:公司名稱,
6548,CWTC,otc,FinLab company_basic_info:英文簡稱,CWTC
6556,勝品,otc,FinLab company_basic_info:公司簡稱,
6556,勝品電通股份有限公司,otc,FinLab company_basic_info:公司名稱,
6556,Topview,otc,FinLab company_basic_info:英文簡稱,TOPVIEW
6560,欣普羅,otc,FinLab company_basic_info:公司簡稱,
6560,欣普羅光電股份有限公司,otc,FinLab company_basic_info:公司名稱,
6560,APPROPHO,otc,FinLab company_basic_info:英文簡稱,APPROPHO
6561,是方,otc,FinLab company_basic_info:公司簡稱,
6561,是方電訊股份有限公司,otc,FinLab company_basic_info:公司名稱,
6561,Chief,otc,FinLab company_basic_info:英文簡稱,CHIEF
6568,宏觀,otc,FinLab company_basic_info:公司簡稱,
6568,宏觀微電子股份有限公司,otc,FinLab company_basic_info:公司名稱,
6568,Rafael Micro,otc,FinLab company_basic_info:英文簡稱,RAFAEL MICRO
6569,醫揚,otc,FinLab company_basic_info:公司簡稱,
6569,醫揚科技股份有限公司,otc,FinLab company_basic_info:公司名稱,
6569,onyx,otc,FinLab company_basic_info:英文簡稱,ONYX
6570,維田,otc,FinLab company_basic_info:公司簡稱,
6570,維田科技股份有限公司,otc,FinLab company_basic_info:公司名稱,
6570,APLEX,otc,FinLab company_basic_info:英文簡稱,APLEX
6574,霈方,otc,FinLab company_basic_info:公司簡稱,
6574,霈方國際股份有限公司,otc,FinLab company_basic_info:公司名稱,
6574,MIKOBEAUTE,otc,FinLab company_basic_info:英文簡稱,MIKOBEAUTE
6576,逸達,otc,FinLab company_basic_info:公司簡稱,
6576,逸達生物科技股份有限公司,otc,FinLab company_basic_info:公司名稱,
6576,Foresee,otc,FinLab company_basic_info:英文簡稱,FORESEE
6577,勁豐,otc,FinLab company_basic_info:公司簡稱,
6577,勁豐電子股份有限公司,otc,FinLab company_basic_info:公司名稱,
6577,PSC,otc,FinLab company_basic_info:英文簡稱,PSC
6578,達邦蛋白,otc,FinLab company_basic_info:公司簡稱,
6578,達邦蛋白生技股份有限公司,otc,FinLab company_basic_info:公司名稱,
6578,DaBomb,otc,FinLab company_basic_info:英文簡稱,DABOMB
6584,南俊國際,otc,FinLab company_basic_info:公司簡稱,
6584,南俊國際股份有限公司,otc,FinLab company_basic_info:公司名稱,
6584,NAN JUEN,otc,FinLab company_basic_info:英文簡稱,NAN JUEN
6588,東典光電,otc,FinLab company_basic_info:公司簡稱,
6588,東典光電科技股份有限公司,otc,FinLab company_basic_info:公司名稱,
6588,EOC,otc,FinLab company_basic_info:英文簡稱,EOC
6590,普鴻,otc,FinLab company_basic_info:公司簡稱,
6590,普鴻資訊股份有限公司,otc,FinLab company_basic_info:公司名稱,
6590,Provision,otc,FinLab company_basic_info:英文簡稱,PROVISION
6593,台灣銘板,otc,FinLab company_basic_info:公司簡稱,
6593,台灣銘板股份有限公司,otc,FinLab company_basic_info:公司名稱,
6593,TNP,otc,FinLab company_basic_info:英文簡稱,TNP
6596,寬宏藝術,otc,FinLab company_basic_info:公司簡稱,
6596,寬宏藝術經紀股份有限公司,otc,FinLab company_basic_info:公司名稱,
6596,KHAM Inc.,otc,FinLab company_basic_info:英文簡稱,KHAM
6597,立誠,otc,FinLab company_basic_info:公司簡稱,
6597,立誠光電股份有限公司,otc,FinLab company_basic_info:公司名稱,
6597,ECOCERA,otc,FinLab company_basic_info:英文簡稱,ECOCERA
6603,富強鑫,otc,FinLab company_basic_info:公司簡稱,
6603,富強鑫精密工業股份有限公司,otc,FinLab company_basic_info:公司名稱,
6603,FCS,otc,FinLab company_basic_info:英文簡稱,FCS
6609,瀧澤科,otc,FinLab company_basic_info:公司簡稱,
6609,台灣瀧澤科技股份有限公司,otc,FinLab company_basic_info:公司名稱,
6609,TTT,otc,FinLab company_basic_info:英文簡稱,TTT
6612,奈米醫材,otc,FinLab company_basic_info:公司簡稱,
6612,應用奈米醫材科技股份有限公司,otc,FinLab company_basic_info:公司名稱,
6612,ICARES,otc,FinLab company_basic_info:英文簡稱,ICARES
6613,朋億*,otc,FinLab company_basic_info:公司簡稱,
6613,朋億股份有限公司,otc,FinLab company_basic_info:公司名稱,
6613,Novatech,otc,FinLab company_basic_info:英文簡稱,NOVATECH
6615,慧智,otc,FinLab company_basic_info:公司簡稱,
6615,慧智基因股份有限公司,otc,FinLab company_basic_info:公司名稱,
6615,SOFIVA,otc,FinLab company_basic_info:英文簡稱,SOFIVA
6616,特昇-KY,otc,FinLab company_basic_info:公司簡稱,KY
6616,特昇國際股份有限公司,otc,FinLab company_basic_info:公司名稱,
6616,TIL,otc,FinLab company_basic_info:英文簡稱,TIL
6617,共信-KY,otc,FinLab company_basic_info:公司簡稱,KY
6617,共信醫藥科技控股股份有限公司,otc,FinLab company_basic_info:公司名稱,
6617,Gongwin,otc,FinLab company_basic_info:英文簡稱,GONGWIN
6620,漢達,otc,FinLab company_basic_info:公司簡稱,
6620,漢達生技醫藥股份有限公司,otc,FinLab company_basic_info:公司名稱,
6620,Handa Pharma,otc,FinLab company_basic_info:英文簡稱,HANDA PHARMA
6624,萬年清,otc,FinLab company_basic_info:公司簡稱,
6624,萬年清環境工程股份有限公司,otc,FinLab company_basic_info:公司名稱,
6624,EC,otc,FinLab company_basic_info:英文簡稱,EC
6629,泰金-KY,otc,FinLab company_basic_info:公司簡稱,KY
6629,泰金投資控股股份有限公司,otc,FinLab company_basic_info:公司名稱,
6629,TK-KY,otc,FinLab company_basic_info:英文簡稱,TK KY
6637,醫影,otc,FinLab company_basic_info:公司簡稱,
6637,醫影股份有限公司,otc,FinLab company_basic_info:公司名稱,
6637,MIC,otc,FinLab company_basic_info:英文簡稱,MIC
6640,均華,otc,FinLab company_basic_info:公司簡稱,
6640,均華精密工業股份有限公司,otc,FinLab company_basic_info:公司名稱,
6640,GMM,otc,FinLab company_basic_info:英文簡稱,GMM
6642,富致,otc,FinLab company_basic_info:公司簡稱,
6642,富致科技股份有限公司,otc,FinLab company_basic_info:公司名稱,
6642,FUZETEC,otc,FinLab company_basic_info:英文簡稱,FUZETEC
6643,M31,otc,FinLab company_basic_info:公司簡稱,M31
6643,円星科技股份有限公司,otc,FinLab company_basic_info:公司名稱,
6643,M31,otc,FinLab company_basic_info:英文簡稱,M31
6649,台生材,otc,FinLab company_basic_info:公司簡稱,
6649,台灣生醫材料股份有限公司,otc,FinLab company_basic_info:公司名稱,
6649,TWBM,otc,FinLab company_basic_info:英文簡稱,TWBM
6651,全宇昕,otc,FinLab company_basic_info:公司簡稱,
6651,全宇昕科技股份有限公司,otc,FinLab company_basic_info:公司名稱,
6651,CYSTEK,otc,FinLab company_basic_info:英文簡稱,CYSTEK
6654,天正國際,otc,FinLab company_basic_info:公司簡稱,
6654,天正國際精密機械股份有限公司,otc,FinLab company_basic_info:公司名稱,
6654,TZI,otc,FinLab company_basic_info:英文簡稱,TZI
6661,威健生技,otc,FinLab company_basic_info:公司簡稱,
6661,威健股份有限公司,otc,FinLab company_basic_info:公司名稱,
6661,WELGENE,otc,FinLab company_basic_info:英文簡稱,WELGENE
6662,樂斯科,otc,FinLab company_basic_info:公司簡稱,
6662,樂斯科生物科技股份有限公司,otc,FinLab company_basic_info:公司名稱,
6662,BioLASCO,otc,FinLab company_basic_info:英文簡稱,BIOLASCO
6664,群翊,otc,FinLab company_basic_info:公司簡稱,
6664,群翊工業股份有限公司,otc,FinLab company_basic_info:公司名稱,
6664,Group Up,otc,FinLab company_basic_info:英文簡稱,UP
6667,信紘科,otc,FinLab company_basic_info:公司簡稱,
6667,信紘科技股份有限公司,otc,FinLab company_basic_info:公司名稱,
6667,Trusval,otc,FinLab company_basic_info:英文簡稱,TRUSVAL
6679,鈺太,otc,FinLab company_basic_info:公司簡稱,
6679,鈺太科技股份有限公司,otc,FinLab company_basic_info:公司名稱,
6679,ZILLTEK,otc,FinLab company_basic_info:英文簡稱,ZILLTEK
6680,鑫創電子,otc,FinLab company_basic_info:公司簡稱,
6680,鑫創電子股份有限公司,otc,FinLab company_basic_info:公司名稱,
6680,SINTRONES,otc,FinLab company_basic_info:英文簡稱,SINTRONES
6683,雍智科技,otc,FinLab company_basic_info:公司簡稱,
6683,雍智科技股份有限公司,otc,FinLab company_basic_info:公司名稱,
6683,KSMT,otc,FinLab company_basic_info:英文簡稱,KSMT
6684,安格,otc,FinLab company_basic_info:公司簡稱,
6684,安格科技股份有限公司,otc,FinLab company_basic_info:公司名稱,
6684,AlgolTek,otc,FinLab company_basic_info:英文簡稱,ALGOLTEK
6690,安碁資訊,otc,FinLab company_basic_info:公司簡稱,
6690,安碁資訊股份有限公司,otc,FinLab company_basic_info:公司名稱,
6690,ACSI,otc,FinLab company_basic_info:英文簡稱,ACSI
6692,進能服,otc,FinLab company_basic_info:公司簡稱,
6692,進金生能源服務股份有限公司,otc,FinLab company_basic_info:公司名稱,
6692,AES,otc,FinLab company_basic_info:英文簡稱,AES
6693,廣閎科,otc,FinLab company_basic_info:公司簡稱,
6693,廣閎科技股份有限公司,otc,FinLab company_basic_info:公司名稱,
6693,inergy,otc,FinLab company_basic_info:英文簡稱,INERGY
6697,東捷資訊,otc,FinLab company_basic_info:公司簡稱,
6697,東捷資訊服務股份有限公司,otc,FinLab company_basic_info:公司名稱,
6697,ITTS,otc,FinLab company_basic_info:英文簡稱,ITTS
6703,軒郁,otc,FinLab company_basic_info:公司簡稱,
6703,軒郁國際股份有限公司,otc,FinLab company_basic_info:公司名稱,
6703,SHINY,otc,FinLab company_basic_info:英文簡稱,SHINY
6708,天擎,otc,FinLab company_basic_info:公司簡稱,
6708,天擎積體電路股份有限公司,otc,FinLab company_basic_info:公司名稱,
6708,MARS,otc,FinLab company_basic_info:英文簡稱,MARS
6712,長聖,otc,FinLab company_basic_info:公司簡稱,
6712,長聖國際生技股份有限公司,otc,FinLab company_basic_info:公司名稱,
6712,Ever Supreme,otc,FinLab company_basic_info:英文簡稱,EVER SUPREME
6716,應廣,otc,FinLab company_basic_info:公司簡稱,
6716,應廣科技股份有限公司,otc,FinLab company_basic_info:公司名稱,
6716,PDK,otc,FinLab company_basic_info:英文簡稱,PDK
6720,久昌,otc,FinLab company_basic_info:公司簡稱,
6720,久昌科技股份有限公司,otc,FinLab company_basic_info:公司名稱,
6720,MP,otc,FinLab company_basic_info:英文簡稱,MP
6721,信實,otc,FinLab company_basic_info:公司簡稱,
6721,信實保全股份有限公司,otc,FinLab company_basic_info:公司名稱,
6721,Sincere group,otc,FinLab company_basic_info:英文簡稱,SINCERE
6725,矽科宏晟,otc,FinLab company_basic_info:公司簡稱,
6725,台灣矽科宏晟科技股份有限公司,otc,FinLab company_basic_info:公司名稱,
6725,CHCT,otc,FinLab company_basic_info:英文簡稱,CHCT
6727,亞泰金屬,otc,FinLab company_basic_info:公司簡稱,
6727,亞泰金屬工業股份有限公司,otc,FinLab company_basic_info:公司名稱,
6727,AMI,otc,FinLab company_basic_info:英文簡稱,AMI
6728,上洋,otc,FinLab company_basic_info:公司簡稱,
6728,上洋產業股份有限公司,otc,FinLab company_basic_info:公司名稱,
6728,UP YOUNG,otc,FinLab company_basic_info:英文簡稱,UP YOUNG
6730,常廣,otc,FinLab company_basic_info:公司簡稱,
6730,常廣股份有限公司,otc,FinLab company_basic_info:公司名稱,
6730,LAGIS,otc,FinLab company_basic_info:英文簡稱,LAGIS
6732,昇佳電子,otc,FinLab company_basic_info:公司簡稱,
6732,昇佳電子股份有限公司,otc,FinLab company_basic_info:公司名稱,
6732,sensortek,otc,FinLab company_basic_info:英文簡稱,SENSORTEK
6733,博晟生醫,otc,FinLab company_basic_info:公司簡稱,
6733,博晟生醫股份有限公司,otc,FinLab company_basic_info:公司名稱,
6733,BioGend,otc,FinLab company_basic_info:英文簡稱,BIOGEND
6735,美達科技,otc,FinLab company_basic_info:公司簡稱,
6735,美達科技股份有限公司,otc,FinLab company_basic_info:公司名稱,
6735,AMIDA,otc,FinLab company_basic_info:英文簡稱,AMIDA
6739,竹陞科技,otc,FinLab company_basic_info:公司簡稱,
6739,竹陞科技股份有限公司,otc,FinLab company_basic_info:公司名稱,
6739,GUTC,otc,FinLab company_basic_info:英文簡稱,GUTC
6741,91APP*-KY,otc,FinLab company_basic_info:公司簡稱,91APP KY
6741,91APP Inc.,otc,FinLab company_basic_info:公司名稱,91APP
6741,91APP,otc,FinLab company_basic_info:英文簡稱,91APP
6751,智聯服務,otc,FinLab company_basic_info:公司簡稱,
6751,智聯服務股份有限公司,otc,FinLab company_basic_info:公司名稱,
6751,AST,otc,FinLab company_basic_info:英文簡稱,AST
6752,叡揚,otc,FinLab company_basic_info:公司簡稱,
6752,叡揚資訊股份有限公司,otc,FinLab company_basic_info:公司名稱,
6752,GSS,otc,FinLab company_basic_info:英文簡稱,GSS
6761,穩得,otc,FinLab company_basic_info:公司簡稱,
6761,穩得實業股份有限公司,otc,FinLab company_basic_info:公司名稱,
6761,Wendell,otc,FinLab company_basic_info:英文簡稱,WENDELL
6762,達亞,otc,FinLab company_basic_info:公司簡稱,
6762,達亞國際股份有限公司,otc,FinLab company_basic_info:公司名稱,
6762,Delta Asia,otc,FinLab company_basic_info:英文簡稱,DELTA ASIA
6763,綠界科技*,otc,FinLab company_basic_info:公司簡稱,
6763,綠界科技股份有限公司,otc,FinLab company_basic_info:公司名稱,
6763,Green World,otc,FinLab company_basic_info:英文簡稱,GREEN WORLD
6767,台微醫,otc,FinLab company_basic_info:公司簡稱,
6767,台灣微創醫療器材股份有限公司,otc,FinLab company_basic_info:公司名稱,
6767,Wiltrom,otc,FinLab company_basic_info:英文簡稱,WILTROM
6785,昱展新藥,otc,FinLab company_basic_info:公司簡稱,
6785,昱展新藥生技股份有限公司,otc,FinLab company_basic_info:公司名稱,
6785,Alar,otc,FinLab company_basic_info:英文簡稱,ALAR
6788,華景電,otc,FinLab company_basic_info:公司簡稱,
6788,華景電通股份有限公司,otc,FinLab company_basic_info:公司名稱,
6788,Brillian,otc,FinLab company_basic_info:英文簡稱,BRILLIAN
6791,虎門科技,otc,FinLab company_basic_info:公司簡稱,
6791,虎門科技股份有限公司,otc,FinLab company_basic_info:公司名稱,
6791,TADC,otc,FinLab company_basic_info:英文簡稱,TADC
6803,崑鼎,otc,FinLab company_basic_info:公司簡稱,
6803,崑鼎綠能環保股份有限公司,otc,FinLab company_basic_info:公司名稱,
6803,ECOVE Corp.,otc,FinLab company_basic_info:英文簡稱,ECOVE
6804,明係,otc,FinLab company_basic_info:公司簡稱,
6804,明係事業股份有限公司,otc,FinLab company_basic_info:公司名稱,
6804,Axman,otc,FinLab company_basic_info:英文簡稱,AXMAN
6811,宏碁資訊,otc,FinLab company_basic_info:公司簡稱,
6811,宏碁資訊服務股份有限公司,otc,FinLab company_basic_info:公司名稱,
6811,AEB,otc,FinLab company_basic_info:英文簡稱,AEB
6821,聯寶,otc,FinLab company_basic_info:公司簡稱,
6821,聯寶電子股份有限公司,otc,FinLab company_basic_info:公司名稱,
6821,LKM,otc,FinLab company_basic_info:英文簡稱,LKM
6823,濾能,otc,FinLab company_basic_info:公司簡稱,
6823,濾能股份有限公司,otc,FinLab company_basic_info:公司名稱,
6823,GreenFILTEC,otc,FinLab company_basic_info:英文簡稱,GREENFILTEC
6829,千附精密,otc,FinLab company_basic_info:公司簡稱,
6829,千附精密股份有限公司,otc,FinLab company_basic_info:公司名稱,
6829,CFPREC,otc,FinLab company_basic_info:英文簡稱,CFPREC
6840,東研信超,otc,FinLab company_basic_info:公司簡稱,
6840,東研信超股份有限公司,otc,FinLab company_basic_info:公司名稱,
6840,BTL,otc,FinLab company_basic_info:英文簡稱,BTL
6841,長佳智能,otc,FinLab company_basic_info:公司簡稱,
6841,長佳智能股份有限公司,otc,FinLab company_basic_info:公司名稱,
6841,EFAI,otc,FinLab company_basic_info:英文簡稱,EFAI
6843,進典,otc,FinLab company_basic_info:公司簡稱,
6843,進典工業股份有限公司,otc,FinLab company_basic_info:公司名稱,
6843,JDV,otc,FinLab company_basic_info:英文簡稱,JDV
6844,諾貝兒,otc,FinLab company_basic_info:公司簡稱,
6844,諾貝兒寶貝股份有限公司,otc,FinLab company_basic_info:公司名稱,
6844,NORBEL,otc,FinLab company_basic_info:英文簡稱,NORBEL
6846,綠茵,otc,FinLab company_basic_info:公司簡稱,
6846,綠茵生技股份有限公司,otc,FinLab company_basic_info:公司名稱,
6846,GREENYN,otc,FinLab company_basic_info:英文簡稱,GREENYN
6855,數泓科,otc,FinLab company_basic_info:公司簡稱,
6855,數泓科技股份有限公司,otc,FinLab company_basic_info:公司名稱,
6855,Eclatorq,otc,FinLab company_basic_info:英文簡稱,ECLATORQ
6856,鑫傳,otc,FinLab company_basic_info:公司簡稱,
6856,鑫傳國際多媒體科技股份有限公司,otc,FinLab company_basic_info:公司名稱,
6856,ST media,otc,FinLab company_basic_info:英文簡稱,ST MEDIA
6859,伯特光,otc,FinLab company_basic_info:公司簡稱,
6859,伯特光電股份有限公司,otc,FinLab company_basic_info:公司名稱,
6859,BEST OPT,otc,FinLab company_basic_info:英文簡稱,BEST OPT
6865,偉康科技,otc,FinLab company_basic_info:公司簡稱,
6865,偉康科技股份有限公司,otc,FinLab company_basic_info:公司名稱,
6865,WebComm,otc,FinLab company_basic_info:英文簡稱,WEBCOMM
6870,騰雲,otc,FinLab company_basic_info:公司簡稱,
6870,騰雲科技服務股份有限公司,otc,FinLab company_basic_info:公司名稱,
6870,Turn Cloud,otc,FinLab company_basic_info:英文簡稱,TURN CLOUD
6872,浩宇生醫,otc,FinLab company_basic_info:公司簡稱,
6872,浩宇生醫股份有限公司,otc,FinLab company_basic_info:公司名稱,
6872,NaviFUS,otc,FinLab company_basic_info:英文簡稱,NAVIFUS
6874,倍力,otc,FinLab company_basic_info:公司簡稱,
6874,倍力資訊股份有限公司,otc,FinLab company_basic_info:公司名稱,
6874,M-POWER,otc,FinLab company_basic_info:英文簡稱,M POWER
6875,國邑*,otc,FinLab company_basic_info:公司簡稱,
6875,國邑藥品科技股份有限公司,otc,FinLab company_basic_info:公司名稱,
6875,PBI,otc,FinLab company_basic_info:英文簡稱,PBI
6877,鏵友益,otc,FinLab company_basic_info:公司簡稱,
6877,鏵友益科技股份有限公司,otc,FinLab company_basic_info:公司名稱,
6877,HYE,otc,FinLab company_basic_info:英文簡稱,HYE
6881,潤德,otc,FinLab company_basic_info:公司簡稱,
6881,潤德室內裝修設計工程(股)公司,otc,FinLab company_basic_info:公司名稱,
6881,RTD,otc,FinLab company_basic_info:英文簡稱,RTD
6884,海柏特,otc,FinLab company_basic_info:公司簡稱,
6884,海柏特股份有限公司,otc,FinLab company_basic_info:公司名稱,
6884,HSNC,otc,FinLab company_basic_info:英文簡稱,HSNC
6894,衛司特,otc,FinLab company_basic_info:公司簡稱,
6894,衛司特科技股份有限公司,otc,FinLab company_basic_info:公司名稱,
6894,WRT,otc,FinLab company_basic_info:英文簡稱,WRT
6895,宏碩系統,otc,FinLab company_basic_info:公司簡稱,
6895,宏碩系統股份有限公司,otc,FinLab company_basic_info:公司名稱,
6895,WPTI,otc,FinLab company_basic_info:英文簡稱,WPTI
6899,創為精密,otc,FinLab company_basic_info:公司簡稱,
6899,創為精密材料股份有限公司,otc,FinLab company_basic_info:公司名稱,
6899,AMT,otc,FinLab company_basic_info:英文簡稱,AMT
6903,巨漢,otc,FinLab company_basic_info:公司簡稱,
6903,巨漢系統科技股份有限公司,otc,FinLab company_basic_info:公司名稱,
6903,JH,otc,FinLab company_basic_info:英文簡稱,JH
6904,伯鑫,otc,FinLab company_basic_info:公司簡稱,
6904,伯鑫工具股份有限公司,otc,FinLab company_basic_info:公司名稱,
6904,PROXENE,otc,FinLab company_basic_info:英文簡稱,PROXENE
6907,雅特力-KY,otc,FinLab company_basic_info:公司簡稱,KY
6907,雅特力科技(開曼)股份有限公司,otc,FinLab company_basic_info:公司名稱,
6907,ATK-KY,otc,FinLab company_basic_info:英文簡稱,ATK KY
6910,德鴻,otc,FinLab company_basic_info:公司簡稱,
6910,德鴻科技股份有限公司,otc,FinLab company_basic_info:公司名稱,
6910,Grandsys,otc,FinLab company_basic_info:英文簡稱,GRANDSYS
6913,鴻呈,otc,FinLab company_basic_info:公司簡稱,
6913,鴻呈實業股份有限公司,otc,FinLab company_basic_info:公司名稱,
6913,VSO,otc,FinLab company_basic_info:英文簡稱,VSO
6922,宸曜,otc,FinLab company_basic_info:公司簡稱,
6922,宸曜科技股份有限公司,otc,FinLab company_basic_info:公司名稱,
6922,Neousys,otc,FinLab company_basic_info:英文簡稱,NEOUSYS
6925,意藍,otc,FinLab company_basic_info:公司簡稱,
6925,意藍資訊股份有限公司,otc,FinLab company_basic_info:公司名稱,
6925,eLand,otc,FinLab company_basic_info:英文簡稱,ELAND
6929,佑全,otc,FinLab company_basic_info:公司簡稱,
6929,佑全藥品股份有限公司,otc,FinLab company_basic_info:公司名稱,
6929,We Can,otc,FinLab company_basic_info:英文簡稱,WE CAN
6953,家碩,otc,FinLab company_basic_info:公司簡稱,
6953,家碩科技股份有限公司,otc,FinLab company_basic_info:公司名稱,
6953,GDE,otc,FinLab company_basic_info:英文簡稱,GDE
6961,旅天下,otc,FinLab company_basic_info:公司簡稱,
6961,旅天下聯合國際旅行社(股)公司,otc,FinLab company_basic_info:公司名稱,
6961,Uni Travel,otc,FinLab company_basic_info:英文簡稱,UNI TRAVEL
6967,汎瑋材料,otc,FinLab company_basic_info:公司簡稱,
6967,汎瑋材料科技股份有限公司,otc,FinLab company_basic_info:公司名稱,
6967,TRANS-SUN,otc,FinLab company_basic_info:英文簡稱,TRANS SUN
6968,萬達寵物,otc,FinLab company_basic_info:公司簡稱,
6968,萬達寵物事業股份有限公司,otc,FinLab company_basic_info:公司名稱,
6968,WONDERPETS,otc,FinLab company_basic_info:英文簡稱,WONDERPETS
6971,惠民實業,otc,FinLab company_basic_info:公司簡稱,
6971,惠民實業股份有限公司,otc,FinLab company_basic_info:公司名稱,
6971,HM Env. Tech,otc,FinLab company_basic_info:英文簡稱,HM ENV TECH
6982,大井泵浦,otc,FinLab company_basic_info:公司簡稱,
6982,大井泵浦工業股份有限公司,otc,FinLab company_basic_info:公司名稱,
6982,WALRUS PUMP,otc,FinLab company_basic_info:英文簡稱,WALRUS PUMP
6996,力領科技,otc,FinLab company_basic_info:公司簡稱,
6996,力領科技股份有限公司,otc,FinLab company_basic_info:公司名稱,
6996,forcelead,otc,FinLab company_basic_info:英文簡稱,FORCELEAD
6997,博弘,otc,FinLab company_basic_info:公司簡稱,
6997,博弘雲端科技股份有限公司,otc,FinLab company_basic_info:公司名稱,
6997,Nextlink,otc,FinLab company_basic_info:英文簡稱,NEXTLINK
7402,邑錡,otc,FinLab company_basic_info:公司簡稱,
7402,邑錡股份有限公司,otc,FinLab company_basic_info:公司名稱,
7402,Brinno,otc,FinLab company_basic_info:英文簡稱,BRINNO
7547,碩網,otc,FinLab company_basic_info:公司簡稱,
7547,碩網資訊股份有限公司,otc,FinLab company_basic_info:公司名稱,
7547,INTUMIT,otc,FinLab company_basic_info:英文簡稱,INTUMIT
7556,意德士科技,otc,FinLab company_basic_info:公司簡稱,
7556,意德士科技股份有限公司,otc,FinLab company_basic_info:公司名稱,
7556,YEEDEX,otc,FinLab company_basic_info:英文簡稱,YEEDEX
7584,樂意,otc,FinLab company_basic_info:公司簡稱,
7584,樂意傳播股份有限公司,otc,FinLab company_basic_info:公司名稱,
7584,HAPPYTUK,otc,FinLab company_basic_info:英文簡稱,HAPPYTUK
7642,昶瑞機電,otc,FinLab company_basic_info:公司簡稱,
7642,昶瑞機電股份有限公司,otc,FinLab company_basic_info:公司名稱,
7642,Champ-Ray,otc,FinLab company_basic_info:英文簡稱,CHAMP RAY
7703,銳澤,otc,FinLab company_basic_info:公司簡稱,
7703,銳澤實業股份有限公司,otc,FinLab company_basic_info:公司名稱,
7703,RAYZHER,otc,FinLab company_basic_info:英文簡稱,RAYZHER
7704,明遠精密,otc,FinLab company_basic_info:公司簡稱,
7704,明遠精密科技股份有限公司,otc,FinLab company_basic_info:公司名稱,
7704,Finesse,otc,FinLab company_basic_info:英文簡稱,FINESSE
7708,全家餐飲,otc,FinLab company_basic_info:公司簡稱,
7708,全家國際餐飲股份有限公司,otc,FinLab company_basic_info:公司名稱,
7708,FIG,otc,FinLab company_basic_info:英文簡稱,FIG
7709,榮田,otc,FinLab company_basic_info:公司簡稱,
7709,榮田精機股份有限公司,otc,FinLab company_basic_info:公司名稱,
7709,Honor,otc,FinLab company_basic_info:英文簡稱,HONOR
7712,博盛半導體,otc,FinLab company_basic_info:公司簡稱,
7712,博盛半導體股份有限公司,otc,FinLab company_basic_info:公司名稱,
7712,POTENS,otc,FinLab company_basic_info:英文簡稱,POTENS
7713,威力德生醫,otc,FinLab company_basic_info:公司簡稱,
7713,威力德生醫股份有限公司,otc,FinLab company_basic_info:公司名稱,
7713,WeLeader,otc,FinLab company_basic_info:英文簡稱,WELEADER
7714,創泓科技,otc,FinLab company_basic_info:公司簡稱,
7714,創泓科技股份有限公司,otc,FinLab company_basic_info:公司名稱,
7714,UFTC,otc,FinLab company_basic_info:英文簡稱,UFTC
7715,裕山,otc,FinLab company_basic_info:公司簡稱,
7715,裕山環境工程股份有限公司,otc,FinLab company_basic_info:公司名稱,
7715,Yuh Shan,otc,FinLab company_basic_info:英文簡稱,YUH SHAN
7716,昱臺國際,otc,FinLab company_basic_info:公司簡稱,
7716,昱臺國際股份有限公司,otc,FinLab company_basic_info:公司名稱,
7716,ITI,otc,FinLab company_basic_info:英文簡稱,ITI
7717,萊德光電-KY,otc,FinLab company_basic_info:公司簡稱,KY
7717,英屬開曼群島商萊德光電(股)公司,otc,FinLab company_basic_info:公司名稱,
7717,Lightel-KY,otc,FinLab company_basic_info:英文簡稱,LIGHTEL KY
7718,友鋮,otc,FinLab company_basic_info:公司簡稱,
7718,友鋮股份有限公司,otc,FinLab company_basic_info:公司名稱,
7718,SPEC,otc,FinLab company_basic_info:英文簡稱,SPEC
7723,築間,otc,FinLab company_basic_info:公司簡稱,
7723,築間餐飲事業股份有限公司,otc,FinLab company_basic_info:公司名稱,
7723,JHU JIAN,otc,FinLab company_basic_info:英文簡稱,JHU JIAN
7728,光焱科技,otc,FinLab company_basic_info:公司簡稱,
7728,光焱科技股份有限公司,otc,FinLab company_basic_info:公司名稱,
7728,Enlitech,otc,FinLab company_basic_info:英文簡稱,ENLITECH
7734,印能科技,otc,FinLab company_basic_info:公司簡稱,
7734,印能科技股份有限公司,otc,FinLab company_basic_info:公司名稱,
7734,APT,otc,FinLab company_basic_info:英文簡稱,APT
7738,東聯互動,otc,FinLab company_basic_info:公司簡稱,
7738,東聯互動股份有限公司,otc,FinLab company_basic_info:公司名稱,
7738,EUI,otc,FinLab company_basic_info:英文簡稱,EUI
7743,金利食安,otc,FinLab company_basic_info:公司簡稱,
7743,金利食安科技股份有限公司,otc,FinLab company_basic_info:公司名稱,
7743,KFS,otc,FinLab company_basic_info:英文簡稱,KFS
7744,崴寶,otc,FinLab company_basic_info:公司簡稱,
7744,崴寶精密科技股份有限公司,otc,FinLab company_basic_info:公司名稱,
7744,WB,otc,FinLab company_basic_info:英文簡稱,WB
7747,昕奇雲端,otc,FinLab company_basic_info:公司簡稱,
7747,昕奇雲端科技股份有限公司,otc,FinLab company_basic_info:公司名稱,
7747,GCS,otc,FinLab company_basic_info:英文簡稱,GCS
7751,竑騰,otc,FinLab company_basic_info:公司簡稱,
7751,竑騰科技股份有限公司,otc,FinLab company_basic_info:公司名稱,
7751,HORNG TERNG,otc,FinLab company_basic_info:英文簡稱,HORNG TERNG
7753,星亞,otc,FinLab company_basic_info:公司簡稱,
7753,星亞視覺股份有限公司,otc,FinLab company_basic_info:公司名稱,
7753,SAVC,otc,FinLab company_basic_info:英文簡稱,SAVC
7757,金色三麥,otc,FinLab company_basic_info:公司簡稱,
7757,金色三麥餐飲股份有限公司,otc,FinLab company_basic_info:公司名稱,
7757,Lebledor,otc,FinLab company_basic_info:英文簡稱,LEBLEDOR
7767,仁大資訊,otc,FinLab company_basic_info:公司簡稱,
7767,仁大資訊股份有限公司,otc,FinLab company_basic_info:公司名稱,
7767,HPI,otc,FinLab company_basic_info:英文簡稱,HPI
7770,君曜,otc,FinLab company_basic_info:公司簡稱,
7770,君曜科技股份有限公司,otc,FinLab company_basic_info:公司名稱,
7770,ZEITEC,otc,FinLab company_basic_info:英文簡稱,ZEITEC
7777,能率亞洲,otc,FinLab company_basic_info:公司簡稱,
7777,能率亞洲資本股份有限公司,otc,FinLab company_basic_info:公司名稱,
7777,ABICO ASIA,otc,FinLab company_basic_info:英文簡稱,ABICO ASIA
7782,光速火箭,otc,FinLab company_basic_info:公司簡稱,
7782,光速火箭股份有限公司,otc,FinLab company_basic_info:公司名稱,
7782,SPEEDING ROCKET,otc,FinLab company_basic_info:英文簡稱,SPEEDING ROCKET
7792,安葆,otc,FinLab company_basic_info:公司簡稱,
7792,安葆國際實業股份有限公司,otc,FinLab company_basic_info:公司名稱,
7792,AM-POWER,otc,FinLab company_basic_info:英文簡稱,AM POWER
7805,威聯通,otc,FinLab company_basic_info:公司簡稱,
7805,威聯通科技股份有限公司,otc,FinLab company_basic_info:公司名稱,
7805,QNAP,otc,FinLab company_basic_info:英文簡稱,QNAP
7810,捷創科技,otc,FinLab company_basic_info:公司簡稱,
7810,捷創科技股份有限公司,otc,FinLab company_basic_info:公司名稱,
7810,JTRON,otc,FinLab company_basic_info:英文簡稱,JTRON
7811,民盛,otc,FinLab company_basic_info:公司簡稱,
7811,民盛應用企業股份有限公司,otc,FinLab company_basic_info:公司名稱,
7811,Minson,otc,FinLab company_basic_info:英文簡稱,MINSON
8024,佑華,otc,FinLab company_basic_info:公司簡稱,
8024,佑華微電子股份有限公司,otc,FinLab company_basic_info:公司名稱,
8024,Alpha,otc,FinLab company_basic_info:英文簡稱,ALPHA
8027,鈦昇,otc,FinLab company_basic_info:公司簡稱,
8027,鈦昇科技股份有限公司,otc,FinLab company_basic_info:公司名稱,
8027,E&R,otc,FinLab company_basic_info:英文簡稱,E AND R
8032,光菱,otc,FinLab company_basic_info:公司簡稱,
8032,光菱電子股份有限公司,otc,FinLab company_basic_info:公司名稱,
8032,KORYO,otc,FinLab company_basic_info:英文簡稱,KORYO
8034,榮群,otc,FinLab company_basic_info:公司簡稱,
8034,榮群電訊股份有限公司,otc,FinLab company_basic_info:公司名稱,
8034,OPNET,otc,FinLab company_basic_info:英文簡稱,OPNET
8038,長園科,otc,FinLab company_basic_info:公司簡稱,
8038,長園科技實業股份有限公司,otc,FinLab company_basic_info:公司名稱,
8038,CAEC,otc,FinLab company_basic_info:英文簡稱,CAEC
8040,九暘,otc,FinLab company_basic_info:公司簡稱,
8040,九暘電子股份有限公司,otc,FinLab company_basic_info:公司名稱,
8040,IC+,otc,FinLab company_basic_info:英文簡稱,IC
8042,金山電,otc,FinLab company_basic_info:公司簡稱,
8042,臺灣金山電子工業股份有限公司,otc,FinLab company_basic_info:公司名稱,
8042,CHINSAN,otc,FinLab company_basic_info:英文簡稱,CHINSAN
8043,蜜望實,otc,FinLab company_basic_info:公司簡稱,
8043,蜜望實企業股份有限公司,otc,FinLab company_basic_info:公司名稱,
8043,3H,otc,FinLab company_basic_info:英文簡稱,3H
8044,網家,otc,FinLab company_basic_info:公司簡稱,
8044,網路家庭國際資訊股份有限公司,otc,FinLab company_basic_info:公司名稱,
8044,PChome online,otc,FinLab company_basic_info:英文簡稱,PCHOME ONLINE
8047,星雲,otc,FinLab company_basic_info:公司簡稱,
8047,星雲電腦股份有限公司,otc,FinLab company_basic_info:公司名稱,
8047,GCC,otc,FinLab company_basic_info:英文簡稱,GCC
8048,德勝,otc,FinLab company_basic_info:公司簡稱,
8048,德勝科技股份有限公司,otc,FinLab company_basic_info:公司名稱,
8048,RUBYTECH,otc,FinLab company_basic_info:英文簡稱,RUBYTECH
8049,晶采,otc,FinLab company_basic_info:公司簡稱,
8049,晶采光電科技股份有限公司,otc,FinLab company_basic_info:公司名稱,
8049,AMPIRE,otc,FinLab company_basic_info:英文簡稱,AMPIRE
8050,廣積,otc,FinLab company_basic_info:公司簡稱,
8050,廣積科技股份有限公司,otc,FinLab company_basic_info:公司名稱,
8050,IBASE,otc,FinLab company_basic_info:英文簡稱,IBASE
8054,安國,otc,FinLab company_basic_info:公司簡稱,
8054,安國國際科技股份有限公司,otc,FinLab company_basic_info:公司名稱,
8054,Alcor Micro,otc,FinLab company_basic_info:英文簡稱,ALCOR MICRO
8059,凱碩,otc,FinLab company_basic_info:公司簡稱,
8059,凱碩科技股份有限公司,otc,FinLab company_basic_info:公司名稱,
8059,CTI,otc,FinLab company_basic_info:英文簡稱,CTI
8064,東捷,otc,FinLab company_basic_info:公司簡稱,
8064,東捷科技股份有限公司,otc,FinLab company_basic_info:公司名稱,
8064,CONTREL,otc,FinLab company_basic_info:英文簡稱,CONTREL
8066,來思達,otc,FinLab company_basic_info:公司簡稱,
8066,來思達國際企業股份有限公司,otc,FinLab company_basic_info:公司名稱,
8066,LIFESTYLE,otc,FinLab company_basic_info:英文簡稱,LIFESTYLE
8067,志旭,otc,FinLab company_basic_info:公司簡稱,
8067,志旭國際股份有限公司,otc,FinLab company_basic_info:公司名稱,
8067,Gish INT,otc,FinLab company_basic_info:英文簡稱,GISH INT
8068,全達,otc,FinLab company_basic_info:公司簡稱,
8068,全達國際股份有限公司,otc,FinLab company_basic_info:公司名稱,
8068,Chander,otc,FinLab company_basic_info:英文簡稱,CHANDER
8069,元太,otc,FinLab company_basic_info:公司簡稱,
8069,元太科技工業股份有限公司,otc,FinLab company_basic_info:公司名稱,
8069,EIH,otc,FinLab company_basic_info:英文簡稱,EIH
8071,能率網通,otc,FinLab company_basic_info:公司簡稱,
8071,能率網通股份有限公司,otc,FinLab company_basic_info:公司名稱,
8071,ABICO,otc,FinLab company_basic_info:英文簡稱,ABICO
8074,鉅橡,otc,FinLab company_basic_info:公司簡稱,
8074,鉅橡企業股份有限公司,otc,FinLab company_basic_info:公司名稱,
8074,AURONA,otc,FinLab company_basic_info:英文簡稱,AURONA
8076,伍豐,otc,FinLab company_basic_info:公司簡稱,
8076,伍豐科技股份有限公司,otc,FinLab company_basic_info:公司名稱,
8076,FIRICH,otc,FinLab company_basic_info:英文簡稱,FIRICH
8077,洛碁,otc,FinLab company_basic_info:公司簡稱,
8077,洛碁實業股份有限公司,otc,FinLab company_basic_info:公司名稱,
8077,GWH,otc,FinLab company_basic_info:英文簡稱,GWH
8080,泰霖,otc,FinLab company_basic_info:公司簡稱,
8080,泰霖事業股份有限公司,otc,FinLab company_basic_info:公司名稱,
8080,TerraLink,otc,FinLab company_basic_info:英文簡稱,TERRALINK
8083,瑞穎,otc,FinLab company_basic_info:公司簡稱,
8083,瑞穎股份有限公司,otc,FinLab company_basic_info:公司名稱,
8083,TIC,otc,FinLab company_basic_info:英文簡稱,TIC
8084,巨虹,otc,FinLab company_basic_info:公司簡稱,
8084,巨虹電子股份有限公司,otc,FinLab company_basic_info:公司名稱,
8084,CHIP HOPE,otc,FinLab company_basic_info:英文簡稱,CHIP HOPE
8085,福華,otc,FinLab company_basic_info:公司簡稱,
8085,福華電子股份有限公司,otc,FinLab company_basic_info:公司名稱,
8085,FD,otc,FinLab company_basic_info:英文簡稱,FD
8086,宏捷科,otc,FinLab company_basic_info:公司簡稱,
8086,宏捷科技股份有限公司,otc,FinLab company_basic_info:公司名稱,
8086,AWSC,otc,FinLab company_basic_info:英文簡稱,AWSC
8087,麗升能源,otc,FinLab company_basic_info:公司簡稱,
8087,麗升能源科技股份有限公司,otc,FinLab company_basic_info:公司名稱,
8087,LEADSUN,otc,FinLab company_basic_info:英文簡稱,LEADSUN
8088,品安,otc,FinLab company_basic_info:公司簡稱,
8088,品安科技股份有限公司,otc,FinLab company_basic_info:公司名稱,
8088,PANRAM,otc,FinLab company_basic_info:英文簡稱,PANRAM
8089,康全電訊,otc,FinLab company_basic_info:公司簡稱,
8089,康全電訊股份有限公司,otc,FinLab company_basic_info:公司名稱,
8089,Comtrend,otc,FinLab company_basic_info:英文簡稱,COMTREND
8091,翔名,otc,FinLab company_basic_info:公司簡稱,
8091,翔名科技股份有限公司,otc,FinLab company_basic_info:公司名稱,
8091,FB,otc,FinLab company_basic_info:英文簡稱,FB
8092,建暐,otc,FinLab company_basic_info:公司簡稱,
8092,建暐精密科技股份有限公司,otc,FinLab company_basic_info:公司名稱,
8092,CWPT,otc,FinLab company_basic_info:英文簡稱,CWPT
8093,保銳,otc,FinLab company_basic_info:公司簡稱,
8093,保銳科技股份有限公司,otc,FinLab company_basic_info:公司名稱,
8093,ENERMAX,otc,FinLab company_basic_info:英文簡稱,ENERMAX
8096,擎亞,otc,FinLab company_basic_info:公司簡稱,
8096,擎亞電子股份有限公司,otc,FinLab company_basic_info:公司名稱,
8096,CoAsia,otc,FinLab company_basic_info:英文簡稱,COASIA
8097,常珵,otc,FinLab company_basic_info:公司簡稱,
8097,常珵科技股份有限公司,otc,FinLab company_basic_info:公司名稱,
8097,ATW,otc,FinLab company_basic_info:英文簡稱,ATW
8099,大世科,otc,FinLab company_basic_info:公司簡稱,
8099,大同世界科技股份有限公司,otc,FinLab company_basic_info:公司名稱,
8099,TSTI,otc,FinLab company_basic_info:英文簡稱,TSTI
8102,傑霖科技,otc,FinLab company_basic_info:公司簡稱,
8102,傑霖科技股份有限公司,otc,FinLab company_basic_info:公司名稱,
8102,JEILIN,otc,FinLab company_basic_info:英文簡稱,JEILIN
8107,大億金茂,otc,FinLab company_basic_info:公司簡稱,
8107,大億金茂股份有限公司,otc,FinLab company_basic_info:公司名稱,
8107,KENMOS,otc,FinLab company_basic_info:英文簡稱,KENMOS
8109,博大,otc,FinLab company_basic_info:公司簡稱,
8109,博大科技股份有限公司,otc,FinLab company_basic_info:公司名稱,
8109,P-DUKE,otc,FinLab company_basic_info:英文簡稱,P DUKE
8111,立碁,otc,FinLab company_basic_info:公司簡稱,
8111,立碁電子工業股份有限公司,otc,FinLab company_basic_info:公司名稱,
8111,LIGITEK,otc,FinLab company_basic_info:英文簡稱,LIGITEK
8121,越峰,otc,FinLab company_basic_info:公司簡稱,
8121,越峰電子材料股份有限公司,otc,FinLab company_basic_info:公司名稱,
8121,ACME,otc,FinLab company_basic_info:英文簡稱,ACME
8147,正淩,otc,FinLab company_basic_info:公司簡稱,
8147,正淩精密工業股份有限公司,otc,FinLab company_basic_info:公司名稱,
8147,NEXTRON,otc,FinLab company_basic_info:英文簡稱,NEXTRON
8155,博智,otc,FinLab company_basic_info:公司簡稱,
8155,博智電子股份有限公司,otc,FinLab company_basic_info:公司名稱,
8155,ACCL,otc,FinLab company_basic_info:英文簡稱,ACCL
8171,天宇,otc,FinLab company_basic_info:公司簡稱,
8171,天宇工業股份有限公司,otc,FinLab company_basic_info:公司名稱,
8171,Formosa,otc,FinLab company_basic_info:英文簡稱,FORMOSA
8176,智捷,otc,FinLab company_basic_info:公司簡稱,
8176,智捷科技股份有限公司,otc,FinLab company_basic_info:公司名稱,
8176,ZCOM,otc,FinLab company_basic_info:英文簡稱,ZCOM
8182,加高,otc,FinLab company_basic_info:公司簡稱,
8182,加高電子股份有限公司,otc,FinLab company_basic_info:公司名稱,
8182,HELE,otc,FinLab company_basic_info:英文簡稱,HELE
8183,精星,otc,FinLab company_basic_info:公司簡稱,
8183,台灣精星科技股份有限公司,otc,FinLab company_basic_info:公司名稱,
8183,ITC,otc,FinLab company_basic_info:英文簡稱,ITC
8227,巨有科技,otc,FinLab company_basic_info:公司簡稱,
8227,巨有科技股份有限公司,otc,FinLab company_basic_info:公司名稱,
8227,PGC,otc,FinLab company_basic_info:英文簡稱,PGC
8234,新漢,otc,FinLab company_basic_info:公司簡稱,
8234,新漢股份有限公司,otc,FinLab company_basic_info:公司名稱,
8234,NEXCOM,otc,FinLab company_basic_info:英文簡稱,NEXCOM
8240,華宏,otc,FinLab company_basic_info:公司簡稱,
8240,華宏新技股份有限公司,otc,FinLab company_basic_info:公司名稱,
8240,WAH HONG,otc,FinLab company_basic_info:英文簡稱,WAH HONG
8255,朋程,otc,FinLab company_basic_info:公司簡稱,
8255,朋程科技股份有限公司,otc,FinLab company_basic_info:公司名稱,
8255,ATC,otc,FinLab company_basic_info:英文簡稱,ATC
8272,全景軟體,otc,FinLab company_basic_info:公司簡稱,
8272,全景軟體股份有限公司,otc,FinLab company_basic_info:公司名稱,
8272,Changing,otc,FinLab company_basic_info:英文簡稱,CHANGING
8277,商丞,otc,FinLab company_basic_info:公司簡稱,
8277,商丞科技股份有限公司,otc,FinLab company_basic_info:公司名稱,
8277,UNIFOSA,otc,FinLab company_basic_info:英文簡稱,UNIFOSA
8279,生展,otc,FinLab company_basic_info:公司簡稱,
8279,生展生物科技股份有限公司,otc,FinLab company_basic_info:公司名稱,
8279,SYNGEN,otc,FinLab company_basic_info:英文簡稱,SYNGEN
8284,三竹,otc,FinLab company_basic_info:公司簡稱,
8284,三竹資訊股份有限公司,otc,FinLab company_basic_info:公司名稱,
8284,MITAKE,otc,FinLab company_basic_info:英文簡稱,MITAKE
8289,泰藝,otc,FinLab company_basic_info:公司簡稱,
8289,泰藝電子股份有限公司,otc,FinLab company_basic_info:公司名稱,
8289,Taitien,otc,FinLab company_basic_info:英文簡稱,TAITIEN
8291,尚茂,otc,FinLab company_basic_info:公司簡稱,
8291,尚茂電子材料股份有限公司,otc,FinLab company_basic_info:公司名稱,
8291,SMT,otc,FinLab company_basic_info:英文簡稱,SMT
8299,群聯,otc,FinLab company_basic_info:公司簡稱,
8299,群聯電子股份有限公司,otc,FinLab company_basic_info:公司名稱,
8299,Phison,otc,FinLab company_basic_info:英文簡稱,PHISON
8342,益張,otc,FinLab company_basic_info:公司簡稱,
8342,益張實業股份有限公司,otc,FinLab company_basic_info:公司名稱,
8342,I JANG,otc,FinLab company_basic_info:英文簡稱,I JANG
8349,恒耀國際,otc,FinLab company_basic_info:公司簡稱,
8349,恒耀國際股份有限公司,otc,FinLab company_basic_info:公司名稱,
8349,QST,otc,FinLab company_basic_info:英文簡稱,QST
8354,冠好,otc,FinLab company_basic_info:公司簡稱,
8354,冠好科技股份有限公司,otc,FinLab company_basic_info:公司名稱,
8354,KH,otc,FinLab company_basic_info:英文簡稱,KH
8358,金居,otc,FinLab company_basic_info:公司簡稱,
8358,金居開發股份有限公司,otc,FinLab company_basic_info:公司名稱,
8358,CO-TECH,otc,FinLab company_basic_info:英文簡稱,TECH
8383,千附,otc,FinLab company_basic_info:公司簡稱,
8383,千附實業股份有限公司,otc,FinLab company_basic_info:公司名稱,
8383,ChenFull,otc,FinLab company_basic_info:英文簡稱,CHENFULL
8390,金益鼎,otc,FinLab company_basic_info:公司簡稱,
8390,金益鼎企業股份有限公司,otc,FinLab company_basic_info:公司名稱,
8390,JYD,otc,FinLab company_basic_info:英文簡稱,JYD
8401,白紗科,otc,FinLab company_basic_info:公司簡稱,
8401,白紗科技印刷股份有限公司,otc,FinLab company_basic_info:公司名稱,
8401,BAI SHA,otc,FinLab company_basic_info:英文簡稱,BAI SHA
8403,盛弘,otc,FinLab company_basic_info:公司簡稱,
8403,盛弘醫藥股份有限公司,otc,FinLab company_basic_info:公司名稱,
8403,SHAREHOPE,otc,FinLab company_basic_info:英文簡稱,SHAREHOPE
8409,商之器,otc,FinLab company_basic_info:公司簡稱,
8409,商之器科技股份有限公司,otc,FinLab company_basic_info:公司名稱,
8409,EBM,otc,FinLab company_basic_info:英文簡稱,EBM
8410,森田,otc,FinLab company_basic_info:公司簡稱,
8410,森田印刷廠股份有限公司,otc,FinLab company_basic_info:公司名稱,
8410,Sen Tien,otc,FinLab company_basic_info:英文簡稱,SEN TIEN
8415,大國鋼,otc,FinLab company_basic_info:公司簡稱,
8415,大成國際鋼鐵股份有限公司,otc,FinLab company_basic_info:公司名稱,
8415,Brighton-Best,otc,FinLab company_basic_info:英文簡稱,BRIGHTON BEST
8416,實威,otc,FinLab company_basic_info:公司簡稱,
8416,實威國際股份有限公司,otc,FinLab company_basic_info:公司名稱,
8416,SWTC,otc,FinLab company_basic_info:英文簡稱,SWTC
8421,旭源,otc,FinLab company_basic_info:公司簡稱,
8421,旭源包裝科技股份有限公司,otc,FinLab company_basic_info:公司名稱,
8421,XYP,otc,FinLab company_basic_info:英文簡稱,XYP
8423,保綠-KY,otc,FinLab company_basic_info:公司簡稱,KY
8423,保綠資源股份有限公司,otc,FinLab company_basic_info:公司名稱,
8423,Polygreen,otc,FinLab company_basic_info:英文簡稱,POLYGREEN
8424,惠普,otc,FinLab company_basic_info:公司簡稱,
8424,惠普股份有限公司,otc,FinLab company_basic_info:公司名稱,
8424,WELLPOOL,otc,FinLab company_basic_info:英文簡稱,WELLPOOL
8426,紅木-KY,otc,FinLab company_basic_info:公司簡稱,KY
8426,紅木集團有限公司,otc,FinLab company_basic_info:公司名稱,
8426,Redwood,otc,FinLab company_basic_info:英文簡稱,REDWOOD
8431,匯鑽科,otc,FinLab company_basic_info:公司簡稱,
8431,匯鑽科技股份有限公司,otc,FinLab company_basic_info:公司名稱,
8431,SPT,otc,FinLab company_basic_info:英文簡稱,SPT
8432,東生華,otc,FinLab company_basic_info:公司簡稱,
8432,東生華製藥股份有限公司,otc,FinLab company_basic_info:公司名稱,
8432,TSH,otc,FinLab company_basic_info:英文簡稱,TSH
8433,弘帆,otc,FinLab company_basic_info:公司簡稱,
8433,弘帆股份有限公司,otc,FinLab company_basic_info:公司名稱,
8433,BON FAME,otc,FinLab company_basic_info:英文簡稱,BON FAME
8435,鉅邁,otc,FinLab company_basic_info:公司簡稱,
8435,台灣鉅邁股份有限公司,otc,FinLab company_basic_info:公司名稱,
8435,Zimmite,otc,FinLab company_basic_info:英文簡稱,ZIMMITE
8436,大江,otc,FinLab company_basic_info:公司簡稱,
8436,大江生醫股份有限公司,otc,FinLab company_basic_info:公司名稱,
8436,TCI,otc,FinLab company_basic_info:英文簡稱,TCI
8437,大地-KY,otc,FinLab company_basic_info:公司簡稱,KY
8437,大地幼教股份有限公司,otc,FinLab company_basic_info:公司名稱,
8437,Dadi,otc,FinLab company_basic_info:英文簡稱,DADI
8440,綠電,otc,FinLab company_basic_info:公司簡稱,
8440,綠電再生股份有限公司,otc,FinLab company_basic_info:公司名稱,
8440,E＆E,otc,FinLab company_basic_info:英文簡稱,E E
8444,綠河-KY,otc,FinLab company_basic_info:公司簡稱,KY
8444,綠河股份有限公司,otc,FinLab company_basic_info:公司名稱,
8444,Green River,otc,FinLab company_basic_info:英文簡稱,GREEN RIVER
8446,華研,otc,FinLab company_basic_info:公司簡稱,
8446,華研國際音樂股份有限公司,otc,FinLab company_basic_info:公司名稱,
8446,HIM Music,otc,FinLab company_basic_info:英文簡稱,HIM MUSIC
8450,霹靂,otc,FinLab company_basic_info:公司簡稱,
8450,霹靂國際多媒體股份有限公司,otc,FinLab company_basic_info:公司名稱,
8450,PILI,otc,FinLab company_basic_info:英文簡稱,PILI
8455,大拓-KY,otc,FinLab company_basic_info:公司簡稱,KY
8455,蓋曼群島商日本大拓股份有限公司,otc,FinLab company_basic_info:公司名稱,
8455,Daito ME,otc,FinLab company_basic_info:英文簡稱,DAITO ME
8472,夠麻吉,otc,FinLab company_basic_info:公司簡稱,
8472,夠麻吉股份有限公司,otc,FinLab company_basic_info:公司名稱,
8472,GOMAJI,otc,FinLab company_basic_info:英文簡稱,GOMAJI
8477,創業家,otc,FinLab company_basic_info:公司簡稱,
8477,創業家數位股份有限公司,otc,FinLab company_basic_info:公司名稱,
8477,XXTECHEC,otc,FinLab company_basic_info:英文簡稱,XXTECHEC
8489,三貝德,otc,FinLab company_basic_info:公司簡稱,
8489,三貝德數位文創股份有限公司,otc,FinLab company_basic_info:公司名稱,
8489,Samebest,otc,FinLab company_basic_info:英文簡稱,SAMEBEST
8905,裕國,otc,FinLab company_basic_info:公司簡稱,
8905,裕國冷凍冷藏股份有限公司,otc,FinLab company_basic_info:公司名稱,
8905,ECS,otc,FinLab company_basic_info:英文簡稱,ECS
8906,花王,otc,FinLab company_basic_info:公司簡稱,
8906,花王企業股份有限公司,otc,FinLab company_basic_info:公司名稱,
8906,Forward,otc,FinLab company_basic_info:英文簡稱,FORWARD
8908,欣雄,otc,FinLab company_basic_info:公司簡稱,
8908,欣雄天然氣股份有限公司,otc,FinLab company_basic_info:公司名稱,
8908,SHIN HSIUNG,otc,FinLab company_basic_info:英文簡稱,SHIN HSIUNG
8916,光隆,otc,FinLab company_basic_info:公司簡稱,
8916,光隆實業股份有限公司,otc,FinLab company_basic_info:公司名稱,
8916,KLF,otc,FinLab company_basic_info:英文簡稱,KLF
8917,欣泰,otc,FinLab company_basic_info:公司簡稱,
8917,欣泰石油氣股份有限公司,otc,FinLab company_basic_info:公司名稱,
8917,HTGas,otc,FinLab company_basic_info:英文簡稱,HTGAS
8921,沈氏,otc,FinLab company_basic_info:公司簡稱,
8921,沈氏藝術印刷股份有限公司,otc,FinLab company_basic_info:公司名稱,
8921,SHEN'S ART,otc,FinLab company_basic_info:英文簡稱,SHEN S ART
8923,時報,otc,FinLab company_basic_info:公司簡稱,
8923,時報文化出版企業股份有限公司,otc,FinLab company_basic_info:公司名稱,
8923,C.T.Publishing,otc,FinLab company_basic_info:英文簡稱,C T PUBLISHING
8924,大田,otc,FinLab company_basic_info:公司簡稱,
8924,大田精密工業股份有限公司,otc,FinLab company_basic_info:公司名稱,
8924,O-TA,otc,FinLab company_basic_info:英文簡稱,O TA
8927,北基,otc,FinLab company_basic_info:公司簡稱,
8927,北基國際股份有限公司,otc,FinLab company_basic_info:公司名稱,
8927,Pei Chi,otc,FinLab company_basic_info:英文簡稱,PEI CHI
8928,鉅明,otc,FinLab company_basic_info:公司簡稱,
8928,鉅明股份有限公司,otc,FinLab company_basic_info:公司名稱,
8928,DYNAMIC,otc,FinLab company_basic_info:英文簡稱,DYNAMIC
8929,富堡,otc,FinLab company_basic_info:公司簡稱,
8929,富堡工業股份有限公司,otc,FinLab company_basic_info:公司名稱,
8929,FBIC,otc,FinLab company_basic_info:英文簡稱,FBIC
8930,青鋼,otc,FinLab company_basic_info:公司簡稱,
8930,青鋼應用材料股份有限公司,otc,FinLab company_basic_info:公司名稱,
8930,CKM,otc,FinLab company_basic_info:英文簡稱,CKM
8931,大汽電,otc,FinLab company_basic_info:公司簡稱,
8931,大園汽電共生股份有限公司,otc,FinLab company_basic_info:公司名稱,
8931,TYC,otc,FinLab company_basic_info:英文簡稱,TYC
8932,智通*,otc,FinLab company_basic_info:公司簡稱,
8932,智通科創股份有限公司,otc,FinLab company_basic_info:公司名稱,
8932,Wiselink,otc,FinLab company_basic_info:英文簡稱,WISELINK
8933,愛地雅,otc,FinLab company_basic_info:公司簡稱,
8933,愛地雅工業股份有限公司,otc,FinLab company_basic_info:公司名稱,
8933,IDEAL,otc,FinLab company_basic_info:英文簡稱,IDEAL
8935,邦泰,otc,FinLab company_basic_info:公司簡稱,
8935,邦泰複合材料股份有限公司,otc,FinLab company_basic_info:公司名稱,
8935,PONTEX,otc,FinLab company_basic_info:英文簡稱,PONTEX
8936,國統,otc,FinLab company_basic_info:公司簡稱,
8936,國統國際股份有限公司,otc,FinLab company_basic_info:公司名稱,
8936,KTI,otc,FinLab company_basic_info:英文簡稱,KTI
8937,合騏*,otc,FinLab company_basic_info:公司簡稱,
8937,合騏工業股份有限公司,otc,FinLab company_basic_info:公司名稱,
8937,HER CHEE,otc,FinLab company_basic_info:英文簡稱,HER CHEE
8938,明安,otc,FinLab company_basic_info:公司簡稱,
8938,明安國際企業股份有限公司,otc,FinLab company_basic_info:公司名稱,
8938,ADVANCED GROUP,otc,FinLab company_basic_info:英文簡稱,ADVANCED
8941,關中,otc,FinLab company_basic_info:公司簡稱,
8941,關中股份有限公司,otc,FinLab company_basic_info:公司名稱,
8941,GRAND HALL,otc,FinLab company_basic_info:英文簡稱,GRAND HALL
8942,森鉅,otc,FinLab company_basic_info:公司簡稱,
8942,森鉅科技材料股份有限公司,otc,FinLab company_basic_info:公司名稱,
8942,Xxentria,otc,FinLab company_basic_info:英文簡稱,XXENTRIA
9949,琉園,otc,FinLab company_basic_info:公司簡稱,
9949,琉園股份有限公司,otc,FinLab company_basic_info:公司名稱,
9949,TITTOT,otc,FinLab company_basic_info:英文簡稱,TITTOT
9950,萬國通,otc,FinLab company_basic_info:公司簡稱,
9950,萬國通路股份有限公司,otc,FinLab company_basic_info:公司名稱,
9950,EMINENT,otc,FinLab company_basic_info:英文簡稱,EMINENT
9951,皇田,otc,FinLab company_basic_info:公司簡稱,
9951,皇田工業股份有限公司,otc,FinLab company_basic_info:公司名稱,
9951,MACAUTO,otc,FinLab company_basic_info:英文簡稱,MACAUTO
9960,邁達康,otc,FinLab company_basic_info:公司簡稱,
9960,邁達康網路事業股份有限公司,otc,FinLab company_basic_info:公司名稱,
9960,DACOME,otc,FinLab company_basic_info:英文簡稱,DACOME
9962,有益,otc,FinLab company_basic_info:公司簡稱,
9962,有益鋼鐵股份有限公司,otc,FinLab company_basic_info:公司名稱,
9962,YYS,otc,FinLab company_basic_info:英文簡稱,YYS
1260,富味鄉,rotc,FinLab company_basic_info:公司簡稱,
1260,富味鄉食品股份有限公司,rotc,FinLab company_basic_info:公司名稱,
1260,FLAVOR,rotc,FinLab company_basic_info:英文簡稱,FLAVOR
1269,乾杯,rotc,FinLab company_basic_info:公司簡稱,
1269,乾杯股份有限公司,rotc,FinLab company_basic_info:公司名稱,
1269,KANPAI,rotc,FinLab company_basic_info:英文簡稱,KANPAI
1271,晨暉生技,rotc,FinLab company_basic_info:公司簡稱,
1271,晨暉生物科技股份有限公司,rotc,FinLab company_basic_info:公司名稱,
1271,SunWay,rotc,FinLab company_basic_info:英文簡稱,SUNWAY
1293,利統,rotc,FinLab company_basic_info:公司簡稱,
1293,利統股份有限公司,rotc,FinLab company_basic_info:公司名稱,
1293,Lytone,rotc,FinLab company_basic_info:英文簡稱,LYTONE
1343,旭東環保,rotc,FinLab company_basic_info:公司簡稱,
1343,旭東環保科技股份有限公司,rotc,FinLab company_basic_info:公司名稱,
1343,SUN RISE,rotc,FinLab company_basic_info:英文簡稱,SUN RISE
1480,東盟開發,rotc,FinLab company_basic_info:公司簡稱,
1480,東盟開發實業股份有限公司,rotc,FinLab company_basic_info:公司名稱,
1480,TM,rotc,FinLab company_basic_info:英文簡稱,TM
1594,日高,rotc,FinLab company_basic_info:公司簡稱,
1594,日高工程實業股份有限公司,rotc,FinLab company_basic_info:公司名稱,
1594,JUKAO,rotc,FinLab company_basic_info:英文簡稱,JUKAO
1780,立弘,rotc,FinLab company_basic_info:公司簡稱,
1780,立弘生化科技股份有限公司,rotc,FinLab company_basic_info:公司名稱,
1780,ABC,rotc,FinLab company_basic_info:英文簡稱,ABC
2071,震南鐵,rotc,FinLab company_basic_info:公司簡稱,
2071,震南鐵線股份有限公司,rotc,FinLab company_basic_info:公司名稱,
2071,Chen Nan Steel,rotc,FinLab company_basic_info:英文簡稱,CHEN NAN STEEL
2237,華德動能,rotc,FinLab company_basic_info:公司簡稱,
2237,華德動能科技股份有限公司,rotc,FinLab company_basic_info:公司名稱,
2237,RAC,rotc,FinLab company_basic_info:英文簡稱,RAC
2245,詠勝昌*,rotc,FinLab company_basic_info:公司簡稱,
2245,詠勝昌股份有限公司,rotc,FinLab company_basic_info:公司名稱,
2245,NWW,rotc,FinLab company_basic_info:英文簡稱,NWW
2249,湧盛,rotc,FinLab company_basic_info:公司簡稱,
2249,湧盛電機股份有限公司,rotc,FinLab company_basic_info:公司名稱,
2249,YOUNG SHINE,rotc,FinLab company_basic_info:英文簡稱,YOUNG SHINE
2252,為昇科,rotc,FinLab company_basic_info:公司簡稱,
2252,為昇科科技股份有限公司,rotc,FinLab company_basic_info:公司名稱,
2252,CUBTEK,rotc,FinLab company_basic_info:英文簡稱,CUBTEK
2255,凱銳光電,rotc,FinLab company_basic_info:公司簡稱,
2255,凱銳光電股份有限公司,rotc,FinLab company_basic_info:公司名稱,
2255,JET,rotc,FinLab company_basic_info:英文簡稱,JET
2256,歐特明,rotc,FinLab company_basic_info:公司簡稱,
2256,歐特明電子股份有限公司,rotc,FinLab company_basic_info:公司名稱,
2256,oToBrite,rotc,FinLab company_basic_info:英文簡稱,OTOBRITE
2644,中信造船,rotc,FinLab company_basic_info:公司簡稱,
2644,中信造船股份有限公司,rotc,FinLab company_basic_info:公司名稱,
2644,JSSC,rotc,FinLab company_basic_info:英文簡稱,JSSC
2733,維格餅家,rotc,FinLab company_basic_info:公司簡稱,
2733,維格餅家股份有限公司,rotc,FinLab company_basic_info:公司名稱,
2733,Vigor Kobo,rotc,FinLab company_basic_info:英文簡稱,VIGOR KOBO
2741,老四川,rotc,FinLab company_basic_info:公司簡稱,
2741,人杰老四川餐飲管理顧問(股)公司,rotc,FinLab company_basic_info:公司名稱,
2741,Oldsichuan,rotc,FinLab company_basic_info:英文簡稱,OLDSICHUAN
2758,路易莎咖啡,rotc,FinLab company_basic_info:公司簡稱,
2758,路易莎職人咖啡股份有限公司,rotc,FinLab company_basic_info:公司名稱,
2758,LOUISA COFFEE,rotc,FinLab company_basic_info:英文簡稱,LOUISA COFFEE
2760,巨宇翔,rotc,FinLab company_basic_info:公司簡稱,
2760,巨宇翔股份有限公司,rotc,FinLab company_basic_info:公司名稱,
2760,CYH,rotc,FinLab company_basic_info:英文簡稱,CYH
2761,橘焱胡同,rotc,FinLab company_basic_info:公司簡稱,
2761,橘焱胡同國際股份有限公司,rotc,FinLab company_basic_info:公司名稱,
2761,GYEN HUTONG,rotc,FinLab company_basic_info:英文簡稱,GYEN HUTONG
2938,床的世界,rotc,FinLab company_basic_info:公司簡稱,
2938,床的世界股份有限公司,rotc,FinLab company_basic_info:公司名稱,
2938,BEDDING WORLD,rotc,FinLab company_basic_info:英文簡稱,BEDDING WORLD
2940,歐都納,rotc,FinLab company_basic_info:公司簡稱,
2940,歐都納股份有限公司,rotc,FinLab company_basic_info:公司名稱,
2940,SUNOWN,rotc,FinLab company_basic_info:英文簡稱,SUNOWN
2942,京站,rotc,FinLab company_basic_info:公司簡稱,
2942,京站實業股份有限公司,rotc,FinLab company_basic_info:公司名稱,
2942,Jing-Jan,rotc,FinLab company_basic_info:英文簡稱,JING JAN
3097,拍檔,rotc,FinLab company_basic_info:公司簡稱,
3097,拍檔科技股份有限公司,rotc,FinLab company_basic_info:公司名稱,
3097,PTT,rotc,FinLab company_basic_info:英文簡稱,PTT
3117,年程,rotc,FinLab company_basic_info:公司簡稱,
3117,年程科技股份有限公司,rotc,FinLab company_basic_info:公司名稱,
3117,TECSTAR,rotc,FinLab company_basic_info:英文簡稱,TECSTAR
3184,微邦,rotc,FinLab company_basic_info:公司簡稱,
3184,微邦科技股份有限公司,rotc,FinLab company_basic_info:公司名稱,
3184,MBTC,rotc,FinLab company_basic_info:英文簡稱,MBTC
3473,智通聯網,rotc,FinLab company_basic_info:公司簡稱,
3473,智通聯網科技股份有限公司,rotc,FinLab company_basic_info:公司名稱,
3473,Fiber Logic,rotc,FinLab company_basic_info:英文簡稱,FIBER LOGIC
3485,敘豐,rotc,FinLab company_basic_info:公司簡稱,
3485,敘(余+卜+又)豐企業股份有限公司,rotc,FinLab company_basic_info:公司名稱,
3485,EF,rotc,FinLab company_basic_info:英文簡稱,EF
3585,聯致,rotc,FinLab company_basic_info:公司簡稱,
3585,聯致科技股份有限公司,rotc,FinLab company_basic_info:公司名稱,
3585,AMC,rotc,FinLab company_basic_info:英文簡稱,AMC
3595,山太士,rotc,FinLab company_basic_info:公司簡稱,
3595,山太士股份有限公司,rotc,FinLab company_basic_info:公司名稱,
3595,AMC,rotc,FinLab company_basic_info:英文簡稱,AMC
3603,建祥國際,rotc,FinLab company_basic_info:公司簡稱,
3603,建祥國際股份有限公司,rotc,FinLab company_basic_info:公司名稱,
3603,UC&GN,rotc,FinLab company_basic_info:英文簡稱,UC AND GN
3633,云光,rotc,FinLab company_basic_info:公司簡稱,
3633,云光科技股份有限公司,rotc,FinLab company_basic_info:公司名稱,
3633,ECC,rotc,FinLab company_basic_info:英文簡稱,ECC
3659,百辰,rotc,FinLab company_basic_info:公司簡稱,
3659,百辰光電股份有限公司,rotc,FinLab company_basic_info:公司名稱,
3659,Bison,rotc,FinLab company_basic_info:英文簡稱,BISON
3678,聯享,rotc,FinLab company_basic_info:公司簡稱,
3678,聯享光電股份有限公司,rotc,FinLab company_basic_info:公司名稱,
3678,Ushine,rotc,FinLab company_basic_info:英文簡稱,USHINE
4115,善德生技,rotc,FinLab company_basic_info:公司簡稱,
4115,善德生化科技股份有限公司,rotc,FinLab company_basic_info:公司名稱,
4115,SUNDER,rotc,FinLab company_basic_info:英文簡稱,SUNDER
4117,普生,rotc,FinLab company_basic_info:公司簡稱,
4117,普生股份有限公司,rotc,FinLab company_basic_info:公司名稱,
4117,GBC,rotc,FinLab company_basic_info:英文簡稱,GBC
4150,優你康,rotc,FinLab company_basic_info:公司簡稱,
4150,優你康光學股份有限公司,rotc,FinLab company_basic_info:公司名稱,
4150,UNICON,rotc,FinLab company_basic_info:英文簡稱,UNICON
4170,鑫品生醫,rotc,FinLab company_basic_info:公司簡稱,
4170,鑫品生醫科技股份有限公司,rotc,FinLab company_basic_info:公司名稱,
4170,VBI,rotc,FinLab company_basic_info:英文簡稱,VBI
4172,因華,rotc,FinLab company_basic_info:公司簡稱,
4172,因華生技製藥股份有限公司,rotc,FinLab company_basic_info:公司名稱,
4172,InnoPharmax,rotc,FinLab company_basic_info:英文簡稱,INNOPHARMAX
4178,永笙-KY,rotc,FinLab company_basic_info:公司簡稱,KY
4178,永笙生技股份有限公司,rotc,FinLab company_basic_info:公司名稱,
4178,StemCyte,rotc,FinLab company_basic_info:英文簡稱,STEMCYTE
4186,尖端醫,rotc,FinLab company_basic_info:公司簡稱,
4186,台灣尖端先進生技醫藥(股)公司,rotc,FinLab company_basic_info:公司名稱,
4186,TABP,rotc,FinLab company_basic_info:英文簡稱,TABP
4194,禾生技,rotc,FinLab company_basic_info:公司簡稱,
4194,禾伸堂生技股份有限公司,rotc,FinLab company_basic_info:公司名稱,
4194,HSHC,rotc,FinLab company_basic_info:英文簡稱,HSHC
4195,基米,rotc,FinLab company_basic_info:公司簡稱,
4195,基龍米克斯生物科技股份有限公司,rotc,FinLab company_basic_info:公司名稱,
4195,Genomics,rotc,FinLab company_basic_info:英文簡稱,GENOMICS
4197,暐世,rotc,FinLab company_basic_info:公司簡稱,
4197,暐世生物科技股份有限公司,rotc,FinLab company_basic_info:公司名稱,
4197,VIS,rotc,FinLab company_basic_info:英文簡稱,VIS
4431,敏成健康,rotc,FinLab company_basic_info:公司簡稱,
4431,敏成健康科技股份有限公司,rotc,FinLab company_basic_info:公司名稱,
4431,Mytrex Health,rotc,FinLab company_basic_info:英文簡稱,MYTREX HEALTH
4537,旭東,rotc,FinLab company_basic_info:公司簡稱,
4537,旭東機械工業股份有限公司,rotc,FinLab company_basic_info:公司名稱,
4537,STMC,rotc,FinLab company_basic_info:英文簡稱,STMC
4544,春日,rotc,FinLab company_basic_info:公司簡稱,
4544,春日機械工業股份有限公司,rotc,FinLab company_basic_info:公司名稱,
4544,Chun Zu,rotc,FinLab company_basic_info:英文簡稱,CHUN ZU
4546,長亨,rotc,FinLab company_basic_info:公司簡稱,
4546,長亨精密股份有限公司,rotc,FinLab company_basic_info:公司名稱,
4546,CHPC,rotc,FinLab company_basic_info:英文簡稱,CHPC
4553,盛復,rotc,FinLab company_basic_info:公司簡稱,
4553,盛復工業股份有限公司,rotc,FinLab company_basic_info:公司名稱,
4553,ALFOT,rotc,FinLab company_basic_info:英文簡稱,ALFOT
4559,久裕興,rotc,FinLab company_basic_info:公司簡稱,
4559,久裕興業科技股份有限公司,rotc,FinLab company_basic_info:公司名稱,
4559,Joy-tech,rotc,FinLab company_basic_info:英文簡稱,JOY TECH
4565,宏偉,rotc,FinLab company_basic_info:公司簡稱,
4565,宏偉電機工業股份有限公司,rotc,FinLab company_basic_info:公司名稱,
4565,Hong-Wei,rotc,FinLab company_basic_info:英文簡稱,HONG WEI
4570,傑生,rotc,FinLab company_basic_info:公司簡稱,
4570,傑生工業股份有限公司,rotc,FinLab company_basic_info:公司名稱,
4570,JASON,rotc,FinLab company_basic_info:英文簡稱,JASON
4573,高明鐵,rotc,FinLab company_basic_info:公司簡稱,
4573,高明鐵企業股份有限公司,rotc,FinLab company_basic_info:公司名稱,
4573,GMT,rotc,FinLab company_basic_info:英文簡稱,GMT
4575,銓寶,rotc,FinLab company_basic_info:公司簡稱,
4575,銓寶工業股份有限公司,rotc,FinLab company_basic_info:公司名稱,
4575,CHUMPOWER,rotc,FinLab company_basic_info:英文簡稱,CHUMPOWER
4582,聚恆,rotc,FinLab company_basic_info:公司簡稱,
4582,聚恆科技股份有限公司,rotc,FinLab company_basic_info:公司名稱,
4582,HENGS,rotc,FinLab company_basic_info:英文簡稱,HENGS
4587,寶元數控,rotc,FinLab company_basic_info:公司簡稱,
4587,寶元數控股份有限公司,rotc,FinLab company_basic_info:公司名稱,
4587,LNC,rotc,FinLab company_basic_info:英文簡稱,LNC
4589,碩陽電機,rotc,FinLab company_basic_info:公司簡稱,
4589,碩陽電機股份有限公司,rotc,FinLab company_basic_info:公司名稱,
4589,MTM,rotc,FinLab company_basic_info:英文簡稱,MTM
4724,宣捷幹細胞,rotc,FinLab company_basic_info:公司簡稱,
4724,宣捷幹細胞生技股份有限公司,rotc,FinLab company_basic_info:公司名稱,
4724,MERIBANKBIOTECH,rotc,FinLab company_basic_info:英文簡稱,MERIBANKBIOTECH
4732,彥臣,rotc,FinLab company_basic_info:公司簡稱,
4732,彥臣生技藥品股份有限公司,rotc,FinLab company_basic_info:公司名稱,
4732,NBM,rotc,FinLab company_basic_info:英文簡稱,NBM
4738,大同精化,rotc,FinLab company_basic_info:公司簡稱,
4738,大同精密化學股份有限公司,rotc,FinLab company_basic_info:公司名稱,
4738,TFC,rotc,FinLab company_basic_info:英文簡稱,TFC
4765,磐采,rotc,FinLab company_basic_info:公司簡稱,
4765,磐采股份有限公司,rotc,FinLab company_basic_info:公司名稱,
4765,PANCOLOUR,rotc,FinLab company_basic_info:英文簡稱,PANCOLOUR
4925,智微,rotc,FinLab company_basic_info:公司簡稱,
4925,智微科技股份有限公司,rotc,FinLab company_basic_info:公司名稱,
4925,JMicron,rotc,FinLab company_basic_info:英文簡稱,JMICRON
4980,佐臻,rotc,FinLab company_basic_info:公司簡稱,
4980,佐臻股份有限公司,rotc,FinLab company_basic_info:公司名稱,
4980,JORJIN,rotc,FinLab company_basic_info:英文簡稱,JORJIN
5240,建騰,rotc,FinLab company_basic_info:公司簡稱,
5240,建騰創達科技股份有限公司,rotc,FinLab company_basic_info:公司名稱,
5240,ACTi,rotc,FinLab company_basic_info:英文簡稱,ACTI
5246,勵威,rotc,FinLab company_basic_info:公司簡稱,
5246,勵威電子股份有限公司,rotc,FinLab company_basic_info:公司名稱,
5246,PL,rotc,FinLab company_basic_info:英文簡稱,PL
5248,景傳,rotc,FinLab company_basic_info:公司簡稱,
5248,景傳光電股份有限公司,rotc,FinLab company_basic_info:公司名稱,
5248,PIXON,rotc,FinLab company_basic_info:英文簡稱,PIXON
5254,欣訊科技,rotc,FinLab company_basic_info:公司簡稱,
5254,欣訊科技股份有限公司,rotc,FinLab company_basic_info:公司名稱,
5254,CENLINK,rotc,FinLab company_basic_info:英文簡稱,CENLINK
5262,立達,rotc,FinLab company_basic_info:公司簡稱,
5262,立達國際電子股份有限公司,rotc,FinLab company_basic_info:公司名稱,
5262,GST,rotc,FinLab company_basic_info:英文簡稱,GST
5267,龍翩,rotc,FinLab company_basic_info:公司簡稱,
5267,龍翩真空科技股份有限公司,rotc,FinLab company_basic_info:公司名稱,
5267,LUNG PIEN,rotc,FinLab company_basic_info:英文簡稱,LUNG PIEN
5271,紘通,rotc,FinLab company_basic_info:公司簡稱,
5271,紘通企業股份有限公司,rotc,FinLab company_basic_info:公司名稱,
5271,HORNG TONG,rotc,FinLab company_basic_info:英文簡稱,HORNG TONG
5297,廣化,rotc,FinLab company_basic_info:公司簡稱,
5297,廣化科技股份有限公司,rotc,FinLab company_basic_info:公司名稱,
5297,3S,rotc,FinLab company_basic_info:英文簡稱,3S
5859,遠壽,rotc,FinLab company_basic_info:公司簡稱,
5859,遠雄人壽保險事業股份有限公司,rotc,FinLab company_basic_info:公司名稱,
5859,FGLIFE,rotc,FinLab company_basic_info:英文簡稱,FGLIFE
5863,瑞興銀,rotc,FinLab company_basic_info:公司簡稱,
5863,瑞興商業銀行股份有限公司,rotc,FinLab company_basic_info:公司名稱,
5863,TSB,rotc,FinLab company_basic_info:英文簡稱,TSB
6027,德信,rotc,FinLab company_basic_info:公司簡稱,
6027,德信綜合證券(股)公司,rotc,FinLab company_basic_info:公司名稱,
6027,RSC,rotc,FinLab company_basic_info:英文簡稱,RSC
6035,悠遊卡,rotc,FinLab company_basic_info:公司簡稱,
6035,悠遊卡股份有限公司,rotc,FinLab company_basic_info:公司名稱,
6035,EASYCARD,rotc,FinLab company_basic_info:英文簡稱,EASYCARD
6407,相互,rotc,FinLab company_basic_info:公司簡稱,
6407,相互股份有限公司,rotc,FinLab company_basic_info:公司名稱,
6407,Mutual-Tek,rotc,FinLab company_basic_info:英文簡稱,MUTUAL TEK
6428,台灣淘米,rotc,FinLab company_basic_info:公司簡稱,
6428,台灣淘米科技股份有限公司,rotc,FinLab company_basic_info:公司名稱,
6428,TAOMEE,rotc,FinLab company_basic_info:英文簡稱,TAOMEE
6434,達輝光電,rotc,FinLab company_basic_info:公司簡稱,
6434,達輝光電股份有限公司,rotc,FinLab company_basic_info:公司名稱,
6434,TacBright,rotc,FinLab company_basic_info:英文簡稱,TACBRIGHT
6467,泰合,rotc,FinLab company_basic_info:公司簡稱,
6467,泰合生技藥品股份有限公司,rotc,FinLab company_basic_info:公司名稱,
6467,TAHO Pharma,rotc,FinLab company_basic_info:英文簡稱,TAHO PHARMA
6473,美賣*,rotc,FinLab company_basic_info:公司簡稱,
6473,美賣科技股份有限公司,rotc,FinLab company_basic_info:公司名稱,
6473,meimaii,rotc,FinLab company_basic_info:英文簡稱,MEIMAII
6483,原創生醫,rotc,FinLab company_basic_info:公司簡稱,
6483,原創生醫股份有限公司,rotc,FinLab company_basic_info:公司名稱,
6483,OBM,rotc,FinLab company_basic_info:英文簡稱,OBM
6493,雷虎生,rotc,FinLab company_basic_info:公司簡稱,
6493,雷虎生技股份有限公司,rotc,FinLab company_basic_info:公司名稱,
6493,TTBIO,rotc,FinLab company_basic_info:英文簡稱,TTBIO
6518,康科特,rotc,FinLab company_basic_info:公司簡稱,
6518,康科特股份有限公司,rotc,FinLab company_basic_info:公司名稱,
6518,Concordmed,rotc,FinLab company_basic_info:英文簡稱,CONCORDMED
6536,碩豐,rotc,FinLab company_basic_info:公司簡稱,
6536,碩豐數位科技股份有限公司,rotc,FinLab company_basic_info:公司名稱,
6536,TIGA,rotc,FinLab company_basic_info:英文簡稱,TIGA
6539,麗彤,rotc,FinLab company_basic_info:公司簡稱,
6539,麗彤生醫科技股份有限公司,rotc,FinLab company_basic_info:公司名稱,
6539,DV,rotc,FinLab company_basic_info:英文簡稱,DV
6543,普惠醫工,rotc,FinLab company_basic_info:公司簡稱,
6543,普惠醫工股份有限公司,rotc,FinLab company_basic_info:公司名稱,
6543,PF,rotc,FinLab company_basic_info:英文簡稱,PF
6549,景凱,rotc,FinLab company_basic_info:公司簡稱,
6549,景凱生物科技股份有限公司,rotc,FinLab company_basic_info:公司名稱,
6549,TaiwanJ,rotc,FinLab company_basic_info:英文簡稱,TAIWANJ
6555,榮炭,rotc,FinLab company_basic_info:公司簡稱,
6555,榮炭科技股份有限公司,rotc,FinLab company_basic_info:公司名稱,
6555,LT,rotc,FinLab company_basic_info:英文簡稱,LT
6559,研晶,rotc,FinLab company_basic_info:公司簡稱,
6559,研晶光電股份有限公司,rotc,FinLab company_basic_info:公司名稱,
6559,HPL,rotc,FinLab company_basic_info:英文簡稱,HPL
6563,映智,rotc,FinLab company_basic_info:公司簡稱,
6563,映智科技股份有限公司,rotc,FinLab company_basic_info:公司名稱,
6563,iMD,rotc,FinLab company_basic_info:英文簡稱,IMD
6564,安特羅,rotc,FinLab company_basic_info:公司簡稱,
6564,安特羅生物科技股份有限公司,rotc,FinLab company_basic_info:公司名稱,
6564,ENIM,rotc,FinLab company_basic_info:英文簡稱,ENIM
6565,物聯,rotc,FinLab company_basic_info:公司簡稱,
6565,物聯智慧股份有限公司,rotc,FinLab company_basic_info:公司名稱,
6565,TUTK,rotc,FinLab company_basic_info:英文簡稱,TUTK
6572,博錸,rotc,FinLab company_basic_info:公司簡稱,
6572,博錸生技股份有限公司,rotc,FinLab company_basic_info:公司名稱,
6572,PlexBio,rotc,FinLab company_basic_info:英文簡稱,PLEXBIO
6580,台睿,rotc,FinLab company_basic_info:公司簡稱,
6580,台睿生物科技股份有限公司,rotc,FinLab company_basic_info:公司名稱,
6580,TaiRx,rotc,FinLab company_basic_info:英文簡稱,TAIRX
6583,友松,rotc,FinLab company_basic_info:公司簡稱,
6583,友松娛樂股份有限公司,rotc,FinLab company_basic_info:公司名稱,
6583,YOOSONN,rotc,FinLab company_basic_info:英文簡稱,YOOSONN
6586,醣基,rotc,FinLab company_basic_info:公司簡稱,
6586,醣基生醫股份有限公司,rotc,FinLab company_basic_info:公司名稱,
6586,CHO,rotc,FinLab company_basic_info:英文簡稱,CHO
6595,光禹國際,rotc,FinLab company_basic_info:公司簡稱,
6595,光禹國際數位娛樂開發(股)公司,rotc,FinLab company_basic_info:公司名稱,
6595,Julien's Group,rotc,FinLab company_basic_info:英文簡稱,JULIEN S
6599,普達系統,rotc,FinLab company_basic_info:公司簡稱,
6599,普達系統股份有限公司,rotc,FinLab company_basic_info:公司名稱,
6599,Poindus,rotc,FinLab company_basic_info:英文簡稱,POINDUS
6604,儒億,rotc,FinLab company_basic_info:公司簡稱,
6604,儒億科技股份有限公司,rotc,FinLab company_basic_info:公司名稱,
6604,JUOKU,rotc,FinLab company_basic_info:英文簡稱,JUOKU
6610,安成生技,rotc,FinLab company_basic_info:公司簡稱,
6610,安成生物科技股份有限公司,rotc,FinLab company_basic_info:公司名稱,
6610,TWi Biotech.,rotc,FinLab company_basic_info:英文簡稱,TWI BIOTECH
6618,永虹先進,rotc,FinLab company_basic_info:公司簡稱,
6618,永虹先進材料股份有限公司,rotc,FinLab company_basic_info:公司名稱,
6618,UHT,rotc,FinLab company_basic_info:英文簡稱,UHT
6621,華宇藥,rotc,FinLab company_basic_info:公司簡稱,
6621,華宇藥品股份有限公司,rotc,FinLab company_basic_info:公司名稱,
6621,UniPharma,rotc,FinLab company_basic_info:英文簡稱,UNIPHARMA
6622,百聿數碼,rotc,FinLab company_basic_info:公司簡稱,
6622,百聿數碼創意股份有限公司,rotc,FinLab company_basic_info:公司名稱,
6622,Bossdom Digi,rotc,FinLab company_basic_info:英文簡稱,BOSSDOM DIGI
6634,欣耀,rotc,FinLab company_basic_info:公司簡稱,
6634,欣耀生醫股份有限公司,rotc,FinLab company_basic_info:公司名稱,
6634,SINEW,rotc,FinLab company_basic_info:英文簡稱,SINEW
6638,沅聖,rotc,FinLab company_basic_info:公司簡稱,
6638,沅聖科技股份有限公司,rotc,FinLab company_basic_info:公司名稱,
6638,Goldtek,rotc,FinLab company_basic_info:英文簡稱,GOLDTEK
6639,源大環能,rotc,FinLab company_basic_info:公司簡稱,
6639,源大環能股份有限公司,rotc,FinLab company_basic_info:公司名稱,
6639,GGEC,rotc,FinLab company_basic_info:英文簡稱,GGEC
6648,斯其大,rotc,FinLab company_basic_info:公司簡稱,
6648,斯其大科技股份有限公司,rotc,FinLab company_basic_info:公司名稱,
6648,DAS,rotc,FinLab company_basic_info:英文簡稱,DAS
6650,帝圖,rotc,FinLab company_basic_info:公司簡稱,
6650,帝圖科技文化股份有限公司,rotc,FinLab company_basic_info:公司名稱,
6650,Art Emperor,rotc,FinLab company_basic_info:英文簡稱,ART EMPEROR
6659,天明製藥,rotc,FinLab company_basic_info:公司簡稱,
6659,天明製藥股份有限公司,rotc,FinLab company_basic_info:公司名稱,
6659,TIMING,rotc,FinLab company_basic_info:英文簡稱,TIMING
6665,康聯生醫,rotc,FinLab company_basic_info:公司簡稱,
6665,康聯生醫科技股份有限公司,rotc,FinLab company_basic_info:公司名稱,
6665,HEALTHCONN,rotc,FinLab company_basic_info:英文簡稱,HEALTHCONN
6673,和詮,rotc,FinLab company_basic_info:公司簡稱,
6673,和詮科技股份有限公司,rotc,FinLab company_basic_info:公司名稱,
6673,IFTC,rotc,FinLab company_basic_info:英文簡稱,IFTC
6676,祥翊,rotc,FinLab company_basic_info:公司簡稱,
6676,祥翊製藥股份有限公司,rotc,FinLab company_basic_info:公司名稱,
6676,Sunny,rotc,FinLab company_basic_info:英文簡稱,SUNNY
6677,瑩碩生技,rotc,FinLab company_basic_info:公司簡稱,
6677,瑩碩生技醫藥股份有限公司,rotc,FinLab company_basic_info:公司名稱,
6677,Anxo,rotc,FinLab company_basic_info:英文簡稱,ANXO
6682,華旭先進,rotc,FinLab company_basic_info:公司簡稱,
6682,華旭先進股份有限公司,rotc,FinLab company_basic_info:公司名稱,
6682,HHAT,rotc,FinLab company_basic_info:英文簡稱,HHAT
6696,仁新,rotc,FinLab company_basic_info:公司簡稱,
6696,仁新醫藥股份有限公司,rotc,FinLab company_basic_info:公司名稱,
6696,LBS,rotc,FinLab company_basic_info:英文簡稱,LBS
6704,國璽幹細胞,rotc,FinLab company_basic_info:公司簡稱,
6704,國璽幹細胞應用技術股份有限公司,rotc,FinLab company_basic_info:公司名稱,
6704,GWOXI,rotc,FinLab company_basic_info:英文簡稱,GWOXI
6705,振躍精密,rotc,FinLab company_basic_info:公司簡稱,
6705,振躍精密滑軌股份有限公司,rotc,FinLab company_basic_info:公司名稱,
6705,MARTAS,rotc,FinLab company_basic_info:英文簡稱,MARTAS
6707,富基電通,rotc,FinLab company_basic_info:公司簡稱,
6707,富基電通股份有限公司,rotc,FinLab company_basic_info:公司名稱,
6707,AFASTOR CORP.,rotc,FinLab company_basic_info:英文簡稱,AFASTOR
6709,昱厚生技,rotc,FinLab company_basic_info:公司簡稱,
6709,昱厚生技股份有限公司,rotc,FinLab company_basic_info:公司名稱,
6709,Advagene,rotc,FinLab company_basic_info:英文簡稱,ADVAGENE
6723,傑智環境,rotc,FinLab company_basic_info:公司簡稱,
6723,傑智環境科技股份有限公司,rotc,FinLab company_basic_info:公司名稱,
6723,JG,rotc,FinLab company_basic_info:英文簡稱,JG
6729,機光科技,rotc,FinLab company_basic_info:公司簡稱,
6729,機光科技股份有限公司,rotc,FinLab company_basic_info:公司名稱,
6729,Lumtec,rotc,FinLab company_basic_info:英文簡稱,LUMTEC
6734,安盛生,rotc,FinLab company_basic_info:公司簡稱,
6734,安盛生科股份有限公司,rotc,FinLab company_basic_info:公司名稱,
6734,iXensor,rotc,FinLab company_basic_info:英文簡稱,IXENSOR
6737,秀育,rotc,FinLab company_basic_info:公司簡稱,
6737,秀育企業股份有限公司,rotc,FinLab company_basic_info:公司名稱,
6737,SOLID YEAR,rotc,FinLab company_basic_info:英文簡稱,SOLID YEAR
6738,鼎恒,rotc,FinLab company_basic_info:公司簡稱,
6738,鼎恒數位科技股份有限公司,rotc,FinLab company_basic_info:公司名稱,
6738,MAYO,rotc,FinLab company_basic_info:英文簡稱,MAYO
6744,豐技生技,rotc,FinLab company_basic_info:公司簡稱,
6744,豐技生物科技股份有限公司,rotc,FinLab company_basic_info:公司名稱,
6744,FCB,rotc,FinLab company_basic_info:英文簡稱,FCB
6748,亞果生醫,rotc,FinLab company_basic_info:公司簡稱,
6748,亞果生醫股份有限公司,rotc,FinLab company_basic_info:公司名稱,
6748,ACRO Biomedical,rotc,FinLab company_basic_info:英文簡稱,ACRO BIOMEDICAL
6750,泰創工程,rotc,FinLab company_basic_info:公司簡稱,
6750,泰創工程股份有限公司,rotc,FinLab company_basic_info:公司名稱,
6750,TTE,rotc,FinLab company_basic_info:英文簡稱,TTE
6755,連鋐科技,rotc,FinLab company_basic_info:公司簡稱,
6755,連鋐科技股份有限公司,rotc,FinLab company_basic_info:公司名稱,
6755,LH,rotc,FinLab company_basic_info:英文簡稱,LH
6758,冠亞,rotc,FinLab company_basic_info:公司簡稱,
6758,冠亞生技股份有限公司,rotc,FinLab company_basic_info:公司名稱,
6758,ASA,rotc,FinLab company_basic_info:英文簡稱,ASA
6775,穎台科技,rotc,FinLab company_basic_info:公司簡稱,
6775,穎台科技股份有限公司,rotc,FinLab company_basic_info:公司名稱,
6775,ENTIRE TECH,rotc,FinLab company_basic_info:英文簡稱,ENTIRE TECH
6780,學習王,rotc,FinLab company_basic_info:公司簡稱,
6780,學習王科技股份有限公司,rotc,FinLab company_basic_info:公司名稱,
6780,Study123,rotc,FinLab company_basic_info:英文簡稱,STUDY123
6784,天凱科技,rotc,FinLab company_basic_info:公司簡稱,
6784,天凱科技股份有限公司,rotc,FinLab company_basic_info:公司名稱,
6784,TSKY,rotc,FinLab company_basic_info:英文簡稱,TSKY
6786,芯測,rotc,FinLab company_basic_info:公司簡稱,
6786,芯測科技股份有限公司,rotc,FinLab company_basic_info:公司名稱,
6786,iSTART,rotc,FinLab company_basic_info:英文簡稱,ISTART
6787,晶瑞光,rotc,FinLab company_basic_info:公司簡稱,
6787,晶瑞光電股份有限公司,rotc,FinLab company_basic_info:公司名稱,
6787,KINGRAYTECH,rotc,FinLab company_basic_info:英文簡稱,KINGRAYTECH
6793,天力離岸,rotc,FinLab company_basic_info:公司簡稱,
6793,天力離岸風電科技股份有限公司,rotc,FinLab company_basic_info:公司名稱,
6793,TIENLI OFFSHORE,rotc,FinLab company_basic_info:英文簡稱,TIENLI OFFSHORE
6797,圓點奈米,rotc,FinLab company_basic_info:公司簡稱,
6797,台灣圓點奈米技術股份有限公司,rotc,FinLab company_basic_info:公司名稱,
6797,TAN,rotc,FinLab company_basic_info:英文簡稱,TAN
6798,展逸,rotc,FinLab company_basic_info:公司簡稱,
6798,展逸國際企業股份有限公司,rotc,FinLab company_basic_info:公司名稱,
6798,Flight,rotc,FinLab company_basic_info:英文簡稱,FLIGHT
6808,三鼎生技,rotc,FinLab company_basic_info:公司簡稱,
6808,三鼎生物科技股份有限公司,rotc,FinLab company_basic_info:公司名稱,
6808,3D BIO,rotc,FinLab company_basic_info:英文簡稱,3D BIO
6810,新穎生醫,rotc,FinLab company_basic_info:公司簡稱,
6810,新穎生醫股份有限公司,rotc,FinLab company_basic_info:公司名稱,
6810,BPM,rotc,FinLab company_basic_info:英文簡稱,BPM
6812,梭特,rotc,FinLab company_basic_info:公司簡稱,
6812,梭特科技股份有限公司,rotc,FinLab company_basic_info:公司名稱,
6812,SAULTECH,rotc,FinLab company_basic_info:英文簡稱,SAULTECH
6814,路迦生醫,rotc,FinLab company_basic_info:公司簡稱,
6814,路迦生醫股份有限公司,rotc,FinLab company_basic_info:公司名稱,
6814,LUKAS,rotc,FinLab company_basic_info:英文簡稱,LUKAS
6815,晶鑽生醫,rotc,FinLab company_basic_info:公司簡稱,
6815,晶鑽生醫股份有限公司,rotc,FinLab company_basic_info:公司名稱,
6815,Diamond,rotc,FinLab company_basic_info:英文簡稱,DIAMOND
6816,捷智商訊,rotc,FinLab company_basic_info:公司簡稱,
6816,捷智商訊科技股份有限公司,rotc,FinLab company_basic_info:公司名稱,
6816,METAEDGE,rotc,FinLab company_basic_info:英文簡稱,METAEDGE
6817,溫士頓,rotc,FinLab company_basic_info:公司簡稱,
6817,溫士頓醫藥股份有限公司,rotc,FinLab company_basic_info:公司名稱,
6817,WINSTON,rotc,FinLab company_basic_info:英文簡稱,WINSTON
6818,連騰,rotc,FinLab company_basic_info:公司簡稱,
6818,連騰科技股份有限公司,rotc,FinLab company_basic_info:公司名稱,
6818,AWAN,rotc,FinLab company_basic_info:英文簡稱,AWAN
6819,眾智,rotc,FinLab company_basic_info:公司簡稱,
6819,眾智光電科技股份有限公司,rotc,FinLab company_basic_info:公司名稱,
6819,ORISYSTECH,rotc,FinLab company_basic_info:英文簡稱,ORISYSTECH
6820,連訊,rotc,FinLab company_basic_info:公司簡稱,
6820,連訊通信股份有限公司,rotc,FinLab company_basic_info:公司名稱,
6820,ACON OPTICS,rotc,FinLab company_basic_info:英文簡稱,ACON OPTICS
6825,和暢科技,rotc,FinLab company_basic_info:公司簡稱,
6825,和暢科技股份有限公司,rotc,FinLab company_basic_info:公司名稱,
6825,QBIC,rotc,FinLab company_basic_info:英文簡稱,QBIC
6826,和淞,rotc,FinLab company_basic_info:公司簡稱,
6826,和淞科技股份有限公司,rotc,FinLab company_basic_info:公司名稱,
6826,TPC,rotc,FinLab company_basic_info:英文簡稱,TPC
6827,巨生醫,rotc,FinLab company_basic_info:公司簡稱,
6827,巨生生醫股份有限公司,rotc,FinLab company_basic_info:公司名稱,
6827,MPB,rotc,FinLab company_basic_info:英文簡稱,MPB
6832,金鼎科,rotc,FinLab company_basic_info:公司簡稱,
6832,金鼎聯合科技纖維股份有限公司,rotc,FinLab company_basic_info:公司名稱,
6832,KING'S,rotc,FinLab company_basic_info:英文簡稱,KING S
6833,太康精密,rotc,FinLab company_basic_info:公司簡稱,
6833,太康精密股份有限公司,rotc,FinLab company_basic_info:公司名稱,
6833,T-CONN,rotc,FinLab company_basic_info:英文簡稱,T CONN
6839,開陽能源,rotc,FinLab company_basic_info:公司簡稱,
6839,開陽能源股份有限公司,rotc,FinLab company_basic_info:公司名稱,
6839,Power Master,rotc,FinLab company_basic_info:英文簡稱,POWER MASTER
6842,瑞宇,rotc,FinLab company_basic_info:公司簡稱,
6842,瑞宇國際股份有限公司,rotc,FinLab company_basic_info:公司名稱,
6842,NEXORA,rotc,FinLab company_basic_info:英文簡稱,NEXORA
6847,普瑞博,rotc,FinLab company_basic_info:公司簡稱,
6847,普瑞博生技股份有限公司,rotc,FinLab company_basic_info:公司名稱,
6847,PURIBLOOD,rotc,FinLab company_basic_info:英文簡稱,PURIBLOOD
6848,拉法醫,rotc,FinLab company_basic_info:公司簡稱,
6848,拉法生醫股份有限公司,rotc,FinLab company_basic_info:公司名稱,
6848,RBC,rotc,FinLab company_basic_info:英文簡稱,RBC
6849,奇鼎科技,rotc,FinLab company_basic_info:公司簡稱,
6849,奇鼎科技股份有限公司,rotc,FinLab company_basic_info:公司名稱,
6849,CHYI DING,rotc,FinLab company_basic_info:英文簡稱,CHYI DING
6850,光鼎生技,rotc,FinLab company_basic_info:公司簡稱,
6850,光鼎生物科技股份有限公司,rotc,FinLab company_basic_info:公司名稱,
6850,BIOPTIC,rotc,FinLab company_basic_info:英文簡稱,BIOPTIC
6857,宏碁智醫,rotc,FinLab company_basic_info:公司簡稱,
6857,宏碁智醫股份有限公司,rotc,FinLab company_basic_info:公司名稱,
6857,Acer Medical,rotc,FinLab company_basic_info:英文簡稱,ACER MEDICAL
6858,愛比科技,rotc,FinLab company_basic_info:公司簡稱,
6858,愛比科技股份有限公司,rotc,FinLab company_basic_info:公司名稱,
6858,IPEVO,rotc,FinLab company_basic_info:英文簡稱,IPEVO
6864,元樟生技,rotc,FinLab company_basic_info:公司簡稱,
6864,元樟生物科技股份有限公司,rotc,FinLab company_basic_info:公司名稱,
6864,A.M.S.,rotc,FinLab company_basic_info:英文簡稱,A M S
6867,坦德科技,rotc,FinLab company_basic_info:公司簡稱,
6867,坦德科技股份有限公司,rotc,FinLab company_basic_info:公司名稱,
6867,TD,rotc,FinLab company_basic_info:英文簡稱,TD
6868,采威國際,rotc,FinLab company_basic_info:公司簡稱,
6868,采威國際資訊股份有限公司,rotc,FinLab company_basic_info:公司名稱,
6868,ISCOM,rotc,FinLab company_basic_info:英文簡稱,ISCOM
6876,朗齊生醫*,rotc,FinLab company_basic_info:公司簡稱,
6876,朗齊生物醫學股份有限公司,rotc,FinLab company_basic_info:公司名稱,
6876,LaunXP BioMed,rotc,FinLab company_basic_info:英文簡稱,LAUNXP BIOMED
6878,歐付寶,rotc,FinLab company_basic_info:公司簡稱,
6878,歐付寶電子支付股份有限公司,rotc,FinLab company_basic_info:公司名稱,
6878,Opay,rotc,FinLab company_basic_info:英文簡稱,OPAY
6879,大江基因,rotc,FinLab company_basic_info:公司簡稱,
6879,大江基因醫學股份有限公司,rotc,FinLab company_basic_info:公司名稱,
6879,TCI GENE,rotc,FinLab company_basic_info:英文簡稱,TCI GENE
6882,甲尚,rotc,FinLab company_basic_info:公司簡稱,
6882,甲尚股份有限公司,rotc,FinLab company_basic_info:公司名稱,
6882,REALLUSION,rotc,FinLab company_basic_info:英文簡稱,REALLUSION
6883,微電能源,rotc,FinLab company_basic_info:公司簡稱,
6883,微電能源股份有限公司,rotc,FinLab company_basic_info:公司名稱,
6883,ME,rotc,FinLab company_basic_info:英文簡稱,ME
6886,遠東生技,rotc,FinLab company_basic_info:公司簡稱,
6886,遠東生物科技股份有限公司,rotc,FinLab company_basic_info:公司名稱,
6886,FEBICO,rotc,FinLab company_basic_info:英文簡稱,FEBICO
6891,樂迦再生,rotc,FinLab company_basic_info:公司簡稱,
6891,樂迦再生科技股份有限公司,rotc,FinLab company_basic_info:公司名稱,
6891,Locus Cell,rotc,FinLab company_basic_info:英文簡稱,LOCUS CELL
6892,台寶生醫,rotc,FinLab company_basic_info:公司簡稱,
6892,台寶生醫股份有限公司,rotc,FinLab company_basic_info:公司名稱,
6892,TWB,rotc,FinLab company_basic_info:英文簡稱,TWB
6898,程曦資訊,rotc,FinLab company_basic_info:公司簡稱,
6898,程曦資訊整合股份有限公司,rotc,FinLab company_basic_info:公司名稱,
6898,ChainSea,rotc,FinLab company_basic_info:英文簡稱,CHAINSEA
6911,群運,rotc,FinLab company_basic_info:公司簡稱,
6911,群運環保股份有限公司,rotc,FinLab company_basic_info:公司名稱,
6911,CHYUNN,rotc,FinLab company_basic_info:英文簡稱,CHYUNN
6912,益鈞環科*,rotc,FinLab company_basic_info:公司簡稱,
6912,益鈞環保科技股份有限公司,rotc,FinLab company_basic_info:公司名稱,
6912,YCGT,rotc,FinLab company_basic_info:英文簡稱,YCGT
6915,美強光,rotc,FinLab company_basic_info:公司簡稱,
6915,美強光學股份有限公司,rotc,FinLab company_basic_info:公司名稱,
6915,IGIANT OPTICS,rotc,FinLab company_basic_info:英文簡稱,IGIANT OPTICS
6917,竟天,rotc,FinLab company_basic_info:公司簡稱,
6917,竟天生物科技股份有限公司,rotc,FinLab company_basic_info:公司名稱,
6917,Andros,rotc,FinLab company_basic_info:英文簡稱,ANDROS
6920,恆勁科技,rotc,FinLab company_basic_info:公司簡稱,
6920,恆勁科技股份有限公司,rotc,FinLab company_basic_info:公司名稱,
6920,PPt,rotc,FinLab company_basic_info:英文簡稱,PPT
6926,聖安生醫,rotc,FinLab company_basic_info:公司簡稱,
6926,聖安生醫股份有限公司,rotc,FinLab company_basic_info:公司名稱,
6926,Shine-On Bio,rotc,FinLab company_basic_info:英文簡稱,SHINE ON BIO
6927,聯合聚晶,rotc,FinLab company_basic_info:公司簡稱,
6927,聯合聚晶股份有限公司,rotc,FinLab company_basic_info:公司名稱,
6927,IST,rotc,FinLab company_basic_info:英文簡稱,IST
6932,水星生醫*,rotc,FinLab company_basic_info:公司簡稱,
6932,水星生醫股份有限公司,rotc,FinLab company_basic_info:公司名稱,
6932,Merdury,rotc,FinLab company_basic_info:英文簡稱,MERDURY
6935,王子製藥,rotc,FinLab company_basic_info:公司簡稱,
6935,王子製藥股份有限公司,rotc,FinLab company_basic_info:公司名稱,
6935,PRINCE PHARM,rotc,FinLab company_basic_info:英文簡稱,PRINCE PHARM
6938,藍新資訊,rotc,FinLab company_basic_info:公司簡稱,
6938,藍新資訊股份有限公司,rotc,FinLab company_basic_info:公司名稱,
6938,Newebinfo,rotc,FinLab company_basic_info:英文簡稱,NEWEBINFO
6939,啟弘生技,rotc,FinLab company_basic_info:公司簡稱,
6939,啟弘生物科技股份有限公司,rotc,FinLab company_basic_info:公司名稱,
6939,TFBS,rotc,FinLab company_basic_info:英文簡稱,TFBS
6940,格斯科技*,rotc,FinLab company_basic_info:公司簡稱,
6940,格斯科技股份有限公司,rotc,FinLab company_basic_info:公司名稱,
6940,GUS TECH,rotc,FinLab company_basic_info:英文簡稱,GUS TECH
6945,圓祥生技,rotc,FinLab company_basic_info:公司簡稱,
6945,圓祥生技股份有限公司,rotc,FinLab company_basic_info:公司名稱,
6945,APBio,rotc,FinLab company_basic_info:英文簡稱,APBIO
6946,三地能源,rotc,FinLab company_basic_info:公司簡稱,
6946,三地能源股份有限公司,rotc,FinLab company_basic_info:公司名稱,
6946,SANTI ENERGY,rotc,FinLab company_basic_info:英文簡稱,SANTI ENERGY
6947,台鎔科技,rotc,FinLab company_basic_info:公司簡稱,
6947,台鎔科技材料股份有限公司,rotc,FinLab company_basic_info:公司名稱,
6947,Techzone,rotc,FinLab company_basic_info:英文簡稱,TECHZONE
6959,兆捷科技,rotc,FinLab company_basic_info:公司簡稱,
6959,兆捷科技國際股份有限公司,rotc,FinLab company_basic_info:公司名稱,
6959,iemc,rotc,FinLab company_basic_info:英文簡稱,IEMC
6963,品元,rotc,FinLab company_basic_info:公司簡稱,
6963,品元實業股份有限公司,rotc,FinLab company_basic_info:公司名稱,
6963,Texture Maker,rotc,FinLab company_basic_info:英文簡稱,TEXTURE MAKER
6972,博瑞達應材,rotc,FinLab company_basic_info:公司簡稱,
6972,博瑞達應用材料股份有限公司,rotc,FinLab company_basic_info:公司名稱,
6972,PROTRADE,rotc,FinLab company_basic_info:英文簡稱,PROTRADE
6973,永立榮,rotc,FinLab company_basic_info:公司簡稱,
6973,永立榮生醫股份有限公司,rotc,FinLab company_basic_info:公司名稱,
6973,U-Neuron,rotc,FinLab company_basic_info:英文簡稱,U NEURON
6976,育世博-KY,rotc,FinLab company_basic_info:公司簡稱,KY
6976,英屬開曼群島商育世博(股)公司,rotc,FinLab company_basic_info:公司名稱,
6976,Acepodia,rotc,FinLab company_basic_info:英文簡稱,ACEPODIA
6977,聯純,rotc,FinLab company_basic_info:公司簡稱,
6977,聯純科技股份有限公司,rotc,FinLab company_basic_info:公司名稱,
6977,UPT,rotc,FinLab company_basic_info:英文簡稱,UPT
6979,勝釩,rotc,FinLab company_basic_info:公司簡稱,
6979,勝釩科技股份有限公司,rotc,FinLab company_basic_info:公司名稱,
6979,Vft,rotc,FinLab company_basic_info:英文簡稱,VFT
6980,鐳洋科技,rotc,FinLab company_basic_info:公司簡稱,
6980,鐳洋科技股份有限公司,rotc,FinLab company_basic_info:公司名稱,
6980,RPTK,rotc,FinLab company_basic_info:英文簡稱,RPTK
6983,華洋精機,rotc,FinLab company_basic_info:公司簡稱,
6983,華洋精機股份有限公司,rotc,FinLab company_basic_info:公司名稱,
6983,HYP,rotc,FinLab company_basic_info:英文簡稱,HYP
6984,ACpay,rotc,FinLab company_basic_info:公司簡稱,ACPAY
6984,交流資服股份有限公司,rotc,FinLab company_basic_info:公司名稱,
6984,ACpay,rotc,FinLab company_basic_info:英文簡稱,ACPAY
6986,和迅,rotc,FinLab company_basic_info:公司簡稱,
6986,和迅生命科學股份有限公司,rotc,FinLab company_basic_info:公司名稱,
6986,HEXUN,rotc,FinLab company_basic_info:英文簡稱,HEXUN
6987,寶晶能源*,rotc,FinLab company_basic_info:公司簡稱,
6987,寶晶能源股份有限公司,rotc,FinLab company_basic_info:公司名稱,
6987,Ina Energy,rotc,FinLab company_basic_info:英文簡稱,INA ENERGY
6990,華鉬,rotc,FinLab company_basic_info:公司簡稱,
6990,華鉬實業股份有限公司,rotc,FinLab company_basic_info:公司名稱,
6990,PMIC,rotc,FinLab company_basic_info:英文簡稱,PMIC
6995,野獸國,rotc,FinLab company_basic_info:公司簡稱,
6995,野獸國股份有限公司,rotc,FinLab company_basic_info:公司名稱,
6995,BK,rotc,FinLab company_basic_info:英文簡稱,BK
6999,瀚醫生技,rotc,FinLab company_basic_info:公司簡稱,
6999,瀚醫生技股份有限公司,rotc,FinLab company_basic_info:公司名稱,
6999,Han Biomedical,rotc,FinLab company_basic_info:英文簡稱,HAN BIOMEDICAL
7419,達勝,rotc,FinLab company_basic_info:公司簡稱,
7419,達勝科技股份有限公司,rotc,FinLab company_basic_info:公司名稱,
7419,MTC,rotc,FinLab company_basic_info:英文簡稱,MTC
7427,華上生醫,rotc,FinLab company_basic_info:公司簡稱,
7427,華上生技醫藥股份有限公司,rotc,FinLab company_basic_info:公司名稱,
7427,GNTbm,rotc,FinLab company_basic_info:英文簡稱,GNTBM
7443,凡事康,rotc,FinLab company_basic_info:公司簡稱,
7443,凡事康流體科技股份有限公司,rotc,FinLab company_basic_info:公司名稱,
7443,FLUXTEK,rotc,FinLab company_basic_info:英文簡稱,FLUXTEK
7455,樺緯物聯,rotc,FinLab company_basic_info:公司簡稱,
7455,樺緯物聯股份有限公司,rotc,FinLab company_basic_info:公司名稱,
7455,DEXATEK,rotc,FinLab company_basic_info:英文簡稱,DEXATEK
7507,環拓科技,rotc,FinLab company_basic_info:公司簡稱,
7507,環拓科技股份有限公司,rotc,FinLab company_basic_info:公司名稱,
7507,ENRESTEC INC.,rotc,FinLab company_basic_info:英文簡稱,ENRESTEC
7516,清淨海,rotc,FinLab company_basic_info:公司簡稱,
7516,清淨海生技股份有限公司,rotc,FinLab company_basic_info:公司名稱,
7516,Sea Mild,rotc,FinLab company_basic_info:英文簡稱,SEA MILD
7530,鋒魁科技,rotc,FinLab company_basic_info:公司簡稱,
7530,鋒魁科技股份有限公司,rotc,FinLab company_basic_info:公司名稱,
7530,Forward Tek.,rotc,FinLab company_basic_info:英文簡稱,FORWARD TEK
7551,知識科技,rotc,FinLab company_basic_info:公司簡稱,
7551,知識科技股份有限公司,rotc,FinLab company_basic_info:公司名稱,
7551,FLASHAIM,rotc,FinLab company_basic_info:英文簡稱,FLASHAIM
7558,群利科技,rotc,FinLab company_basic_info:公司簡稱,
7558,群利科技股份有限公司,rotc,FinLab company_basic_info:公司名稱,
7558,BRYTON,rotc,FinLab company_basic_info:英文簡稱,BRYTON
7561,光晟生技,rotc,FinLab company_basic_info:公司簡稱,
7561,光晟生物科技股份有限公司,rotc,FinLab company_basic_info:公司名稱,
7561,Bioray Biotech,rotc,FinLab company_basic_info:英文簡稱,BIORAY BIOTECH
7562,博來科技,rotc,FinLab company_basic_info:公司簡稱,
7562,博來科技股份有限公司,rotc,FinLab company_basic_info:公司名稱,
7562,LEX,rotc,FinLab company_basic_info:英文簡稱,LEX
7566,亞果遊艇,rotc,FinLab company_basic_info:公司簡稱,
7566,亞果遊艇開發股份有限公司,rotc,FinLab company_basic_info:公司名稱,
7566,AYDC,rotc,FinLab company_basic_info:英文簡稱,AYDC
7575,安美得,rotc,FinLab company_basic_info:公司簡稱,
7575,安美得生醫股份有限公司,rotc,FinLab company_basic_info:公司名稱,
7575,Amed,rotc,FinLab company_basic_info:英文簡稱,AMED
7578,利百景,rotc,FinLab company_basic_info:公司簡稱,
7578,利百景股份有限公司,rotc,FinLab company_basic_info:公司名稱,
7578,Revivegen,rotc,FinLab company_basic_info:英文簡稱,REVIVEGEN
7583,國際海洋,rotc,FinLab company_basic_info:公司簡稱,
7583,國際海洋股份有限公司,rotc,FinLab company_basic_info:公司名稱,
7583,IOG,rotc,FinLab company_basic_info:英文簡稱,IOG
7590,怡和國際,rotc,FinLab company_basic_info:公司簡稱,
7590,怡和國際股份有限公司,rotc,FinLab company_basic_info:公司名稱,
7590,Yiho Int'l,rotc,FinLab company_basic_info:英文簡稱,YIHO INT L
7595,世基生醫,rotc,FinLab company_basic_info:公司簡稱,
7595,世基生物醫學股份有限公司,rotc,FinLab company_basic_info:公司名稱,
7595,Pharmigene,rotc,FinLab company_basic_info:英文簡稱,PHARMIGENE
7607,通用幹細胞*,rotc,FinLab company_basic_info:公司簡稱,
7607,通用幹細胞股份有限公司,rotc,FinLab company_basic_info:公司名稱,
7607,DuoGenic,rotc,FinLab company_basic_info:英文簡稱,DUOGENIC
7669,碩正科技,rotc,FinLab company_basic_info:公司簡稱,
7669,碩正科技股份有限公司,rotc,FinLab company_basic_info:公司名稱,
7669,Suregiant,rotc,FinLab company_basic_info:英文簡稱,SUREGIANT
7689,大鵬科CLMX,rotc,FinLab company_basic_info:公司簡稱,CLMX
7689,大鵬科技股份有限公司,rotc,FinLab company_basic_info:公司名稱,
7689,CLIMAX,rotc,FinLab company_basic_info:英文簡稱,CLIMAX
7702,前端風電,rotc,FinLab company_basic_info:公司簡稱,
7702,前端離岸風電設備製造（股）公司,rotc,FinLab company_basic_info:公司名稱,
7702,APEXWP,rotc,FinLab company_basic_info:英文簡稱,APEXWP
7706,宏碁創達,rotc,FinLab company_basic_info:公司簡稱,
7706,宏碁創達股份有限公司,rotc,FinLab company_basic_info:公司名稱,
7706,ASM,rotc,FinLab company_basic_info:英文簡稱,ASM
7707,益芯科,rotc,FinLab company_basic_info:公司簡稱,
7707,益芯科技股份有限公司,rotc,FinLab company_basic_info:公司名稱,
7707,CMSC,rotc,FinLab company_basic_info:英文簡稱,CMSC
7710,東擎科技,rotc,FinLab company_basic_info:公司簡稱,
7710,東擎科技股份有限公司,rotc,FinLab company_basic_info:公司名稱,
7710,ASRockInd,rotc,FinLab company_basic_info:英文簡稱,ASROCKIND
7719,碳基,rotc,FinLab company_basic_info:公司簡稱,
7719,碳基科技股份有限公司,rotc,FinLab company_basic_info:公司名稱,
7719,CBT,rotc,FinLab company_basic_info:英文簡稱,CBT
7724,諾亞克,rotc,FinLab company_basic_info:公司簡稱,
7724,諾亞克科技股份有限公司,rotc,FinLab company_basic_info:公司名稱,
7724,U-ARK,rotc,FinLab company_basic_info:英文簡稱,U ARK
7725,列特博,rotc,FinLab company_basic_info:公司簡稱,
7725,列特博生技股份有限公司,rotc,FinLab company_basic_info:公司名稱,
7725,LabTurbo,rotc,FinLab company_basic_info:英文簡稱,LABTURBO
7726,暄達,rotc,FinLab company_basic_info:公司簡稱,
7726,暄達醫學科技股份有限公司,rotc,FinLab company_basic_info:公司名稱,
7726,CARILEX,rotc,FinLab company_basic_info:英文簡稱,CARILEX
7729,仲恩生醫,rotc,FinLab company_basic_info:公司簡稱,
7729,仲恩生醫科技股份有限公司,rotc,FinLab company_basic_info:公司名稱,
7729,SBI,rotc,FinLab company_basic_info:英文簡稱,SBI
7731,火星生技*,rotc,FinLab company_basic_info:公司簡稱,
7731,火星生技股份有限公司,rotc,FinLab company_basic_info:公司名稱,
7731,MARX,rotc,FinLab company_basic_info:英文簡稱,MARX
7737,凱鈿,rotc,FinLab company_basic_info:公司簡稱,
7737,凱鈿行動科技股份有限公司,rotc,FinLab company_basic_info:公司名稱,
7737,KDAN,rotc,FinLab company_basic_info:英文簡稱,KDAN
7742,天弘化,rotc,FinLab company_basic_info:公司簡稱,
7742,天弘化學股份有限公司,rotc,FinLab company_basic_info:公司名稱,
7742,URANUS,rotc,FinLab company_basic_info:英文簡稱,URANUS
7745,紅陽,rotc,FinLab company_basic_info:公司簡稱,
7745,紅陽科技股份有限公司,rotc,FinLab company_basic_info:公司名稱,
7745,Red Sunrise,rotc,FinLab company_basic_info:英文簡稱,RED SUNRISE
7748,鑫囍創業,rotc,FinLab company_basic_info:公司簡稱,
7748,鑫囍創業股份有限公司,rotc,FinLab company_basic_info:公司名稱,
7748,JollifyCreative,rotc,FinLab company_basic_info:英文簡稱,JOLLIFYCREATIVE
7752,世紀樺欣,rotc,FinLab company_basic_info:公司簡稱,
7752,世紀樺欣風能股份有限公司,rotc,FinLab company_basic_info:公司名稱,
7752,CHWE,rotc,FinLab company_basic_info:英文簡稱,CHWE
7754,安基生技,rotc,FinLab company_basic_info:公司簡稱,
7754,安基生技新藥股份有限公司,rotc,FinLab company_basic_info:公司名稱,
7754,AnnJi,rotc,FinLab company_basic_info:英文簡稱,ANNJI
7756,多那之,rotc,FinLab company_basic_info:公司簡稱,
7756,多那之國際股份有限公司,rotc,FinLab company_basic_info:公司名稱,
7756,DONUTES,rotc,FinLab company_basic_info:英文簡稱,DONUTES
7758,睿騰能源,rotc,FinLab company_basic_info:公司簡稱,
7758,睿騰能源股份有限公司,rotc,FinLab company_basic_info:公司名稱,
7758,KEELGOAL ENERGY,rotc,FinLab company_basic_info:英文簡稱,KEELGOAL ENERGY
7759,視航生醫,rotc,FinLab company_basic_info:公司簡稱,
7759,視航生物醫學股份有限公司,rotc,FinLab company_basic_info:公司名稱,
7759,SUNHAWK BIO,rotc,FinLab company_basic_info:英文簡稱,SUNHAWK BIO
7760,享溫馨,rotc,FinLab company_basic_info:公司簡稱,
7760,享溫馨企業股份有限公司,rotc,FinLab company_basic_info:公司名稱,
7760,ENJOY,rotc,FinLab company_basic_info:英文簡稱,ENJOY
7761,三大未來,rotc,FinLab company_basic_info:公司簡稱,
7761,三大未來科技股份有限公司,rotc,FinLab company_basic_info:公司名稱,
7761,Power Win,rotc,FinLab company_basic_info:英文簡稱,POWER WIN
7762,吉晟生,rotc,FinLab company_basic_info:公司簡稱,
7762,吉晟生技股份有限公司,rotc,FinLab company_basic_info:公司名稱,
7762,PET PHARM BIO,rotc,FinLab company_basic_info:英文簡稱,PET PHARM BIO
7763,崇舜,rotc,FinLab company_basic_info:公司簡稱,
7763,崇舜股份有限公司,rotc,FinLab company_basic_info:公司名稱,
7763,Johnson Fine,rotc,FinLab company_basic_info:英文簡稱,JOHNSON FINE
7764,聖州,rotc,FinLab company_basic_info:公司簡稱,
7764,聖州企業股份有限公司,rotc,FinLab company_basic_info:公司名稱,
7764,SAINT JOSE,rotc,FinLab company_basic_info:英文簡稱,SAINT JOSE
7768,頌勝科技,rotc,FinLab company_basic_info:公司簡稱,
7768,頌勝科技材料股份有限公司,rotc,FinLab company_basic_info:公司名稱,
7768,PVI,rotc,FinLab company_basic_info:英文簡稱,PVI
7771,綠基,rotc,FinLab company_basic_info:公司簡稱,
7771,綠基企業股份有限公司,rotc,FinLab company_basic_info:公司名稱,
7771,GBT,rotc,FinLab company_basic_info:英文簡稱,GBT
7772,耀穎,rotc,FinLab company_basic_info:公司簡稱,
7772,耀穎光電股份有限公司,rotc,FinLab company_basic_info:公司名稱,
7772,MOE,rotc,FinLab company_basic_info:英文簡稱,MOE
7773,富禾生醫,rotc,FinLab company_basic_info:公司簡稱,
7773,富禾生醫股份有限公司,rotc,FinLab company_basic_info:公司名稱,
7773,FullHope,rotc,FinLab company_basic_info:英文簡稱,FULLHOPE
7776,奧孟亞,rotc,FinLab company_basic_info:公司簡稱,
7776,奧孟亞股份有限公司,rotc,FinLab company_basic_info:公司名稱,
7776,Anya,rotc,FinLab company_basic_info:英文簡稱,ANYA
7779,鍇睿國際,rotc,FinLab company_basic_info:公司簡稱,
7779,鍇睿國際數位股份有限公司,rotc,FinLab company_basic_info:公司名稱,
7779,CARRY,rotc,FinLab company_basic_info:英文簡稱,CARRY
7781,昕力資*,rotc,FinLab company_basic_info:公司簡稱,
7781,昕力資訊股份有限公司,rotc,FinLab company_basic_info:公司名稱,
7781,TPIsoftware,rotc,FinLab company_basic_info:英文簡稱,TPISOFTWARE
7783,佳運,rotc,FinLab company_basic_info:公司簡稱,
7783,佳運重機械工程股份有限公司,rotc,FinLab company_basic_info:公司名稱,
7783,Giant,rotc,FinLab company_basic_info:英文簡稱,GIANT
7785,北祥科服,rotc,FinLab company_basic_info:公司簡稱,
7785,北祥科技服務股份有限公司,rotc,FinLab company_basic_info:公司名稱,
7785,PTSC,rotc,FinLab company_basic_info:英文簡稱,PTSC
7789,開展,rotc,FinLab company_basic_info:公司簡稱,
7789,開展餐飲股份有限公司,rotc,FinLab company_basic_info:公司名稱,
7789,Casual,rotc,FinLab company_basic_info:英文簡稱,CASUAL
7790,思必瑞特,rotc,FinLab company_basic_info:公司簡稱,
7790,思必瑞特生技股份有限公司,rotc,FinLab company_basic_info:公司名稱,
7790,SSLab,rotc,FinLab company_basic_info:英文簡稱,SSLAB
7794,宏碁智新,rotc,FinLab company_basic_info:公司簡稱,
7794,宏碁智新股份有限公司,rotc,FinLab company_basic_info:公司名稱,
7794,API,rotc,FinLab company_basic_info:英文簡稱,API
7796,擷發科,rotc,FinLab company_basic_info:公司簡稱,
7796,擷發科技股份有限公司,rotc,FinLab company_basic_info:公司名稱,
7796,Microip,rotc,FinLab company_basic_info:英文簡稱,MICROIP
7797,Q Burger,rotc,FinLab company_basic_info:公司簡稱,Q BURGER
7797,饗樂餐飲實業股份有限公司,rotc,FinLab company_basic_info:公司名稱,
7797,Q Burger,rotc,FinLab company_basic_info:英文簡稱,Q BURGER
7798,將捷,rotc,FinLab company_basic_info:公司簡稱,
7798,將捷股份有限公司,rotc,FinLab company_basic_info:公司名稱,
7798,FABULOUS GROUP,rotc,FinLab company_basic_info:英文簡稱,FABULOUS
7801,華芸科技,rotc,FinLab company_basic_info:公司簡稱,
7801,華芸科技股份有限公司,rotc,FinLab company_basic_info:公司名稱,
7801,ASUSTOR,rotc,FinLab company_basic_info:英文簡稱,ASUSTOR
7803,雲象科技,rotc,FinLab company_basic_info:公司簡稱,
7803,雲象科技股份有限公司,rotc,FinLab company_basic_info:公司名稱,
7803,aetherAI,rotc,FinLab company_basic_info:英文簡稱,AETHERAI
7806,精華生醫,rotc,FinLab company_basic_info:公司簡稱,
7806,精華生醫股份有限公司,rotc,FinLab company_basic_info:公司名稱,
7806,Gin Hwa,rotc,FinLab company_basic_info:英文簡稱,GIN HWA
7808,訊聯智藥,rotc,FinLab company_basic_info:公司簡稱,
7808,訊聯細胞智藥股份有限公司,rotc,FinLab company_basic_info:公司名稱,
7808,BIONET TX Corp.,rotc,FinLab company_basic_info:英文簡稱,BIONET TX
7812,稜研科技*,rotc,FinLab company_basic_info:公司簡稱,
7812,稜研科技股份有限公司,rotc,FinLab company_basic_info:公司名稱,
7812,TMYTEK,rotc,FinLab company_basic_info:英文簡稱,TMYTEK
7813,宇辰系統,rotc,FinLab company_basic_info:公司簡稱,
7813,宇辰系統科技股份有限公司,rotc,FinLab company_basic_info:公司名稱,
7813,YCS,rotc,FinLab company_basic_info:英文簡稱,YCS
7814,海昌生技,rotc,FinLab company_basic_info:公司簡稱,
7814,海昌生化科技股份有限公司,rotc,FinLab company_basic_info:公司名稱,
7814,HORIEN,rotc,FinLab company_basic_info:英文簡稱,HORIEN
7815,新特,rotc,FinLab company_basic_info:公司簡稱,
7815,新特系統股份有限公司,rotc,FinLab company_basic_info:公司名稱,
7815,Sync-Tech,rotc,FinLab company_basic_info:英文簡稱,SYNC TECH
7816,來穎,rotc,FinLab company_basic_info:公司簡稱,
7816,來穎科技股份有限公司,rotc,FinLab company_basic_info:公司名稱,
7816,RITWIN,rotc,FinLab company_basic_info:英文簡稱,RITWIN
7818,溢泰實業,rotc,FinLab company_basic_info:公司簡稱,
7818,溢泰實業股份有限公司,rotc,FinLab company_basic_info:公司名稱,
7818,KEMFLO,rotc,FinLab company_basic_info:英文簡稱,KEMFLO
7819,精誠金融,rotc,FinLab company_basic_info:公司簡稱,
7819,精誠金融科技股份有限公司,rotc,FinLab company_basic_info:公司名稱,
7819,Systex Fintech,rotc,FinLab company_basic_info:英文簡稱,SYSTEX FINTECH
7820,立盈,rotc,FinLab company_basic_info:公司簡稱,
7820,立盈環保科技股份有限公司,rotc,FinLab company_basic_info:公司名稱,
7820,Liying EPTech,rotc,FinLab company_basic_info:英文簡稱,LIYING EPTECH
7821,神數,rotc,FinLab company_basic_info:公司簡稱,
7821,神達數位股份有限公司,rotc,FinLab company_basic_info:公司名稱,
7821,MDT,rotc,FinLab company_basic_info:英文簡稱,MDT
7824,智寶,rotc,FinLab company_basic_info:公司簡稱,
7824,智寶國際開發股份有限公司,rotc,FinLab company_basic_info:公司名稱,
7824,NADA,rotc,FinLab company_basic_info:英文簡稱,NADA
7825,和亞智慧,rotc,FinLab company_basic_info:公司簡稱,
7825,和亞智慧科技股份有限公司,rotc,FinLab company_basic_info:公司名稱,
7825,NSTC,rotc,FinLab company_basic_info:英文簡稱,NSTC
7826,極風雲創,rotc,FinLab company_basic_info:公司簡稱,
7826,極風雲創股份有限公司,rotc,FinLab company_basic_info:公司名稱,
7826,Twister5,rotc,FinLab company_basic_info:英文簡稱,TWISTER5
7827,漢康-KY,rotc,FinLab company_basic_info:公司簡稱,KY
7827,英屬開曼群島商漢康生技(股)公司,rotc,FinLab company_basic_info:公司名稱,
7827,Hanchor-KY,rotc,FinLab company_basic_info:英文簡稱,HANCHOR KY
7828,創新服務,rotc,FinLab company_basic_info:公司簡稱,
7828,創新服務股份有限公司,rotc,FinLab company_basic_info:公司名稱,
7828,INNOSTAR,rotc,FinLab company_basic_info:英文簡稱,INNOSTAR
7829,思捷優達-KY,rotc,FinLab company_basic_info:公司簡稱,KY
7829,英屬開曼群島商思捷優達(股)公司,rotc,FinLab company_basic_info:公司名稱,
7829,YODA-KY,rotc,FinLab company_basic_info:英文簡稱,YODA KY
7831,捷博,rotc,FinLab company_basic_info:公司簡稱,
7831,捷博股份有限公司,rotc,FinLab company_basic_info:公司名稱,
7831,JESPER,rotc,FinLab company_basic_info:英文簡稱,JESPER
7832,智新生技*,rotc,FinLab company_basic_info:公司簡稱,
7832,智新生技股份有限公司,rotc,FinLab company_basic_info:公司名稱,
7832,Intelligene,rotc,FinLab company_basic_info:英文簡稱,INTELLIGENE
7833,綠岩能源,rotc,FinLab company_basic_info:公司簡稱,
7833,綠岩能源股份有限公司,rotc,FinLab company_basic_info:公司名稱,
7833,GRE,rotc,FinLab company_basic_info:英文簡稱,GRE
7834,來毅數位,rotc,FinLab company_basic_info:公司簡稱,
7834,來毅數位科技股份有限公司,rotc,FinLab company_basic_info:公司名稱,
7834,LYDSEC DIGITAL,rotc,FinLab company_basic_info:英文簡稱,LYDSEC DIGITAL
7836,智生活,rotc,FinLab company_basic_info:公司簡稱,
7836,智生活科技股份有限公司,rotc,FinLab company_basic_info:公司名稱,
7836,SmaDay,rotc,FinLab company_basic_info:英文簡稱,SMADAY
7837,啟新生,rotc,FinLab company_basic_info:公司簡稱,
7837,啟新生物科技股份有限公司,rotc,FinLab company_basic_info:公司名稱,
7837,Creative,rotc,FinLab company_basic_info:英文簡稱,CREATIVE
7839,達人網,rotc,FinLab company_basic_info:公司簡稱,
7839,達人網科技股份有限公司,rotc,FinLab company_basic_info:公司名稱,
7839,PRO360,rotc,FinLab company_basic_info:英文簡稱,PRO360
7840,祥圃,rotc,FinLab company_basic_info:公司簡稱,
7840,祥圃實業股份有限公司,rotc,FinLab company_basic_info:公司名稱,
7840,Nice Garden,rotc,FinLab company_basic_info:英文簡稱,NICE GARDEN
7841,經貿聯網,rotc,FinLab company_basic_info:公司簡稱,
7841,經貿聯網科技股份有限公司,rotc,FinLab company_basic_info:公司名稱,
7841,CyberSoft,rotc,FinLab company_basic_info:英文簡稱,CYBERSOFT
7842,天能綠電,rotc,FinLab company_basic_info:公司簡稱,
7842,天能綠電股份有限公司,rotc,FinLab company_basic_info:公司名稱,
7842,GREENET,rotc,FinLab company_basic_info:英文簡稱,GREENET
7843,英柏得,rotc,FinLab company_basic_info:公司簡稱,
7843,英柏得科技股份有限公司,rotc,FinLab company_basic_info:公司名稱,
7843,EmBestor,rotc,FinLab company_basic_info:英文簡稱,EMBESTOR
7846,德揚,rotc,FinLab company_basic_info:公司簡稱,
7846,德揚科技股份有限公司,rotc,FinLab company_basic_info:公司名稱,
7846,HTC & SOLAR,rotc,FinLab company_basic_info:英文簡稱,HTC AND SOLAR
7847,豊漁,rotc,FinLab company_basic_info:公司簡稱,
7847,豊漁股份有限公司,rotc,FinLab company_basic_info:公司名稱,
7847,Li Yu,rotc,FinLab company_basic_info:英文簡稱,LI YU
7848,騏億鑫,rotc,FinLab company_basic_info:公司簡稱,
7848,騏億鑫科技股份有限公司,rotc,FinLab company_basic_info:公司名稱,
7848,CYH,rotc,FinLab company_basic_info:英文簡稱,CYH
7849,旭誼,rotc,FinLab company_basic_info:公司簡稱,
7849,旭誼工程股份有限公司,rotc,FinLab company_basic_info:公司名稱,
7849,Shine Passion,rotc,FinLab company_basic_info:英文簡稱,SHINE PASSION
7850,寶泰生醫,rotc,FinLab company_basic_info:公司簡稱,
7850,寶泰生醫股份有限公司,rotc,FinLab company_basic_info:公司名稱,
7850,PAH,rotc,FinLab company_basic_info:英文簡稱,PAH
7851,慧康生技*-KY,rotc,FinLab company_basic_info:公司簡稱,KY
7851,英屬開曼群島商慧康生活科技(股),rotc,FinLab company_basic_info:公司名稱,
7851,H2 INC.,rotc,FinLab company_basic_info:英文簡稱,H2
7853,政美應用,rotc,FinLab company_basic_info:公司簡稱,
7853,政美應用股份有限公司,rotc,FinLab company_basic_info:公司名稱,
7853,cmit,rotc,FinLab company_basic_info:英文簡稱,CMIT
7854,佐茂,rotc,FinLab company_basic_info:公司簡稱,
7854,佐茂股份有限公司,rotc,FinLab company_basic_info:公司名稱,
7854,JMS,rotc,FinLab company_basic_info:英文簡稱,JMS
7855,和運租車,rotc,FinLab company_basic_info:公司簡稱,
7855,和運租車股份有限公司,rotc,FinLab company_basic_info:公司名稱,
7855,HLC,rotc,FinLab company_basic_info:英文簡稱,HLC
7856,漢測,rotc,FinLab company_basic_info:公司簡稱,
7856,漢民測試系統股份有限公司,rotc,FinLab company_basic_info:公司名稱,
7856,HTSI,rotc,FinLab company_basic_info:英文簡稱,HTSI
7857,合水先進,rotc,FinLab company_basic_info:公司簡稱,
7857,合水先進環境技術股份有限公司,rotc,FinLab company_basic_info:公司名稱,
7857,AsWater,rotc,FinLab company_basic_info:英文簡稱,ASWATER
7858,芝普,rotc,FinLab company_basic_info:公司簡稱,
7858,芝普企業股份有限公司,rotc,FinLab company_basic_info:公司名稱,
7858,E-CHEM,rotc,FinLab company_basic_info:英文簡稱,E CHEM
7860,得生製藥,rotc,FinLab company_basic_info:公司簡稱,
7860,得生製藥股份有限公司,rotc,FinLab company_basic_info:公司名稱,
7860,TEH SENG,rotc,FinLab company_basic_info:英文簡稱,TEH SENG
7861,貝爾威勒,rotc,FinLab company_basic_info:公司簡稱,
7861,貝爾威勒電子股份有限公司,rotc,FinLab company_basic_info:公司名稱,
7861,BellWether,rotc,FinLab company_basic_info:英文簡稱,BELLWETHER
7862,聚泰,rotc,FinLab company_basic_info:公司簡稱,
7862,聚泰環保材料科技股份有限公司,rotc,FinLab company_basic_info:公司名稱,
7862,AceGreen,rotc,FinLab company_basic_info:英文簡稱,ACEGREEN
7863,中科物流,rotc,FinLab company_basic_info:公司簡稱,
7863,中科國際物流股份有限公司,rotc,FinLab company_basic_info:公司名稱,
7863,CTSPL,rotc,FinLab company_basic_info:英文簡稱,CTSPL
7865,金聯成,rotc,FinLab company_basic_info:公司簡稱,
7865,金聯成資源科技股份有限公司,rotc,FinLab company_basic_info:公司名稱,
7865,JIN LIAN CHENG,rotc,FinLab company_basic_info:英文簡稱,JIN LIAN CHENG
7866,丹立,rotc,FinLab company_basic_info:公司簡稱,
7866,丹立電子股份有限公司,rotc,FinLab company_basic_info:公司名稱,
7866,DLI,rotc,FinLab company_basic_info:英文簡稱,DLI
7867,特力屋,rotc,FinLab company_basic_info:公司簡稱,
7867,特力屋股份有限公司,rotc,FinLab company_basic_info:公司名稱,
7867,TLW,rotc,FinLab company_basic_info:英文簡稱,TLW
7868,聖育,rotc,FinLab company_basic_info:公司簡稱,
7868,聖育科技股份有限公司,rotc,FinLab company_basic_info:公司名稱,
7868,INFORCOM,rotc,FinLab company_basic_info:英文簡稱,INFORCOM
7869,宏于電機,rotc,FinLab company_basic_info:公司簡稱,
7869,宏于電機股份有限公司,rotc,FinLab company_basic_info:公司名稱,
7869,HYEC,rotc,FinLab company_basic_info:英文簡稱,HYEC
7870,聯剛科技,rotc,FinLab company_basic_info:公司簡稱,
7870,聯剛科技股份有限公司,rotc,FinLab company_basic_info:公司名稱,
7870,ACCO,rotc,FinLab company_basic_info:英文簡稱,ACCO
7871,安立璽榮-KY,rotc,FinLab company_basic_info:公司簡稱,KY
7871,安立璽榮醫藥股份有限公司,rotc,FinLab company_basic_info:公司名稱,
7871,Elixiron-KY,rotc,FinLab company_basic_info:英文簡稱,ELIXIRON KY
7872,登豐,rotc,FinLab company_basic_info:公司簡稱,
7872,登豐微電子股份有限公司,rotc,FinLab company_basic_info:公司名稱,
7872,GS,rotc,FinLab company_basic_info:英文簡稱,GS
7875,安圖斯,rotc,FinLab company_basic_info:公司簡稱,
7875,安圖斯科技股份有限公司,rotc,FinLab company_basic_info:公司名稱,
7875,Altos,rotc,FinLab company_basic_info:英文簡稱,ALTOS
7876,鼎晉生技,rotc,FinLab company_basic_info:公司簡稱,
7876,鼎晉生技股份有限公司,rotc,FinLab company_basic_info:公司名稱,
7876,OBIGEN PHARMA,rotc,FinLab company_basic_info:英文簡稱,OBIGEN PHARMA
7877,海利普,rotc,FinLab company_basic_info:公司簡稱,
7877,海利普電子科技股份有限公司,rotc,FinLab company_basic_info:公司名稱,
7877,TEINCO,rotc,FinLab company_basic_info:英文簡稱,TEINCO
7878,藥祇,rotc,FinLab company_basic_info:公司簡稱,
7878,藥祇生醫股份有限公司,rotc,FinLab company_basic_info:公司名稱,
7878,PHARMASAGA,rotc,FinLab company_basic_info:英文簡稱,PHARMASAGA
7879,益材科技,rotc,FinLab company_basic_info:公司簡稱,
7879,益材科技股份有限公司,rotc,FinLab company_basic_info:公司名稱,
7879,AMS,rotc,FinLab company_basic_info:英文簡稱,AMS
7880,聖凰,rotc,FinLab company_basic_info:公司簡稱,
7880,聖凰科技股份有限公司,rotc,FinLab company_basic_info:公司名稱,
7880,spti,rotc,FinLab company_basic_info:英文簡稱,SPTI
7881,科明,rotc,FinLab company_basic_info:公司簡稱,
7881,科明儀器股份有限公司,rotc,FinLab company_basic_info:公司名稱,
7881,EYECARE,rotc,FinLab company_basic_info:英文簡稱,EYECARE
7882,倍利創投,rotc,FinLab company_basic_info:公司簡稱,
7882,倍利生技創業投資股份有限公司,rotc,FinLab company_basic_info:公司名稱,
7882,Beiley Biofund,rotc,FinLab company_basic_info:英文簡稱,BEILEY BIOFUND
7883,饗賓,rotc,FinLab company_basic_info:公司簡稱,
7883,饗賓餐旅事業股份有限公司,rotc,FinLab company_basic_info:公司名稱,
7883,FEASTOGETHER,rotc,FinLab company_basic_info:英文簡稱,FEASTOGETHER
7885,宏羚,rotc,FinLab company_basic_info:公司簡稱,
7885,宏羚股份有限公司,rotc,FinLab company_basic_info:公司名稱,
7885,HONLYNN,rotc,FinLab company_basic_info:英文簡稱,HONLYNN
7886,科建,rotc,FinLab company_basic_info:公司簡稱,
7886,科建國際實業股份有限公司,rotc,FinLab company_basic_info:公司名稱,
7886,KOJEM,rotc,FinLab company_basic_info:英文簡稱,KOJEM
7887,宇川精材,rotc,FinLab company_basic_info:公司簡稱,
7887,宇川精密材料科技股份有限公司,rotc,FinLab company_basic_info:公司名稱,
7887,PPMI,rotc,FinLab company_basic_info:英文簡稱,PPMI
7888,麗寶新藥,rotc,FinLab company_basic_info:公司簡稱,
7888,麗寶新藥生物科技股份有限公司,rotc,FinLab company_basic_info:公司名稱,
7888,LIBO,rotc,FinLab company_basic_info:英文簡稱,LIBO
7889,騰勢,rotc,FinLab company_basic_info:公司簡稱,
7889,騰勢股份有限公司,rotc,FinLab company_basic_info:公司名稱,
7889,TSA,rotc,FinLab company_basic_info:英文簡稱,TSA
7890,明曜科技,rotc,FinLab company_basic_info:公司簡稱,
7890,明曜科技股份有限公司,rotc,FinLab company_basic_info:公司名稱,
7890,Etica,rotc,FinLab company_basic_info:英文簡稱,ETICA
7891,博研醫藥,rotc,FinLab company_basic_info:公司簡稱,
7891,博研醫藥開發股份有限公司,rotc,FinLab company_basic_info:公司名稱,
7891,BoYen,rotc,FinLab company_basic_info:英文簡稱,BOYEN
7892,元鈦科,rotc,FinLab company_basic_info:公司簡稱,
7892,元鈦科技股份有限公司,rotc,FinLab company_basic_info:公司名稱,
7892,MGC,rotc,FinLab company_basic_info:英文簡稱,MGC
7893,睿信,rotc,FinLab company_basic_info:公司簡稱,
7893,睿信電子股份有限公司,rotc,FinLab company_basic_info:公司名稱,
7893,Radbon,rotc,FinLab company_basic_info:英文簡稱,RADBON
7895,元進莊,rotc,FinLab company_basic_info:公司簡稱,
7895,元進莊企業股份有限公司,rotc,FinLab company_basic_info:公司名稱,
7895,YJC,rotc,FinLab company_basic_info:英文簡稱,YJC
7896,喬越,rotc,FinLab company_basic_info:公司簡稱,
7896,喬越實業股份有限公司,rotc,FinLab company_basic_info:公司名稱,
7896,Sil-More,rotc,FinLab company_basic_info:英文簡稱,SIL MORE
7897,禾迅綠電,rotc,FinLab company_basic_info:公司簡稱,
7897,禾迅綠電股份有限公司,rotc,FinLab company_basic_info:公司名稱,
7897,WHOLE SUN,rotc,FinLab company_basic_info:英文簡稱,WHOLE SUN
7899,景美,rotc,FinLab company_basic_info:公司簡稱,
7899,景美科技股份有限公司,rotc,FinLab company_basic_info:公司名稱,
7899,CMAT,rotc,FinLab company_basic_info:英文簡稱,CMAT
7901,大大寬頻,rotc,FinLab company_basic_info:公司簡稱,
7901,大大寬頻股份有限公司,rotc,FinLab company_basic_info:公司名稱,
7901,DADA Broadband,rotc,FinLab company_basic_info:英文簡稱,DADA BROADBAND
7902,宇越生醫*,rotc,FinLab company_basic_info:公司簡稱,
7902,宇越生醫科技股份有限公司,rotc,FinLab company_basic_info:公司名稱,
7902,UWELL,rotc,FinLab company_basic_info:英文簡稱,UWELL
7904,任開數位,rotc,FinLab company_basic_info:公司簡稱,
7904,任開數位媒體行銷股份有限公司,rotc,FinLab company_basic_info:公司名稱,
7904,Citiesocial,rotc,FinLab company_basic_info:英文簡稱,CITIESOCIAL
7909,鈺祥,rotc,FinLab company_basic_info:公司簡稱,
7909,鈺祥企業股份有限公司,rotc,FinLab company_basic_info:公司名稱,
7909,YE SIANG,rotc,FinLab company_basic_info:英文簡稱,YE SIANG
8058,耐特,rotc,FinLab company_basic_info:公司簡稱,
8058,耐特科技材料股份有限公司,rotc,FinLab company_basic_info:公司名稱,
8058,Nytex,rotc,FinLab company_basic_info:英文簡稱,NYTEX
8098,慶康科技,rotc,FinLab company_basic_info:公司簡稱,
8098,慶康科技股份有限公司,rotc,FinLab company_basic_info:公司名稱,
8098,Duratek,rotc,FinLab company_basic_info:英文簡稱,DURATEK
8119,公信,rotc,FinLab company_basic_info:公司簡稱,
8119,公信電子股份有限公司,rotc,FinLab company_basic_info:公司名稱,
8119,Clientron,rotc,FinLab company_basic_info:英文簡稱,CLIENTRON
8298,威睿,rotc,FinLab company_basic_info:公司簡稱,
8298,威睿科技股份有限公司,rotc,FinLab company_basic_info:公司名稱,
8298,Genie,rotc,FinLab company_basic_info:英文簡稱,GENIE
8329,台視,rotc,FinLab company_basic_info:公司簡稱,
8329,臺灣電視事業股份有限公司,rotc,FinLab company_basic_info:公司名稱,
8329,TTV,rotc,FinLab company_basic_info:英文簡稱,TTV
8345,超秦,rotc,FinLab company_basic_info:公司簡稱,
8345,超秦企業股份有限公司,rotc,FinLab company_basic_info:公司名稱,
8345,SUPER QIN,rotc,FinLab company_basic_info:英文簡稱,SUPER QIN
8359,錢櫃,rotc,FinLab company_basic_info:公司簡稱,
8359,錢櫃企業股份有限公司,rotc,FinLab company_basic_info:公司名稱,
8359,CASHBOX,rotc,FinLab company_basic_info:英文簡稱,CASHBOX
8458,影一,rotc,FinLab company_basic_info:公司簡稱,
8458,影一製作所股份有限公司,rotc,FinLab company_basic_info:公司名稱,
8458,OPF,rotc,FinLab company_basic_info:英文簡稱,OPF
8999,台灣積層,rotc,FinLab company_basic_info:公司簡稱,
8999,台灣積層工業股份有限公司,rotc,FinLab company_basic_info:公司名稱,
8999,TLI,rotc,FinLab company_basic_info:英文簡稱,TLI
9957,燁聯,rotc,FinLab company_basic_info:公司簡稱,
9957,燁聯鋼鐵股份有限公司,rotc,FinLab company_basic_info:公司名稱,
9957,YUSCO,rotc,FinLab company_basic_info:英文簡稱,YUSCO
1101,臺灣水泥股份有限公司,TWSE,TWSE OpenAPI t187ap03_L:公司名稱,
1101,台泥,TWSE,TWSE OpenAPI t187ap03_L:公司簡稱,
1102,亞洲水泥股份有限公司,TWSE,TWSE OpenAPI t187ap03_L:公司名稱,
1102,亞泥,TWSE,TWSE OpenAPI t187ap03_L:公司簡稱,
1103,嘉新水泥股份有限公司,TWSE,TWSE OpenAPI t187ap03_L:公司名稱,
1103,嘉泥,TWSE,TWSE OpenAPI t187ap03_L:公司簡稱,
1104,環球水泥股份有限公司,TWSE,TWSE OpenAPI t187ap03_L:公司名稱,
1104,環泥,TWSE,TWSE OpenAPI t187ap03_L:公司簡稱,
1108,幸福水泥股份有限公司,TWSE,TWSE OpenAPI t187ap03_L:公司名稱,
1108,幸福,TWSE,TWSE OpenAPI t187ap03_L:公司簡稱,
1109,信大水泥股份有限公司,TWSE,TWSE OpenAPI t187ap03_L:公司名稱,
1109,信大,TWSE,TWSE OpenAPI t187ap03_L:公司簡稱,
1110,東南水泥股份有限公司,TWSE,TWSE OpenAPI t187ap03_L:公司名稱,
1110,東泥,TWSE,TWSE OpenAPI t187ap03_L:公司簡稱,
1201,味全食品工業股份有限公司,TWSE,TWSE OpenAPI t187ap03_L:公司名稱,
1201,味全,TWSE,TWSE OpenAPI t187ap03_L:公司簡稱,
1203,味王股份有限公司,TWSE,TWSE OpenAPI t187ap03_L:公司名稱,
1203,味王,TWSE,TWSE OpenAPI t187ap03_L:公司簡稱,
1210,大成長城企業股份有限公司,TWSE,TWSE OpenAPI t187ap03_L:公司名稱,
1210,大成,TWSE,TWSE OpenAPI t187ap03_L:公司簡稱,
1213,大西洋飲料股份有限公司,TWSE,TWSE OpenAPI t187ap03_L:公司名稱,
1213,大飲,TWSE,TWSE OpenAPI t187ap03_L:公司簡稱,
1215,台灣卜蜂企業股份有限公司,TWSE,TWSE OpenAPI t187ap03_L:公司名稱,
1215,卜蜂,TWSE,TWSE OpenAPI t187ap03_L:公司簡稱,
1216,統一企業股份有限公司,TWSE,TWSE OpenAPI t187ap03_L:公司名稱,
1216,統一,TWSE,TWSE OpenAPI t187ap03_L:公司簡稱,
1217,愛之味股份有限公司,TWSE,TWSE OpenAPI t187ap03_L:公司名稱,
1217,愛之味,TWSE,TWSE OpenAPI t187ap03_L:公司簡稱,
1218,泰山企業股份有限公司,TWSE,TWSE OpenAPI t187ap03_L:公司名稱,
1218,泰山,TWSE,TWSE OpenAPI t187ap03_L:公司簡稱,
1219,福壽實業股份有限公司,TWSE,TWSE OpenAPI t187ap03_L:公司名稱,
1219,福壽,TWSE,TWSE OpenAPI t187ap03_L:公司簡稱,
1220,台榮產業股份有限公司,TWSE,TWSE OpenAPI t187ap03_L:公司名稱,
1220,台榮,TWSE,TWSE OpenAPI t187ap03_L:公司簡稱,
1225,福懋油脂股份有限公司,TWSE,TWSE OpenAPI t187ap03_L:公司名稱,
1225,福懋油,TWSE,TWSE OpenAPI t187ap03_L:公司簡稱,
1227,佳格食品股份有限公司,TWSE,TWSE OpenAPI t187ap03_L:公司名稱,
1227,佳格,TWSE,TWSE OpenAPI t187ap03_L:公司簡稱,
1229,聯華實業控股股份有限公司,TWSE,TWSE OpenAPI t187ap03_L:公司名稱,
1229,聯華,TWSE,TWSE OpenAPI t187ap03_L:公司簡稱,
1231,聯華食品工業股份有限公司,TWSE,TWSE OpenAPI t187ap03_L:公司名稱,
1231,聯華食,TWSE,TWSE OpenAPI t187ap03_L:公司簡稱,
1232,大統益股份有限公司,TWSE,TWSE OpenAPI t187ap03_L:公司名稱,
1232,大統益,TWSE,TWSE OpenAPI t187ap03_L:公司簡稱,
1233,天仁茶業股份有限公司,TWSE,TWSE OpenAPI t187ap03_L:公司名稱,
1233,天仁,TWSE,TWSE OpenAPI t187ap03_L:公司簡稱,
1234,黑松股份有限公司,TWSE,TWSE OpenAPI t187ap03_L:公司名稱,
1234,黑松,TWSE,TWSE OpenAPI t187ap03_L:公司簡稱,
1235,興泰實業股份有限公司,TWSE,TWSE OpenAPI t187ap03_L:公司名稱,
1235,興泰,TWSE,TWSE OpenAPI t187ap03_L:公司簡稱,
1236,宏亞食品股份有限公司,TWSE,TWSE OpenAPI t187ap03_L:公司名稱,
1236,宏亞,TWSE,TWSE OpenAPI t187ap03_L:公司簡稱,
1256,鮮活控股股份有限公司,TWSE,TWSE OpenAPI t187ap03_L:公司名稱,
1256,鮮活果汁-KY,TWSE,TWSE OpenAPI t187ap03_L:公司簡稱,KY
1301,台灣塑膠工業股份有限公司,TWSE,TWSE OpenAPI t187ap03_L:公司名稱,
1301,台塑,TWSE,TWSE OpenAPI t187ap03_L:公司簡稱,
1303,南亞塑膠工業股份有限公司,TWSE,TWSE OpenAPI t187ap03_L:公司名稱,
1303,南亞,TWSE,TWSE OpenAPI t187ap03_L:公司簡稱,
1304,台灣聚合化學品股份有限公司,TWSE,TWSE OpenAPI t187ap03_L:公司名稱,
1304,台聚,TWSE,TWSE OpenAPI t187ap03_L:公司簡稱,
1305,華夏海灣塑膠股份有限公司,TWSE,TWSE OpenAPI t187ap03_L:公司名稱,
1305,華夏,TWSE,TWSE OpenAPI t187ap03_L:公司簡稱,
1307,三芳化學工業股份有限公司,TWSE,TWSE OpenAPI t187ap03_L:公司名稱,
1307,三芳,TWSE,TWSE OpenAPI t187ap03_L:公司簡稱,
1308,亞洲聚合股份有限公司,TWSE,TWSE OpenAPI t187ap03_L:公司名稱,
1308,亞聚,TWSE,TWSE OpenAPI t187ap03_L:公司簡稱,
1309,台達化學工業股份有限公司,TWSE,TWSE OpenAPI t187ap03_L:公司名稱,
1309,台達化,TWSE,TWSE OpenAPI t187ap03_L:公司簡稱,
1310,台灣苯乙烯工業股份有限公司,TWSE,TWSE OpenAPI t187ap03_L:公司名稱,
1310,台苯,TWSE,TWSE OpenAPI t187ap03_L:公司簡稱,
1312,國喬石油化學股份有限公司,TWSE,TWSE OpenAPI t187ap03_L:公司名稱,
1312,國喬,TWSE,TWSE OpenAPI t187ap03_L:公司簡稱,
1313,聯成化學科技股份有限公司,TWSE,TWSE OpenAPI t187ap03_L:公司名稱,
1313,聯成,TWSE,TWSE OpenAPI t187ap03_L:公司簡稱,
1314,中國石油化學工業開發(股)公司,TWSE,TWSE OpenAPI t187ap03_L:公司名稱,
1314,中石化,TWSE,TWSE OpenAPI t187ap03_L:公司簡稱,
1315,達新工業股份有限公司,TWSE,TWSE OpenAPI t187ap03_L:公司名稱,
1315,達新,TWSE,TWSE OpenAPI t187ap03_L:公司簡稱,
1316,上曜建設開發股份有限公司,TWSE,TWSE OpenAPI t187ap03_L:公司名稱,
1316,上曜,TWSE,TWSE OpenAPI t187ap03_L:公司簡稱,
1319,東陽實業廠股份有限公司,TWSE,TWSE OpenAPI t187ap03_L:公司名稱,
1319,東陽,TWSE,TWSE OpenAPI t187ap03_L:公司簡稱,
1321,大洋塑膠工業股份有限公司,TWSE,TWSE OpenAPI t187ap03_L:公司名稱,
1321,大洋,TWSE,TWSE OpenAPI t187ap03_L:公司簡稱,
1323,永裕塑膠工業股份有限公司,TWSE,TWSE OpenAPI t187ap03_L:公司名稱,
1323,永裕,TWSE,TWSE OpenAPI t187ap03_L:公司簡稱,
1324,地球綜合工業股份有限公司,TWSE,TWSE OpenAPI t187ap03_L:公司名稱,
1324,地球,TWSE,TWSE OpenAPI t187ap03_L:公司簡稱,
1325,恒大股份有限公司,TWSE,TWSE OpenAPI t187ap03_L:公司名稱,
1325,恆大,TWSE,TWSE OpenAPI t187ap03_L:公司簡稱,
1326,台灣化學纖維股份有限公司,TWSE,TWSE OpenAPI t187ap03_L:公司名稱,
1326,台化,TWSE,TWSE OpenAPI t187ap03_L:公司簡稱,
1337,亞洲塑膠再生資源控股有限公司,TWSE,TWSE OpenAPI t187ap03_L:公司名稱,
1337,再生-KY,TWSE,TWSE OpenAPI t187ap03_L:公司簡稱,KY
1338,廣華控股有限公司,TWSE,TWSE OpenAPI t187ap03_L:公司名稱,
1338,廣華-KY,TWSE,TWSE OpenAPI t187ap03_L:公司簡稱,KY
1339,昭輝實業股份有限公司,TWSE,TWSE OpenAPI t187ap03_L:公司名稱,
1339,昭輝,TWSE,TWSE OpenAPI t187ap03_L:公司簡稱,
1340,勝悅新材料有限公司,TWSE,TWSE OpenAPI t187ap03_L:公司名稱,
1340,勝悅-KY,TWSE,TWSE OpenAPI t187ap03_L:公司簡稱,KY
1341,富林塑膠工業(開曼)控股(股)公司,TWSE,TWSE OpenAPI t187ap03_L:公司名稱,
1341,富林-KY,TWSE,TWSE OpenAPI t187ap03_L:公司簡稱,KY
1342,八貫企業股份有限公司,TWSE,TWSE OpenAPI t187ap03_L:公司名稱,
1342,八貫,TWSE,TWSE OpenAPI t187ap03_L:公司簡稱,
1402,遠東新世紀股份有限公司,TWSE,TWSE OpenAPI t187ap03_L:公司名稱,
1402,遠東新,TWSE,TWSE OpenAPI t187ap03_L:公司簡稱,
1409,新光合成纖維股份有限公司,TWSE,TWSE OpenAPI t187ap03_L:公司名稱,
1409,新纖,TWSE,TWSE OpenAPI t187ap03_L:公司簡稱,
1410,南洋染整股份有限公司,TWSE,TWSE OpenAPI t187ap03_L:公司名稱,
1410,南染,TWSE,TWSE OpenAPI t187ap03_L:公司簡稱,
1413,宏洲纖維工業股份有限公司,TWSE,TWSE OpenAPI t187ap03_L:公司名稱,
1413,宏洲,TWSE,TWSE OpenAPI t187ap03_L:公司簡稱,
1414,東和紡織股份有限公司,TWSE,TWSE OpenAPI t187ap03_L:公司名稱,
1414,東和,TWSE,TWSE OpenAPI t187ap03_L:公司簡稱,
1416,廣豐實業股份有限公司,TWSE,TWSE OpenAPI t187ap03_L:公司名稱,
1416,廣豐,TWSE,TWSE OpenAPI t187ap03_L:公司簡稱,
1417,嘉裕股份有限公司,TWSE,TWSE OpenAPI t187ap03_L:公司名稱,
1417,嘉裕,TWSE,TWSE OpenAPI t187ap03_L:公司簡稱,
1418,東華龍股份有限公司,TWSE,TWSE OpenAPI t187ap03_L:公司名稱,
1418,東華,TWSE,TWSE OpenAPI t187ap03_L:公司簡稱,
1419,新光紡織股份有限公司,TWSE,TWSE OpenAPI t187ap03_L:公司名稱,
1419,新紡,TWSE,TWSE OpenAPI t187ap03_L:公司簡稱,
1423,利華羊毛工業股份有限公司,TWSE,TWSE OpenAPI t187ap03_L:公司名稱,
1423,利華,TWSE,TWSE OpenAPI t187ap03_L:公司簡稱,
1432,大魯閣實業股份有限公司,TWSE,TWSE OpenAPI t187ap03_L:公司名稱,
1432,大魯閣,TWSE,TWSE OpenAPI t187ap03_L:公司簡稱,
1434,福懋興業股份有限公司,TWSE,TWSE OpenAPI t187ap03_L:公司名稱,
1434,福懋,TWSE,TWSE OpenAPI t187ap03_L:公司簡稱,
1435,中福國際(股)公司,TWSE,TWSE OpenAPI t187ap03_L:公司名稱,
1435,中福,TWSE,TWSE OpenAPI t187ap03_L:公司簡稱,
1436,華友聯開發股份有限公司,TWSE,TWSE OpenAPI t187ap03_L:公司名稱,
1436,華友聯,TWSE,TWSE OpenAPI t187ap03_L:公司簡稱,
1437,勤益投資控股股份有限公司,TWSE,TWSE OpenAPI t187ap03_L:公司名稱,
1437,勤益控,TWSE,TWSE OpenAPI t187ap03_L:公司簡稱,
1438,三地開發地產股份有限公司,TWSE,TWSE OpenAPI t187ap03_L:公司名稱,
1438,三地開發,TWSE,TWSE OpenAPI t187ap03_L:公司簡稱,
1439,雋揚國際股份有限公司,TWSE,TWSE OpenAPI t187ap03_L:公司名稱,
1439,雋揚,TWSE,TWSE OpenAPI t187ap03_L:公司簡稱,
1440,臺南紡織股份有限公司,TWSE,TWSE OpenAPI t187ap03_L:公司名稱,
1440,南紡,TWSE,TWSE OpenAPI t187ap03_L:公司簡稱,
1441,大東紡織股份有限公司,TWSE,TWSE OpenAPI t187ap03_L:公司名稱,
1441,大東,TWSE,TWSE OpenAPI t187ap03_L:公司簡稱,
1442,名軒開發股份有限公司,TWSE,TWSE OpenAPI t187ap03_L:公司名稱,
1442,名軒,TWSE,TWSE OpenAPI t187ap03_L:公司簡稱,
1443,立益物流開發股份有限公司,TWSE,TWSE OpenAPI t187ap03_L:公司名稱,
1443,立益物流,TWSE,TWSE OpenAPI t187ap03_L:公司簡稱,
1444,力麗企業股份有限公司,TWSE,TWSE OpenAPI t187ap03_L:公司名稱,
1444,力麗,TWSE,TWSE OpenAPI t187ap03_L:公司簡稱,
1445,大宇紡織股份有限公司,TWSE,TWSE OpenAPI t187ap03_L:公司名稱,
1445,大宇,TWSE,TWSE OpenAPI t187ap03_L:公司簡稱,
1446,宏和精密紡織股份有限公司,TWSE,TWSE OpenAPI t187ap03_L:公司名稱,
1446,宏和,TWSE,TWSE OpenAPI t187ap03_L:公司簡稱,
1447,力鵬企業股份有限公司,TWSE,TWSE OpenAPI t187ap03_L:公司名稱,
1447,力鵬,TWSE,TWSE OpenAPI t187ap03_L:公司簡稱,
1449,佳和實業股份有限公司,TWSE,TWSE OpenAPI t187ap03_L:公司名稱,
1449,佳和,TWSE,TWSE OpenAPI t187ap03_L:公司簡稱,
1451,年興紡織股份有限公司,TWSE,TWSE OpenAPI t187ap03_L:公司名稱,
1451,年興,TWSE,TWSE OpenAPI t187ap03_L:公司簡稱,
1452,宏益纖維工業股份有限公司,TWSE,TWSE OpenAPI t187ap03_L:公司名稱,
1452,宏益,TWSE,TWSE OpenAPI t187ap03_L:公司簡稱,
1453,大將開發股份有限公司,TWSE,TWSE OpenAPI t187ap03_L:公司名稱,
1453,大將,TWSE,TWSE OpenAPI t187ap03_L:公司簡稱,
1454,台灣富綢纖維股份有限公司,TWSE,TWSE OpenAPI t187ap03_L:公司名稱,
1454,台富,TWSE,TWSE OpenAPI t187ap03_L:公司簡稱,
1455,集盛實業股份有限公司,TWSE,TWSE OpenAPI t187ap03_L:公司名稱,
1455,集盛,TWSE,TWSE OpenAPI t187ap03_L:公司簡稱,
1456,怡華實業股份有限公司,TWSE,TWSE OpenAPI t187ap03_L:公司名稱,
1456,怡華,TWSE,TWSE OpenAPI t187ap03_L:公司簡稱,
1457,宜進實業股份有限公司,TWSE,TWSE OpenAPI t187ap03_L:公司名稱,
1457,宜進,TWSE,TWSE OpenAPI t187ap03_L:公司簡稱,
1459,聯發紡織纖維股份有限公司,TWSE,TWSE OpenAPI t187ap03_L:公司名稱,
1459,聯發,TWSE,TWSE OpenAPI t187ap03_L:公司簡稱,
1460,宏遠興業股份有限公司,TWSE,TWSE OpenAPI t187ap03_L:公司名稱,
1460,宏遠,TWSE,TWSE OpenAPI t187ap03_L:公司簡稱,
1463,強盛新投資控股股份有限公司,TWSE,TWSE OpenAPI t187ap03_L:公司名稱,
1463,強盛新,TWSE,TWSE OpenAPI t187ap03_L:公司簡稱,
1464,得力實業股份有限公司,TWSE,TWSE OpenAPI t187ap03_L:公司名稱,
1464,得力,TWSE,TWSE OpenAPI t187ap03_L:公司簡稱,
1465,偉全實業股份有限公司,TWSE,TWSE OpenAPI t187ap03_L:公司名稱,
1465,偉全,TWSE,TWSE OpenAPI t187ap03_L:公司簡稱,
1466,聚隆纖維股份有限公司,TWSE,TWSE OpenAPI t187ap03_L:公司名稱,
1466,聚隆,TWSE,TWSE OpenAPI t187ap03_L:公司簡稱,
1467,南緯實業股份有限公司,TWSE,TWSE OpenAPI t187ap03_L:公司名稱,
1467,南緯,TWSE,TWSE OpenAPI t187ap03_L:公司簡稱,
1468,昶和纖維興業股份有限公司,TWSE,TWSE OpenAPI t187ap03_L:公司名稱,
1468,昶和,TWSE,TWSE OpenAPI t187ap03_L:公司簡稱,
1470,大統新創股份有限公司,TWSE,TWSE OpenAPI t187ap03_L:公司名稱,
1470,大統新創,TWSE,TWSE OpenAPI t187ap03_L:公司簡稱,
1471,首利實業股份有限公司,TWSE,TWSE OpenAPI t187ap03_L:公司名稱,
1471,首利,TWSE,TWSE OpenAPI t187ap03_L:公司簡稱,
1472,三洋實業股份有限公司,TWSE,TWSE OpenAPI t187ap03_L:公司名稱,
1472,三洋實業,TWSE,TWSE OpenAPI t187ap03_L:公司簡稱,
1473,台南企業股份有限公司,TWSE,TWSE OpenAPI t187ap03_L:公司名稱,
1473,台南,TWSE,TWSE OpenAPI t187ap03_L:公司簡稱,
1474,弘裕企業股份有限公司,TWSE,TWSE OpenAPI t187ap03_L:公司名稱,
1474,弘裕,TWSE,TWSE OpenAPI t187ap03_L:公司簡稱,
1475,台灣業旺股份有限公司,TWSE,TWSE OpenAPI t187ap03_L:公司名稱,
1475,業旺,TWSE,TWSE OpenAPI t187ap03_L:公司簡稱,
1476,儒鴻企業股份有限公司,TWSE,TWSE OpenAPI t187ap03_L:公司名稱,
1476,儒鴻,TWSE,TWSE OpenAPI t187ap03_L:公司簡稱,
1477,聚陽實業股份有限公司,TWSE,TWSE OpenAPI t187ap03_L:公司名稱,
1477,聚陽,TWSE,TWSE OpenAPI t187ap03_L:公司簡稱,
1503,士林電機廠股份有限公司,TWSE,TWSE OpenAPI t187ap03_L:公司名稱,
1503,士電,TWSE,TWSE OpenAPI t187ap03_L:公司簡稱,
1504,東元電機股份有限公司,TWSE,TWSE OpenAPI t187ap03_L:公司名稱,
1504,東元,TWSE,TWSE OpenAPI t187ap03_L:公司簡稱,
1506,正道工業股份有限公司,TWSE,TWSE OpenAPI t187ap03_L:公司名稱,
1506,正道,TWSE,TWSE OpenAPI t187ap03_L:公司簡稱,
1512,瑞利企業股份有限公司,TWSE,TWSE OpenAPI t187ap03_L:公司名稱,
1512,瑞利,TWSE,TWSE OpenAPI t187ap03_L:公司簡稱,
1513,中興電工機械股份有限公司,TWSE,TWSE OpenAPI t187ap03_L:公司名稱,
1513,中興電,TWSE,TWSE OpenAPI t187ap03_L:公司簡稱,
1514,亞力電機股份有限公司,TWSE,TWSE OpenAPI t187ap03_L:公司名稱,
1514,亞力,TWSE,TWSE OpenAPI t187ap03_L:公司簡稱,
1515,力山工業股份有限公司,TWSE,TWSE OpenAPI t187ap03_L:公司名稱,
1515,力山,TWSE,TWSE OpenAPI t187ap03_L:公司簡稱,
1516,川飛能源股份有限公司,TWSE,TWSE OpenAPI t187ap03_L:公司名稱,
1516,川飛,TWSE,TWSE OpenAPI t187ap03_L:公司簡稱,
1517,利奇機械工業股份有限公司,TWSE,TWSE OpenAPI t187ap03_L:公司名稱,
1517,利奇,TWSE,TWSE OpenAPI t187ap03_L:公司簡稱,
1519,華城電機股份有限公司,TWSE,TWSE OpenAPI t187ap03_L:公司名稱,
1519,華城,TWSE,TWSE OpenAPI t187ap03_L:公司簡稱,
1521,大億交通工業製造股份有限公司,TWSE,TWSE OpenAPI t187ap03_L:公司名稱,
1521,大億,TWSE,TWSE OpenAPI t187ap03_L:公司簡稱,
1522,堤維西交通工業股份有限公司,TWSE,TWSE OpenAPI t187ap03_L:公司名稱,
1522,堤維西,TWSE,TWSE OpenAPI t187ap03_L:公司簡稱,
1524,耿鼎企業股份有限公司,TWSE,TWSE OpenAPI t187ap03_L:公司名稱,
1524,耿鼎,TWSE,TWSE OpenAPI t187ap03_L:公司簡稱,
1525,江申工業股份有限公司,TWSE,TWSE OpenAPI t187ap03_L:公司名稱,
1525,江申,TWSE,TWSE OpenAPI t187ap03_L:公司簡稱,
1526,日馳企業股份有限公司,TWSE,TWSE OpenAPI t187ap03_L:公司名稱,
1526,日馳,TWSE,TWSE OpenAPI t187ap03_L:公司簡稱,
1527,鑽全實業股份有限公司,TWSE,TWSE OpenAPI t187ap03_L:公司名稱,
1527,鑽全,TWSE,TWSE OpenAPI t187ap03_L:公司簡稱,
1528,恩德科技股份有限公司,TWSE,TWSE OpenAPI t187ap03_L:公司名稱,
1528,恩德,TWSE,TWSE OpenAPI t187ap03_L:公司簡稱,
1529,樂事綠能科技股份有限公司,TWSE,TWSE OpenAPI t187ap03_L:公司名稱,
1529,樂事綠能,TWSE,TWSE OpenAPI t187ap03_L:公司簡稱,
1530,亞崴機電股份有限公司,TWSE,TWSE OpenAPI t187ap03_L:公司名稱,
1530,亞崴,TWSE,TWSE OpenAPI t187ap03_L:公司簡稱,
1531,高林股份有限公司,TWSE,TWSE OpenAPI t187ap03_L:公司名稱,
1531,高林股,TWSE,TWSE OpenAPI t187ap03_L:公司簡稱,
1532,勤美股份有限公司,TWSE,TWSE OpenAPI t187ap03_L:公司名稱,
1532,勤美,TWSE,TWSE OpenAPI t187ap03_L:公司簡稱,
1533,車王電子股份有限公司,TWSE,TWSE OpenAPI t187ap03_L:公司名稱,
1533,車王電,TWSE,TWSE OpenAPI t187ap03_L:公司簡稱,
1535,中宇環保工程股份有限公司,TWSE,TWSE OpenAPI t187ap03_L:公司名稱,
1535,中宇,TWSE,TWSE OpenAPI t187ap03_L:公司簡稱,
1536,和大工業股份有限公司,TWSE,TWSE OpenAPI t187ap03_L:公司名稱,
1536,和大,TWSE,TWSE OpenAPI t187ap03_L:公司簡稱,
1537,廣隆光電科技股份有限公司,TWSE,TWSE OpenAPI t187ap03_L:公司名稱,
1537,廣隆,TWSE,TWSE OpenAPI t187ap03_L:公司簡稱,
1538,正峰工業股份有限公司,TWSE,TWSE OpenAPI t187ap03_L:公司名稱,
1538,正峰,TWSE,TWSE OpenAPI t187ap03_L:公司簡稱,
1539,巨庭機械股份有限公司,TWSE,TWSE OpenAPI t187ap03_L:公司名稱,
1539,巨庭,TWSE,TWSE OpenAPI t187ap03_L:公司簡稱,
1540,喬福機械工業股份有限公司,TWSE,TWSE OpenAPI t187ap03_L:公司名稱,
1540,喬福,TWSE,TWSE OpenAPI t187ap03_L:公司簡稱,
1541,錩泰工業股份有限公司,TWSE,TWSE OpenAPI t187ap03_L:公司名稱,
1541,錩泰,TWSE,TWSE OpenAPI t187ap03_L:公司簡稱,
1558,伸興工業股份有限公司,TWSE,TWSE OpenAPI t187ap03_L:公司名稱,
1558,伸興,TWSE,TWSE OpenAPI t187ap03_L:公司簡稱,
1560,中國砂輪企業股份有限公司,TWSE,TWSE OpenAPI t187ap03_L:公司名稱,
1560,中砂,TWSE,TWSE OpenAPI t187ap03_L:公司簡稱,
1563,巧新科技工業股份有限公司,TWSE,TWSE OpenAPI t187ap03_L:公司名稱,
1563,巧新,TWSE,TWSE OpenAPI t187ap03_L:公司簡稱,
1568,倉佑實業股份有限公司,TWSE,TWSE OpenAPI t187ap03_L:公司名稱,
1568,倉佑,TWSE,TWSE OpenAPI t187ap03_L:公司簡稱,
1582,信錦企業股份有限公司,TWSE,TWSE OpenAPI t187ap03_L:公司名稱,
1582,信錦,TWSE,TWSE OpenAPI t187ap03_L:公司簡稱,
1583,程泰機械股份有限公司,TWSE,TWSE OpenAPI t187ap03_L:公司名稱,
1583,程泰,TWSE,TWSE OpenAPI t187ap03_L:公司簡稱,
1587,吉茂精密股份有限公司,TWSE,TWSE OpenAPI t187ap03_L:公司名稱,
1587,吉茂,TWSE,TWSE OpenAPI t187ap03_L:公司簡稱,
1589,永冠能源科技集團有限公司,TWSE,TWSE OpenAPI t187ap03_L:公司名稱,
1589,永冠-KY,TWSE,TWSE OpenAPI t187ap03_L:公司簡稱,KY
1590,亞德客國際集團,TWSE,TWSE OpenAPI t187ap03_L:公司名稱,
1590,亞德客-KY,TWSE,TWSE OpenAPI t187ap03_L:公司簡稱,KY
1597,直得科技股份有限公司,TWSE,TWSE OpenAPI t187ap03_L:公司名稱,
1597,直得,TWSE,TWSE OpenAPI t187ap03_L:公司簡稱,
1598,岱宇國際股份有限公司,TWSE,TWSE OpenAPI t187ap03_L:公司名稱,
1598,岱宇,TWSE,TWSE OpenAPI t187ap03_L:公司簡稱,
1603,中華電線電纜股份有限公司,TWSE,TWSE OpenAPI t187ap03_L:公司名稱,
1603,華電,TWSE,TWSE OpenAPI t187ap03_L:公司簡稱,
1604,聲寶股份有限公司,TWSE,TWSE OpenAPI t187ap03_L:公司名稱,
1604,聲寶,TWSE,TWSE OpenAPI t187ap03_L:公司簡稱,
1605,華新麗華股份有限公司,TWSE,TWSE OpenAPI t187ap03_L:公司名稱,
1605,華新,TWSE,TWSE OpenAPI t187ap03_L:公司簡稱,
1608,華榮電線電纜股份有限公司,TWSE,TWSE OpenAPI t187ap03_L:公司名稱,
1608,華榮,TWSE,TWSE OpenAPI t187ap03_L:公司簡稱,
1609,大亞電線電纜股份有限公司,TWSE,TWSE OpenAPI t187ap03_L:公司名稱,
1609,大亞,TWSE,TWSE OpenAPI t187ap03_L:公司簡稱,
1611,中國電器股份有限公司,TWSE,TWSE OpenAPI t187ap03_L:公司名稱,
1611,中電,TWSE,TWSE OpenAPI t187ap03_L:公司簡稱,
1612,宏泰電工股份有限公司,TWSE,TWSE OpenAPI t187ap03_L:公司名稱,
1612,宏泰,TWSE,TWSE OpenAPI t187ap03_L:公司簡稱,
1614,台灣三洋電機股份有限公司,TWSE,TWSE OpenAPI t187ap03_L:公司名稱,
1614,三洋電,TWSE,TWSE OpenAPI t187ap03_L:公司簡稱,
1615,大山電線電纜股份有限公司,TWSE,TWSE OpenAPI t187ap03_L:公司名稱,
1615,大山,TWSE,TWSE OpenAPI t187ap03_L:公司簡稱,
1616,億泰電線電纜股份有限公司,TWSE,TWSE OpenAPI t187ap03_L:公司名稱,
1616,億泰,TWSE,TWSE OpenAPI t187ap03_L:公司簡稱,
1617,榮星電線工業股份有限公司,TWSE,TWSE OpenAPI t187ap03_L:公司名稱,
1617,榮星,TWSE,TWSE OpenAPI t187ap03_L:公司簡稱,
1618,合機電線電纜股份有限公司,TWSE,TWSE OpenAPI t187ap03_L:公司名稱,
1618,合機,TWSE,TWSE OpenAPI t187ap03_L:公司簡稱,
1623,大東電業廠股份有限公司,TWSE,TWSE OpenAPI t187ap03_L:公司名稱,
1623,大東電,TWSE,TWSE OpenAPI t187ap03_L:公司簡稱,
1626,艾美特(開曼)國際有限公司,TWSE,TWSE OpenAPI t187ap03_L:公司名稱,
1626,艾美特-KY,TWSE,TWSE OpenAPI t187ap03_L:公司簡稱,KY
1702,南僑投資控股股份有限公司,TWSE,TWSE OpenAPI t187ap03_L:公司名稱,
1702,南僑,TWSE,TWSE OpenAPI t187ap03_L:公司簡稱,
1707,葡萄王生技股份有限公司,TWSE,TWSE OpenAPI t187ap03_L:公司名稱,
1707,葡萄王,TWSE,TWSE OpenAPI t187ap03_L:公司簡稱,
1708,東南實業股份有限公司,TWSE,TWSE OpenAPI t187ap03_L:公司名稱,
1708,東鹼,TWSE,TWSE OpenAPI t187ap03_L:公司簡稱,
1709,和益化學工業股份有限公司,TWSE,TWSE OpenAPI t187ap03_L:公司名稱,
1709,和益,TWSE,TWSE OpenAPI t187ap03_L:公司簡稱,
1710,東聯化學股份有限公司,TWSE,TWSE OpenAPI t187ap03_L:公司名稱,
1710,東聯,TWSE,TWSE OpenAPI t187ap03_L:公司簡稱,
1711,臺灣永光化學工業股份有限公司,TWSE,TWSE OpenAPI t187ap03_L:公司名稱,
1711,永光,TWSE,TWSE OpenAPI t187ap03_L:公司簡稱,
1712,興農股份有限公司,TWSE,TWSE OpenAPI t187ap03_L:公司名稱,
1712,興農,TWSE,TWSE OpenAPI t187ap03_L:公司簡稱,
1713,國泰化工廠股份有限公司,TWSE,TWSE OpenAPI t187ap03_L:公司名稱,
1713,國化,TWSE,TWSE OpenAPI t187ap03_L:公司簡稱,
1714,和桐化學股份有限公司,TWSE,TWSE OpenAPI t187ap03_L:公司名稱,
1714,和桐,TWSE,TWSE OpenAPI t187ap03_L:公司簡稱,
1717,長興材料工業股份有限公司,TWSE,TWSE OpenAPI t187ap03_L:公司名稱,
1717,長興,TWSE,TWSE OpenAPI t187ap03_L:公司簡稱,
1718,中國人造纖維股份有限公司,TWSE,TWSE OpenAPI t187ap03_L:公司名稱,
1718,中纖,TWSE,TWSE OpenAPI t187ap03_L:公司簡稱,
1720,生達化學製藥股份有限公司,TWSE,TWSE OpenAPI t187ap03_L:公司名稱,
1720,生達,TWSE,TWSE OpenAPI t187ap03_L:公司簡稱,
1721,三晃股份有限公司,TWSE,TWSE OpenAPI t187ap03_L:公司名稱,
1721,三晃,TWSE,TWSE OpenAPI t187ap03_L:公司簡稱,
1722,台灣肥料股份有限公司,TWSE,TWSE OpenAPI t187ap03_L:公司名稱,
1722,台肥,TWSE,TWSE OpenAPI t187ap03_L:公司簡稱,
1723,中鋼碳素化學股份有限公司,TWSE,TWSE OpenAPI t187ap03_L:公司名稱,
1723,中碳,TWSE,TWSE OpenAPI t187ap03_L:公司簡稱,
1725,元禎企業股份有限公司,TWSE,TWSE OpenAPI t187ap03_L:公司名稱,
1725,元禎,TWSE,TWSE OpenAPI t187ap03_L:公司簡稱,
1726,永記造漆工業股份有限公司,TWSE,TWSE OpenAPI t187ap03_L:公司名稱,
1726,永記,TWSE,TWSE OpenAPI t187ap03_L:公司簡稱,
1727,臺灣中華化學工業股份有限公司,TWSE,TWSE OpenAPI t187ap03_L:公司名稱,
1727,中華化,TWSE,TWSE OpenAPI t187ap03_L:公司簡稱,
1730,花仙子企業股份有限公司,TWSE,TWSE OpenAPI t187ap03_L:公司名稱,
1730,花仙子,TWSE,TWSE OpenAPI t187ap03_L:公司簡稱,
1731,美吾華股份有限公司,TWSE,TWSE OpenAPI t187ap03_L:公司名稱,
1731,美吾華,TWSE,TWSE OpenAPI t187ap03_L:公司簡稱,
1732,毛寶股份有限公司,TWSE,TWSE OpenAPI t187ap03_L:公司名稱,
1732,毛寶,TWSE,TWSE OpenAPI t187ap03_L:公司簡稱,
1733,五鼎生物技術股份有限公司,TWSE,TWSE OpenAPI t187ap03_L:公司名稱,
1733,五鼎,TWSE,TWSE OpenAPI t187ap03_L:公司簡稱,
1734,杏輝藥品工業股份有限公司,TWSE,TWSE OpenAPI t187ap03_L:公司名稱,
1734,杏輝,TWSE,TWSE OpenAPI t187ap03_L:公司簡稱,
1735,日勝化工股份有限公司,TWSE,TWSE OpenAPI t187ap03_L:公司名稱,
1735,日勝化,TWSE,TWSE OpenAPI t187ap03_L:公司簡稱,
1736,喬山健康科技股份有限公司,TWSE,TWSE OpenAPI t187ap03_L:公司名稱,
1736,喬山,TWSE,TWSE OpenAPI t187ap03_L:公司簡稱,
1737,臺鹽實業股份有限公司,TWSE,TWSE OpenAPI t187ap03_L:公司名稱,
1737,臺鹽,TWSE,TWSE OpenAPI t187ap03_L:公司簡稱,
1752,南光化學製藥股份有限公司,TWSE,TWSE OpenAPI t187ap03_L:公司名稱,
1752,南光,TWSE,TWSE OpenAPI t187ap03_L:公司簡稱,
1760,寶齡富錦生技股份有限公司,TWSE,TWSE OpenAPI t187ap03_L:公司名稱,
1760,寶齡富錦,TWSE,TWSE OpenAPI t187ap03_L:公司簡稱,
1762,中化合成生技股份有限公司,TWSE,TWSE OpenAPI t187ap03_L:公司名稱,
1762,中化生,TWSE,TWSE OpenAPI t187ap03_L:公司簡稱,
1773,勝一化工股份有限公司,TWSE,TWSE OpenAPI t187ap03_L:公司名稱,
1773,勝一,TWSE,TWSE OpenAPI t187ap03_L:公司簡稱,
1776,展宇科技材料股份有限公司,TWSE,TWSE OpenAPI t187ap03_L:公司名稱,
1776,展宇,TWSE,TWSE OpenAPI t187ap03_L:公司簡稱,
1783,和康生物科技股份有限公司,TWSE,TWSE OpenAPI t187ap03_L:公司名稱,
1783,和康生,TWSE,TWSE OpenAPI t187ap03_L:公司簡稱,
1786,科妍生物科技股份有限公司,TWSE,TWSE OpenAPI t187ap03_L:公司名稱,
1786,科妍,TWSE,TWSE OpenAPI t187ap03_L:公司簡稱,
1789,台灣神隆股份有限公司,TWSE,TWSE OpenAPI t187ap03_L:公司名稱,
1789,神隆,TWSE,TWSE OpenAPI t187ap03_L:公司簡稱,
1795,美時化學製藥股份有限公司,TWSE,TWSE OpenAPI t187ap03_L:公司名稱,
1795,美時,TWSE,TWSE OpenAPI t187ap03_L:公司簡稱,
1802,台灣玻璃工業股份有限公司,TWSE,TWSE OpenAPI t187ap03_L:公司名稱,
1802,台玻,TWSE,TWSE OpenAPI t187ap03_L:公司簡稱,
1805,寶徠建設股份有限公司,TWSE,TWSE OpenAPI t187ap03_L:公司名稱,
1805,寶徠,TWSE,TWSE OpenAPI t187ap03_L:公司簡稱,
1806,冠軍建材股份有限公司,TWSE,TWSE OpenAPI t187ap03_L:公司名稱,
1806,冠軍,TWSE,TWSE OpenAPI t187ap03_L:公司簡稱,
1808,潤隆建設股份有限公司,TWSE,TWSE OpenAPI t187ap03_L:公司名稱,
1808,潤隆,TWSE,TWSE OpenAPI t187ap03_L:公司簡稱,
1809,中國製釉股份有限公司,TWSE,TWSE OpenAPI t187ap03_L:公司名稱,
1809,中釉,TWSE,TWSE OpenAPI t187ap03_L:公司簡稱,
1810,和成欣業股份有限公司,TWSE,TWSE OpenAPI t187ap03_L:公司名稱,
1810,和成,TWSE,TWSE OpenAPI t187ap03_L:公司簡稱,
1817,凱撒衛浴股份有限公司,TWSE,TWSE OpenAPI t187ap03_L:公司名稱,
1817,凱撒衛,TWSE,TWSE OpenAPI t187ap03_L:公司簡稱,
1903,士林紙業股份有限公司,TWSE,TWSE OpenAPI t187ap03_L:公司名稱,
1903,士紙,TWSE,TWSE OpenAPI t187ap03_L:公司簡稱,
1904,正隆股份有限公司,TWSE,TWSE OpenAPI t187ap03_L:公司名稱,
1904,正隆,TWSE,TWSE OpenAPI t187ap03_L:公司簡稱,
1905,中華紙漿股份有限公司,TWSE,TWSE OpenAPI t187ap03_L:公司名稱,
1905,華紙,TWSE,TWSE OpenAPI t187ap03_L:公司簡稱,
1906,寶隆國際股份有限公司,TWSE,TWSE OpenAPI t187ap03_L:公司名稱,
1906,寶隆,TWSE,TWSE OpenAPI t187ap03_L:公司簡稱,
1907,永豐餘投資控股股份有限公司,TWSE,TWSE OpenAPI t187ap03_L:公司名稱,
1907,永豐餘,TWSE,TWSE OpenAPI t187ap03_L:公司簡稱,
1909,榮成紙業股份有限公司,TWSE,TWSE OpenAPI t187ap03_L:公司名稱,
1909,榮成,TWSE,TWSE OpenAPI t187ap03_L:公司簡稱,
2002,中國鋼鐵股份有限公司,TWSE,TWSE OpenAPI t187ap03_L:公司名稱,
2002,中鋼,TWSE,TWSE OpenAPI t187ap03_L:公司簡稱,
2006,東和鋼鐵企業股份有限公司,TWSE,TWSE OpenAPI t187ap03_L:公司名稱,
2006,東和鋼鐵,TWSE,TWSE OpenAPI t187ap03_L:公司簡稱,
2007,燁興企業股份有限公司,TWSE,TWSE OpenAPI t187ap03_L:公司名稱,
2007,燁興,TWSE,TWSE OpenAPI t187ap03_L:公司簡稱,
2008,高興昌鋼鐵股份有限公司,TWSE,TWSE OpenAPI t187ap03_L:公司名稱,
2008,高興昌,TWSE,TWSE OpenAPI t187ap03_L:公司簡稱,
2009,第一伸銅科技股份有限公司,TWSE,TWSE OpenAPI t187ap03_L:公司名稱,
2009,第一銅,TWSE,TWSE OpenAPI t187ap03_L:公司簡稱,
2010,春源鋼鐵工業股份有限公司,TWSE,TWSE OpenAPI t187ap03_L:公司名稱,
2010,春源,TWSE,TWSE OpenAPI t187ap03_L:公司簡稱,
2012,春雨工廠股份有限公司,TWSE,TWSE OpenAPI t187ap03_L:公司名稱,
2012,春雨,TWSE,TWSE OpenAPI t187ap03_L:公司簡稱,
2013,中國鋼鐵結構股份有限公司,TWSE,TWSE OpenAPI t187ap03_L:公司名稱,
2013,中鋼構,TWSE,TWSE OpenAPI t187ap03_L:公司簡稱,
2014,中鴻鋼鐵股份有限公司,TWSE,TWSE OpenAPI t187ap03_L:公司名稱,
2014,中鴻,TWSE,TWSE OpenAPI t187ap03_L:公司簡稱,
2015,豐興鋼鐵股份有限公司,TWSE,TWSE OpenAPI t187ap03_L:公司名稱,
2015,豐興,TWSE,TWSE OpenAPI t187ap03_L:公司簡稱,
2017,官田鋼鐵股份有限公司,TWSE,TWSE OpenAPI t187ap03_L:公司名稱,
2017,官田鋼,TWSE,TWSE OpenAPI t187ap03_L:公司簡稱,
2020,美亞鋼管廠股份有限公司,TWSE,TWSE OpenAPI t187ap03_L:公司名稱,
2020,美亞,TWSE,TWSE OpenAPI t187ap03_L:公司簡稱,
2022,聚亨企業股份有限公司,TWSE,TWSE OpenAPI t187ap03_L:公司名稱,
2022,聚亨,TWSE,TWSE OpenAPI t187ap03_L:公司簡稱,
2023,燁輝企業股份有限公司,TWSE,TWSE OpenAPI t187ap03_L:公司名稱,
2023,燁輝,TWSE,TWSE OpenAPI t187ap03_L:公司簡稱,
2024,志聯工業股份有限公司,TWSE,TWSE OpenAPI t187ap03_L:公司名稱,
2024,志聯,TWSE,TWSE OpenAPI t187ap03_L:公司簡稱,
2025,千興不銹鋼(股)公司,TWSE,TWSE OpenAPI t187ap03_L:公司名稱,
2025,千興,TWSE,TWSE OpenAPI t187ap03_L:公司簡稱,
2027,大成不銹鋼工業股份有限公司,TWSE,TWSE OpenAPI t187ap03_L:公司名稱,
2027,大成鋼,TWSE,TWSE OpenAPI t187ap03_L:公司簡稱,
2028,威致鋼鐵工業股份有限公司,TWSE,TWSE OpenAPI t187ap03_L:公司名稱,
2028,威致,TWSE,TWSE OpenAPI t187ap03_L:公司簡稱,
2029,盛餘股份有限公司,TWSE,TWSE OpenAPI t187ap03_L:公司名稱,
2029,盛餘,TWSE,TWSE OpenAPI t187ap03_L:公司簡稱,
2030,彰源企業股份有限公司,TWSE,TWSE OpenAPI t187ap03_L:公司名稱,
2030,彰源,TWSE,TWSE OpenAPI t187ap03_L:公司簡稱,
2031,新光鋼鐵股份有限公司,TWSE,TWSE OpenAPI t187ap03_L:公司名稱,
2031,新光鋼,TWSE,TWSE OpenAPI t187ap03_L:公司簡稱,
2032,新鋼工業股份有限公司,TWSE,TWSE OpenAPI t187ap03_L:公司名稱,
2032,新鋼,TWSE,TWSE OpenAPI t187ap03_L:公司簡稱,
2033,佳大世界股份有限公司,TWSE,TWSE OpenAPI t187ap03_L:公司名稱,
2033,佳大,TWSE,TWSE OpenAPI t187ap03_L:公司簡稱,
2034,允強實業股份有限公司,TWSE,TWSE OpenAPI t187ap03_L:公司名稱,
2034,允強,TWSE,TWSE OpenAPI t187ap03_L:公司簡稱,
2038,海光企業股份有限公司,TWSE,TWSE OpenAPI t187ap03_L:公司名稱,
2038,海光,TWSE,TWSE OpenAPI t187ap03_L:公司簡稱,
2049,上銀科技股份有限公司,TWSE,TWSE OpenAPI t187ap03_L:公司名稱,
2049,上銀,TWSE,TWSE OpenAPI t187ap03_L:公司簡稱,
2059,川湖科技股份有限公司,TWSE,TWSE OpenAPI t187ap03_L:公司名稱,
2059,川湖,TWSE,TWSE OpenAPI t187ap03_L:公司簡稱,
2062,橋椿金屬股份有限公司,TWSE,TWSE OpenAPI t187ap03_L:公司名稱,
2062,橋椿,TWSE,TWSE OpenAPI t187ap03_L:公司簡稱,
2069,運錩鋼鐵股份有限公司,TWSE,TWSE OpenAPI t187ap03_L:公司名稱,
2069,運錩,TWSE,TWSE OpenAPI t187ap03_L:公司簡稱,
2072,世紀離岸風電設備股份有限公司,TWSE,TWSE OpenAPI t187ap03_L:公司名稱,
2072,世紀風電,TWSE,TWSE OpenAPI t187ap03_L:公司簡稱,
2101,南港輪胎股份有限公司,TWSE,TWSE OpenAPI t187ap03_L:公司名稱,
2101,南港,TWSE,TWSE OpenAPI t187ap03_L:公司簡稱,
2102,泰豐輪胎股份有限公司,TWSE,TWSE OpenAPI t187ap03_L:公司名稱,
2102,泰豐,TWSE,TWSE OpenAPI t187ap03_L:公司簡稱,
2103,台橡股份有限公司,TWSE,TWSE OpenAPI t187ap03_L:公司名稱,
2103,台橡,TWSE,TWSE OpenAPI t187ap03_L:公司簡稱,
2104,國際中橡投資控股股份有限公司,TWSE,TWSE OpenAPI t187ap03_L:公司名稱,
2104,國際中橡,TWSE,TWSE OpenAPI t187ap03_L:公司簡稱,
2105,正新橡膠工業股份有限公司,TWSE,TWSE OpenAPI t187ap03_L:公司名稱,
2105,正新,TWSE,TWSE OpenAPI t187ap03_L:公司簡稱,
2106,建大工業股份有限公司,TWSE,TWSE OpenAPI t187ap03_L:公司名稱,
2106,建大,TWSE,TWSE OpenAPI t187ap03_L:公司簡稱,
2107,厚生股份有限公司,TWSE,TWSE OpenAPI t187ap03_L:公司名稱,
2107,厚生,TWSE,TWSE OpenAPI t187ap03_L:公司簡稱,
2108,南帝化學工業股份有限公司,TWSE,TWSE OpenAPI t187ap03_L:公司名稱,
2108,南帝,TWSE,TWSE OpenAPI t187ap03_L:公司簡稱,
2109,華豐橡膠工業股份有限公司,TWSE,TWSE OpenAPI t187ap03_L:公司名稱,
2109,華豐,TWSE,TWSE OpenAPI t187ap03_L:公司簡稱,
2114,鑫永銓股份有限公司,TWSE,TWSE OpenAPI t187ap03_L:公司名稱,
2114,鑫永銓,TWSE,TWSE OpenAPI t187ap03_L:公司簡稱,
2115,六暉控股股份有限公司,TWSE,TWSE OpenAPI t187ap03_L:公司名稱,
2115,六暉-KY,TWSE,TWSE OpenAPI t187ap03_L:公司簡稱,KY
2201,裕隆汽車製造股份有限公司,TWSE,TWSE OpenAPI t187ap03_L:公司名稱,
2201,裕隆,TWSE,TWSE OpenAPI t187ap03_L:公司簡稱,
2204,中華汽車工業股份有限公司,TWSE,TWSE OpenAPI t187ap03_L:公司名稱,
2204,中華,TWSE,TWSE OpenAPI t187ap03_L:公司簡稱,
2206,三陽工業股份有限公司,TWSE,TWSE OpenAPI t187ap03_L:公司名稱,
2206,三陽工業,TWSE,TWSE OpenAPI t187ap03_L:公司簡稱,
2207,和泰汽車股份有限公司,TWSE,TWSE OpenAPI t187ap03_L:公司名稱,
2207,和泰車,TWSE,TWSE OpenAPI t187ap03_L:公司簡稱,
2208,台灣國際造船股份有限公司,TWSE,TWSE OpenAPI t187ap03_L:公司名稱,
2208,台船,TWSE,TWSE OpenAPI t187ap03_L:公司簡稱,
2211,長榮鋼鐵股份有限公司,TWSE,TWSE OpenAPI t187ap03_L:公司名稱,
2211,長榮鋼,TWSE,TWSE OpenAPI t187ap03_L:公司簡稱,
2227,裕隆日產汽車股份有限公司,TWSE,TWSE OpenAPI t187ap03_L:公司名稱,
2227,裕日車,TWSE,TWSE OpenAPI t187ap03_L:公司簡稱,
2228,劍麟股份有限公司,TWSE,TWSE OpenAPI t187ap03_L:公司名稱,
2228,劍麟,TWSE,TWSE OpenAPI t187ap03_L:公司簡稱,
2231,為升電裝工業股份有限公司,TWSE,TWSE OpenAPI t187ap03_L:公司名稱,
2231,為升,TWSE,TWSE OpenAPI t187ap03_L:公司簡稱,
2233,宇隆科技股份有限公司,TWSE,TWSE OpenAPI t187ap03_L:公司名稱,
2233,宇隆,TWSE,TWSE OpenAPI t187ap03_L:公司簡稱,
2236,百達精密工業股份有限公司,TWSE,TWSE OpenAPI t187ap03_L:公司名稱,
2236,百達-KY,TWSE,TWSE OpenAPI t187ap03_L:公司簡稱,KY
2239,開曼英利工業股份有限公司,TWSE,TWSE OpenAPI t187ap03_L:公司名稱,
2239,英利-KY,TWSE,TWSE OpenAPI t187ap03_L:公司簡稱,KY
2241,艾姆勒科技股份有限公司,TWSE,TWSE OpenAPI t187ap03_L:公司名稱,
2241,艾姆勒,TWSE,TWSE OpenAPI t187ap03_L:公司簡稱,
2243,宏旭控股股份有限公司,TWSE,TWSE OpenAPI t187ap03_L:公司名稱,
2243,宏旭-KY,TWSE,TWSE OpenAPI t187ap03_L:公司簡稱,KY
2247,汎德永業汽車股份有限公司,TWSE,TWSE OpenAPI t187ap03_L:公司名稱,
2247,汎德永業,TWSE,TWSE OpenAPI t187ap03_L:公司簡稱,
2248,華勝汽車電子股份有限公司,TWSE,TWSE OpenAPI t187ap03_L:公司名稱,
2248,華勝-KY,TWSE,TWSE OpenAPI t187ap03_L:公司簡稱,KY
2250,第一化成控股(開曼)股份有限公司,TWSE,TWSE OpenAPI t187ap03_L:公司名稱,
2250,IKKA-KY,TWSE,TWSE OpenAPI t187ap03_L:公司簡稱,IKKA KY
2254,巨鎧精密工業股份有限公司,TWSE,TWSE OpenAPI t187ap03_L:公司名稱,
2254,巨鎧精密-創,TWSE,TWSE OpenAPI t187ap03_L:公司簡稱,
2258,鴻華先進科技股份有限公司,TWSE,TWSE OpenAPI t187ap03_L:公司名稱,
2258,鴻華先進-創,TWSE,TWSE OpenAPI t187ap03_L:公司簡稱,
2301,光寶科技股份有限公司,TWSE,TWSE OpenAPI t187ap03_L:公司名稱,
2301,光寶科,TWSE,TWSE OpenAPI t187ap03_L:公司簡稱,
2302,麗正國際科技股份有限公司,TWSE,TWSE OpenAPI t187ap03_L:公司名稱,
2302,麗正,TWSE,TWSE OpenAPI t187ap03_L:公司簡稱,
2303,聯華電子股份有限公司,TWSE,TWSE OpenAPI t187ap03_L:公司名稱,
2303,聯電,TWSE,TWSE OpenAPI t187ap03_L:公司簡稱,
2305,全友電腦股份有限公司,TWSE,TWSE OpenAPI t187ap03_L:公司名稱,
2305,全友,TWSE,TWSE OpenAPI t187ap03_L:公司簡稱,
2308,台達電子工業股份有限公司,TWSE,TWSE OpenAPI t187ap03_L:公司名稱,
2308,台達電,TWSE,TWSE OpenAPI t187ap03_L:公司簡稱,
2312,金寶電子工業股份有限公司,TWSE,TWSE OpenAPI t187ap03_L:公司名稱,
2312,金寶,TWSE,TWSE OpenAPI t187ap03_L:公司簡稱,
2313,華通電腦股份有限公司,TWSE,TWSE OpenAPI t187ap03_L:公司名稱,
2313,華通,TWSE,TWSE OpenAPI t187ap03_L:公司簡稱,
2314,台揚科技股份有限公司,TWSE,TWSE OpenAPI t187ap03_L:公司名稱,
2314,台揚,TWSE,TWSE OpenAPI t187ap03_L:公司簡稱,
2316,楠梓電子股份有限公司,TWSE,TWSE OpenAPI t187ap03_L:公司名稱,
2316,楠梓電,TWSE,TWSE OpenAPI t187ap03_L:公司簡稱,
2317,鴻海精密工業股份有限公司,TWSE,TWSE OpenAPI t187ap03_L:公司名稱,
2317,鴻海,TWSE,TWSE OpenAPI t187ap03_L:公司簡稱,
2321,東訊股份有限公司,TWSE,TWSE OpenAPI t187ap03_L:公司名稱,
2321,東訊,TWSE,TWSE OpenAPI t187ap03_L:公司簡稱,
2323,中環股份有限公司,TWSE,TWSE OpenAPI t187ap03_L:公司名稱,
2323,中環,TWSE,TWSE OpenAPI t187ap03_L:公司簡稱,
2324,仁寶電腦工業股份有限公司,TWSE,TWSE OpenAPI t187ap03_L:公司名稱,
2324,仁寶,TWSE,TWSE OpenAPI t187ap03_L:公司簡稱,
2327,國巨股份有限公司,TWSE,TWSE OpenAPI t187ap03_L:公司名稱,
2327,國巨*,TWSE,TWSE OpenAPI t187ap03_L:公司簡稱,
2328,廣宇科技股份有限公司,TWSE,TWSE OpenAPI t187ap03_L:公司名稱,
2328,廣宇,TWSE,TWSE OpenAPI t187ap03_L:公司簡稱,
2329,華泰電子股份有限公司,TWSE,TWSE OpenAPI t187ap03_L:公司名稱,
2329,華泰,TWSE,TWSE OpenAPI t187ap03_L:公司簡稱,
2330,台灣積體電路製造股份有限公司,TWSE,TWSE OpenAPI t187ap03_L:公司名稱,
2330,台積電,TWSE,TWSE OpenAPI t187ap03_L:公司簡稱,
2331,精英電腦股份有限公司,TWSE,TWSE OpenAPI t187ap03_L:公司名稱,
2331,精英,TWSE,TWSE OpenAPI t187ap03_L:公司簡稱,
2332,友訊科技股份有限公司,TWSE,TWSE OpenAPI t187ap03_L:公司名稱,
2332,友訊,TWSE,TWSE OpenAPI t187ap03_L:公司簡稱,
2337,旺宏電子股份有限公司,TWSE,TWSE OpenAPI t187ap03_L:公司名稱,
2337,旺宏,TWSE,TWSE OpenAPI t187ap03_L:公司簡稱,
2338,台灣光罩股份有限公司,TWSE,TWSE OpenAPI t187ap03_L:公司名稱,
2338,光罩,TWSE,TWSE OpenAPI t187ap03_L:公司簡稱,
2340,台亞半導體股份有限公司,TWSE,TWSE OpenAPI t187ap03_L:公司名稱,
2340,台亞,TWSE,TWSE OpenAPI t187ap03_L:公司簡稱,
2342,台灣茂矽電子股份有限公司,TWSE,TWSE OpenAPI t187ap03_L:公司名稱,
2342,茂矽,TWSE,TWSE OpenAPI t187ap03_L:公司簡稱,
2344,華邦電子股份有限公司,TWSE,TWSE OpenAPI t187ap03_L:公司名稱,
2344,華邦電,TWSE,TWSE OpenAPI t187ap03_L:公司簡稱,
2345,智邦科技股份有限公司,TWSE,TWSE OpenAPI t187ap03_L:公司名稱,
2345,智邦,TWSE,TWSE OpenAPI t187ap03_L:公司簡稱,
2347,聯強國際股份有限公司,TWSE,TWSE OpenAPI t187ap03_L:公司名稱,
2347,聯強,TWSE,TWSE OpenAPI t187ap03_L:公司簡稱,
2348,海悅國際開發股份有限公司,TWSE,TWSE OpenAPI t187ap03_L:公司名稱,
2348,海悅,TWSE,TWSE OpenAPI t187ap03_L:公司簡稱,
2349,錸德科技股份有限公司,TWSE,TWSE OpenAPI t187ap03_L:公司名稱,
2349,錸德,TWSE,TWSE OpenAPI t187ap03_L:公司簡稱,
2351,順德工業股份有限公司,TWSE,TWSE OpenAPI t187ap03_L:公司名稱,
2351,順德,TWSE,TWSE OpenAPI t187ap03_L:公司簡稱,
2352,佳世達科技股份有限公司,TWSE,TWSE OpenAPI t187ap03_L:公司名稱,
2352,佳世達,TWSE,TWSE OpenAPI t187ap03_L:公司簡稱,
2353,宏碁股份有限公司,TWSE,TWSE OpenAPI t187ap03_L:公司名稱,
2353,宏碁,TWSE,TWSE OpenAPI t187ap03_L:公司簡稱,
2354,鴻準精密工業股份有限公司,TWSE,TWSE OpenAPI t187ap03_L:公司名稱,
2354,鴻準,TWSE,TWSE OpenAPI t187ap03_L:公司簡稱,
2355,敬鵬工業股份有限公司,TWSE,TWSE OpenAPI t187ap03_L:公司名稱,
2355,敬鵬,TWSE,TWSE OpenAPI t187ap03_L:公司簡稱,
2356,英業達股份有限公司,TWSE,TWSE OpenAPI t187ap03_L:公司名稱,
2356,英業達,TWSE,TWSE OpenAPI t187ap03_L:公司簡稱,
2357,華碩電腦股份有限公司,TWSE,TWSE OpenAPI t187ap03_L:公司名稱,
2357,華碩,TWSE,TWSE OpenAPI t187ap03_L:公司簡稱,
2359,所羅門股份有限公司,TWSE,TWSE OpenAPI t187ap03_L:公司名稱,
2359,所羅門,TWSE,TWSE OpenAPI t187ap03_L:公司簡稱,
2360,致茂電子股份有限公司,TWSE,TWSE OpenAPI t187ap03_L:公司名稱,
2360,致茂,TWSE,TWSE OpenAPI t187ap03_L:公司簡稱,
2362,藍天電腦股份有限公司,TWSE,TWSE OpenAPI t187ap03_L:公司名稱,
2362,藍天,TWSE,TWSE OpenAPI t187ap03_L:公司簡稱,
2363,矽統科技股份有限公司,TWSE,TWSE OpenAPI t187ap03_L:公司名稱,
2363,矽統,TWSE,TWSE OpenAPI t187ap03_L:公司簡稱,
2364,倫飛電腦實業股份有限公司,TWSE,TWSE OpenAPI t187ap03_L:公司名稱,
2364,倫飛,TWSE,TWSE OpenAPI t187ap03_L:公司簡稱,
2365,昆盈企業股份有限公司,TWSE,TWSE OpenAPI t187ap03_L:公司名稱,
2365,昆盈,TWSE,TWSE OpenAPI t187ap03_L:公司簡稱,
2367,燿華電子股份有限公司,TWSE,TWSE OpenAPI t187ap03_L:公司名稱,
2367,燿華,TWSE,TWSE OpenAPI t187ap03_L:公司簡稱,
2368,金像電子(股)公司,TWSE,TWSE OpenAPI t187ap03_L:公司名稱,
2368,金像電,TWSE,TWSE OpenAPI t187ap03_L:公司簡稱,
2369,菱生精密工業股份有限公司,TWSE,TWSE OpenAPI t187ap03_L:公司名稱,
2369,菱生,TWSE,TWSE OpenAPI t187ap03_L:公司簡稱,
2371,大同股份有限公司,TWSE,TWSE OpenAPI t187ap03_L:公司名稱,
2371,大同,TWSE,TWSE OpenAPI t187ap03_L:公司簡稱,
2373,震旦行股份有限公司,TWSE,TWSE OpenAPI t187ap03_L:公司名稱,
2373,震旦行,TWSE,TWSE OpenAPI t187ap03_L:公司簡稱,
2374,佳能企業股份有限公司,TWSE,TWSE OpenAPI t187ap03_L:公司名稱,
2374,佳能,TWSE,TWSE OpenAPI t187ap03_L:公司簡稱,
2375,凱美電機股份有限公司,TWSE,TWSE OpenAPI t187ap03_L:公司名稱,
2375,凱美,TWSE,TWSE OpenAPI t187ap03_L:公司簡稱,
2376,技嘉科技股份有限公司,TWSE,TWSE OpenAPI t187ap03_L:公司名稱,
2376,技嘉,TWSE,TWSE OpenAPI t187ap03_L:公司簡稱,
2377,微星科技股份有限公司,TWSE,TWSE OpenAPI t187ap03_L:公司名稱,
2377,微星,TWSE,TWSE OpenAPI t187ap03_L:公司簡稱,
2379,瑞昱半導體股份有限公司,TWSE,TWSE OpenAPI t187ap03_L:公司名稱,
2379,瑞昱,TWSE,TWSE OpenAPI t187ap03_L:公司簡稱,
2380,虹光精密工業股份有限公司,TWSE,TWSE OpenAPI t187ap03_L:公司名稱,
2380,虹光,TWSE,TWSE OpenAPI t187ap03_L:公司簡稱,
2382,廣達電腦股份有限公司,TWSE,TWSE OpenAPI t187ap03_L:公司名稱,
2382,廣達,TWSE,TWSE OpenAPI t187ap03_L:公司簡稱,
2383,台光電子材料股份有限公司,TWSE,TWSE OpenAPI t187ap03_L:公司名稱,
2383,台光電,TWSE,TWSE OpenAPI t187ap03_L:公司簡稱,
2385,群光電子股份有限公司,TWSE,TWSE OpenAPI t187ap03_L:公司名稱,
2385,群光,TWSE,TWSE OpenAPI t187ap03_L:公司簡稱,
2387,精元電腦股份有限公司,TWSE,TWSE OpenAPI t187ap03_L:公司名稱,
2387,精元,TWSE,TWSE OpenAPI t187ap03_L:公司簡稱,
2388,威盛電子股份有限公司,TWSE,TWSE OpenAPI t187ap03_L:公司名稱,
2388,威盛,TWSE,TWSE OpenAPI t187ap03_L:公司簡稱,
2390,云辰電子開發股份有限公司,TWSE,TWSE OpenAPI t187ap03_L:公司名稱,
2390,云辰,TWSE,TWSE OpenAPI t187ap03_L:公司簡稱,
2392,正崴精密工業股份有限公司,TWSE,TWSE OpenAPI t187ap03_L:公司名稱,
2392,正崴,TWSE,TWSE OpenAPI t187ap03_L:公司簡稱,
2393,億光電子工業股份有限公司,TWSE,TWSE OpenAPI t187ap03_L:公司名稱,
2393,億光,TWSE,TWSE OpenAPI t187ap03_L:公司簡稱,
2395,研華股份有限公司,TWSE,TWSE OpenAPI t187ap03_L:公司名稱,
2395,研華,TWSE,TWSE OpenAPI t187ap03_L:公司簡稱,
2397,友通資訊股份有限公司,TWSE,TWSE OpenAPI t187ap03_L:公司名稱,
2397,友通,TWSE,TWSE OpenAPI t187ap03_L:公司簡稱,
2399,映泰股份有限公司,TWSE,TWSE OpenAPI t187ap03_L:公司名稱,
2399,映泰,TWSE,TWSE OpenAPI t187ap03_L:公司簡稱,
2401,凌陽科技股份有限公司,TWSE,TWSE OpenAPI t187ap03_L:公司名稱,
2401,凌陽,TWSE,TWSE OpenAPI t187ap03_L:公司簡稱,
2402,毅嘉科技股份有限公司,TWSE,TWSE OpenAPI t187ap03_L:公司名稱,
2402,毅嘉,TWSE,TWSE OpenAPI t187ap03_L:公司簡稱,
2404,漢唐集成股份有限公司,TWSE,TWSE OpenAPI t187ap03_L:公司名稱,
2404,漢唐,TWSE,TWSE OpenAPI t187ap03_L:公司簡稱,
2405,輔信科技股份有限公司,TWSE,TWSE OpenAPI t187ap03_L:公司名稱,
2405,輔信,TWSE,TWSE OpenAPI t187ap03_L:公司簡稱,
2406,國碩科技工業股份有限公司,TWSE,TWSE OpenAPI t187ap03_L:公司名稱,
2406,國碩,TWSE,TWSE OpenAPI t187ap03_L:公司簡稱,
2408,南亞科技股份有限公司,TWSE,TWSE OpenAPI t187ap03_L:公司名稱,
2408,南亞科,TWSE,TWSE OpenAPI t187ap03_L:公司簡稱,
2409,友達光電股份有限公司,TWSE,TWSE OpenAPI t187ap03_L:公司名稱,
2409,友達,TWSE,TWSE OpenAPI t187ap03_L:公司簡稱,
2412,中華電信股份有限公司,TWSE,TWSE OpenAPI t187ap03_L:公司名稱,
2412,中華電,TWSE,TWSE OpenAPI t187ap03_L:公司簡稱,
2413,環隆科技股份有限公司,TWSE,TWSE OpenAPI t187ap03_L:公司名稱,
2413,環科,TWSE,TWSE OpenAPI t187ap03_L:公司簡稱,
2414,精技電腦股份有限公司,TWSE,TWSE OpenAPI t187ap03_L:公司名稱,
2414,精技,TWSE,TWSE OpenAPI t187ap03_L:公司簡稱,
2415,錩新科技股份有限公司,TWSE,TWSE OpenAPI t187ap03_L:公司名稱,
2415,錩新,TWSE,TWSE OpenAPI t187ap03_L:公司簡稱,
2417,圓剛科技股份有限公司,TWSE,TWSE OpenAPI t187ap03_L:公司名稱,
2417,圓剛,TWSE,TWSE OpenAPI t187ap03_L:公司簡稱,
2419,仲琦科技股份有限公司,TWSE,TWSE OpenAPI t187ap03_L:公司名稱,
2419,仲琦,TWSE,TWSE OpenAPI t187ap03_L:公司簡稱,
2420,新巨企業股份有限公司,TWSE,TWSE OpenAPI t187ap03_L:公司名稱,
2420,新巨,TWSE,TWSE OpenAPI t187ap03_L:公司簡稱,
2421,建準電機工業股份有限公司,TWSE,TWSE OpenAPI t187ap03_L:公司名稱,
2421,建準,TWSE,TWSE OpenAPI t187ap03_L:公司簡稱,
2423,固緯電子實業股份有限公司,TWSE,TWSE OpenAPI t187ap03_L:公司名稱,
2423,固緯,TWSE,TWSE OpenAPI t187ap03_L:公司簡稱,
2424,隴華電子股份有限公司,TWSE,TWSE OpenAPI t187ap03_L:公司名稱,
2424,隴華,TWSE,TWSE OpenAPI t187ap03_L:公司簡稱,
2425,承啟科技股份有限公司,TWSE,TWSE OpenAPI t187ap03_L:公司名稱,
2425,承啟,TWSE,TWSE OpenAPI t187ap03_L:公司簡稱,
2426,鼎元光電科技股份有限公司,TWSE,TWSE OpenAPI t187ap03_L:公司名稱,
2426,鼎元,TWSE,TWSE OpenAPI t187ap03_L:公司簡稱,
2427,三商電腦股份有限公司,TWSE,TWSE OpenAPI t187ap03_L:公司名稱,
2427,三商電,TWSE,TWSE OpenAPI t187ap03_L:公司簡稱,
2428,興勤電子工業股份有限公司,TWSE,TWSE OpenAPI t187ap03_L:公司名稱,
2428,興勤,TWSE,TWSE OpenAPI t187ap03_L:公司簡稱,
2429,銘旺科技股份有限公司,TWSE,TWSE OpenAPI t187ap03_L:公司名稱,
2429,銘旺科,TWSE,TWSE OpenAPI t187ap03_L:公司簡稱,
2430,燦坤實業股份有限公司,TWSE,TWSE OpenAPI t187ap03_L:公司名稱,
2430,燦坤,TWSE,TWSE OpenAPI t187ap03_L:公司簡稱,
2431,聯昌電子企業股份有限公司,TWSE,TWSE OpenAPI t187ap03_L:公司名稱,
2431,聯昌,TWSE,TWSE OpenAPI t187ap03_L:公司簡稱,
2432,倚天酷碁股份有限公司,TWSE,TWSE OpenAPI t187ap03_L:公司名稱,
2432,倚天酷碁-創,TWSE,TWSE OpenAPI t187ap03_L:公司簡稱,
2433,互盛股份有限公司,TWSE,TWSE OpenAPI t187ap03_L:公司名稱,
2433,互盛電,TWSE,TWSE OpenAPI t187ap03_L:公司簡稱,
2434,統懋半導體股份有限公司,TWSE,TWSE OpenAPI t187ap03_L:公司名稱,
2434,統懋,TWSE,TWSE OpenAPI t187ap03_L:公司簡稱,
2436,偉詮電子股份有限公司,TWSE,TWSE OpenAPI t187ap03_L:公司名稱,
2436,偉詮電,TWSE,TWSE OpenAPI t187ap03_L:公司簡稱,
2438,翔耀實業股份有限公司,TWSE,TWSE OpenAPI t187ap03_L:公司名稱,
2438,翔耀,TWSE,TWSE OpenAPI t187ap03_L:公司簡稱,
2439,美律實業股份有限公司,TWSE,TWSE OpenAPI t187ap03_L:公司名稱,
2439,美律,TWSE,TWSE OpenAPI t187ap03_L:公司簡稱,
2440,太空梭高傳真資訊科技(股)公司,TWSE,TWSE OpenAPI t187ap03_L:公司名稱,
2440,太空梭,TWSE,TWSE OpenAPI t187ap03_L:公司簡稱,
2441,超豐電子股份有限公司,TWSE,TWSE OpenAPI t187ap03_L:公司名稱,
2441,超豐,TWSE,TWSE OpenAPI t187ap03_L:公司簡稱,
2442,新美齊股份有限公司,TWSE,TWSE OpenAPI t187ap03_L:公司名稱,
2442,新美齊,TWSE,TWSE OpenAPI t187ap03_L:公司簡稱,
2444,兆勁科技股份有限公司,TWSE,TWSE OpenAPI t187ap03_L:公司名稱,
2444,兆勁,TWSE,TWSE OpenAPI t187ap03_L:公司簡稱,
2449,京元電子股份有限公司,TWSE,TWSE OpenAPI t187ap03_L:公司名稱,
2449,京元電子,TWSE,TWSE OpenAPI t187ap03_L:公司簡稱,
2450,神腦國際企業股份有限公司,TWSE,TWSE OpenAPI t187ap03_L:公司名稱,
2450,神腦,TWSE,TWSE OpenAPI t187ap03_L:公司簡稱,
2451,創見資訊股份有限公司,TWSE,TWSE OpenAPI t187ap03_L:公司名稱,
2451,創見,TWSE,TWSE OpenAPI t187ap03_L:公司簡稱,
2453,凌群電腦股份有限公司,TWSE,TWSE OpenAPI t187ap03_L:公司名稱,
2453,凌群,TWSE,TWSE OpenAPI t187ap03_L:公司簡稱,
2454,聯發科技股份有限公司,TWSE,TWSE OpenAPI t187ap03_L:公司名稱,
2454,聯發科,TWSE,TWSE OpenAPI t187ap03_L:公司簡稱,
2455,全新光電科技股份有限公司,TWSE,TWSE OpenAPI t187ap03_L:公司名稱,
2455,全新,TWSE,TWSE OpenAPI t187ap03_L:公司簡稱,
2457,飛宏科技股份有限公司,TWSE,TWSE OpenAPI t187ap03_L:公司名稱,
2457,飛宏,TWSE,TWSE OpenAPI t187ap03_L:公司簡稱,
2458,義隆電子股份有限公司,TWSE,TWSE OpenAPI t187ap03_L:公司名稱,
2458,義隆,TWSE,TWSE OpenAPI t187ap03_L:公司簡稱,
2459,敦吉科技股份有限公司,TWSE,TWSE OpenAPI t187ap03_L:公司名稱,
2459,敦吉,TWSE,TWSE OpenAPI t187ap03_L:公司簡稱,
2460,建通精密工業股份有限公司,TWSE,TWSE OpenAPI t187ap03_L:公司名稱,
2460,建通,TWSE,TWSE OpenAPI t187ap03_L:公司簡稱,
2461,光群雷射科技股份有限公司,TWSE,TWSE OpenAPI t187ap03_L:公司名稱,
2461,光群雷,TWSE,TWSE OpenAPI t187ap03_L:公司簡稱,
2462,台灣良得電子股份有限公司,TWSE,TWSE OpenAPI t187ap03_L:公司名稱,
2462,良得電,TWSE,TWSE OpenAPI t187ap03_L:公司簡稱,
2464,盟立自動化股份有限公司,TWSE,TWSE OpenAPI t187ap03_L:公司名稱,
2464,盟立,TWSE,TWSE OpenAPI t187ap03_L:公司簡稱,
2465,麗臺科技股份有限公司,TWSE,TWSE OpenAPI t187ap03_L:公司名稱,
2465,麗臺,TWSE,TWSE OpenAPI t187ap03_L:公司簡稱,
2466,冠西電子企業股份有限公司,TWSE,TWSE OpenAPI t187ap03_L:公司名稱,
2466,冠西電,TWSE,TWSE OpenAPI t187ap03_L:公司簡稱,
2467,志聖工業股份有限公司,TWSE,TWSE OpenAPI t187ap03_L:公司名稱,
2467,志聖,TWSE,TWSE OpenAPI t187ap03_L:公司簡稱,
2468,華經資訊企業股份有限公司,TWSE,TWSE OpenAPI t187ap03_L:公司名稱,
2468,華經,TWSE,TWSE OpenAPI t187ap03_L:公司簡稱,
2471,資通電腦股份有限公司,TWSE,TWSE OpenAPI t187ap03_L:公司名稱,
2471,資通,TWSE,TWSE OpenAPI t187ap03_L:公司簡稱,
2472,立隆電子工業股份有限公司,TWSE,TWSE OpenAPI t187ap03_L:公司名稱,
2472,立隆電,TWSE,TWSE OpenAPI t187ap03_L:公司簡稱,
2474,可成科技股份有限公司,TWSE,TWSE OpenAPI t187ap03_L:公司名稱,
2474,可成,TWSE,TWSE OpenAPI t187ap03_L:公司簡稱,
2476,鉅祥企業股份有限公司,TWSE,TWSE OpenAPI t187ap03_L:公司名稱,
2476,鉅祥,TWSE,TWSE OpenAPI t187ap03_L:公司簡稱,
2477,美隆工業股份有限公司,TWSE,TWSE OpenAPI t187ap03_L:公司名稱,
2477,美隆電,TWSE,TWSE OpenAPI t187ap03_L:公司簡稱,
2478,大毅科技股份有限公司,TWSE,TWSE OpenAPI t187ap03_L:公司名稱,
2478,大毅,TWSE,TWSE OpenAPI t187ap03_L:公司簡稱,
2480,敦陽科技股份有限公司,TWSE,TWSE OpenAPI t187ap03_L:公司名稱,
2480,敦陽科,TWSE,TWSE OpenAPI t187ap03_L:公司簡稱,
2481,強茂股份有限公司,TWSE,TWSE OpenAPI t187ap03_L:公司名稱,
2481,強茂,TWSE,TWSE OpenAPI t187ap03_L:公司簡稱,
2482,連宇股份有限公司,TWSE,TWSE OpenAPI t187ap03_L:公司名稱,
2482,連宇,TWSE,TWSE OpenAPI t187ap03_L:公司簡稱,
2483,百容電子股份有限公司,TWSE,TWSE OpenAPI t187ap03_L:公司名稱,
2483,百容,TWSE,TWSE OpenAPI t187ap03_L:公司簡稱,
2484,希華晶體科技股份有限公司,TWSE,TWSE OpenAPI t187ap03_L:公司名稱,
2484,希華,TWSE,TWSE OpenAPI t187ap03_L:公司簡稱,
2485,兆赫電子股份有限公司,TWSE,TWSE OpenAPI t187ap03_L:公司名稱,
2485,兆赫,TWSE,TWSE OpenAPI t187ap03_L:公司簡稱,
2486,一詮精密工業股份有限公司,TWSE,TWSE OpenAPI t187ap03_L:公司名稱,
2486,一詮,TWSE,TWSE OpenAPI t187ap03_L:公司簡稱,
2488,漢平電子工業股份有限公司,TWSE,TWSE OpenAPI t187ap03_L:公司名稱,
2488,漢平,TWSE,TWSE OpenAPI t187ap03_L:公司簡稱,
2489,瑞軒科技股份有限公司,TWSE,TWSE OpenAPI t187ap03_L:公司名稱,
2489,瑞軒,TWSE,TWSE OpenAPI t187ap03_L:公司簡稱,
2491,吉祥全球實業股份有限公司,TWSE,TWSE OpenAPI t187ap03_L:公司名稱,
2491,吉祥全,TWSE,TWSE OpenAPI t187ap03_L:公司簡稱,
2492,華新科技股份有限公司,TWSE,TWSE OpenAPI t187ap03_L:公司名稱,
2492,華新科,TWSE,TWSE OpenAPI t187ap03_L:公司簡稱,
2493,揚博科技股份有限公司,TWSE,TWSE OpenAPI t187ap03_L:公司名稱,
2493,揚博,TWSE,TWSE OpenAPI t187ap03_L:公司簡稱,
2495,普安科技股份有限公司,TWSE,TWSE OpenAPI t187ap03_L:公司名稱,
2495,普安,TWSE,TWSE OpenAPI t187ap03_L:公司簡稱,
2496,卓越成功股份有限公司,TWSE,TWSE OpenAPI t187ap03_L:公司名稱,
2496,卓越,TWSE,TWSE OpenAPI t187ap03_L:公司簡稱,
2497,怡利電子工業股份有限公司,TWSE,TWSE OpenAPI t187ap03_L:公司名稱,
2497,怡利電,TWSE,TWSE OpenAPI t187ap03_L:公司簡稱,
2498,宏達國際電子股份有限公司,TWSE,TWSE OpenAPI t187ap03_L:公司名稱,
2498,宏達電,TWSE,TWSE OpenAPI t187ap03_L:公司簡稱,
2501,國泰建設股份有限公司,TWSE,TWSE OpenAPI t187ap03_L:公司名稱,
2501,國建,TWSE,TWSE OpenAPI t187ap03_L:公司簡稱,
2504,國產建材實業股份有限公司,TWSE,TWSE OpenAPI t187ap03_L:公司名稱,
2504,國產,TWSE,TWSE OpenAPI t187ap03_L:公司簡稱,
2505,國揚實業股份有限公司,TWSE,TWSE OpenAPI t187ap03_L:公司名稱,
2505,國揚,TWSE,TWSE OpenAPI t187ap03_L:公司簡稱,
2506,太平洋建設股份有限公司,TWSE,TWSE OpenAPI t187ap03_L:公司名稱,
2506,太設,TWSE,TWSE OpenAPI t187ap03_L:公司簡稱,
2509,全坤建設開發股份有限公司,TWSE,TWSE OpenAPI t187ap03_L:公司名稱,
2509,全坤建,TWSE,TWSE OpenAPI t187ap03_L:公司簡稱,
2511,太子建設開發股份有限公司,TWSE,TWSE OpenAPI t187ap03_L:公司名稱,
2511,太子,TWSE,TWSE OpenAPI t187ap03_L:公司簡稱,
2514,龍邦國際興業股份有限公司,TWSE,TWSE OpenAPI t187ap03_L:公司名稱,
2514,龍邦,TWSE,TWSE OpenAPI t187ap03_L:公司簡稱,
2515,中華工程股份有限公司,TWSE,TWSE OpenAPI t187ap03_L:公司名稱,
2515,中工,TWSE,TWSE OpenAPI t187ap03_L:公司簡稱,
2516,新亞建設開發股份有限公司,TWSE,TWSE OpenAPI t187ap03_L:公司名稱,
2516,新建,TWSE,TWSE OpenAPI t187ap03_L:公司簡稱,
2520,冠德建設股份有限公司,TWSE,TWSE OpenAPI t187ap03_L:公司名稱,
2520,冠德,TWSE,TWSE OpenAPI t187ap03_L:公司簡稱,
2524,京城建設股份有限公司,TWSE,TWSE OpenAPI t187ap03_L:公司名稱,
2524,京城,TWSE,TWSE OpenAPI t187ap03_L:公司簡稱,
2527,宏璟建設股份有限公司,TWSE,TWSE OpenAPI t187ap03_L:公司名稱,
2527,宏璟,TWSE,TWSE OpenAPI t187ap03_L:公司簡稱,
2528,皇普建設股份有限公司,TWSE,TWSE OpenAPI t187ap03_L:公司名稱,
2528,皇普,TWSE,TWSE OpenAPI t187ap03_L:公司簡稱,
2530,大華建設股份有限公司,TWSE,TWSE OpenAPI t187ap03_L:公司名稱,
2530,華建,TWSE,TWSE OpenAPI t187ap03_L:公司簡稱,
2534,宏盛建設股份有限公司,TWSE,TWSE OpenAPI t187ap03_L:公司名稱,
2534,宏盛,TWSE,TWSE OpenAPI t187ap03_L:公司簡稱,
2535,達欣工程股份有限公司,TWSE,TWSE OpenAPI t187ap03_L:公司名稱,
2535,達欣工,TWSE,TWSE OpenAPI t187ap03_L:公司簡稱,
2536,宏普建設股份有限公司,TWSE,TWSE OpenAPI t187ap03_L:公司名稱,
2536,宏普,TWSE,TWSE OpenAPI t187ap03_L:公司簡稱,
2537,聯上開發股份有限公司,TWSE,TWSE OpenAPI t187ap03_L:公司名稱,
2537,聯上發,TWSE,TWSE OpenAPI t187ap03_L:公司簡稱,
2538,基泰建設股份有限公司,TWSE,TWSE OpenAPI t187ap03_L:公司名稱,
2538,基泰,TWSE,TWSE OpenAPI t187ap03_L:公司簡稱,
2539,櫻花建設股份有限公司,TWSE,TWSE OpenAPI t187ap03_L:公司名稱,
2539,櫻花建,TWSE,TWSE OpenAPI t187ap03_L:公司簡稱,
2540,愛山林建設開發股份有限公司,TWSE,TWSE OpenAPI t187ap03_L:公司名稱,
2540,愛山林,TWSE,TWSE OpenAPI t187ap03_L:公司簡稱,
2542,興富發建設股份有限公司,TWSE,TWSE OpenAPI t187ap03_L:公司名稱,
2542,興富發,TWSE,TWSE OpenAPI t187ap03_L:公司簡稱,
2543,皇昌營造股份有限公司,TWSE,TWSE OpenAPI t187ap03_L:公司名稱,
2543,皇昌,TWSE,TWSE OpenAPI t187ap03_L:公司簡稱,
2545,皇翔建設股份有限公司,TWSE,TWSE OpenAPI t187ap03_L:公司名稱,
2545,皇翔,TWSE,TWSE OpenAPI t187ap03_L:公司簡稱,
2546,根基營造股份有限公司,TWSE,TWSE OpenAPI t187ap03_L:公司名稱,
2546,根基,TWSE,TWSE OpenAPI t187ap03_L:公司簡稱,
2547,日勝生活科技股份有限公司,TWSE,TWSE OpenAPI t187ap03_L:公司名稱,
2547,日勝生,TWSE,TWSE OpenAPI t187ap03_L:公司簡稱,
2548,華固建設股份有限公司,TWSE,TWSE OpenAPI t187ap03_L:公司名稱,
2548,華固,TWSE,TWSE OpenAPI t187ap03_L:公司簡稱,
2597,潤弘精密工程事業股份有限公司,TWSE,TWSE OpenAPI t187ap03_L:公司名稱,
2597,潤弘,TWSE,TWSE OpenAPI t187ap03_L:公司簡稱,
2601,益航股份有限公司,TWSE,TWSE OpenAPI t187ap03_L:公司名稱,
2601,益航,TWSE,TWSE OpenAPI t187ap03_L:公司簡稱,
2603,長榮海運股份有限公司,TWSE,TWSE OpenAPI t187ap03_L:公司名稱,
2603,長榮,TWSE,TWSE OpenAPI t187ap03_L:公司簡稱,
2605,新興航運股份有限公司,TWSE,TWSE OpenAPI t187ap03_L:公司名稱,
2605,新興,TWSE,TWSE OpenAPI t187ap03_L:公司簡稱,
2606,裕民航運股份有限公司,TWSE,TWSE OpenAPI t187ap03_L:公司名稱,
2606,裕民,TWSE,TWSE OpenAPI t187ap03_L:公司簡稱,
2607,長榮國際儲運股份有限公司,TWSE,TWSE OpenAPI t187ap03_L:公司名稱,
2607,榮運,TWSE,TWSE OpenAPI t187ap03_L:公司簡稱,
2608,嘉里大榮物流股份有限公司,TWSE,TWSE OpenAPI t187ap03_L:公司名稱,
2608,嘉里大榮,TWSE,TWSE OpenAPI t187ap03_L:公司簡稱,
2609,陽明海運股份有限公司,TWSE,TWSE OpenAPI t187ap03_L:公司名稱,
2609,陽明,TWSE,TWSE OpenAPI t187ap03_L:公司簡稱,
2610,中華航空股份有限公司,TWSE,TWSE OpenAPI t187ap03_L:公司名稱,
2610,華航,TWSE,TWSE OpenAPI t187ap03_L:公司簡稱,
2611,志信國際股份有限公司,TWSE,TWSE OpenAPI t187ap03_L:公司名稱,
2611,志信,TWSE,TWSE OpenAPI t187ap03_L:公司簡稱,
2612,中國航運股份有限公司,TWSE,TWSE OpenAPI t187ap03_L:公司名稱,
2612,中航,TWSE,TWSE OpenAPI t187ap03_L:公司簡稱,
2613,中國貨櫃運輸股份有限公司,TWSE,TWSE OpenAPI t187ap03_L:公司名稱,
2613,中櫃,TWSE,TWSE OpenAPI t187ap03_L:公司簡稱,
2614,東森國際股份有限公司,TWSE,TWSE OpenAPI t187ap03_L:公司名稱,
2614,東森,TWSE,TWSE OpenAPI t187ap03_L:公司簡稱,
2615,萬海航運股份有限公司,TWSE,TWSE OpenAPI t187ap03_L:公司名稱,
2615,萬海,TWSE,TWSE OpenAPI t187ap03_L:公司簡稱,
2616,山隆通運股份有限公司,TWSE,TWSE OpenAPI t187ap03_L:公司名稱,
2616,山隆,TWSE,TWSE OpenAPI t187ap03_L:公司簡稱,
2617,台灣航業股份有限公司,TWSE,TWSE OpenAPI t187ap03_L:公司名稱,
2617,台航,TWSE,TWSE OpenAPI t187ap03_L:公司簡稱,
2618,長榮航空股份有限公司,TWSE,TWSE OpenAPI t187ap03_L:公司名稱,
2618,長榮航,TWSE,TWSE OpenAPI t187ap03_L:公司簡稱,
2630,亞洲航空股份有限公司,TWSE,TWSE OpenAPI t187ap03_L:公司名稱,
2630,亞航,TWSE,TWSE OpenAPI t187ap03_L:公司簡稱,
2633,台灣高速鐵路股份有限公司,TWSE,TWSE OpenAPI t187ap03_L:公司名稱,
2633,台灣高鐵,TWSE,TWSE OpenAPI t187ap03_L:公司簡稱,
2634,漢翔航空工業股份有限公司,TWSE,TWSE OpenAPI t187ap03_L:公司名稱,
2634,漢翔,TWSE,TWSE OpenAPI t187ap03_L:公司簡稱,
2636,台驊國際控股股份有限公司,TWSE,TWSE OpenAPI t187ap03_L:公司名稱,
2636,台驊控股,TWSE,TWSE OpenAPI t187ap03_L:公司簡稱,
2637,慧洋海運股份有限公司,TWSE,TWSE OpenAPI t187ap03_L:公司名稱,
2637,慧洋-KY,TWSE,TWSE OpenAPI t187ap03_L:公司簡稱,KY
2642,台灣宅配通股份有限公司,TWSE,TWSE OpenAPI t187ap03_L:公司名稱,
2642,宅配通,TWSE,TWSE OpenAPI t187ap03_L:公司簡稱,
2645,長榮航太科技股份有限公司,TWSE,TWSE OpenAPI t187ap03_L:公司名稱,
2645,長榮航太,TWSE,TWSE OpenAPI t187ap03_L:公司簡稱,
2646,星宇航空股份有限公司,TWSE,TWSE OpenAPI t187ap03_L:公司名稱,
2646,星宇航空,TWSE,TWSE OpenAPI t187ap03_L:公司簡稱,
2701,萬華企業股份有限公司,TWSE,TWSE OpenAPI t187ap03_L:公司名稱,
2701,萬企,TWSE,TWSE OpenAPI t187ap03_L:公司簡稱,
2702,華園飯店股份有限公司,TWSE,TWSE OpenAPI t187ap03_L:公司名稱,
2702,華園,TWSE,TWSE OpenAPI t187ap03_L:公司簡稱,
2704,國賓大飯店股份有限公司,TWSE,TWSE OpenAPI t187ap03_L:公司名稱,
2704,國賓,TWSE,TWSE OpenAPI t187ap03_L:公司簡稱,
2705,六福開發股份有限公司,TWSE,TWSE OpenAPI t187ap03_L:公司名稱,
2705,六福,TWSE,TWSE OpenAPI t187ap03_L:公司簡稱,
2706,第一華僑大飯店股份有限公司,TWSE,TWSE OpenAPI t187ap03_L:公司名稱,
2706,第一店,TWSE,TWSE OpenAPI t187ap03_L:公司簡稱,
2707,晶華國際酒店股份有限公司,TWSE,TWSE OpenAPI t187ap03_L:公司名稱,
2707,晶華,TWSE,TWSE OpenAPI t187ap03_L:公司簡稱,
2712,遠雄悅來大飯店股份有限公司,TWSE,TWSE OpenAPI t187ap03_L:公司名稱,
2712,遠雄來,TWSE,TWSE OpenAPI t187ap03_L:公司簡稱,
2722,夏都國際開發股份有限公司,TWSE,TWSE OpenAPI t187ap03_L:公司名稱,
2722,夏都,TWSE,TWSE OpenAPI t187ap03_L:公司簡稱,
2723,開曼美食達人股份有限公司,TWSE,TWSE OpenAPI t187ap03_L:公司名稱,
2723,美食-KY,TWSE,TWSE OpenAPI t187ap03_L:公司簡稱,KY
2727,王品餐飲股份有限公司,TWSE,TWSE OpenAPI t187ap03_L:公司名稱,
2727,王品,TWSE,TWSE OpenAPI t187ap03_L:公司簡稱,
2731,雄獅旅行社股份有限公司,TWSE,TWSE OpenAPI t187ap03_L:公司名稱,
2731,雄獅,TWSE,TWSE OpenAPI t187ap03_L:公司簡稱,
2739,寒舍餐旅管理顧問股份有限公司,TWSE,TWSE OpenAPI t187ap03_L:公司名稱,
2739,寒舍,TWSE,TWSE OpenAPI t187ap03_L:公司簡稱,
2748,雲品國際酒店股份有限公司,TWSE,TWSE OpenAPI t187ap03_L:公司名稱,
2748,雲品,TWSE,TWSE OpenAPI t187ap03_L:公司簡稱,
2753,八方雲集國際股份有限公司,TWSE,TWSE OpenAPI t187ap03_L:公司名稱,
2753,八方雲集,TWSE,TWSE OpenAPI t187ap03_L:公司簡稱,
2762,世界健身股份有限公司,TWSE,TWSE OpenAPI t187ap03_L:公司名稱,
2762,世界健身-KY,TWSE,TWSE OpenAPI t187ap03_L:公司簡稱,KY
2801,彰化商業銀行股份有限公司,TWSE,TWSE OpenAPI t187ap03_L:公司名稱,
2801,彰銀,TWSE,TWSE OpenAPI t187ap03_L:公司簡稱,
2812,台中商業銀行股份有限公司,TWSE,TWSE OpenAPI t187ap03_L:公司名稱,
2812,台中銀,TWSE,TWSE OpenAPI t187ap03_L:公司簡稱,
2816,旺旺友聯產物保險股份有限公司,TWSE,TWSE OpenAPI t187ap03_L:公司名稱,
2816,旺旺保,TWSE,TWSE OpenAPI t187ap03_L:公司簡稱,
2820,中華票券金融股份有限公司,TWSE,TWSE OpenAPI t187ap03_L:公司名稱,
2820,華票,TWSE,TWSE OpenAPI t187ap03_L:公司簡稱,
2832,台灣產物保險股份有限公司,TWSE,TWSE OpenAPI t187ap03_L:公司名稱,
2832,台產,TWSE,TWSE OpenAPI t187ap03_L:公司簡稱,
2834,臺灣中小企業銀行股份有限公司,TWSE,TWSE OpenAPI t187ap03_L:公司名稱,
2834,臺企銀,TWSE,TWSE OpenAPI t187ap03_L:公司簡稱,
2836,高雄銀行股份有限公司,TWSE,TWSE OpenAPI t187ap03_L:公司名稱,
2836,高雄銀,TWSE,TWSE OpenAPI t187ap03_L:公司簡稱,
2838,聯邦商業銀行股份有限公司,TWSE,TWSE OpenAPI t187ap03_L:公司名稱,
2838,聯邦銀,TWSE,TWSE OpenAPI t187ap03_L:公司簡稱,
2845,遠東國際商業銀行股份有限公司,TWSE,TWSE OpenAPI t187ap03_L:公司名稱,
2845,遠東銀,TWSE,TWSE OpenAPI t187ap03_L:公司簡稱,
2849,安泰商業銀行股份有限公司,TWSE,TWSE OpenAPI t187ap03_L:公司名稱,
2849,安泰銀,TWSE,TWSE OpenAPI t187ap03_L:公司簡稱,
2850,新光產物保險股份有限公司,TWSE,TWSE OpenAPI t187ap03_L:公司名稱,
2850,新產,TWSE,TWSE OpenAPI t187ap03_L:公司簡稱,
2851,中央再保險股份有限公司,TWSE,TWSE OpenAPI t187ap03_L:公司名稱,
2851,中再保,TWSE,TWSE OpenAPI t187ap03_L:公司簡稱,
2852,第一產物保險股份有限公司,TWSE,TWSE OpenAPI t187ap03_L:公司名稱,
2852,第一保,TWSE,TWSE OpenAPI t187ap03_L:公司簡稱,
2855,統一綜合證券股份有限公司,TWSE,TWSE OpenAPI t187ap03_L:公司名稱,
2855,統一證,TWSE,TWSE OpenAPI t187ap03_L:公司簡稱,
2867,三商美邦人壽保險股份有限公司,TWSE,TWSE OpenAPI t187ap03_L:公司名稱,
2867,三商壽,TWSE,TWSE OpenAPI t187ap03_L:公司簡稱,
2880,華南金融控股股份有限公司,TWSE,TWSE OpenAPI t187ap03_L:公司名稱,
2880,華南金,TWSE,TWSE OpenAPI t187ap03_L:公司簡稱,
2881,富邦金融控股股份有限公司,TWSE,TWSE OpenAPI t187ap03_L:公司名稱,
2881,富邦金,TWSE,TWSE OpenAPI t187ap03_L:公司簡稱,
2882,國泰金融控股股份有限公司,TWSE,TWSE OpenAPI t187ap03_L:公司名稱,
2882,國泰金,TWSE,TWSE OpenAPI t187ap03_L:公司簡稱,
2883,凱基金融控股股份有限公司,TWSE,TWSE OpenAPI t187ap03_L:公司名稱,
2883,凱基金,TWSE,TWSE OpenAPI t187ap03_L:公司簡稱,
2884,玉山金融控股股份有限公司,TWSE,TWSE OpenAPI t187ap03_L:公司名稱,
2884,玉山金,TWSE,TWSE OpenAPI t187ap03_L:公司簡稱,
2885,元大金融控股股份有限公司,TWSE,TWSE OpenAPI t187ap03_L:公司名稱,
2885,元大金,TWSE,TWSE OpenAPI t187ap03_L:公司簡稱,
2886,兆豐金融控股股份有限公司,TWSE,TWSE OpenAPI t187ap03_L:公司名稱,
2886,兆豐金,TWSE,TWSE OpenAPI t187ap03_L:公司簡稱,
2887,台新新光金融控股股份有限公司,TWSE,TWSE OpenAPI t187ap03_L:公司名稱,
2887,台新新光金,TWSE,TWSE OpenAPI t187ap03_L:公司簡稱,
2889,國票金融控股股份有限公司,TWSE,TWSE OpenAPI t187ap03_L:公司名稱,
2889,國票金,TWSE,TWSE OpenAPI t187ap03_L:公司簡稱,
2890,永豐金融控股股份有限公司,TWSE,TWSE OpenAPI t187ap03_L:公司名稱,
2890,永豐金,TWSE,TWSE OpenAPI t187ap03_L:公司簡稱,
2891,中國信託金融控股股份有限公司,TWSE,TWSE OpenAPI t187ap03_L:公司名稱,
2891,中信金,TWSE,TWSE OpenAPI t187ap03_L:公司簡稱,
2892,第一金融控股股份有限公司,TWSE,TWSE OpenAPI t187ap03_L:公司名稱,
2892,第一金,TWSE,TWSE OpenAPI t187ap03_L:公司簡稱,
2897,王道商業銀行股份有限公司,TWSE,TWSE OpenAPI t187ap03_L:公司名稱,
2897,王道銀行,TWSE,TWSE OpenAPI t187ap03_L:公司簡稱,
2901,欣欣大眾市場股份有限公司,TWSE,TWSE OpenAPI t187ap03_L:公司名稱,
2901,欣欣,TWSE,TWSE OpenAPI t187ap03_L:公司簡稱,
2903,遠東百貨股份有限公司,TWSE,TWSE OpenAPI t187ap03_L:公司名稱,
2903,遠百,TWSE,TWSE OpenAPI t187ap03_L:公司簡稱,
2904,匯僑股份有限公司,TWSE,TWSE OpenAPI t187ap03_L:公司名稱,
2904,匯僑,TWSE,TWSE OpenAPI t187ap03_L:公司簡稱,
2905,三商投資控股股份有限公司,TWSE,TWSE OpenAPI t187ap03_L:公司名稱,
2905,三商,TWSE,TWSE OpenAPI t187ap03_L:公司簡稱,
2906,高林實業股份有限公司,TWSE,TWSE OpenAPI t187ap03_L:公司名稱,
2906,高林,TWSE,TWSE OpenAPI t187ap03_L:公司簡稱,
2908,特力股份有限公司,TWSE,TWSE OpenAPI t187ap03_L:公司名稱,
2908,特力,TWSE,TWSE OpenAPI t187ap03_L:公司簡稱,
2910,統領百貨股份有限公司,TWSE,TWSE OpenAPI t187ap03_L:公司名稱,
2910,統領,TWSE,TWSE OpenAPI t187ap03_L:公司簡稱,
2911,麗嬰房股份有限公司,TWSE,TWSE OpenAPI t187ap03_L:公司名稱,
2911,麗嬰房,TWSE,TWSE OpenAPI t187ap03_L:公司簡稱,
2912,統一超商股份有限公司,TWSE,TWSE OpenAPI t187ap03_L:公司名稱,
2912,統一超,TWSE,TWSE OpenAPI t187ap03_L:公司簡稱,
2913,台灣農林股份有限公司,TWSE,TWSE OpenAPI t187ap03_L:公司名稱,
2913,農林,TWSE,TWSE OpenAPI t187ap03_L:公司簡稱,
2915,潤泰全球股份有限公司,TWSE,TWSE OpenAPI t187ap03_L:公司名稱,
2915,潤泰全,TWSE,TWSE OpenAPI t187ap03_L:公司簡稱,
2923,鼎固控股有限公司,TWSE,TWSE OpenAPI t187ap03_L:公司名稱,
2923,鼎固-KY,TWSE,TWSE OpenAPI t187ap03_L:公司簡稱,KY
2929,淘帝國際控股有限公司,TWSE,TWSE OpenAPI t187ap03_L:公司名稱,
2929,淘帝-KY,TWSE,TWSE OpenAPI t187ap03_L:公司簡稱,KY
2939,永邑國際集團股份有限公司,TWSE,TWSE OpenAPI t187ap03_L:公司名稱,
2939,永邑-KY,TWSE,TWSE OpenAPI t187ap03_L:公司簡稱,KY
2945,三商家購股份有限公司,TWSE,TWSE OpenAPI t187ap03_L:公司名稱,
2945,三商家購,TWSE,TWSE OpenAPI t187ap03_L:公司簡稱,
3002,歐格電子股份有限公司,TWSE,TWSE OpenAPI t187ap03_L:公司名稱,
3002,歐格,TWSE,TWSE OpenAPI t187ap03_L:公司簡稱,
3003,健和興端子股份有限公司,TWSE,TWSE OpenAPI t187ap03_L:公司名稱,
3003,健和興,TWSE,TWSE OpenAPI t187ap03_L:公司簡稱,
3004,豐達科技股份有限公司,TWSE,TWSE OpenAPI t187ap03_L:公司名稱,
3004,豐達科,TWSE,TWSE OpenAPI t187ap03_L:公司簡稱,
3005,神基控股股份有限公司,TWSE,TWSE OpenAPI t187ap03_L:公司名稱,
3005,神基,TWSE,TWSE OpenAPI t187ap03_L:公司簡稱,
3006,晶豪科技股份有限公司,TWSE,TWSE OpenAPI t187ap03_L:公司名稱,
3006,晶豪科,TWSE,TWSE OpenAPI t187ap03_L:公司簡稱,
3008,大立光電股份有限公司,TWSE,TWSE OpenAPI t187ap03_L:公司名稱,
3008,大立光,TWSE,TWSE OpenAPI t187ap03_L:公司簡稱,
3010,華立企業股份有限公司,TWSE,TWSE OpenAPI t187ap03_L:公司名稱,
3010,華立,TWSE,TWSE OpenAPI t187ap03_L:公司簡稱,
3011,今皓實業股份有限公司,TWSE,TWSE OpenAPI t187ap03_L:公司名稱,
3011,今皓,TWSE,TWSE OpenAPI t187ap03_L:公司簡稱,
3013,晟銘電子科技股份有限公司,TWSE,TWSE OpenAPI t187ap03_L:公司名稱,
3013,晟銘電,TWSE,TWSE OpenAPI t187ap03_L:公司簡稱,
3014,聯陽半導體股份有限公司,TWSE,TWSE OpenAPI t187ap03_L:公司名稱,
3014,聯陽,TWSE,TWSE OpenAPI t187ap03_L:公司簡稱,
3015,全漢企業股份有限公司,TWSE,TWSE OpenAPI t187ap03_L:公司名稱,
3015,全漢,TWSE,TWSE OpenAPI t187ap03_L:公司簡稱,
3016,嘉晶電子股份有限公司,TWSE,TWSE OpenAPI t187ap03_L:公司名稱,
3016,嘉晶,TWSE,TWSE OpenAPI t187ap03_L:公司簡稱,
3017,奇鋐科技股份有限公司,TWSE,TWSE OpenAPI t187ap03_L:公司名稱,
3017,奇鋐,TWSE,TWSE OpenAPI t187ap03_L:公司簡稱,
3018,隆銘綠能科技工程股份有限公司,TWSE,TWSE OpenAPI t187ap03_L:公司名稱,
3018,隆銘綠能,TWSE,TWSE OpenAPI t187ap03_L:公司簡稱,
3019,亞洲光學股份有限公司,TWSE,TWSE OpenAPI t187ap03_L:公司名稱,
3019,亞光,TWSE,TWSE OpenAPI t187ap03_L:公司簡稱,
3021,鴻名企業股份有限公司,TWSE,TWSE OpenAPI t187ap03_L:公司名稱,
3021,鴻名,TWSE,TWSE OpenAPI t187ap03_L:公司簡稱,
3022,威強電工業電腦股份有限公司,TWSE,TWSE OpenAPI t187ap03_L:公司名稱,
3022,威強電,TWSE,TWSE OpenAPI t187ap03_L:公司簡稱,
3023,信邦電子股份有限公司,TWSE,TWSE OpenAPI t187ap03_L:公司名稱,
3023,信邦,TWSE,TWSE OpenAPI t187ap03_L:公司簡稱,
3024,憶聲電子股份有限公司,TWSE,TWSE OpenAPI t187ap03_L:公司名稱,
3024,憶聲,TWSE,TWSE OpenAPI t187ap03_L:公司簡稱,
3025,星通資訊股份有限公司,TWSE,TWSE OpenAPI t187ap03_L:公司名稱,
3025,星通,TWSE,TWSE OpenAPI t187ap03_L:公司簡稱,
3026,禾伸堂企業股份有限公司,TWSE,TWSE OpenAPI t187ap03_L:公司名稱,
3026,禾伸堂,TWSE,TWSE OpenAPI t187ap03_L:公司簡稱,
3027,盛達電業股份有限公司,TWSE,TWSE OpenAPI t187ap03_L:公司名稱,
3027,盛達,TWSE,TWSE OpenAPI t187ap03_L:公司簡稱,
3028,增你強股份有限公司,TWSE,TWSE OpenAPI t187ap03_L:公司名稱,
3028,增你強,TWSE,TWSE OpenAPI t187ap03_L:公司簡稱,
3029,零壹科技股份有限公司,TWSE,TWSE OpenAPI t187ap03_L:公司名稱,
3029,零壹,TWSE,TWSE OpenAPI t187ap03_L:公司簡稱,
3030,德律科技股份有限公司,TWSE,TWSE OpenAPI t187ap03_L:公司名稱,
3030,德律,TWSE,TWSE OpenAPI t187ap03_L:公司簡稱,
3031,佰鴻工業股份有限公司,TWSE,TWSE OpenAPI t187ap03_L:公司名稱,
3031,佰鴻,TWSE,TWSE OpenAPI t187ap03_L:公司簡稱,
3032,偉訓科技股份有限公司,TWSE,TWSE OpenAPI t187ap03_L:公司名稱,
3032,偉訓,TWSE,TWSE OpenAPI t187ap03_L:公司簡稱,
3033,威健實業股份有限公司,TWSE,TWSE OpenAPI t187ap03_L:公司名稱,
3033,威健,TWSE,TWSE OpenAPI t187ap03_L:公司簡稱,
3034,聯詠科技股份有限公司,TWSE,TWSE OpenAPI t187ap03_L:公司名稱,
3034,聯詠,TWSE,TWSE OpenAPI t187ap03_L:公司簡稱,
3035,智原科技股份有限公司,TWSE,TWSE OpenAPI t187ap03_L:公司名稱,
3035,智原,TWSE,TWSE OpenAPI t187ap03_L:公司簡稱,
3036,文曄科技股份有限公司,TWSE,TWSE OpenAPI t187ap03_L:公司名稱,
3036,文曄,TWSE,TWSE OpenAPI t187ap03_L:公司簡稱,
3037,欣興電子股份有限公司,TWSE,TWSE OpenAPI t187ap03_L:公司名稱,
3037,欣興,TWSE,TWSE OpenAPI t187ap03_L:公司簡稱,
3038,全台晶像股份有限公司,TWSE,TWSE OpenAPI t187ap03_L:公司名稱,
3038,全台,TWSE,TWSE OpenAPI t187ap03_L:公司簡稱,
3040,遠見科技股份有限公司,TWSE,TWSE OpenAPI t187ap03_L:公司名稱,
3040,遠見,TWSE,TWSE OpenAPI t187ap03_L:公司簡稱,
3041,揚智科技股份有限公司,TWSE,TWSE OpenAPI t187ap03_L:公司名稱,
3041,揚智,TWSE,TWSE OpenAPI t187ap03_L:公司簡稱,
3042,台灣晶技股份有限公司,TWSE,TWSE OpenAPI t187ap03_L:公司名稱,
3042,晶技,TWSE,TWSE OpenAPI t187ap03_L:公司簡稱,
3043,科風股份有限公司,TWSE,TWSE OpenAPI t187ap03_L:公司名稱,
3043,科風,TWSE,TWSE OpenAPI t187ap03_L:公司簡稱,
3044,健鼎科技股份有限公司,TWSE,TWSE OpenAPI t187ap03_L:公司名稱,
3044,健鼎,TWSE,TWSE OpenAPI t187ap03_L:公司簡稱,
3045,台灣大哥大股份有限公司,TWSE,TWSE OpenAPI t187ap03_L:公司名稱,
3045,台灣大,TWSE,TWSE OpenAPI t187ap03_L:公司簡稱,
3046,建碁股份有限公司,TWSE,TWSE OpenAPI t187ap03_L:公司名稱,
3046,建碁,TWSE,TWSE OpenAPI t187ap03_L:公司簡稱,
3047,訊舟科技股份有限公司,TWSE,TWSE OpenAPI t187ap03_L:公司名稱,
3047,訊舟,TWSE,TWSE OpenAPI t187ap03_L:公司簡稱,
3048,益登科技股份有限公司,TWSE,TWSE OpenAPI t187ap03_L:公司名稱,
3048,益登,TWSE,TWSE OpenAPI t187ap03_L:公司簡稱,
3049,精金科技股份有限公司,TWSE,TWSE OpenAPI t187ap03_L:公司名稱,
3049,精金,TWSE,TWSE OpenAPI t187ap03_L:公司簡稱,
3050,鈺德科技股份有限公司,TWSE,TWSE OpenAPI t187ap03_L:公司名稱,
3050,鈺德,TWSE,TWSE OpenAPI t187ap03_L:公司簡稱,
3051,力特光電科技股份有限公司,TWSE,TWSE OpenAPI t187ap03_L:公司名稱,
3051,力特,TWSE,TWSE OpenAPI t187ap03_L:公司簡稱,
3052,夆典科技開發股份有限公司,TWSE,TWSE OpenAPI t187ap03_L:公司名稱,
3052,夆典,TWSE,TWSE OpenAPI t187ap03_L:公司簡稱,
3054,立萬利創新股份有限公司,TWSE,TWSE OpenAPI t187ap03_L:公司名稱,
3054,立萬利,TWSE,TWSE OpenAPI t187ap03_L:公司簡稱,
3055,蔚華科技股份有限公司,TWSE,TWSE OpenAPI t187ap03_L:公司名稱,
3055,蔚華科,TWSE,TWSE OpenAPI t187ap03_L:公司簡稱,
3056,富華創新股份有限公司,TWSE,TWSE OpenAPI t187ap03_L:公司名稱,
3056,富華新,TWSE,TWSE OpenAPI t187ap03_L:公司簡稱,
3057,喬鼎資訊股份有限公司,TWSE,TWSE OpenAPI t187ap03_L:公司名稱,
3057,喬鼎,TWSE,TWSE OpenAPI t187ap03_L:公司簡稱,
3058,立德電子股份有限公司,TWSE,TWSE OpenAPI t187ap03_L:公司名稱,
3058,立德,TWSE,TWSE OpenAPI t187ap03_L:公司簡稱,
3059,華晶科技股份有限公司,TWSE,TWSE OpenAPI t187ap03_L:公司名稱,
3059,華晶科,TWSE,TWSE OpenAPI t187ap03_L:公司簡稱,
3060,銘異科技股份有限公司,TWSE,TWSE OpenAPI t187ap03_L:公司名稱,
3060,銘異,TWSE,TWSE OpenAPI t187ap03_L:公司簡稱,
3062,建漢科技股份有限公司,TWSE,TWSE OpenAPI t187ap03_L:公司名稱,
3062,建漢,TWSE,TWSE OpenAPI t187ap03_L:公司簡稱,
3090,日電貿股份有限公司,TWSE,TWSE OpenAPI t187ap03_L:公司名稱,
3090,日電貿,TWSE,TWSE OpenAPI t187ap03_L:公司簡稱,
3092,鴻碩精密電工股份有限公司,TWSE,TWSE OpenAPI t187ap03_L:公司名稱,
3092,鴻碩,TWSE,TWSE OpenAPI t187ap03_L:公司簡稱,
3094,聯傑國際股份有限公司,TWSE,TWSE OpenAPI t187ap03_L:公司名稱,
3094,聯傑,TWSE,TWSE OpenAPI t187ap03_L:公司簡稱,
3130,一零四資訊科技股份有限公司,TWSE,TWSE OpenAPI t187ap03_L:公司名稱,
3130,一零四,TWSE,TWSE OpenAPI t187ap03_L:公司簡稱,
3135,凌航科技股份有限公司,TWSE,TWSE OpenAPI t187ap03_L:公司名稱,
3135,凌航,TWSE,TWSE OpenAPI t187ap03_L:公司簡稱,
3138,耀登科技股份有限公司,TWSE,TWSE OpenAPI t187ap03_L:公司名稱,
3138,耀登,TWSE,TWSE OpenAPI t187ap03_L:公司簡稱,
3149,正達國際光電股份有限公司,TWSE,TWSE OpenAPI t187ap03_L:公司名稱,
3149,正達,TWSE,TWSE OpenAPI t187ap03_L:公司簡稱,
3150,鈺寶科技股份有限公司,TWSE,TWSE OpenAPI t187ap03_L:公司名稱,
3150,鈺寶-創,TWSE,TWSE OpenAPI t187ap03_L:公司簡稱,
3164,景岳生物科技股份有限公司,TWSE,TWSE OpenAPI t187ap03_L:公司名稱,
3164,景岳,TWSE,TWSE OpenAPI t187ap03_L:公司簡稱,
3167,大量科技股份有限公司,TWSE,TWSE OpenAPI t187ap03_L:公司名稱,
3167,大量,TWSE,TWSE OpenAPI t187ap03_L:公司簡稱,
3168,眾福科技股份有限公司,TWSE,TWSE OpenAPI t187ap03_L:公司名稱,
3168,眾福科,TWSE,TWSE OpenAPI t187ap03_L:公司簡稱,
3189,景碩科技股份有限公司,TWSE,TWSE OpenAPI t187ap03_L:公司名稱,
3189,景碩,TWSE,TWSE OpenAPI t187ap03_L:公司簡稱,
3209,全科科技股份有限公司,TWSE,TWSE OpenAPI t187ap03_L:公司名稱,
3209,全科,TWSE,TWSE OpenAPI t187ap03_L:公司簡稱,
3229,晟鈦股份有限公司,TWSE,TWSE OpenAPI t187ap03_L:公司名稱,
3229,晟鈦,TWSE,TWSE OpenAPI t187ap03_L:公司簡稱,
3231,緯創資通股份有限公司,TWSE,TWSE OpenAPI t187ap03_L:公司名稱,
3231,緯創,TWSE,TWSE OpenAPI t187ap03_L:公司簡稱,
3257,虹冠電子工業股份有限公司,TWSE,TWSE OpenAPI t187ap03_L:公司名稱,
3257,虹冠電,TWSE,TWSE OpenAPI t187ap03_L:公司簡稱,
3266,昇陽建設企業股份有限公司,TWSE,TWSE OpenAPI t187ap03_L:公司名稱,
3266,昇陽,TWSE,TWSE OpenAPI t187ap03_L:公司簡稱,
3296,勝德國際研發股份有限公司,TWSE,TWSE OpenAPI t187ap03_L:公司名稱,
3296,勝德,TWSE,TWSE OpenAPI t187ap03_L:公司簡稱,
3305,昇貿科技股份有限公司,TWSE,TWSE OpenAPI t187ap03_L:公司名稱,
3305,昇貿,TWSE,TWSE OpenAPI t187ap03_L:公司簡稱,
3308,聯德電子股份有限公司,TWSE,TWSE OpenAPI t187ap03_L:公司名稱,
3308,聯德,TWSE,TWSE OpenAPI t187ap03_L:公司簡稱,
3311,閎暉實業股份有限公司,TWSE,TWSE OpenAPI t187ap03_L:公司名稱,
3311,閎暉,TWSE,TWSE OpenAPI t187ap03_L:公司簡稱,
3312,弘憶國際股份有限公司,TWSE,TWSE OpenAPI t187ap03_L:公司名稱,
3312,弘憶股,TWSE,TWSE OpenAPI t187ap03_L:公司簡稱,
3321,同泰電子科技股份有限公司,TWSE,TWSE OpenAPI t187ap03_L:公司名稱,
3321,同泰,TWSE,TWSE OpenAPI t187ap03_L:公司簡稱,
3338,泰碩電子股份有限公司,TWSE,TWSE OpenAPI t187ap03_L:公司名稱,
3338,泰碩,TWSE,TWSE OpenAPI t187ap03_L:公司簡稱,
3346,麗清科技股份有限公司,TWSE,TWSE OpenAPI t187ap03_L:公司名稱,
3346,麗清,TWSE,TWSE OpenAPI t187ap03_L:公司簡稱,
3356,奇偶科技股份有限公司,TWSE,TWSE OpenAPI t187ap03_L:公司名稱,
3356,奇偶,TWSE,TWSE OpenAPI t187ap03_L:公司簡稱,
3376,新日興股份有限公司,TWSE,TWSE OpenAPI t187ap03_L:公司名稱,
3376,新日興,TWSE,TWSE OpenAPI t187ap03_L:公司簡稱,
3380,明泰科技股份有限公司,TWSE,TWSE OpenAPI t187ap03_L:公司名稱,
3380,明泰,TWSE,TWSE OpenAPI t187ap03_L:公司簡稱,
3406,玉晶光電股份有限公司,TWSE,TWSE OpenAPI t187ap03_L:公司名稱,
3406,玉晶光,TWSE,TWSE OpenAPI t187ap03_L:公司簡稱,
3413,京鼎精密科技股份有限公司,TWSE,TWSE OpenAPI t187ap03_L:公司名稱,
3413,京鼎,TWSE,TWSE OpenAPI t187ap03_L:公司簡稱,
3416,融程電訊股份有限公司,TWSE,TWSE OpenAPI t187ap03_L:公司名稱,
3416,融程電,TWSE,TWSE OpenAPI t187ap03_L:公司簡稱,
3419,譁裕實業股份有限公司,TWSE,TWSE OpenAPI t187ap03_L:公司名稱,
3419,譁裕,TWSE,TWSE OpenAPI t187ap03_L:公司簡稱,
3432,台端興業股份有限公司,TWSE,TWSE OpenAPI t187ap03_L:公司名稱,
3432,台端,TWSE,TWSE OpenAPI t187ap03_L:公司簡稱,
3437,榮創能源科技股份有限公司,TWSE,TWSE OpenAPI t187ap03_L:公司名稱,
3437,榮創,TWSE,TWSE OpenAPI t187ap03_L:公司簡稱,
3443,創意電子股份有限公司,TWSE,TWSE OpenAPI t187ap03_L:公司名稱,
3443,創意,TWSE,TWSE OpenAPI t187ap03_L:公司簡稱,
3447,展達通訊股份有限公司,TWSE,TWSE OpenAPI t187ap03_L:公司名稱,
3447,展達,TWSE,TWSE OpenAPI t187ap03_L:公司簡稱,
3450,聯鈞光電股份有限公司,TWSE,TWSE OpenAPI t187ap03_L:公司名稱,
3450,聯鈞,TWSE,TWSE OpenAPI t187ap03_L:公司簡稱,
3481,群創光電股份有限公司,TWSE,TWSE OpenAPI t187ap03_L:公司名稱,
3481,群創,TWSE,TWSE OpenAPI t187ap03_L:公司簡稱,
3494,誠研科技股份有限公司,TWSE,TWSE OpenAPI t187ap03_L:公司名稱,
3494,誠研,TWSE,TWSE OpenAPI t187ap03_L:公司簡稱,
3501,維熹科技股份有限公司,TWSE,TWSE OpenAPI t187ap03_L:公司名稱,
3501,維熹,TWSE,TWSE OpenAPI t187ap03_L:公司簡稱,
3504,揚明光學股份有限公司,TWSE,TWSE OpenAPI t187ap03_L:公司名稱,
3504,揚明光,TWSE,TWSE OpenAPI t187ap03_L:公司簡稱,
3515,華擎科技股份有限公司,TWSE,TWSE OpenAPI t187ap03_L:公司名稱,
3515,華擎,TWSE,TWSE OpenAPI t187ap03_L:公司簡稱,
3518,柏騰科技股份有限公司,TWSE,TWSE OpenAPI t187ap03_L:公司名稱,
3518,柏騰,TWSE,TWSE OpenAPI t187ap03_L:公司簡稱,
3528,安馳科技股份有限公司,TWSE,TWSE OpenAPI t187ap03_L:公司名稱,
3528,安馳,TWSE,TWSE OpenAPI t187ap03_L:公司簡稱,
3530,晶相光電股份有限公司,TWSE,TWSE OpenAPI t187ap03_L:公司名稱,
3530,晶相光,TWSE,TWSE OpenAPI t187ap03_L:公司簡稱,
3532,台塑勝高科技股份有限公司,TWSE,TWSE OpenAPI t187ap03_L:公司名稱,
3532,台勝科,TWSE,TWSE OpenAPI t187ap03_L:公司簡稱,
3533,嘉澤端子工業股份有限公司,TWSE,TWSE OpenAPI t187ap03_L:公司名稱,
3533,嘉澤,TWSE,TWSE OpenAPI t187ap03_L:公司簡稱,
3535,晶彩科技股份有限公司,TWSE,TWSE OpenAPI t187ap03_L:公司名稱,
3535,晶彩科,TWSE,TWSE OpenAPI t187ap03_L:公司簡稱,
3543,州巧科技股份有限公司,TWSE,TWSE OpenAPI t187ap03_L:公司名稱,
3543,州巧,TWSE,TWSE OpenAPI t187ap03_L:公司簡稱,
3545,敦泰電子股份有限公司,TWSE,TWSE OpenAPI t187ap03_L:公司名稱,
3545,敦泰,TWSE,TWSE OpenAPI t187ap03_L:公司簡稱,
3550,聯穎科技股份有限公司,TWSE,TWSE OpenAPI t187ap03_L:公司名稱,
3550,聯穎,TWSE,TWSE OpenAPI t187ap03_L:公司簡稱,
3557,嘉威生活股份有限公司,TWSE,TWSE OpenAPI t187ap03_L:公司名稱,
3557,嘉威,TWSE,TWSE OpenAPI t187ap03_L:公司簡稱,
3563,牧德科技股份有限公司,TWSE,TWSE OpenAPI t187ap03_L:公司名稱,
3563,牧德,TWSE,TWSE OpenAPI t187ap03_L:公司簡稱,
3576,聯合再生能源股份有限公司,TWSE,TWSE OpenAPI t187ap03_L:公司名稱,
3576,聯合再生,TWSE,TWSE OpenAPI t187ap03_L:公司簡稱,
3583,辛耘企業股份有限公司,TWSE,TWSE OpenAPI t187ap03_L:公司名稱,
3583,辛耘,TWSE,TWSE OpenAPI t187ap03_L:公司簡稱,
3588,通嘉科技股份有限公司,TWSE,TWSE OpenAPI t187ap03_L:公司名稱,
3588,通嘉,TWSE,TWSE OpenAPI t187ap03_L:公司簡稱,
3591,艾笛森光電股份有限公司,TWSE,TWSE OpenAPI t187ap03_L:公司名稱,
3591,艾笛森,TWSE,TWSE OpenAPI t187ap03_L:公司簡稱,
3592,瑞鼎科技股份有限公司,TWSE,TWSE OpenAPI t187ap03_L:公司名稱,
3592,瑞鼎,TWSE,TWSE OpenAPI t187ap03_L:公司簡稱,
3593,力銘科技股份有限公司,TWSE,TWSE OpenAPI t187ap03_L:公司名稱,
3593,力銘,TWSE,TWSE OpenAPI t187ap03_L:公司簡稱,
3596,智易科技股份有限公司,TWSE,TWSE OpenAPI t187ap03_L:公司名稱,
3596,智易,TWSE,TWSE OpenAPI t187ap03_L:公司簡稱,
3605,宏致電子股份有限公司,TWSE,TWSE OpenAPI t187ap03_L:公司名稱,
3605,宏致,TWSE,TWSE OpenAPI t187ap03_L:公司簡稱,
3607,谷崧精密工業股份有限公司,TWSE,TWSE OpenAPI t187ap03_L:公司名稱,
3607,谷崧,TWSE,TWSE OpenAPI t187ap03_L:公司簡稱,
3617,碩天科技股份有限公司,TWSE,TWSE OpenAPI t187ap03_L:公司名稱,
3617,碩天,TWSE,TWSE OpenAPI t187ap03_L:公司簡稱,
3622,洋華光電股份有限公司,TWSE,TWSE OpenAPI t187ap03_L:公司名稱,
3622,洋華,TWSE,TWSE OpenAPI t187ap03_L:公司簡稱,
3645,達邁科技股份有限公司,TWSE,TWSE OpenAPI t187ap03_L:公司名稱,
3645,達邁,TWSE,TWSE OpenAPI t187ap03_L:公司簡稱,
3652,精聯電子股份有限公司,TWSE,TWSE OpenAPI t187ap03_L:公司名稱,
3652,精聯,TWSE,TWSE OpenAPI t187ap03_L:公司簡稱,
3653,健策精密工業股份有限公司,TWSE,TWSE OpenAPI t187ap03_L:公司名稱,
3653,健策,TWSE,TWSE OpenAPI t187ap03_L:公司簡稱,
3661,世芯電子股份有限公司,TWSE,TWSE OpenAPI t187ap03_L:公司名稱,
3661,世芯-KY,TWSE,TWSE OpenAPI t187ap03_L:公司簡稱,KY
3665,貿聯控股(BizLink Holding Inc.),TWSE,TWSE OpenAPI t187ap03_L:公司名稱,
3665,貿聯-KY,TWSE,TWSE OpenAPI t187ap03_L:公司簡稱,KY
3669,圓展科技股份有限公司,TWSE,TWSE OpenAPI t187ap03_L:公司名稱,
3669,圓展,TWSE,TWSE OpenAPI t187ap03_L:公司簡稱,
3673,"TPK Holding Co., Ltd.",TWSE,TWSE OpenAPI t187ap03_L:公司名稱,TPK
3673,TPK-KY,TWSE,TWSE OpenAPI t187ap03_L:公司簡稱,TPK KY
3679,新至陞科技股份有限公司,TWSE,TWSE OpenAPI t187ap03_L:公司名稱,
3679,新至陞,TWSE,TWSE OpenAPI t187ap03_L:公司簡稱,
3686,達能科技股份有限公司,TWSE,TWSE OpenAPI t187ap03_L:公司名稱,
3686,達能,TWSE,TWSE OpenAPI t187ap03_L:公司簡稱,
3694,海華科技股份有限公司,TWSE,TWSE OpenAPI t187ap03_L:公司名稱,
3694,海華,TWSE,TWSE OpenAPI t187ap03_L:公司簡稱,
3701,大眾全球投資控股股份有限公司,TWSE,TWSE OpenAPI t187ap03_L:公司名稱,
3701,大眾控,TWSE,TWSE OpenAPI t187ap03_L:公司簡稱,
3702,大聯大控股股份有限公司,TWSE,TWSE OpenAPI t187ap03_L:公司名稱,
3702,大聯大,TWSE,TWSE OpenAPI t187ap03_L:公司簡稱,
3703,欣陸投資控股股份有限公司,TWSE,TWSE OpenAPI t187ap03_L:公司名稱,
3703,欣陸,TWSE,TWSE OpenAPI t187ap03_L:公司簡稱,
3704,合勤投資控股股份有限公司,TWSE,TWSE OpenAPI t187ap03_L:公司名稱,
3704,合勤控,TWSE,TWSE OpenAPI t187ap03_L:公司簡稱,
3705,永信國際投資控股股份有限公司,TWSE,TWSE OpenAPI t187ap03_L:公司名稱,
3705,永信,TWSE,TWSE OpenAPI t187ap03_L:公司簡稱,
3706,神達控股股份有限公司,TWSE,TWSE OpenAPI t187ap03_L:公司名稱,
3706,神達,TWSE,TWSE OpenAPI t187ap03_L:公司簡稱,
3708,上緯國際投資控股股份有限公司,TWSE,TWSE OpenAPI t187ap03_L:公司名稱,
3708,上緯投控,TWSE,TWSE OpenAPI t187ap03_L:公司簡稱,
3711,日月光投資控股股份有限公司,TWSE,TWSE OpenAPI t187ap03_L:公司名稱,
3711,日月光投控,TWSE,TWSE OpenAPI t187ap03_L:公司簡稱,
3712,永崴投資控股股份有限公司,TWSE,TWSE OpenAPI t187ap03_L:公司名稱,
3712,永崴投控,TWSE,TWSE OpenAPI t187ap03_L:公司簡稱,
3714,富采控股股份有限公司,TWSE,TWSE OpenAPI t187ap03_L:公司名稱,
3714,富采,TWSE,TWSE OpenAPI t187ap03_L:公司簡稱,
3715,定穎投資控股股份有限公司,TWSE,TWSE OpenAPI t187ap03_L:公司名稱,
3715,定穎投控,TWSE,TWSE OpenAPI t187ap03_L:公司簡稱,
3716,中化控股股份有限公司,TWSE,TWSE OpenAPI t187ap03_L:公司名稱,
3716,中化控股,TWSE,TWSE OpenAPI t187ap03_L:公司簡稱,
3717,聯嘉光電投資控股股份有限公司,TWSE,TWSE OpenAPI t187ap03_L:公司名稱,
3717,聯嘉投控,TWSE,TWSE OpenAPI t187ap03_L:公司簡稱,
4104,佳醫健康事業股份有限公司,TWSE,TWSE OpenAPI t187ap03_L:公司名稱,
4104,佳醫,TWSE,TWSE OpenAPI t187ap03_L:公司簡稱,
4106,雃博股份有限公司,TWSE,TWSE OpenAPI t187ap03_L:公司名稱,
4106,雃博,TWSE,TWSE OpenAPI t187ap03_L:公司簡稱,
4108,懷特生技新藥股份有限公司,TWSE,TWSE OpenAPI t187ap03_L:公司名稱,
4108,懷特,TWSE,TWSE OpenAPI t187ap03_L:公司簡稱,
4119,旭富製藥科技股份有限公司,TWSE,TWSE OpenAPI t187ap03_L:公司名稱,
4119,旭富,TWSE,TWSE OpenAPI t187ap03_L:公司簡稱,
4133,亞諾法生技股份有限公司,TWSE,TWSE OpenAPI t187ap03_L:公司名稱,
4133,亞諾法,TWSE,TWSE OpenAPI t187ap03_L:公司簡稱,
4137,麗豐股份有限公司,TWSE,TWSE OpenAPI t187ap03_L:公司名稱,
4137,麗豐-KY,TWSE,TWSE OpenAPI t187ap03_L:公司簡稱,KY
4142,國光生物科技股份有限公司,TWSE,TWSE OpenAPI t187ap03_L:公司名稱,
4142,國光生,TWSE,TWSE OpenAPI t187ap03_L:公司簡稱,
4148,全宇生技控股有限公司,TWSE,TWSE OpenAPI t187ap03_L:公司名稱,
4148,全宇生技-KY,TWSE,TWSE OpenAPI t187ap03_L:公司簡稱,KY
4155,訊映光電股份有限公司,TWSE,TWSE OpenAPI t187ap03_L:公司名稱,
4155,訊映,TWSE,TWSE OpenAPI t187ap03_L:公司簡稱,
4164,承業生醫投資控股股份有限公司,TWSE,TWSE OpenAPI t187ap03_L:公司名稱,
4164,承業醫,TWSE,TWSE OpenAPI t187ap03_L:公司簡稱,
4169,泰宗生物科技股份有限公司,TWSE,TWSE OpenAPI t187ap03_L:公司名稱,
4169,泰宗,TWSE,TWSE OpenAPI t187ap03_L:公司簡稱,
4178,永笙生技股份有限公司,TWSE,TWSE OpenAPI t187ap03_L:公司名稱,
4178,永笙-KY,TWSE,TWSE OpenAPI t187ap03_L:公司簡稱,KY
4190,佐登妮絲集團股份有限公司,TWSE,TWSE OpenAPI t187ap03_L:公司名稱,
4190,佐登-KY,TWSE,TWSE OpenAPI t187ap03_L:公司簡稱,KY
4195,基龍米克斯生物科技股份有限公司,TWSE,TWSE OpenAPI t187ap03_L:公司名稱,
4195,基米-創,TWSE,TWSE OpenAPI t187ap03_L:公司簡稱,
4306,炎洲股份有限公司,TWSE,TWSE OpenAPI t187ap03_L:公司名稱,
4306,炎洲,TWSE,TWSE OpenAPI t187ap03_L:公司簡稱,
4414,如興股份有限公司,TWSE,TWSE OpenAPI t187ap03_L:公司名稱,
4414,如興,TWSE,TWSE OpenAPI t187ap03_L:公司簡稱,
4426,利勤實業股份有限公司,TWSE,TWSE OpenAPI t187ap03_L:公司名稱,
4426,利勤,TWSE,TWSE OpenAPI t187ap03_L:公司簡稱,
4438,廣越企業股份有限公司,TWSE,TWSE OpenAPI t187ap03_L:公司名稱,
4438,廣越,TWSE,TWSE OpenAPI t187ap03_L:公司簡稱,
4439,冠星集團控股有限公司,TWSE,TWSE OpenAPI t187ap03_L:公司名稱,
4439,冠星-KY,TWSE,TWSE OpenAPI t187ap03_L:公司簡稱,KY
4440,宜新實業股份有限公司,TWSE,TWSE OpenAPI t187ap03_L:公司名稱,
4440,宜新實業,TWSE,TWSE OpenAPI t187ap03_L:公司簡稱,
4441,振大環球股份有限公司,TWSE,TWSE OpenAPI t187ap03_L:公司名稱,
4441,振大環球,TWSE,TWSE OpenAPI t187ap03_L:公司簡稱,
4526,東台精機股份有限公司,TWSE,TWSE OpenAPI t187ap03_L:公司名稱,
4526,東台,TWSE,TWSE OpenAPI t187ap03_L:公司簡稱,
4532,瑞智精密股份有限公司,TWSE,TWSE OpenAPI t187ap03_L:公司名稱,
4532,瑞智,TWSE,TWSE OpenAPI t187ap03_L:公司簡稱,
4536,拓凱實業股份有限公司,TWSE,TWSE OpenAPI t187ap03_L:公司名稱,
4536,拓凱,TWSE,TWSE OpenAPI t187ap03_L:公司簡稱,
4540,全球傳動科技股份有限公司,TWSE,TWSE OpenAPI t187ap03_L:公司名稱,
4540,全球傳動,TWSE,TWSE OpenAPI t187ap03_L:公司簡稱,
4545,銘鈺精密工業股份有限公司,TWSE,TWSE OpenAPI t187ap03_L:公司名稱,
4545,銘鈺,TWSE,TWSE OpenAPI t187ap03_L:公司簡稱,
4551,智伸科技股份有限公司,TWSE,TWSE OpenAPI t187ap03_L:公司名稱,
4551,智伸科,TWSE,TWSE OpenAPI t187ap03_L:公司簡稱,
4552,力達控股有限公司,TWSE,TWSE OpenAPI t187ap03_L:公司名稱,
4552,力達-KY,TWSE,TWSE OpenAPI t187ap03_L:公司簡稱,KY
4555,台灣氣立股份有限公司,TWSE,TWSE OpenAPI t187ap03_L:公司名稱,
4555,氣立,TWSE,TWSE OpenAPI t187ap03_L:公司簡稱,
4557,永新控股股份有限公司,TWSE,TWSE OpenAPI t187ap03_L:公司名稱,
4557,永新-KY,TWSE,TWSE OpenAPI t187ap03_L:公司簡稱,KY
4560,強信機械科技股份有限公司,TWSE,TWSE OpenAPI t187ap03_L:公司名稱,
4560,強信-KY,TWSE,TWSE OpenAPI t187ap03_L:公司簡稱,KY
4562,穎漢科技股份有限公司,TWSE,TWSE OpenAPI t187ap03_L:公司名稱,
4562,穎漢,TWSE,TWSE OpenAPI t187ap03_L:公司簡稱,
4564,元翎精密工業股份有限公司,TWSE,TWSE OpenAPI t187ap03_L:公司名稱,
4564,元翎,TWSE,TWSE OpenAPI t187ap03_L:公司簡稱,
4566,時碩工業股份有限公司,TWSE,TWSE OpenAPI t187ap03_L:公司名稱,
4566,時碩工業,TWSE,TWSE OpenAPI t187ap03_L:公司簡稱,
4569,六方科技股份有限公司,TWSE,TWSE OpenAPI t187ap03_L:公司名稱,
4569,六方科-KY,TWSE,TWSE OpenAPI t187ap03_L:公司簡稱,KY
4571,鈞興機電國際股份有限公司,TWSE,TWSE OpenAPI t187ap03_L:公司名稱,
4571,鈞興-KY,TWSE,TWSE OpenAPI t187ap03_L:公司簡稱,KY
4572,駐龍精密機械股份有限公司,TWSE,TWSE OpenAPI t187ap03_L:公司名稱,
4572,駐龍,TWSE,TWSE OpenAPI t187ap03_L:公司簡稱,
4576,大銀微系統股份有限公司,TWSE,TWSE OpenAPI t187ap03_L:公司名稱,
4576,大銀微系統,TWSE,TWSE OpenAPI t187ap03_L:公司簡稱,
4581,World Known MFG(Cayman)Limited,TWSE,TWSE OpenAPI t187ap03_L:公司名稱,WORLD KNOWN MFG
4581,光隆精密-KY,TWSE,TWSE OpenAPI t187ap03_L:公司簡稱,KY
4583,台灣精銳科技股份有限公司,TWSE,TWSE OpenAPI t187ap03_L:公司名稱,
4583,台灣精銳,TWSE,TWSE OpenAPI t187ap03_L:公司簡稱,
4585,達明機器人股份有限公司,TWSE,TWSE OpenAPI t187ap03_L:公司名稱,
4585,達明,TWSE,TWSE OpenAPI t187ap03_L:公司簡稱,
4588,玖鼎電力資訊股份有限公司,TWSE,TWSE OpenAPI t187ap03_L:公司名稱,
4588,玖鼎電力,TWSE,TWSE OpenAPI t187ap03_L:公司簡稱,
4590,富田電機股份有限公司,TWSE,TWSE OpenAPI t187ap03_L:公司名稱,
4590,富田-創,TWSE,TWSE OpenAPI t187ap03_L:公司簡稱,
4720,德淵企業股份有限公司,TWSE,TWSE OpenAPI t187ap03_L:公司名稱,
4720,德淵,TWSE,TWSE OpenAPI t187ap03_L:公司簡稱,
4722,國精化學股份有限公司,TWSE,TWSE OpenAPI t187ap03_L:公司名稱,
4722,國精化,TWSE,TWSE OpenAPI t187ap03_L:公司簡稱,
4736,泰博科技股份有限公司,TWSE,TWSE OpenAPI t187ap03_L:公司名稱,
4736,泰博,TWSE,TWSE OpenAPI t187ap03_L:公司簡稱,
4737,華廣生技股份有限公司,TWSE,TWSE OpenAPI t187ap03_L:公司名稱,
4737,華廣,TWSE,TWSE OpenAPI t187ap03_L:公司簡稱,
4739,康普材料科技股份有限公司,TWSE,TWSE OpenAPI t187ap03_L:公司名稱,
4739,康普,TWSE,TWSE OpenAPI t187ap03_L:公司簡稱,
4746,台耀化學股份有限公司,TWSE,TWSE OpenAPI t187ap03_L:公司名稱,
4746,台耀,TWSE,TWSE OpenAPI t187ap03_L:公司簡稱,
4755,三福化工股份有限公司,TWSE,TWSE OpenAPI t187ap03_L:公司名稱,
4755,三福化,TWSE,TWSE OpenAPI t187ap03_L:公司簡稱,
4763,濟南大自然新材料股份有限公司,TWSE,TWSE OpenAPI t187ap03_L:公司名稱,
4763,材料*-KY,TWSE,TWSE OpenAPI t187ap03_L:公司簡稱,KY
4764,雙鍵化工股份有限公司,TWSE,TWSE OpenAPI t187ap03_L:公司名稱,
4764,雙鍵,TWSE,TWSE OpenAPI t187ap03_L:公司簡稱,
4766,南寶樹脂化學工廠股份有限公司,TWSE,TWSE OpenAPI t187ap03_L:公司名稱,
4766,南寶,TWSE,TWSE OpenAPI t187ap03_L:公司簡稱,
4770,上品綜合工業股份有限公司,TWSE,TWSE OpenAPI t187ap03_L:公司名稱,
4770,上品,TWSE,TWSE OpenAPI t187ap03_L:公司簡稱,
4771,望隼科技股份有限公司,TWSE,TWSE OpenAPI t187ap03_L:公司名稱,
4771,望隼,TWSE,TWSE OpenAPI t187ap03_L:公司簡稱,
4807,日成控股股份有限公司,TWSE,TWSE OpenAPI t187ap03_L:公司名稱,
4807,日成-KY,TWSE,TWSE OpenAPI t187ap03_L:公司簡稱,KY
4904,遠傳電信股份有限公司,TWSE,TWSE OpenAPI t187ap03_L:公司名稱,
4904,遠傳,TWSE,TWSE OpenAPI t187ap03_L:公司簡稱,
4906,正文科技股份有限公司,TWSE,TWSE OpenAPI t187ap03_L:公司名稱,
4906,正文,TWSE,TWSE OpenAPI t187ap03_L:公司簡稱,
4912,聯德控股股份有限公司,TWSE,TWSE OpenAPI t187ap03_L:公司名稱,
4912,聯德控股-KY,TWSE,TWSE OpenAPI t187ap03_L:公司簡稱,KY
4915,致伸科技股份有限公司,TWSE,TWSE OpenAPI t187ap03_L:公司名稱,
4915,致伸,TWSE,TWSE OpenAPI t187ap03_L:公司簡稱,
4916,事欣科技股份有限公司,TWSE,TWSE OpenAPI t187ap03_L:公司名稱,
4916,事欣科,TWSE,TWSE OpenAPI t187ap03_L:公司簡稱,
4919,新唐科技股份有限公司,TWSE,TWSE OpenAPI t187ap03_L:公司名稱,
4919,新唐,TWSE,TWSE OpenAPI t187ap03_L:公司簡稱,
4927,泰鼎國際股份有限公司,TWSE,TWSE OpenAPI t187ap03_L:公司名稱,
4927,泰鼎-KY,TWSE,TWSE OpenAPI t187ap03_L:公司簡稱,KY
4930,燦星網通股份有限公司,TWSE,TWSE OpenAPI t187ap03_L:公司名稱,
4930,燦星網,TWSE,TWSE OpenAPI t187ap03_L:公司簡稱,
4934,太極能源科技股份有限公司,TWSE,TWSE OpenAPI t187ap03_L:公司名稱,
4934,太極,TWSE,TWSE OpenAPI t187ap03_L:公司簡稱,
4935,茂林光電科技(開曼)股份有限公司,TWSE,TWSE OpenAPI t187ap03_L:公司名稱,
4935,茂林-KY,TWSE,TWSE OpenAPI t187ap03_L:公司簡稱,KY
4938,和碩聯合科技股份有限公司,TWSE,TWSE OpenAPI t187ap03_L:公司名稱,
4938,和碩,TWSE,TWSE OpenAPI t187ap03_L:公司簡稱,
4942,嘉彰股份有限公司,TWSE,TWSE OpenAPI t187ap03_L:公司名稱,
4942,嘉彰,TWSE,TWSE OpenAPI t187ap03_L:公司簡稱,
4943,開曼康而富控股股份有限公司,TWSE,TWSE OpenAPI t187ap03_L:公司名稱,
4943,康控-KY,TWSE,TWSE OpenAPI t187ap03_L:公司簡稱,KY
4949,有成精密股份有限公司,TWSE,TWSE OpenAPI t187ap03_L:公司名稱,
4949,有成精密,TWSE,TWSE OpenAPI t187ap03_L:公司簡稱,
4952,凌通科技股份有限公司,TWSE,TWSE OpenAPI t187ap03_L:公司名稱,
4952,凌通,TWSE,TWSE OpenAPI t187ap03_L:公司簡稱,
4956,光鋐科技股份有限公司,TWSE,TWSE OpenAPI t187ap03_L:公司名稱,
4956,光鋐,TWSE,TWSE OpenAPI t187ap03_L:公司簡稱,
4958,臻鼎科技控股股份有限公司,TWSE,TWSE OpenAPI t187ap03_L:公司名稱,
4958,臻鼎-KY,TWSE,TWSE OpenAPI t187ap03_L:公司簡稱,KY
4960,誠美材料科技股份有限公司,TWSE,TWSE OpenAPI t187ap03_L:公司名稱,
4960,誠美材,TWSE,TWSE OpenAPI t187ap03_L:公司簡稱,
4961,天鈺科技股份有限公司,TWSE,TWSE OpenAPI t187ap03_L:公司名稱,
4961,天鈺,TWSE,TWSE OpenAPI t187ap03_L:公司簡稱,
4967,十銓科技股份有限公司,TWSE,TWSE OpenAPI t187ap03_L:公司名稱,
4967,十銓,TWSE,TWSE OpenAPI t187ap03_L:公司簡稱,
4968,立積電子股份有限公司,TWSE,TWSE OpenAPI t187ap03_L:公司名稱,
4968,立積,TWSE,TWSE OpenAPI t187ap03_L:公司簡稱,
4976,佳凌科技股份有限公司,TWSE,TWSE OpenAPI t187ap03_L:公司名稱,
4976,佳凌,TWSE,TWSE OpenAPI t187ap03_L:公司簡稱,
4977,眾達科技股份有限公司,TWSE,TWSE OpenAPI t187ap03_L:公司名稱,
4977,眾達-KY,TWSE,TWSE OpenAPI t187ap03_L:公司簡稱,KY
4989,李長榮科技股份有限公司,TWSE,TWSE OpenAPI t187ap03_L:公司名稱,
4989,榮科,TWSE,TWSE OpenAPI t187ap03_L:公司簡稱,
4994,傳奇網路遊戲股份有限公司,TWSE,TWSE OpenAPI t187ap03_L:公司名稱,
4994,傳奇,TWSE,TWSE OpenAPI t187ap03_L:公司簡稱,
4999,鑫禾科技股份有限公司,TWSE,TWSE OpenAPI t187ap03_L:公司名稱,
4999,鑫禾,TWSE,TWSE OpenAPI t187ap03_L:公司簡稱,
5007,三星科技股份有限公司,TWSE,TWSE OpenAPI t187ap03_L:公司名稱,
5007,三星,TWSE,TWSE OpenAPI t187ap03_L:公司簡稱,
5203,訊連科技股份有限公司,TWSE,TWSE OpenAPI t187ap03_L:公司名稱,
5203,訊連,TWSE,TWSE OpenAPI t187ap03_L:公司簡稱,
5215,科嘉(開曼)股份有限公司,TWSE,TWSE OpenAPI t187ap03_L:公司名稱,
5215,科嘉-KY,TWSE,TWSE OpenAPI t187ap03_L:公司簡稱,KY
5222,全訊科技股份有限公司,TWSE,TWSE OpenAPI t187ap03_L:公司名稱,
5222,全訊,TWSE,TWSE OpenAPI t187ap03_L:公司簡稱,
5225,東科控股股份有限公司,TWSE,TWSE OpenAPI t187ap03_L:公司名稱,
5225,東科-KY,TWSE,TWSE OpenAPI t187ap03_L:公司簡稱,KY
5234,達興材料股份有限公司,TWSE,TWSE OpenAPI t187ap03_L:公司名稱,
5234,達興材料,TWSE,TWSE OpenAPI t187ap03_L:公司簡稱,
5243,乙盛精密工業股份有限公司,TWSE,TWSE OpenAPI t187ap03_L:公司名稱,
5243,乙盛-KY,TWSE,TWSE OpenAPI t187ap03_L:公司簡稱,KY
5244,弘凱光電股份有限公司,TWSE,TWSE OpenAPI t187ap03_L:公司名稱,
5244,弘凱,TWSE,TWSE OpenAPI t187ap03_L:公司簡稱,
5258,虹堡科技股份有限公司,TWSE,TWSE OpenAPI t187ap03_L:公司名稱,
5258,虹堡,TWSE,TWSE OpenAPI t187ap03_L:公司簡稱,
5269,祥碩科技股份有限公司,TWSE,TWSE OpenAPI t187ap03_L:公司名稱,
5269,祥碩,TWSE,TWSE OpenAPI t187ap03_L:公司簡稱,
5283,禾聯碩股份有限公司,TWSE,TWSE OpenAPI t187ap03_L:公司名稱,
5283,禾聯碩,TWSE,TWSE OpenAPI t187ap03_L:公司簡稱,
5284,經寶精密控股股份有限公司,TWSE,TWSE OpenAPI t187ap03_L:公司名稱,
5284,jpp-KY,TWSE,TWSE OpenAPI t187ap03_L:公司簡稱,JPP KY
5285,界霖科技股份有限公司,TWSE,TWSE OpenAPI t187ap03_L:公司名稱,
5285,界霖,TWSE,TWSE OpenAPI t187ap03_L:公司簡稱,
5288,開曼商豐祥控股股份有限公司,TWSE,TWSE OpenAPI t187ap03_L:公司名稱,
5288,豐祥-KY,TWSE,TWSE OpenAPI t187ap03_L:公司簡稱,KY
5292,華懋科技股份有限公司,TWSE,TWSE OpenAPI t187ap03_L:公司名稱,
5292,華懋,TWSE,TWSE OpenAPI t187ap03_L:公司簡稱,
5306,桂盟國際股份有限公司,TWSE,TWSE OpenAPI t187ap03_L:公司名稱,
5306,桂盟,TWSE,TWSE OpenAPI t187ap03_L:公司簡稱,
5388,中磊電子股份有限公司,TWSE,TWSE OpenAPI t187ap03_L:公司名稱,
5388,中磊,TWSE,TWSE OpenAPI t187ap03_L:公司簡稱,
5434,崇越科技股份有限公司,TWSE,TWSE OpenAPI t187ap03_L:公司名稱,
5434,崇越,TWSE,TWSE OpenAPI t187ap03_L:公司簡稱,
5469,瀚宇博德股份有限公司,TWSE,TWSE OpenAPI t187ap03_L:公司名稱,
5469,瀚宇博,TWSE,TWSE OpenAPI t187ap03_L:公司簡稱,
5471,松翰科技股份有限公司,TWSE,TWSE OpenAPI t187ap03_L:公司名稱,
5471,松翰,TWSE,TWSE OpenAPI t187ap03_L:公司簡稱,
5484,慧友電子股份有限公司,TWSE,TWSE OpenAPI t187ap03_L:公司名稱,
5484,慧友,TWSE,TWSE OpenAPI t187ap03_L:公司簡稱,
5515,建國工程股份有限公司,TWSE,TWSE OpenAPI t187ap03_L:公司名稱,
5515,建國,TWSE,TWSE OpenAPI t187ap03_L:公司簡稱,
5519,隆大營建事業股份有限公司,TWSE,TWSE OpenAPI t187ap03_L:公司名稱,
5519,隆大,TWSE,TWSE OpenAPI t187ap03_L:公司簡稱,
5521,工信工程股份有限公司,TWSE,TWSE OpenAPI t187ap03_L:公司名稱,
5521,工信,TWSE,TWSE OpenAPI t187ap03_L:公司簡稱,
5522,遠雄建設事業股份有限公司,TWSE,TWSE OpenAPI t187ap03_L:公司名稱,
5522,遠雄,TWSE,TWSE OpenAPI t187ap03_L:公司簡稱,
5525,順天建設股份有限公司,TWSE,TWSE OpenAPI t187ap03_L:公司名稱,
5525,順天,TWSE,TWSE OpenAPI t187ap03_L:公司簡稱,
5531,鄉林建設事業股份有限公司,TWSE,TWSE OpenAPI t187ap03_L:公司名稱,
5531,鄉林,TWSE,TWSE OpenAPI t187ap03_L:公司簡稱,
5533,皇鼎建設開發股份有限公司,TWSE,TWSE OpenAPI t187ap03_L:公司名稱,
5533,皇鼎,TWSE,TWSE OpenAPI t187ap03_L:公司簡稱,
5534,長虹建設股份有限公司,TWSE,TWSE OpenAPI t187ap03_L:公司名稱,
5534,長虹,TWSE,TWSE OpenAPI t187ap03_L:公司簡稱,
5538,開曼東明控股股份有限公司,TWSE,TWSE OpenAPI t187ap03_L:公司名稱,
5538,東明-KY,TWSE,TWSE OpenAPI t187ap03_L:公司簡稱,KY
5546,永固集團股份有限公司,TWSE,TWSE OpenAPI t187ap03_L:公司名稱,
5546,永固-KY,TWSE,TWSE OpenAPI t187ap03_L:公司簡稱,KY
5607,遠雄自貿港投資控股股份有限公司,TWSE,TWSE OpenAPI t187ap03_L:公司名稱,
5607,遠雄港,TWSE,TWSE OpenAPI t187ap03_L:公司簡稱,
5608,四維航業股份有限公司,TWSE,TWSE OpenAPI t187ap03_L:公司名稱,
5608,四維航,TWSE,TWSE OpenAPI t187ap03_L:公司簡稱,
5706,鳳凰國際旅行社股份有限公司,TWSE,TWSE OpenAPI t187ap03_L:公司名稱,
5706,鳳凰,TWSE,TWSE OpenAPI t187ap03_L:公司簡稱,
5871,中租控股股份有限公司,TWSE,TWSE OpenAPI t187ap03_L:公司名稱,
5871,中租-KY,TWSE,TWSE OpenAPI t187ap03_L:公司簡稱,KY
5876,上海商業儲蓄銀行股份有限公司,TWSE,TWSE OpenAPI t187ap03_L:公司名稱,
5876,上海商銀,TWSE,TWSE OpenAPI t187ap03_L:公司簡稱,
5880,合作金庫金融控股股份有限公司,TWSE,TWSE OpenAPI t187ap03_L:公司名稱,
5880,合庫金,TWSE,TWSE OpenAPI t187ap03_L:公司簡稱,
5906,台南生活(開曼)股份有限公司,TWSE,TWSE OpenAPI t187ap03_L:公司名稱,
5906,台南-KY,TWSE,TWSE OpenAPI t187ap03_L:公司簡稱,KY
5907,Grand Ocean RetailGroupLimited,TWSE,TWSE OpenAPI t187ap03_L:公司名稱,GRAND OCEAN RETAILGROUPLIMITED
5907,大洋-KY,TWSE,TWSE OpenAPI t187ap03_L:公司簡稱,KY
6005,群益金鼎證券股份有限公司,TWSE,TWSE OpenAPI t187ap03_L:公司名稱,
6005,群益證,TWSE,TWSE OpenAPI t187ap03_L:公司簡稱,
6024,群益期貨股份有限公司,TWSE,TWSE OpenAPI t187ap03_L:公司名稱,
6024,群益期,TWSE,TWSE OpenAPI t187ap03_L:公司簡稱,
6108,競國實業股份有限公司,TWSE,TWSE OpenAPI t187ap03_L:公司名稱,
6108,競國,TWSE,TWSE OpenAPI t187ap03_L:公司簡稱,
6112,邁達特數位股份有限公司,TWSE,TWSE OpenAPI t187ap03_L:公司名稱,
6112,邁達特,TWSE,TWSE OpenAPI t187ap03_L:公司簡稱,
6115,鎰勝工業股份有限公司,TWSE,TWSE OpenAPI t187ap03_L:公司名稱,
6115,鎰勝,TWSE,TWSE OpenAPI t187ap03_L:公司簡稱,
6116,瀚宇彩晶股份有限公司,TWSE,TWSE OpenAPI t187ap03_L:公司名稱,
6116,彩晶,TWSE,TWSE OpenAPI t187ap03_L:公司簡稱,
6117,迎廣科技股份有限公司,TWSE,TWSE OpenAPI t187ap03_L:公司名稱,
6117,迎廣,TWSE,TWSE OpenAPI t187ap03_L:公司簡稱,
6120,達運精密工業股份有限公司,TWSE,TWSE OpenAPI t187ap03_L:公司名稱,
6120,達運,TWSE,TWSE OpenAPI t187ap03_L:公司簡稱,
6128,上福全球科技股份有限公司,TWSE,TWSE OpenAPI t187ap03_L:公司名稱,
6128,上福,TWSE,TWSE OpenAPI t187ap03_L:公司簡稱,
6133,金橋科技股份有限公司,TWSE,TWSE OpenAPI t187ap03_L:公司名稱,
6133,金橋,TWSE,TWSE OpenAPI t187ap03_L:公司簡稱,
6136,富爾特科技股份有限公司,TWSE,TWSE OpenAPI t187ap03_L:公司名稱,
6136,富爾特,TWSE,TWSE OpenAPI t187ap03_L:公司簡稱,
6139,亞翔工程股份有限公司,TWSE,TWSE OpenAPI t187ap03_L:公司名稱,
6139,亞翔,TWSE,TWSE OpenAPI t187ap03_L:公司簡稱,
6141,柏承科技股份有限公司,TWSE,TWSE OpenAPI t187ap03_L:公司名稱,
6141,柏承,TWSE,TWSE OpenAPI t187ap03_L:公司簡稱,
6142,友勁科技股份有限公司,TWSE,TWSE OpenAPI t187ap03_L:公司名稱,
6142,友勁,TWSE,TWSE OpenAPI t187ap03_L:公司簡稱,
6152,百一電子股份有限公司,TWSE,TWSE OpenAPI t187ap03_L:公司名稱,
6152,百一,TWSE,TWSE OpenAPI t187ap03_L:公司簡稱,
6153,嘉聯益科技股份有限公司,TWSE,TWSE OpenAPI t187ap03_L:公司名稱,
6153,嘉聯益,TWSE,TWSE OpenAPI t187ap03_L:公司簡稱,
6155,鈞寶電子工業股份有限公司,TWSE,TWSE OpenAPI t187ap03_L:公司名稱,
6155,鈞寶,TWSE,TWSE OpenAPI t187ap03_L:公司簡稱,
6164,華興電子工業股份有限公司,TWSE,TWSE OpenAPI t187ap03_L:公司名稱,
6164,華興,TWSE,TWSE OpenAPI t187ap03_L:公司簡稱,
6165,浪凡網路科技股份有限公司,TWSE,TWSE OpenAPI t187ap03_L:公司名稱,
6165,浪凡,TWSE,TWSE OpenAPI t187ap03_L:公司簡稱,
6166,凌華科技股份有限公司,TWSE,TWSE OpenAPI t187ap03_L:公司名稱,
6166,凌華,TWSE,TWSE OpenAPI t187ap03_L:公司簡稱,
6168,宏齊科技股份有限公司,TWSE,TWSE OpenAPI t187ap03_L:公司名稱,
6168,宏齊,TWSE,TWSE OpenAPI t187ap03_L:公司簡稱,
6176,瑞儀光電股份有限公司,TWSE,TWSE OpenAPI t187ap03_L:公司名稱,
6176,瑞儀,TWSE,TWSE OpenAPI t187ap03_L:公司簡稱,
6177,達麗建設事業股份有限公司,TWSE,TWSE OpenAPI t187ap03_L:公司名稱,
6177,達麗,TWSE,TWSE OpenAPI t187ap03_L:公司簡稱,
6183,關貿網路股份有限公司,TWSE,TWSE OpenAPI t187ap03_L:公司名稱,
6183,關貿,TWSE,TWSE OpenAPI t187ap03_L:公司簡稱,
6184,大豐有線電視股份有限公司,TWSE,TWSE OpenAPI t187ap03_L:公司名稱,
6184,大豐電,TWSE,TWSE OpenAPI t187ap03_L:公司簡稱,
6189,豐藝電子股份有限公司,TWSE,TWSE OpenAPI t187ap03_L:公司名稱,
6189,豐藝,TWSE,TWSE OpenAPI t187ap03_L:公司簡稱,
6191,精成科技股份有限公司,TWSE,TWSE OpenAPI t187ap03_L:公司名稱,
6191,精成科,TWSE,TWSE OpenAPI t187ap03_L:公司簡稱,
6192,巨路國際股份有限公司,TWSE,TWSE OpenAPI t187ap03_L:公司名稱,
6192,巨路,TWSE,TWSE OpenAPI t187ap03_L:公司簡稱,
6196,帆宣系統科技股份有限公司,TWSE,TWSE OpenAPI t187ap03_L:公司名稱,
6196,帆宣,TWSE,TWSE OpenAPI t187ap03_L:公司簡稱,
6197,佳必琪國際股份有限公司,TWSE,TWSE OpenAPI t187ap03_L:公司名稱,
6197,佳必琪,TWSE,TWSE OpenAPI t187ap03_L:公司簡稱,
6201,亞弘電科技股份有限公司,TWSE,TWSE OpenAPI t187ap03_L:公司名稱,
6201,亞弘電,TWSE,TWSE OpenAPI t187ap03_L:公司簡稱,
6202,盛群半導體股份有限公司,TWSE,TWSE OpenAPI t187ap03_L:公司名稱,
6202,盛群,TWSE,TWSE OpenAPI t187ap03_L:公司簡稱,
6205,詮欣股份有限公司,TWSE,TWSE OpenAPI t187ap03_L:公司名稱,
6205,詮欣,TWSE,TWSE OpenAPI t187ap03_L:公司簡稱,
6206,飛捷科技股份有限公司,TWSE,TWSE OpenAPI t187ap03_L:公司名稱,
6206,飛捷,TWSE,TWSE OpenAPI t187ap03_L:公司簡稱,
6209,今國光學工業股份有限公司,TWSE,TWSE OpenAPI t187ap03_L:公司名稱,
6209,今國光,TWSE,TWSE OpenAPI t187ap03_L:公司簡稱,
6213,聯茂電子股份有限公司,TWSE,TWSE OpenAPI t187ap03_L:公司名稱,
6213,聯茂,TWSE,TWSE OpenAPI t187ap03_L:公司簡稱,
6214,精誠資訊股份有限公司,TWSE,TWSE OpenAPI t187ap03_L:公司名稱,
6214,精誠,TWSE,TWSE OpenAPI t187ap03_L:公司簡稱,
6215,和椿科技股份有限公司,TWSE,TWSE OpenAPI t187ap03_L:公司名稱,
6215,和椿,TWSE,TWSE OpenAPI t187ap03_L:公司簡稱,
6216,居易科技股份有限公司,TWSE,TWSE OpenAPI t187ap03_L:公司名稱,
6216,居易,TWSE,TWSE OpenAPI t187ap03_L:公司簡稱,
6224,聚鼎科技股份有限公司,TWSE,TWSE OpenAPI t187ap03_L:公司名稱,
6224,聚鼎,TWSE,TWSE OpenAPI t187ap03_L:公司簡稱,
6225,天瀚科技股份有限公司,TWSE,TWSE OpenAPI t187ap03_L:公司名稱,
6225,天瀚,TWSE,TWSE OpenAPI t187ap03_L:公司簡稱,
6226,光鼎電子股份有限公司,TWSE,TWSE OpenAPI t187ap03_L:公司名稱,
6226,光鼎,TWSE,TWSE OpenAPI t187ap03_L:公司簡稱,
6230,尼得科超眾科技股份有限公司,TWSE,TWSE OpenAPI t187ap03_L:公司名稱,
6230,尼得科超眾,TWSE,TWSE OpenAPI t187ap03_L:公司簡稱,
6235,華孚科技股份有限公司,TWSE,TWSE OpenAPI t187ap03_L:公司名稱,
6235,華孚,TWSE,TWSE OpenAPI t187ap03_L:公司簡稱,
6239,力成科技股份有限公司,TWSE,TWSE OpenAPI t187ap03_L:公司名稱,
6239,力成,TWSE,TWSE OpenAPI t187ap03_L:公司簡稱,
6243,迅杰科技股份有限公司,TWSE,TWSE OpenAPI t187ap03_L:公司名稱,
6243,迅杰,TWSE,TWSE OpenAPI t187ap03_L:公司簡稱,
6257,矽格股份有限公司,TWSE,TWSE OpenAPI t187ap03_L:公司名稱,
6257,矽格,TWSE,TWSE OpenAPI t187ap03_L:公司簡稱,
6269,台郡科技股份有限公司,TWSE,TWSE OpenAPI t187ap03_L:公司名稱,
6269,台郡,TWSE,TWSE OpenAPI t187ap03_L:公司簡稱,
6271,同欣電子工業股份有限公司,TWSE,TWSE OpenAPI t187ap03_L:公司名稱,
6271,同欣電,TWSE,TWSE OpenAPI t187ap03_L:公司簡稱,
6272,驊陞科技股份有限公司,TWSE,TWSE OpenAPI t187ap03_L:公司名稱,
6272,驊陞,TWSE,TWSE OpenAPI t187ap03_L:公司簡稱,
6277,宏正自動科技股份有限公司,TWSE,TWSE OpenAPI t187ap03_L:公司名稱,
6277,宏正,TWSE,TWSE OpenAPI t187ap03_L:公司簡稱,
6278,台灣表面黏著科技股份有限公司,TWSE,TWSE OpenAPI t187ap03_L:公司名稱,
6278,台表科,TWSE,TWSE OpenAPI t187ap03_L:公司簡稱,
6281,全國電子股份有限公司,TWSE,TWSE OpenAPI t187ap03_L:公司名稱,
6281,全國電,TWSE,TWSE OpenAPI t187ap03_L:公司簡稱,
6282,康舒科技股份有限公司,TWSE,TWSE OpenAPI t187ap03_L:公司名稱,
6282,康舒,TWSE,TWSE OpenAPI t187ap03_L:公司簡稱,
6283,淳安電子股份有限公司,TWSE,TWSE OpenAPI t187ap03_L:公司名稱,
6283,淳安,TWSE,TWSE OpenAPI t187ap03_L:公司簡稱,
6285,啟碁科技股份有限公司,TWSE,TWSE OpenAPI t187ap03_L:公司名稱,
6285,啟碁,TWSE,TWSE OpenAPI t187ap03_L:公司簡稱,
6405,悅城科技股份有限公司,TWSE,TWSE OpenAPI t187ap03_L:公司名稱,
6405,悅城,TWSE,TWSE OpenAPI t187ap03_L:公司簡稱,
6409,旭隼科技股份有限公司,TWSE,TWSE OpenAPI t187ap03_L:公司名稱,
6409,旭隼,TWSE,TWSE OpenAPI t187ap03_L:公司簡稱,
6412,群光電能科技股份有限公司,TWSE,TWSE OpenAPI t187ap03_L:公司名稱,
6412,群電,TWSE,TWSE OpenAPI t187ap03_L:公司簡稱,
6414,樺漢科技股份有限公司,TWSE,TWSE OpenAPI t187ap03_L:公司名稱,
6414,樺漢,TWSE,TWSE OpenAPI t187ap03_L:公司簡稱,
6415,矽力杰股份有限公司,TWSE,TWSE OpenAPI t187ap03_L:公司名稱,
6415,矽力*-KY,TWSE,TWSE OpenAPI t187ap03_L:公司簡稱,KY
6416,瑞祺電通股份有限公司,TWSE,TWSE OpenAPI t187ap03_L:公司名稱,
6416,瑞祺電通,TWSE,TWSE OpenAPI t187ap03_L:公司簡稱,
6426,統新光訊股份有限公司,TWSE,TWSE OpenAPI t187ap03_L:公司名稱,
6426,統新,TWSE,TWSE OpenAPI t187ap03_L:公司簡稱,
6431,光麗生技控股股份有限公司,TWSE,TWSE OpenAPI t187ap03_L:公司名稱,
6431,光麗-KY,TWSE,TWSE OpenAPI t187ap03_L:公司簡稱,KY
6438,迅得機械股份有限公司,TWSE,TWSE OpenAPI t187ap03_L:公司名稱,
6438,迅得,TWSE,TWSE OpenAPI t187ap03_L:公司簡稱,
6442,光紅建聖股份有限公司,TWSE,TWSE OpenAPI t187ap03_L:公司名稱,
6442,光聖,TWSE,TWSE OpenAPI t187ap03_L:公司簡稱,
6443,元晶太陽能科技股份有限公司,TWSE,TWSE OpenAPI t187ap03_L:公司名稱,
6443,元晶,TWSE,TWSE OpenAPI t187ap03_L:公司簡稱,
6446,藥華醫藥股份有限公司,TWSE,TWSE OpenAPI t187ap03_L:公司名稱,
6446,藥華藥,TWSE,TWSE OpenAPI t187ap03_L:公司簡稱,
6449,鈺邦科技股份有限公司,TWSE,TWSE OpenAPI t187ap03_L:公司名稱,
6449,鈺邦,TWSE,TWSE OpenAPI t187ap03_L:公司簡稱,
6451,訊芯科技控股股份有限公司,TWSE,TWSE OpenAPI t187ap03_L:公司名稱,
6451,訊芯-KY,TWSE,TWSE OpenAPI t187ap03_L:公司簡稱,KY
6456,GIS Holding Limited,TWSE,TWSE OpenAPI t187ap03_L:公司名稱,GIS
6456,GIS-KY,TWSE,TWSE OpenAPI t187ap03_L:公司簡稱,GIS KY
6464,台灣數位光訊科技股份有限公司,TWSE,TWSE OpenAPI t187ap03_L:公司名稱,
6464,台數科,TWSE,TWSE OpenAPI t187ap03_L:公司簡稱,
6472,保瑞藥業股份有限公司,TWSE,TWSE OpenAPI t187ap03_L:公司名稱,
6472,保瑞,TWSE,TWSE OpenAPI t187ap03_L:公司簡稱,
6477,安集科技股份有限公司,TWSE,TWSE OpenAPI t187ap03_L:公司名稱,
6477,安集,TWSE,TWSE OpenAPI t187ap03_L:公司簡稱,
6491,晶碩光學股份有限公司,TWSE,TWSE OpenAPI t187ap03_L:公司名稱,
6491,晶碩,TWSE,TWSE OpenAPI t187ap03_L:公司簡稱,
6504,南六企業股份有限公司,TWSE,TWSE OpenAPI t187ap03_L:公司名稱,
6504,南六,TWSE,TWSE OpenAPI t187ap03_L:公司簡稱,
6505,台塑石化股份有限公司,TWSE,TWSE OpenAPI t187ap03_L:公司名稱,
6505,台塑化,TWSE,TWSE OpenAPI t187ap03_L:公司簡稱,
6515,穎崴科技股份有限公司,TWSE,TWSE OpenAPI t187ap03_L:公司名稱,
6515,穎崴,TWSE,TWSE OpenAPI t187ap03_L:公司簡稱,
6525,捷敏股份有限公司,TWSE,TWSE OpenAPI t187ap03_L:公司名稱,
6525,捷敏-KY,TWSE,TWSE OpenAPI t187ap03_L:公司簡稱,KY
6526,達發科技股份有限公司,TWSE,TWSE OpenAPI t187ap03_L:公司名稱,
6526,達發,TWSE,TWSE OpenAPI t187ap03_L:公司簡稱,
6531,愛普科技股份有限公司,TWSE,TWSE OpenAPI t187ap03_L:公司名稱,
6531,愛普*,TWSE,TWSE OpenAPI t187ap03_L:公司簡稱,
6533,晶心科技股份有限公司,TWSE,TWSE OpenAPI t187ap03_L:公司名稱,
6533,晶心科,TWSE,TWSE OpenAPI t187ap03_L:公司簡稱,
6534,正瀚生技股份有限公司,TWSE,TWSE OpenAPI t187ap03_L:公司名稱,
6534,正瀚-創,TWSE,TWSE OpenAPI t187ap03_L:公司簡稱,
6541,泰福生技股份有限公司,TWSE,TWSE OpenAPI t187ap03_L:公司名稱,
6541,泰福-KY,TWSE,TWSE OpenAPI t187ap03_L:公司簡稱,KY
6550,北極星藥業集團股份有限公司,TWSE,TWSE OpenAPI t187ap03_L:公司名稱,
6550,北極星藥業-KY,TWSE,TWSE OpenAPI t187ap03_L:公司簡稱,KY
6552,易華電子股份有限公司,TWSE,TWSE OpenAPI t187ap03_L:公司名稱,
6552,易華電,TWSE,TWSE OpenAPI t187ap03_L:公司簡稱,
6558,興能高科技股份有限公司,TWSE,TWSE OpenAPI t187ap03_L:公司名稱,
6558,興能高,TWSE,TWSE OpenAPI t187ap03_L:公司簡稱,
6573,虹揚發展科技股份有限公司,TWSE,TWSE OpenAPI t187ap03_L:公司名稱,
6573,虹揚-KY,TWSE,TWSE OpenAPI t187ap03_L:公司簡稱,KY
6579,研揚科技股份有限公司,TWSE,TWSE OpenAPI t187ap03_L:公司名稱,
6579,研揚,TWSE,TWSE OpenAPI t187ap03_L:公司簡稱,
6581,台灣鋼聯股份有限公司,TWSE,TWSE OpenAPI t187ap03_L:公司名稱,
6581,鋼聯,TWSE,TWSE OpenAPI t187ap03_L:公司簡稱,
6582,申豐特用應材股份有限公司,TWSE,TWSE OpenAPI t187ap03_L:公司名稱,
6582,申豐,TWSE,TWSE OpenAPI t187ap03_L:公司簡稱,
6585,鼎基先進材料股份有限公司,TWSE,TWSE OpenAPI t187ap03_L:公司名稱,
6585,鼎基,TWSE,TWSE OpenAPI t187ap03_L:公司簡稱,
6589,台康生技股份有限公司,TWSE,TWSE OpenAPI t187ap03_L:公司名稱,
6589,台康生技,TWSE,TWSE OpenAPI t187ap03_L:公司簡稱,
6591,動力科技股份有限公司,TWSE,TWSE OpenAPI t187ap03_L:公司名稱,
6591,動力-KY,TWSE,TWSE OpenAPI t187ap03_L:公司簡稱,KY
6592,和潤企業股份有限公司,TWSE,TWSE OpenAPI t187ap03_L:公司名稱,
6592,和潤企業,TWSE,TWSE OpenAPI t187ap03_L:公司簡稱,
6598,Applied BioCode Corporation,TWSE,TWSE OpenAPI t187ap03_L:公司名稱,APPLIED BIOCODE
6598,ABC-KY,TWSE,TWSE OpenAPI t187ap03_L:公司簡稱,ABC KY
6605,帝寶工業股份有限公司,TWSE,TWSE OpenAPI t187ap03_L:公司名稱,
6605,帝寶,TWSE,TWSE OpenAPI t187ap03_L:公司簡稱,
6606,建德工業股份有限公司,TWSE,TWSE OpenAPI t187ap03_L:公司名稱,
6606,建德工業,TWSE,TWSE OpenAPI t187ap03_L:公司簡稱,
6614,資拓宏宇國際股份有限公司,TWSE,TWSE OpenAPI t187ap03_L:公司名稱,
6614,資拓宏宇,TWSE,TWSE OpenAPI t187ap03_L:公司簡稱,
6625,必應創造股份有限公司,TWSE,TWSE OpenAPI t187ap03_L:公司名稱,
6625,必應,TWSE,TWSE OpenAPI t187ap03_L:公司簡稱,
6641,基士德科技股份有限公司,TWSE,TWSE OpenAPI t187ap03_L:公司名稱,
6641,基士德-KY,TWSE,TWSE OpenAPI t187ap03_L:公司簡稱,KY
6645,金萬林企業股份有限公司,TWSE,TWSE OpenAPI t187ap03_L:公司名稱,
6645,金萬林-創,TWSE,TWSE OpenAPI t187ap03_L:公司簡稱,
6655,科定企業股份有限公司,TWSE,TWSE OpenAPI t187ap03_L:公司名稱,
6655,科定,TWSE,TWSE OpenAPI t187ap03_L:公司簡稱,
6657,華安醫學股份有限公司,TWSE,TWSE OpenAPI t187ap03_L:公司名稱,
6657,華安,TWSE,TWSE OpenAPI t187ap03_L:公司簡稱,
6658,聯策科技股份有限公司,TWSE,TWSE OpenAPI t187ap03_L:公司名稱,
6658,聯策,TWSE,TWSE OpenAPI t187ap03_L:公司簡稱,
6666,羅麗芬控股股份有限公司,TWSE,TWSE OpenAPI t187ap03_L:公司名稱,
6666,羅麗芬-KY,TWSE,TWSE OpenAPI t187ap03_L:公司簡稱,KY
6668,中揚光電股份有限公司,TWSE,TWSE OpenAPI t187ap03_L:公司名稱,
6668,中揚光,TWSE,TWSE OpenAPI t187ap03_L:公司簡稱,
6669,緯穎科技服務股份有限公司,TWSE,TWSE OpenAPI t187ap03_L:公司名稱,
6669,緯穎,TWSE,TWSE OpenAPI t187ap03_L:公司簡稱,
6670,復盛應用科技股份有限公司,TWSE,TWSE OpenAPI t187ap03_L:公司名稱,
6670,復盛應用,TWSE,TWSE OpenAPI t187ap03_L:公司簡稱,
6671,三能集團控股股份有限公司,TWSE,TWSE OpenAPI t187ap03_L:公司名稱,
6671,三能-KY,TWSE,TWSE OpenAPI t187ap03_L:公司簡稱,KY
6672,騰輝電子國際集團股份有限公司,TWSE,TWSE OpenAPI t187ap03_L:公司名稱,
6672,騰輝電子-KY,TWSE,TWSE OpenAPI t187ap03_L:公司簡稱,KY
6674,鋐寶科技股份有限公司,TWSE,TWSE OpenAPI t187ap03_L:公司名稱,
6674,鋐寶科技,TWSE,TWSE OpenAPI t187ap03_L:公司簡稱,
6689,伊雲谷數位科技股份有限公司,TWSE,TWSE OpenAPI t187ap03_L:公司名稱,
6689,伊雲谷,TWSE,TWSE OpenAPI t187ap03_L:公司簡稱,
6691,洋基工程股份有限公司,TWSE,TWSE OpenAPI t187ap03_L:公司名稱,
6691,洋基工程,TWSE,TWSE OpenAPI t187ap03_L:公司簡稱,
6695,芯鼎科技股份有限公司,TWSE,TWSE OpenAPI t187ap03_L:公司名稱,
6695,芯鼎,TWSE,TWSE OpenAPI t187ap03_L:公司簡稱,
6698,旭暉應用材料股份有限公司,TWSE,TWSE OpenAPI t187ap03_L:公司名稱,
6698,旭暉應材,TWSE,TWSE OpenAPI t187ap03_L:公司簡稱,
6706,惠特科技股份有限公司,TWSE,TWSE OpenAPI t187ap03_L:公司名稱,
6706,惠特,TWSE,TWSE OpenAPI t187ap03_L:公司簡稱,
6715,嘉基科技股份有限公司,TWSE,TWSE OpenAPI t187ap03_L:公司名稱,
6715,嘉基,TWSE,TWSE OpenAPI t187ap03_L:公司簡稱,
6719,力智電子股份有限公司,TWSE,TWSE OpenAPI t187ap03_L:公司名稱,
6719,力智,TWSE,TWSE OpenAPI t187ap03_L:公司簡稱,
6722,輝創電子股份有限公司,TWSE,TWSE OpenAPI t187ap03_L:公司名稱,
6722,輝創,TWSE,TWSE OpenAPI t187ap03_L:公司簡稱,
6742,澤米科技股份有限公司,TWSE,TWSE OpenAPI t187ap03_L:公司名稱,
6742,澤米,TWSE,TWSE OpenAPI t187ap03_L:公司簡稱,
6743,安普新股份有限公司,TWSE,TWSE OpenAPI t187ap03_L:公司名稱,
6743,安普新,TWSE,TWSE OpenAPI t187ap03_L:公司簡稱,
6753,龍德造船工業股份有限公司,TWSE,TWSE OpenAPI t187ap03_L:公司名稱,
6753,龍德造船,TWSE,TWSE OpenAPI t187ap03_L:公司簡稱,
6754,匯僑室內裝修設計股份有限公司,TWSE,TWSE OpenAPI t187ap03_L:公司名稱,
6754,匯僑設計,TWSE,TWSE OpenAPI t187ap03_L:公司簡稱,
6756,威鋒電子股份有限公司,TWSE,TWSE OpenAPI t187ap03_L:公司名稱,
6756,威鋒電子,TWSE,TWSE OpenAPI t187ap03_L:公司簡稱,
6757,台灣虎航股份有限公司,TWSE,TWSE OpenAPI t187ap03_L:公司名稱,
6757,台灣虎航,TWSE,TWSE OpenAPI t187ap03_L:公司簡稱,
6768,志強國際企業股份有限公司,TWSE,TWSE OpenAPI t187ap03_L:公司名稱,
6768,志強-KY,TWSE,TWSE OpenAPI t187ap03_L:公司簡稱,KY
6770,力晶積成電子製造股份有限公司,TWSE,TWSE OpenAPI t187ap03_L:公司名稱,
6770,力積電,TWSE,TWSE OpenAPI t187ap03_L:公司簡稱,
6771,平和環保科技股份有限公司,TWSE,TWSE OpenAPI t187ap03_L:公司名稱,
6771,平和環保-創,TWSE,TWSE OpenAPI t187ap03_L:公司簡稱,
6776,展碁國際股份有限公司,TWSE,TWSE OpenAPI t187ap03_L:公司名稱,
6776,展碁國際,TWSE,TWSE OpenAPI t187ap03_L:公司簡稱,
6781,"AES Holding Co., Ltd.",TWSE,TWSE OpenAPI t187ap03_L:公司名稱,AES
6781,AES-KY,TWSE,TWSE OpenAPI t187ap03_L:公司簡稱,AES KY
6782,視陽光學股份有限公司,TWSE,TWSE OpenAPI t187ap03_L:公司名稱,
6782,視陽,TWSE,TWSE OpenAPI t187ap03_L:公司簡稱,
6789,采鈺科技股份有限公司,TWSE,TWSE OpenAPI t187ap03_L:公司名稱,
6789,采鈺,TWSE,TWSE OpenAPI t187ap03_L:公司簡稱,
6790,永豐餘消費品實業股份有限公司,TWSE,TWSE OpenAPI t187ap03_L:公司名稱,
6790,永豐實,TWSE,TWSE OpenAPI t187ap03_L:公司簡稱,
6792,詠業科技股份有限公司,TWSE,TWSE OpenAPI t187ap03_L:公司名稱,
6792,詠業,TWSE,TWSE OpenAPI t187ap03_L:公司簡稱,
6794,向榮生醫科技股份有限公司,TWSE,TWSE OpenAPI t187ap03_L:公司名稱,
6794,向榮生技,TWSE,TWSE OpenAPI t187ap03_L:公司簡稱,
6796,晉弘科技股份有限公司,TWSE,TWSE OpenAPI t187ap03_L:公司名稱,
6796,晉弘,TWSE,TWSE OpenAPI t187ap03_L:公司簡稱,
6799,來頡科技股份有限公司,TWSE,TWSE OpenAPI t187ap03_L:公司名稱,
6799,來頡,TWSE,TWSE OpenAPI t187ap03_L:公司簡稱,
6805,富世達股份有限公司,TWSE,TWSE OpenAPI t187ap03_L:公司名稱,
6805,富世達,TWSE,TWSE OpenAPI t187ap03_L:公司簡稱,
6806,森崴能源股份有限公司,TWSE,TWSE OpenAPI t187ap03_L:公司名稱,
6806,森崴能源,TWSE,TWSE OpenAPI t187ap03_L:公司簡稱,
6807,峰源集團股份有限公司,TWSE,TWSE OpenAPI t187ap03_L:公司名稱,
6807,峰源-KY,TWSE,TWSE OpenAPI t187ap03_L:公司簡稱,KY
6830,汎銓科技股份有限公司,TWSE,TWSE OpenAPI t187ap03_L:公司名稱,
6830,汎銓,TWSE,TWSE OpenAPI t187ap03_L:公司簡稱,
6831,邁&#33834;科技股份有限公司,TWSE,TWSE OpenAPI t187ap03_L:公司名稱,AND 33834
6831,邁科,TWSE,TWSE OpenAPI t187ap03_L:公司簡稱,
6834,天二科技股份有限公司,TWSE,TWSE OpenAPI t187ap03_L:公司名稱,
6834,天二科技,TWSE,TWSE OpenAPI t187ap03_L:公司簡稱,
6835,圓裕企業股份有限公司,TWSE,TWSE OpenAPI t187ap03_L:公司名稱,
6835,圓裕,TWSE,TWSE OpenAPI t187ap03_L:公司簡稱,
6838,台新藥股份有限公司,TWSE,TWSE OpenAPI t187ap03_L:公司名稱,
6838,台新藥,TWSE,TWSE OpenAPI t187ap03_L:公司簡稱,
6854,PlayNitride Inc.,TWSE,TWSE OpenAPI t187ap03_L:公司名稱,PLAYNITRIDE
6854,錼創科技-KY創,TWSE,TWSE OpenAPI t187ap03_L:公司簡稱,KY
6861,睿生光電股份有限公司,TWSE,TWSE OpenAPI t187ap03_L:公司名稱,
6861,睿生光電,TWSE,TWSE OpenAPI t187ap03_L:公司簡稱,
6862,三集瑞科技國際集團股份有限公司,TWSE,TWSE OpenAPI t187ap03_L:公司名稱,
6862,三集瑞-KY,TWSE,TWSE OpenAPI t187ap03_L:公司簡稱,KY
6863,Arizon RFID Technology,TWSE,TWSE OpenAPI t187ap03_L:公司名稱,ARIZON RFID TECHNOLOGY
6863,永道-KY,TWSE,TWSE OpenAPI t187ap03_L:公司簡稱,KY
6869,雲豹能源科技股份有限公司,TWSE,TWSE OpenAPI t187ap03_L:公司名稱,
6869,雲豹能源,TWSE,TWSE OpenAPI t187ap03_L:公司簡稱,
6873,泓德能源科技股份有限公司,TWSE,TWSE OpenAPI t187ap03_L:公司名稱,
6873,泓德能源,TWSE,TWSE OpenAPI t187ap03_L:公司簡稱,
6885,全福生物科技股份有限公司,TWSE,TWSE OpenAPI t187ap03_L:公司名稱,
6885,全福生技,TWSE,TWSE OpenAPI t187ap03_L:公司簡稱,
6887,寶綠特資源再生工程股份有限公司,TWSE,TWSE OpenAPI t187ap03_L:公司名稱,
6887,寶綠特-KY,TWSE,TWSE OpenAPI t187ap03_L:公司簡稱,KY
6890,來億興業股份有限公司,TWSE,TWSE OpenAPI t187ap03_L:公司名稱,
6890,來億-KY,TWSE,TWSE OpenAPI t187ap03_L:公司簡稱,KY
6901,鑽石生技投資股份有限公司,TWSE,TWSE OpenAPI t187ap03_L:公司名稱,
6901,鑽石投資,TWSE,TWSE OpenAPI t187ap03_L:公司簡稱,
6902,走著瞧股份有限公司,TWSE,TWSE OpenAPI t187ap03_L:公司名稱,
6902,GOGOLOOK,TWSE,TWSE OpenAPI t187ap03_L:公司簡稱,GOGOLOOK
6906,現觀科技股份有限公司,TWSE,TWSE OpenAPI t187ap03_L:公司名稱,
6906,現觀科,TWSE,TWSE OpenAPI t187ap03_L:公司簡稱,
6908,宏碁遊戲股份有限公司,TWSE,TWSE OpenAPI t187ap03_L:公司名稱,
6908,宏碁遊戲-創,TWSE,TWSE OpenAPI t187ap03_L:公司簡稱,
6909,創控科技股份有限公司,TWSE,TWSE OpenAPI t187ap03_L:公司名稱,
6909,創控,TWSE,TWSE OpenAPI t187ap03_L:公司簡稱,
6914,阜爾運通股份有限公司,TWSE,TWSE OpenAPI t187ap03_L:公司名稱,
6914,阜爾運通,TWSE,TWSE OpenAPI t187ap03_L:公司簡稱,
6916,華凌光電股份有限公司,TWSE,TWSE OpenAPI t187ap03_L:公司名稱,
6916,華凌,TWSE,TWSE OpenAPI t187ap03_L:公司簡稱,
6918,愛派司生技股份有限公司,TWSE,TWSE OpenAPI t187ap03_L:公司名稱,
6918,愛派司,TWSE,TWSE OpenAPI t187ap03_L:公司簡稱,
6919,康霈生技股份有限公司,TWSE,TWSE OpenAPI t187ap03_L:公司名稱,
6919,康霈*,TWSE,TWSE OpenAPI t187ap03_L:公司簡稱,
6921,嘉雨思科技股份有限公司,TWSE,TWSE OpenAPI t187ap03_L:公司名稱,
6921,嘉雨思-創,TWSE,TWSE OpenAPI t187ap03_L:公司簡稱,
6923,中台資源科技股份有限公司,TWSE,TWSE OpenAPI t187ap03_L:公司名稱,
6923,中台,TWSE,TWSE OpenAPI t187ap03_L:公司簡稱,
6924,榮惠集團(開曼)股份有限公司,TWSE,TWSE OpenAPI t187ap03_L:公司名稱,
6924,榮惠-KY創,TWSE,TWSE OpenAPI t187ap03_L:公司簡稱,KY
6928,攸泰科技股份有限公司,TWSE,TWSE OpenAPI t187ap03_L:公司名稱,
6928,攸泰科技,TWSE,TWSE OpenAPI t187ap03_L:公司簡稱,
6931,青松健康股份有限公司,TWSE,TWSE OpenAPI t187ap03_L:公司名稱,
6931,青松健康,TWSE,TWSE OpenAPI t187ap03_L:公司簡稱,
6933,艾瑪斯科技控股股份有限公司,TWSE,TWSE OpenAPI t187ap03_L:公司名稱,
6933,AMAX-KY,TWSE,TWSE OpenAPI t187ap03_L:公司簡稱,AMAX KY
6934,心誠鎂行動醫電股份有限公司,TWSE,TWSE OpenAPI t187ap03_L:公司名稱,
6934,心誠鎂,TWSE,TWSE OpenAPI t187ap03_L:公司簡稱,
6936,永鴻國際生技股份有限公司,TWSE,TWSE OpenAPI t187ap03_L:公司名稱,
6936,永鴻生技,TWSE,TWSE OpenAPI t187ap03_L:公司簡稱,
6937,天虹科技股份有限公司,TWSE,TWSE OpenAPI t187ap03_L:公司名稱,
6937,天虹,TWSE,TWSE OpenAPI t187ap03_L:公司簡稱,
6944,兆聯實業股份有限公司,TWSE,TWSE OpenAPI t187ap03_L:公司名稱,
6944,兆聯實業,TWSE,TWSE OpenAPI t187ap03_L:公司簡稱,
6949,沛爾生技醫藥股份有限公司,TWSE,TWSE OpenAPI t187ap03_L:公司名稱,
6949,沛爾生醫-創,TWSE,TWSE OpenAPI t187ap03_L:公司簡稱,
6951,青新環境工程股份有限公司,TWSE,TWSE OpenAPI t187ap03_L:公司名稱,
6951,青新-創,TWSE,TWSE OpenAPI t187ap03_L:公司簡稱,
6952,大武山牧場科技股份有限公司,TWSE,TWSE OpenAPI t187ap03_L:公司名稱,
6952,大武山,TWSE,TWSE OpenAPI t187ap03_L:公司簡稱,
6955,邦睿生技股份有限公司,TWSE,TWSE OpenAPI t187ap03_L:公司名稱,
6955,邦睿生技-創,TWSE,TWSE OpenAPI t187ap03_L:公司簡稱,
6957,裕慶金屬股份有限公司,TWSE,TWSE OpenAPI t187ap03_L:公司名稱,
6957,裕慶-KY,TWSE,TWSE OpenAPI t187ap03_L:公司簡稱,KY
6958,日盛台駿國際租賃股份有限公司,TWSE,TWSE OpenAPI t187ap03_L:公司名稱,
6958,日盛台駿,TWSE,TWSE OpenAPI t187ap03_L:公司簡稱,
6962,ITH Corporation,TWSE,TWSE OpenAPI t187ap03_L:公司名稱,ITH
6962,奕力-KY,TWSE,TWSE OpenAPI t187ap03_L:公司簡稱,KY
6965,中傑投資控股股份有限公司,TWSE,TWSE OpenAPI t187ap03_L:公司名稱,
6965,中傑-KY,TWSE,TWSE OpenAPI t187ap03_L:公司簡稱,KY
6969,成信實業股份有限公司,TWSE,TWSE OpenAPI t187ap03_L:公司名稱,
6969,成信實業*-創,TWSE,TWSE OpenAPI t187ap03_L:公司簡稱,
6988,威力暘電子股份有限公司,TWSE,TWSE OpenAPI t187ap03_L:公司名稱,
6988,威力暘-創,TWSE,TWSE OpenAPI t187ap03_L:公司簡稱,
6994,富威電力股份有限公司,TWSE,TWSE OpenAPI t187ap03_L:公司名稱,
6994,富威電力,TWSE,TWSE OpenAPI t187ap03_L:公司簡稱,
7610,聯友金屬科技股份有限公司,TWSE,TWSE OpenAPI t187ap03_L:公司名稱,
7610,聯友金屬-創,TWSE,TWSE OpenAPI t187ap03_L:公司簡稱,
7631,聚賢研發股份有限公司,TWSE,TWSE OpenAPI t187ap03_L:公司名稱,
7631,聚賢研發-創,TWSE,TWSE OpenAPI t187ap03_L:公司簡稱,
7705,三商餐飲股份有限公司,TWSE,TWSE OpenAPI t187ap03_L:公司名稱,
7705,三商餐飲,TWSE,TWSE OpenAPI t187ap03_L:公司簡稱,
7711,永擎電子股份有限公司,TWSE,TWSE OpenAPI t187ap03_L:公司名稱,
7711,永擎,TWSE,TWSE OpenAPI t187ap03_L:公司簡稱,
7721,微程式資訊股份有限公司,TWSE,TWSE OpenAPI t187ap03_L:公司名稱,
7721,微程式,TWSE,TWSE OpenAPI t187ap03_L:公司簡稱,
7722,連加網路商業股份有限公司,TWSE,TWSE OpenAPI t187ap03_L:公司名稱,
7722,LINEPAY,TWSE,TWSE OpenAPI t187ap03_L:公司簡稱,LINEPAY
7730,暉盛科技股份有限公司,TWSE,TWSE OpenAPI t187ap03_L:公司名稱,
7730,暉盛-創,TWSE,TWSE OpenAPI t187ap03_L:公司簡稱,
7732,金興精密工業股份有限公司,TWSE,TWSE OpenAPI t187ap03_L:公司名稱,
7732,金興精密,TWSE,TWSE OpenAPI t187ap03_L:公司簡稱,
7736,虎山實業股份有限公司,TWSE,TWSE OpenAPI t187ap03_L:公司名稱,
7736,虎山,TWSE,TWSE OpenAPI t187ap03_L:公司簡稱,
7740,熙特爾新能源股份有限公司,TWSE,TWSE OpenAPI t187ap03_L:公司名稱,
7740,熙特爾-創,TWSE,TWSE OpenAPI t187ap03_L:公司簡稱,
7749,意騰科技股份有限公司,TWSE,TWSE OpenAPI t187ap03_L:公司名稱,
7749,意騰-KY,TWSE,TWSE OpenAPI t187ap03_L:公司簡稱,KY
7750,新代科技股份有限公司,TWSE,TWSE OpenAPI t187ap03_L:公司名稱,
7750,新代,TWSE,TWSE OpenAPI t187ap03_L:公司簡稱,
7760,享溫馨企業股份有限公司,TWSE,TWSE OpenAPI t187ap03_L:公司名稱,
7760,享溫馨,TWSE,TWSE OpenAPI t187ap03_L:公司簡稱,
7765,中華資安國際股份有限公司,TWSE,TWSE OpenAPI t187ap03_L:公司名稱,
7765,中華資安,TWSE,TWSE OpenAPI t187ap03_L:公司簡稱,
7768,頌勝科技材料股份有限公司,TWSE,TWSE OpenAPI t187ap03_L:公司名稱,
7768,頌勝科技,TWSE,TWSE OpenAPI t187ap03_L:公司簡稱,
7769,鴻勁精密股份有限公司,TWSE,TWSE OpenAPI t187ap03_L:公司名稱,
7769,鴻勁,TWSE,TWSE OpenAPI t187ap03_L:公司簡稱,
7780,大研生醫國際股份有限公司,TWSE,TWSE OpenAPI t187ap03_L:公司名稱,
7780,大研生醫*,TWSE,TWSE OpenAPI t187ap03_L:公司簡稱,
7786,東方風能科技股份有限公司,TWSE,TWSE OpenAPI t187ap03_L:公司名稱,
7786,東方風能,TWSE,TWSE OpenAPI t187ap03_L:公司簡稱,
7788,松川精密股份有限公司,TWSE,TWSE OpenAPI t187ap03_L:公司名稱,
7788,松川精密,TWSE,TWSE OpenAPI t187ap03_L:公司簡稱,
7791,皇家可口股份有限公司,TWSE,TWSE OpenAPI t187ap03_L:公司名稱,
7791,皇家可口,TWSE,TWSE OpenAPI t187ap03_L:公司簡稱,
7795,長廣精機股份有限公司,TWSE,TWSE OpenAPI t187ap03_L:公司名稱,
7795,長廣,TWSE,TWSE OpenAPI t187ap03_L:公司簡稱,
7799,禾榮科技股份有限公司,TWSE,TWSE OpenAPI t187ap03_L:公司名稱,
7799,禾榮科,TWSE,TWSE OpenAPI t187ap03_L:公司簡稱,
7803,雲象科技股份有限公司,TWSE,TWSE OpenAPI t187ap03_L:公司名稱,
7803,雲象科技-創,TWSE,TWSE OpenAPI t187ap03_L:公司簡稱,
7818,溢泰實業股份有限公司,TWSE,TWSE OpenAPI t187ap03_L:公司名稱,
7818,溢泰實業,TWSE,TWSE OpenAPI t187ap03_L:公司簡稱,
7821,神達數位股份有限公司,TWSE,TWSE OpenAPI t187ap03_L:公司名稱,
7821,神數,TWSE,TWSE OpenAPI t187ap03_L:公司簡稱,
7822,倍利科技股份有限公司,TWSE,TWSE OpenAPI t187ap03_L:公司名稱,
7822,倍利科,TWSE,TWSE OpenAPI t187ap03_L:公司簡稱,
7823,奧義賽博科技股份有限公司,TWSE,TWSE OpenAPI t187ap03_L:公司名稱,
7823,奧義賽博-KY創,TWSE,TWSE OpenAPI t187ap03_L:公司簡稱,KY
8011,台通光電股份有限公司,TWSE,TWSE OpenAPI t187ap03_L:公司名稱,
8011,台通,TWSE,TWSE OpenAPI t187ap03_L:公司簡稱,
8016,矽創電子股份有限公司,TWSE,TWSE OpenAPI t187ap03_L:公司名稱,
8016,矽創,TWSE,TWSE OpenAPI t187ap03_L:公司簡稱,
8021,尖點科技股份有限公司,TWSE,TWSE OpenAPI t187ap03_L:公司名稱,
8021,尖點,TWSE,TWSE OpenAPI t187ap03_L:公司簡稱,
8028,昇陽國際半導體股份有限公司,TWSE,TWSE OpenAPI t187ap03_L:公司名稱,
8028,昇陽半導體,TWSE,TWSE OpenAPI t187ap03_L:公司簡稱,
8033,雷虎科技股份有限公司,TWSE,TWSE OpenAPI t187ap03_L:公司名稱,
8033,雷虎,TWSE,TWSE OpenAPI t187ap03_L:公司簡稱,
8039,台虹科技股份有限公司,TWSE,TWSE OpenAPI t187ap03_L:公司名稱,
8039,台虹,TWSE,TWSE OpenAPI t187ap03_L:公司簡稱,
8045,達運光電股份有限公司,TWSE,TWSE OpenAPI t187ap03_L:公司名稱,
8045,達運光電,TWSE,TWSE OpenAPI t187ap03_L:公司簡稱,
8046,南亞電路板股份有限公司,TWSE,TWSE OpenAPI t187ap03_L:公司名稱,
8046,南電,TWSE,TWSE OpenAPI t187ap03_L:公司簡稱,
8070,長華電材股份有限公司,TWSE,TWSE OpenAPI t187ap03_L:公司名稱,
8070,長華*,TWSE,TWSE OpenAPI t187ap03_L:公司簡稱,
8072,陞泰科技股份有限公司,TWSE,TWSE OpenAPI t187ap03_L:公司名稱,
8072,陞泰,TWSE,TWSE OpenAPI t187ap03_L:公司簡稱,
8081,致新科技股份有限公司,TWSE,TWSE OpenAPI t187ap03_L:公司名稱,
8081,致新,TWSE,TWSE OpenAPI t187ap03_L:公司簡稱,
8101,華冠通訊股份有限公司,TWSE,TWSE OpenAPI t187ap03_L:公司名稱,
8101,華冠,TWSE,TWSE OpenAPI t187ap03_L:公司簡稱,
8103,瀚荃股份有限公司,TWSE,TWSE OpenAPI t187ap03_L:公司名稱,
8103,瀚荃,TWSE,TWSE OpenAPI t187ap03_L:公司簡稱,
8104,錸寶科技股份有限公司,TWSE,TWSE OpenAPI t187ap03_L:公司名稱,
8104,錸寶,TWSE,TWSE OpenAPI t187ap03_L:公司簡稱,
8105,凌巨科技股份有限公司,TWSE,TWSE OpenAPI t187ap03_L:公司名稱,
8105,凌巨,TWSE,TWSE OpenAPI t187ap03_L:公司簡稱,
8110,華東科技股份有限公司,TWSE,TWSE OpenAPI t187ap03_L:公司名稱,
8110,華東,TWSE,TWSE OpenAPI t187ap03_L:公司簡稱,
8112,至上電子股份有限公司,TWSE,TWSE OpenAPI t187ap03_L:公司名稱,
8112,至上,TWSE,TWSE OpenAPI t187ap03_L:公司簡稱,
8114,振樺電子股份有限公司,TWSE,TWSE OpenAPI t187ap03_L:公司名稱,
8114,振樺電,TWSE,TWSE OpenAPI t187ap03_L:公司簡稱,
8131,福懋科技股份有限公司,TWSE,TWSE OpenAPI t187ap03_L:公司名稱,
8131,福懋科,TWSE,TWSE OpenAPI t187ap03_L:公司簡稱,
8150,南茂科技股份有限公司,TWSE,TWSE OpenAPI t187ap03_L:公司名稱,
8150,南茂,TWSE,TWSE OpenAPI t187ap03_L:公司簡稱,
8162,微矽電子股份有限公司,TWSE,TWSE OpenAPI t187ap03_L:公司名稱,
8162,微矽電子-創,TWSE,TWSE OpenAPI t187ap03_L:公司簡稱,
8163,達方電子股份有限公司,TWSE,TWSE OpenAPI t187ap03_L:公司名稱,
8163,達方,TWSE,TWSE OpenAPI t187ap03_L:公司簡稱,
8201,無敵科技股份有限公司,TWSE,TWSE OpenAPI t187ap03_L:公司名稱,
8201,無敵,TWSE,TWSE OpenAPI t187ap03_L:公司簡稱,
8210,勤誠興業股份有限公司,TWSE,TWSE OpenAPI t187ap03_L:公司名稱,
8210,勤誠,TWSE,TWSE OpenAPI t187ap03_L:公司簡稱,
8213,志超科技股份有限公司,TWSE,TWSE OpenAPI t187ap03_L:公司名稱,
8213,志超,TWSE,TWSE OpenAPI t187ap03_L:公司簡稱,
8215,明基材料股份有限公司,TWSE,TWSE OpenAPI t187ap03_L:公司名稱,
8215,明基材,TWSE,TWSE OpenAPI t187ap03_L:公司簡稱,
8222,寶一科技股份有限公司,TWSE,TWSE OpenAPI t187ap03_L:公司名稱,
8222,寶一,TWSE,TWSE OpenAPI t187ap03_L:公司簡稱,
8249,菱光科技股份有限公司,TWSE,TWSE OpenAPI t187ap03_L:公司名稱,
8249,菱光,TWSE,TWSE OpenAPI t187ap03_L:公司簡稱,
8261,富鼎先進電子股份有限公司,TWSE,TWSE OpenAPI t187ap03_L:公司名稱,
8261,富鼎,TWSE,TWSE OpenAPI t187ap03_L:公司簡稱,
8271,宇瞻科技股份有限公司,TWSE,TWSE OpenAPI t187ap03_L:公司名稱,
8271,宇瞻,TWSE,TWSE OpenAPI t187ap03_L:公司簡稱,
8341,日友環保科技股份有限公司,TWSE,TWSE OpenAPI t187ap03_L:公司名稱,
8341,日友,TWSE,TWSE OpenAPI t187ap03_L:公司簡稱,
8367,建新國際股份有限公司,TWSE,TWSE OpenAPI t187ap03_L:公司名稱,
8367,建新國際,TWSE,TWSE OpenAPI t187ap03_L:公司簡稱,
8374,羅昇企業股份有限公司,TWSE,TWSE OpenAPI t187ap03_L:公司名稱,
8374,羅昇,TWSE,TWSE OpenAPI t187ap03_L:公司簡稱,
8404,百和興業股份有限公司(開曼),TWSE,TWSE OpenAPI t187ap03_L:公司名稱,
8404,百和興業-KY,TWSE,TWSE OpenAPI t187ap03_L:公司簡稱,KY
8411,福貞控股股份有限公司,TWSE,TWSE OpenAPI t187ap03_L:公司名稱,
8411,福貞-KY,TWSE,TWSE OpenAPI t187ap03_L:公司簡稱,KY
8422,可寧衛股份有限公司,TWSE,TWSE OpenAPI t187ap03_L:公司名稱,
8422,可寧衛*,TWSE,TWSE OpenAPI t187ap03_L:公司簡稱,
8429,金麗集團控股有限公司,TWSE,TWSE OpenAPI t187ap03_L:公司名稱,
8429,金麗-KY,TWSE,TWSE OpenAPI t187ap03_L:公司簡稱,KY
8438,昶昕實業股份有限公司,TWSE,TWSE OpenAPI t187ap03_L:公司名稱,
8438,昶昕,TWSE,TWSE OpenAPI t187ap03_L:公司簡稱,
8442,威宏控股股份有限公司,TWSE,TWSE OpenAPI t187ap03_L:公司名稱,
8442,威宏-KY,TWSE,TWSE OpenAPI t187ap03_L:公司簡稱,KY
8443,阿瘦實業股份有限公司,TWSE,TWSE OpenAPI t187ap03_L:公司名稱,
8443,阿瘦,TWSE,TWSE OpenAPI t187ap03_L:公司簡稱,
8454,富邦媒體科技股份有限公司,TWSE,TWSE OpenAPI t187ap03_L:公司名稱,
8454,富邦媒,TWSE,TWSE OpenAPI t187ap03_L:公司簡稱,
8462,柏文健康事業股份有限公司,TWSE,TWSE OpenAPI t187ap03_L:公司名稱,
8462,柏文,TWSE,TWSE OpenAPI t187ap03_L:公司簡稱,
8463,潤泰精密材料股份有限公司,TWSE,TWSE OpenAPI t187ap03_L:公司名稱,
8463,潤泰材,TWSE,TWSE OpenAPI t187ap03_L:公司簡稱,
8464,億豐綜合工業股份有限公司,TWSE,TWSE OpenAPI t187ap03_L:公司名稱,
8464,億豐,TWSE,TWSE OpenAPI t187ap03_L:公司簡稱,
8466,美吉吉國際股份有限公司,TWSE,TWSE OpenAPI t187ap03_L:公司名稱,
8466,美吉吉-KY,TWSE,TWSE OpenAPI t187ap03_L:公司簡稱,KY
8467,波力環球企業股份有限公司,TWSE,TWSE OpenAPI t187ap03_L:公司名稱,
8467,波力-KY,TWSE,TWSE OpenAPI t187ap03_L:公司簡稱,KY
8473,山林水環境工程股份有限公司,TWSE,TWSE OpenAPI t187ap03_L:公司名稱,
8473,山林水,TWSE,TWSE OpenAPI t187ap03_L:公司簡稱,
8476,台境企業股份有限公司,TWSE,TWSE OpenAPI t187ap03_L:公司名稱,
8476,台境*,TWSE,TWSE OpenAPI t187ap03_L:公司簡稱,
8478,東哥企業股份有限公司,TWSE,TWSE OpenAPI t187ap03_L:公司名稱,
8478,東哥遊艇,TWSE,TWSE OpenAPI t187ap03_L:公司簡稱,
8481,政伸企業股份有限公司,TWSE,TWSE OpenAPI t187ap03_L:公司名稱,
8481,政伸,TWSE,TWSE OpenAPI t187ap03_L:公司簡稱,
8482,商億全球控股有限公司,TWSE,TWSE OpenAPI t187ap03_L:公司名稱,
8482,商億-KY,TWSE,TWSE OpenAPI t187ap03_L:公司簡稱,KY
8487,愛爾達科技股份有限公司,TWSE,TWSE OpenAPI t187ap03_L:公司名稱,
8487,愛爾達-創,TWSE,TWSE OpenAPI t187ap03_L:公司簡稱,
8488,吉源控股股份有限公司,TWSE,TWSE OpenAPI t187ap03_L:公司名稱,
8488,吉源-KY,TWSE,TWSE OpenAPI t187ap03_L:公司簡稱,KY
8499,鼎炫投資控股股份有限公司,TWSE,TWSE OpenAPI t187ap03_L:公司名稱,
8499,鼎炫-KY,TWSE,TWSE OpenAPI t187ap03_L:公司簡稱,KY
8926,台灣汽電共生股份有限公司,TWSE,TWSE OpenAPI t187ap03_L:公司名稱,
8926,台汽電,TWSE,TWSE OpenAPI t187ap03_L:公司簡稱,
8940,新天地國際實業股份有限公司,TWSE,TWSE OpenAPI t187ap03_L:公司名稱,
8940,新天地,TWSE,TWSE OpenAPI t187ap03_L:公司簡稱,
8996,高力熱處理工業股份有限公司,TWSE,TWSE OpenAPI t187ap03_L:公司名稱,
8996,高力,TWSE,TWSE OpenAPI t187ap03_L:公司簡稱,
9103,美德向邦醫療國際股份有限公司,TWSE,TWSE OpenAPI t187ap03_L:公司名稱,
9103,美德醫療-DR,TWSE,TWSE OpenAPI t187ap03_L:公司簡稱,DR
910322,康師傅控股有限公司,TWSE,TWSE OpenAPI t187ap03_L:公司名稱,
910322,康師傅-DR,TWSE,TWSE OpenAPI t187ap03_L:公司簡稱,DR
9105,泰金寶科技股份有限公司,TWSE,TWSE OpenAPI t187ap03_L:公司名稱,
9105,泰金寶-DR,TWSE,TWSE OpenAPI t187ap03_L:公司簡稱,DR
910861,神州數碼控股有限公司,TWSE,TWSE OpenAPI t187ap03_L:公司名稱,
910861,神州-DR,TWSE,TWSE OpenAPI t187ap03_L:公司簡稱,DR
9110,越南製造加工出口控股有限公司,TWSE,TWSE OpenAPI t187ap03_L:公司名稱,
9110,越南控-DR,TWSE,TWSE OpenAPI t187ap03_L:公司簡稱,DR
911608,明輝環球企業有限公司,TWSE,TWSE OpenAPI t187ap03_L:公司名稱,
911608,明輝-DR,TWSE,TWSE OpenAPI t187ap03_L:公司簡稱,DR
911622,聚亨企業集團(泰國)大眾有限公司,TWSE,TWSE OpenAPI t187ap03_L:公司名稱,
911622,泰聚亨-DR,TWSE,TWSE OpenAPI t187ap03_L:公司簡稱,DR
911868,同方友友控股有限公司,TWSE,TWSE OpenAPI t187ap03_L:公司名稱,
911868,同方友友-DR,TWSE,TWSE OpenAPI t187ap03_L:公司簡稱,DR
912000,晨訊科技集團有限公司,TWSE,TWSE OpenAPI t187ap03_L:公司名稱,
912000,晨訊科-DR,TWSE,TWSE OpenAPI t187ap03_L:公司簡稱,DR
9136,巨騰國際控股有限公司,TWSE,TWSE OpenAPI t187ap03_L:公司名稱,
9136,巨騰-DR,TWSE,TWSE OpenAPI t187ap03_L:公司簡稱,DR
9802,鈺齊國際股份有限公司,TWSE,TWSE OpenAPI t187ap03_L:公司名稱,
9802,鈺齊-KY,TWSE,TWSE OpenAPI t187ap03_L:公司簡稱,KY
9902,台火開發股份有限公司,TWSE,TWSE OpenAPI t187ap03_L:公司名稱,
9902,台火,TWSE,TWSE OpenAPI t187ap03_L:公司簡稱,
9904,寶成工業股份有限公司,TWSE,TWSE OpenAPI t187ap03_L:公司名稱,
9904,寶成,TWSE,TWSE OpenAPI t187ap03_L:公司簡稱,
9905,大華金屬工業股份有限公司,TWSE,TWSE OpenAPI t187ap03_L:公司名稱,
9905,大華,TWSE,TWSE OpenAPI t187ap03_L:公司簡稱,
9906,欣巴巴事業股份有限公司,TWSE,TWSE OpenAPI t187ap03_L:公司名稱,
9906,欣巴巴,TWSE,TWSE OpenAPI t187ap03_L:公司簡稱,
9907,統一實業股份有限公司,TWSE,TWSE OpenAPI t187ap03_L:公司名稱,
9907,統一實,TWSE,TWSE OpenAPI t187ap03_L:公司簡稱,
9908,大台北區瓦斯股份有限公司,TWSE,TWSE OpenAPI t187ap03_L:公司名稱,
9908,大台北,TWSE,TWSE OpenAPI t187ap03_L:公司簡稱,
9910,豐泰企業股份有限公司,TWSE,TWSE OpenAPI t187ap03_L:公司名稱,
9910,豐泰,TWSE,TWSE OpenAPI t187ap03_L:公司簡稱,
9911,台灣櫻花股份有限公司,TWSE,TWSE OpenAPI t187ap03_L:公司名稱,
9911,櫻花,TWSE,TWSE OpenAPI t187ap03_L:公司簡稱,
9912,偉聯科技股份有限公司,TWSE,TWSE OpenAPI t187ap03_L:公司名稱,
9912,偉聯,TWSE,TWSE OpenAPI t187ap03_L:公司簡稱,
9914,美利達工業股份有限公司,TWSE,TWSE OpenAPI t187ap03_L:公司名稱,
9914,美利達,TWSE,TWSE OpenAPI t187ap03_L:公司簡稱,
9917,中興保全科技股份有限公司,TWSE,TWSE OpenAPI t187ap03_L:公司名稱,
9917,中保科,TWSE,TWSE OpenAPI t187ap03_L:公司簡稱,
9918,欣欣天然氣股份有限公司,TWSE,TWSE OpenAPI t187ap03_L:公司名稱,
9918,欣天然,TWSE,TWSE OpenAPI t187ap03_L:公司簡稱,
9919,康那香企業股份有限公司,TWSE,TWSE OpenAPI t187ap03_L:公司名稱,
9919,康那香,TWSE,TWSE OpenAPI t187ap03_L:公司簡稱,
9921,巨大機械工業股份有限公司,TWSE,TWSE OpenAPI t187ap03_L:公司名稱,
9921,巨大,TWSE,TWSE OpenAPI t187ap03_L:公司簡稱,
9924,台灣福興工業股份有限公司,TWSE,TWSE OpenAPI t187ap03_L:公司名稱,
9924,福興,TWSE,TWSE OpenAPI t187ap03_L:公司簡稱,
9925,台灣新光保全股份有限公司,TWSE,TWSE OpenAPI t187ap03_L:公司名稱,
9925,新保,TWSE,TWSE OpenAPI t187ap03_L:公司簡稱,
9926,新海瓦斯股份有限公司,TWSE,TWSE OpenAPI t187ap03_L:公司名稱,
9926,新海,TWSE,TWSE OpenAPI t187ap03_L:公司簡稱,
9927,泰銘實業股份有限公司,TWSE,TWSE OpenAPI t187ap03_L:公司名稱,
9927,泰銘,TWSE,TWSE OpenAPI t187ap03_L:公司簡稱,
9928,中國電視事業股份有限公司,TWSE,TWSE OpenAPI t187ap03_L:公司名稱,
9928,中視,TWSE,TWSE OpenAPI t187ap03_L:公司簡稱,
9929,秋雨創新股份有限公司,TWSE,TWSE OpenAPI t187ap03_L:公司名稱,
9929,秋雨,TWSE,TWSE OpenAPI t187ap03_L:公司簡稱,
9930,中聯資源股份有限公司,TWSE,TWSE OpenAPI t187ap03_L:公司名稱,
9930,中聯資源,TWSE,TWSE OpenAPI t187ap03_L:公司簡稱,
9931,欣高石油氣股份有限公司,TWSE,TWSE OpenAPI t187ap03_L:公司名稱,
9931,欣高,TWSE,TWSE OpenAPI t187ap03_L:公司簡稱,
9933,中鼎工程股份有限公司,TWSE,TWSE OpenAPI t187ap03_L:公司名稱,
9933,中鼎,TWSE,TWSE OpenAPI t187ap03_L:公司簡稱,
9934,成霖企業股份有限公司,TWSE,TWSE OpenAPI t187ap03_L:公司名稱,
9934,成霖,TWSE,TWSE OpenAPI t187ap03_L:公司簡稱,
9935,慶豐富實業股份有限公司,TWSE,TWSE OpenAPI t187ap03_L:公司名稱,
9935,慶豐富,TWSE,TWSE OpenAPI t187ap03_L:公司簡稱,
9937,全國加油站股份有限公司,TWSE,TWSE OpenAPI t187ap03_L:公司名稱,
9937,全國,TWSE,TWSE OpenAPI t187ap03_L:公司簡稱,
9938,台灣百和工業股份有限公司,TWSE,TWSE OpenAPI t187ap03_L:公司名稱,
9938,百和,TWSE,TWSE OpenAPI t187ap03_L:公司簡稱,
9939,宏全國際股份有限公司,TWSE,TWSE OpenAPI t187ap03_L:公司名稱,
9939,宏全,TWSE,TWSE OpenAPI t187ap03_L:公司簡稱,
9940,信義房屋股份有限公司,TWSE,TWSE OpenAPI t187ap03_L:公司名稱,
9940,信義,TWSE,TWSE OpenAPI t187ap03_L:公司簡稱,
9941,裕融企業股份有限公司,TWSE,TWSE OpenAPI t187ap03_L:公司名稱,
9941,裕融,TWSE,TWSE OpenAPI t187ap03_L:公司簡稱,
9942,茂順密封元件科技股份有限公司,TWSE,TWSE OpenAPI t187ap03_L:公司名稱,
9942,茂順,TWSE,TWSE OpenAPI t187ap03_L:公司簡稱,
9943,好樂迪股份有限公司,TWSE,TWSE OpenAPI t187ap03_L:公司名稱,
9943,好樂迪,TWSE,TWSE OpenAPI t187ap03_L:公司簡稱,
9944,新麗企業股份有限公司,TWSE,TWSE OpenAPI t187ap03_L:公司名稱,
9944,新麗,TWSE,TWSE OpenAPI t187ap03_L:公司簡稱,
9945,潤泰創新國際股份有限公司,TWSE,TWSE OpenAPI t187ap03_L:公司名稱,
9945,潤泰新,TWSE,TWSE OpenAPI t187ap03_L:公司簡稱,
9946,三發地產股份有限公司,TWSE,TWSE OpenAPI t187ap03_L:公司名稱,
9946,三發地產,TWSE,TWSE OpenAPI t187ap03_L:公司簡稱,
9955,佳龍科技工程股份有限公司,TWSE,TWSE OpenAPI t187ap03_L:公司名稱,
9955,佳龍,TWSE,TWSE OpenAPI t187ap03_L:公司簡稱,
9958,世紀鋼鐵結構股份有限公司,TWSE,TWSE OpenAPI t187ap03_L:公司名稱,
9958,世紀鋼,TWSE,TWSE OpenAPI t187ap03_L:公司簡稱,
1240,茂生農經股份有限公司,TPEx,TPEx OpenAPI mopsfin_t187ap03_O:CompanyName,
1259,安心食品服務股份有限公司,TPEx,TPEx OpenAPI mopsfin_t187ap03_O:CompanyName,
1264,德麥食品股份有限公司,TPEx,TPEx OpenAPI mopsfin_t187ap03_O:CompanyName,
1268,漢來美食股份有限公司,TPEx,TPEx OpenAPI mopsfin_t187ap03_O:CompanyName,
1294,漢田生技股份有限公司,TPEx,TPEx OpenAPI mopsfin_t187ap03_O:CompanyName,
1295,生合生物科技股份有限公司,TPEx,TPEx OpenAPI mopsfin_t187ap03_O:CompanyName,
1336,台翰精密科技股份有限公司,TPEx,TPEx OpenAPI mopsfin_t187ap03_O:CompanyName,
1565,精華光學股份有限公司,TPEx,TPEx OpenAPI mopsfin_t187ap03_O:CompanyName,
1569,濱川企業股份有限公司,TPEx,TPEx OpenAPI mopsfin_t187ap03_O:CompanyName,
1570,力肯實業股份有限公司,TPEx,TPEx OpenAPI mopsfin_t187ap03_O:CompanyName,
1580,新麥企業股份有限公司,TPEx,TPEx OpenAPI mopsfin_t187ap03_O:CompanyName,
1584,精剛精密科技股份有限公司,TPEx,TPEx OpenAPI mopsfin_t187ap03_O:CompanyName,
1586,和勤精機股份有限公司,TPEx,TPEx OpenAPI mopsfin_t187ap03_O:CompanyName,
1591,英屬開曼群島商駿吉控股(股)公司,TPEx,TPEx OpenAPI mopsfin_t187ap03_O:CompanyName,
1593,祺驊股份有限公司,TPEx,TPEx OpenAPI mopsfin_t187ap03_O:CompanyName,
1595,川寶科技股份有限公司,TPEx,TPEx OpenAPI mopsfin_t187ap03_O:CompanyName,
1599,宏佳騰動力科技股份有限公司,TPEx,TPEx OpenAPI mopsfin_t187ap03_O:CompanyName,
1742,台灣蠟品股份有限公司,TPEx,TPEx OpenAPI mopsfin_t187ap03_O:CompanyName,
1777,生泰合成工業股份有限公司,TPEx,TPEx OpenAPI mopsfin_t187ap03_O:CompanyName,
1781,合世生醫科技股份有限公司,TPEx,TPEx OpenAPI mopsfin_t187ap03_O:CompanyName,
1784,訊聯生物科技股份有限公司,TPEx,TPEx OpenAPI mopsfin_t187ap03_O:CompanyName,
1785,光洋應用材料科技股份有限公司,TPEx,TPEx OpenAPI mopsfin_t187ap03_O:CompanyName,
1788,杏昌生技股份有限公司,TPEx,TPEx OpenAPI mopsfin_t187ap03_O:CompanyName,
1796,金穎生物科技股份有限公司,TPEx,TPEx OpenAPI mopsfin_t187ap03_O:CompanyName,
1799,易威生醫科技股份有限公司,TPEx,TPEx OpenAPI mopsfin_t187ap03_O:CompanyName,
1813,寶利徠光學科技股份有限公司,TPEx,TPEx OpenAPI mopsfin_t187ap03_O:CompanyName,
1815,富喬工業股份有限公司,TPEx,TPEx OpenAPI mopsfin_t187ap03_O:CompanyName,
2035,唐榮鐵工廠股份有限公司,TPEx,TPEx OpenAPI mopsfin_t187ap03_O:CompanyName,
2061,風青實業股份有限公司,TPEx,TPEx OpenAPI mopsfin_t187ap03_O:CompanyName,
2063,世鎧精密股份有限公司,TPEx,TPEx OpenAPI mopsfin_t187ap03_O:CompanyName,
2064,晉椿工業股份有限公司,TPEx,TPEx OpenAPI mopsfin_t187ap03_O:CompanyName,
2065,世豐螺絲股份有限公司,TPEx,TPEx OpenAPI mopsfin_t187ap03_O:CompanyName,
2066,世德工業股份有限公司,TPEx,TPEx OpenAPI mopsfin_t187ap03_O:CompanyName,
2067,嘉鋼精密工業股份有限公司,TPEx,TPEx OpenAPI mopsfin_t187ap03_O:CompanyName,
2070,精湛光學科技股份有限公司,TPEx,TPEx OpenAPI mopsfin_t187ap03_O:CompanyName,
2073,雄順金屬股份有限公司,TPEx,TPEx OpenAPI mopsfin_t187ap03_O:CompanyName,
2221,大甲永和機械工業股份有限公司,TPEx,TPEx OpenAPI mopsfin_t187ap03_O:CompanyName,
2230,泰茂實業股份有限公司,TPEx,TPEx OpenAPI mopsfin_t187ap03_O:CompanyName,
2235,謚源實業股份有限公司,TPEx,TPEx OpenAPI mopsfin_t187ap03_O:CompanyName,
2596,綠意開發股份有限公司,TPEx,TPEx OpenAPI mopsfin_t187ap03_O:CompanyName,
2640,台灣大車隊股份有限公司,TPEx,TPEx OpenAPI mopsfin_t187ap03_O:CompanyName,
2641,正德海運股份有限公司,TPEx,TPEx OpenAPI mopsfin_t187ap03_O:CompanyName,
2643,捷迅股份有限公司,TPEx,TPEx OpenAPI mopsfin_t187ap03_O:CompanyName,
2718,全心投資控股股份有限公司,TPEx,TPEx OpenAPI mopsfin_t187ap03_O:CompanyName,
2719,台鋼燦星國際旅行社股份有限公司,TPEx,TPEx OpenAPI mopsfin_t187ap03_O:CompanyName,
2724,藝舍國際創新股份有限公司,TPEx,TPEx OpenAPI mopsfin_t187ap03_O:CompanyName,
2726,雅茗天地股份有限公司,TPEx,TPEx OpenAPI mopsfin_t187ap03_O:CompanyName,
2729,瓦城泰統股份有限公司,TPEx,TPEx OpenAPI mopsfin_t187ap03_O:CompanyName,
2732,六角國際事業股份有限公司,TPEx,TPEx OpenAPI mopsfin_t187ap03_O:CompanyName,
2734,易飛網國際旅行社股份有限公司,TPEx,TPEx OpenAPI mopsfin_t187ap03_O:CompanyName,
2736,富野大飯店股份有限公司,TPEx,TPEx OpenAPI mopsfin_t187ap03_O:CompanyName,
2740,華軒地產股份有限公司,TPEx,TPEx OpenAPI mopsfin_t187ap03_O:CompanyName,
2743,山富國際旅行社股份有限公司,TPEx,TPEx OpenAPI mopsfin_t187ap03_O:CompanyName,
2745,五福旅行社股份有限公司,TPEx,TPEx OpenAPI mopsfin_t187ap03_O:CompanyName,
2751,王座國際餐飲股份有限公司,TPEx,TPEx OpenAPI mopsfin_t187ap03_O:CompanyName,
2752,豆府股份有限公司,TPEx,TPEx OpenAPI mopsfin_t187ap03_O:CompanyName,
2754,亞洲藏壽司股份有限公司,TPEx,TPEx OpenAPI mopsfin_t187ap03_O:CompanyName,
2755,揚秦國際企業股份有限公司,TPEx,TPEx OpenAPI mopsfin_t187ap03_O:CompanyName,
2756,聯發國際餐飲事業股份有限公司,TPEx,TPEx OpenAPI mopsfin_t187ap03_O:CompanyName,
2916,滿心企業股份有限公司,TPEx,TPEx OpenAPI mopsfin_t187ap03_O:CompanyName,
2924,開曼群島宏太股份有限公司,TPEx,TPEx OpenAPI mopsfin_t187ap03_O:CompanyName,
2926,誠品生活股份有限公司,TPEx,TPEx OpenAPI mopsfin_t187ap03_O:CompanyName,
2937,集雅社股份有限公司,TPEx,TPEx OpenAPI mopsfin_t187ap03_O:CompanyName,
2941,米斯特國際企業股份有限公司,TPEx,TPEx OpenAPI mopsfin_t187ap03_O:CompanyName,
2947,振宇五金股份有限公司,TPEx,TPEx OpenAPI mopsfin_t187ap03_O:CompanyName,
2948,寶陞國際股份有限公司,TPEx,TPEx OpenAPI mopsfin_t187ap03_O:CompanyName,
2949,欣新網股份有限公司,TPEx,TPEx OpenAPI mopsfin_t187ap03_O:CompanyName,
3064,泰偉電子股份有限公司,TPEx,TPEx OpenAPI mopsfin_t187ap03_O:CompanyName,
3066,李洲科技股份有限公司,TPEx,TPEx OpenAPI mopsfin_t187ap03_O:CompanyName,
3067,全域股份有限公司,TPEx,TPEx OpenAPI mopsfin_t187ap03_O:CompanyName,
3071,協禧電機股份有限公司,TPEx,TPEx OpenAPI mopsfin_t187ap03_O:CompanyName,
3073,天方能源科技股份有限公司,TPEx,TPEx OpenAPI mopsfin_t187ap03_O:CompanyName,
3078,僑威科技股份有限公司,TPEx,TPEx OpenAPI mopsfin_t187ap03_O:CompanyName,
3081,聯亞光電工業股份有限公司,TPEx,TPEx OpenAPI mopsfin_t187ap03_O:CompanyName,
3083,中華網龍股份有限公司,TPEx,TPEx OpenAPI mopsfin_t187ap03_O:CompanyName,
3085,台鋼新零售股份有限公司,TPEx,TPEx OpenAPI mopsfin_t187ap03_O:CompanyName,
3086,華義國際數位娛樂股份有限公司,TPEx,TPEx OpenAPI mopsfin_t187ap03_O:CompanyName,
3088,艾訊股份有限公司,TPEx,TPEx OpenAPI mopsfin_t187ap03_O:CompanyName,
3093,台灣港建股份有限公司,TPEx,TPEx OpenAPI mopsfin_t187ap03_O:CompanyName,
3095,及成企業股份有限公司,TPEx,TPEx OpenAPI mopsfin_t187ap03_O:CompanyName,
3105,穩懋半導體股份有限公司,TPEx,TPEx OpenAPI mopsfin_t187ap03_O:CompanyName,
3114,好德科技股份有限公司,TPEx,TPEx OpenAPI mopsfin_t187ap03_O:CompanyName,
3115,富育榮綱股份有限公司,TPEx,TPEx OpenAPI mopsfin_t187ap03_O:CompanyName,
3118,進階生物科技股份有限公司,TPEx,TPEx OpenAPI mopsfin_t187ap03_O:CompanyName,
3122,笙泉科技股份有限公司,TPEx,TPEx OpenAPI mopsfin_t187ap03_O:CompanyName,
3128,昇銳智慧科技股份有限公司,TPEx,TPEx OpenAPI mopsfin_t187ap03_O:CompanyName,
3131,弘塑科技股份有限公司,TPEx,TPEx OpenAPI mopsfin_t187ap03_O:CompanyName,
3141,晶宏半導體股份有限公司,TPEx,TPEx OpenAPI mopsfin_t187ap03_O:CompanyName,
3147,大綜電腦系統股份有限公司,TPEx,TPEx OpenAPI mopsfin_t187ap03_O:CompanyName,
3152,璟德電子工業股份有限公司,TPEx,TPEx OpenAPI mopsfin_t187ap03_O:CompanyName,
3158,嘉實資訊股份有限公司,TPEx,TPEx OpenAPI mopsfin_t187ap03_O:CompanyName,
3162,精確實業股份有限公司,TPEx,TPEx OpenAPI mopsfin_t187ap03_O:CompanyName,
3163,波若威科技股份有限公司,TPEx,TPEx OpenAPI mopsfin_t187ap03_O:CompanyName,
3169,亞信電子股份有限公司,TPEx,TPEx OpenAPI mopsfin_t187ap03_O:CompanyName,
3171,炎洲流通股份有限公司,TPEx,TPEx OpenAPI mopsfin_t187ap03_O:CompanyName,
3176,基亞生物科技股份有限公司,TPEx,TPEx OpenAPI mopsfin_t187ap03_O:CompanyName,
3178,公準精密工業股份有限公司,TPEx,TPEx OpenAPI mopsfin_t187ap03_O:CompanyName,
3188,鑫龍騰開發股份有限公司,TPEx,TPEx OpenAPI mopsfin_t187ap03_O:CompanyName,
3191,雲嘉南科技股份有限公司,TPEx,TPEx OpenAPI mopsfin_t187ap03_O:CompanyName,
3205,佰研生化科技股份有限公司,TPEx,TPEx OpenAPI mopsfin_t187ap03_O:CompanyName,
3206,志豐電子股份有限公司,TPEx,TPEx OpenAPI mopsfin_t187ap03_O:CompanyName,
3207,耀勝電子股份有限公司,TPEx,TPEx OpenAPI mopsfin_t187ap03_O:CompanyName,
3211,順達科技股份有限公司,TPEx,TPEx OpenAPI mopsfin_t187ap03_O:CompanyName,
3213,茂訊電腦股份有限公司,TPEx,TPEx OpenAPI mopsfin_t187ap03_O:CompanyName,
3217,優群科技股份有限公司,TPEx,TPEx OpenAPI mopsfin_t187ap03_O:CompanyName,
3218,大學光學科技股份有限公司,TPEx,TPEx OpenAPI mopsfin_t187ap03_O:CompanyName,
3219,倚強科技股份有限公司,TPEx,TPEx OpenAPI mopsfin_t187ap03_O:CompanyName,
3221,台灣嘉碩科技股份有限公司,TPEx,TPEx OpenAPI mopsfin_t187ap03_O:CompanyName,
3224,三顧股份有限公司,TPEx,TPEx OpenAPI mopsfin_t187ap03_O:CompanyName,
3226,龍鋒科技股份有限公司,TPEx,TPEx OpenAPI mopsfin_t187ap03_O:CompanyName,
3227,原相科技股份有限公司,TPEx,TPEx OpenAPI mopsfin_t187ap03_O:CompanyName,
3228,金麗科技股份有限公司,TPEx,TPEx OpenAPI mopsfin_t187ap03_O:CompanyName,
3230,錦明實業股份有限公司,TPEx,TPEx OpenAPI mopsfin_t187ap03_O:CompanyName,
3232,昱捷股份有限公司,TPEx,TPEx OpenAPI mopsfin_t187ap03_O:CompanyName,
3234,光環科技股份有限公司,TPEx,TPEx OpenAPI mopsfin_t187ap03_O:CompanyName,
3236,千如電機工業股份有限公司,TPEx,TPEx OpenAPI mopsfin_t187ap03_O:CompanyName,
3252,海灣國際開發(股)公司,TPEx,TPEx OpenAPI mopsfin_t187ap03_O:CompanyName,
3259,鑫創科技股份有限公司,TPEx,TPEx OpenAPI mopsfin_t187ap03_O:CompanyName,
3260,威剛科技股份有限公司,TPEx,TPEx OpenAPI mopsfin_t187ap03_O:CompanyName,
3264,欣銓科技股份有限公司,TPEx,TPEx OpenAPI mopsfin_t187ap03_O:CompanyName,
3265,台星科股份有限公司,TPEx,TPEx OpenAPI mopsfin_t187ap03_O:CompanyName,
3268,海德威電子工業股份有限公司,TPEx,TPEx OpenAPI mopsfin_t187ap03_O:CompanyName,
3272,東碩資訊股份有限公司,TPEx,TPEx OpenAPI mopsfin_t187ap03_O:CompanyName,
3276,宇環科技股份有限公司,TPEx,TPEx OpenAPI mopsfin_t187ap03_O:CompanyName,
3284,太普高精密影像股份有限公司,TPEx,TPEx OpenAPI mopsfin_t187ap03_O:CompanyName,
3285,微端科技股份有限公司,TPEx,TPEx OpenAPI mopsfin_t187ap03_O:CompanyName,
3287,廣寰科技股份有限公司,TPEx,TPEx OpenAPI mopsfin_t187ap03_O:CompanyName,
3288,點晶科技股份有限公司,TPEx,TPEx OpenAPI mopsfin_t187ap03_O:CompanyName,
3289,宜特科技股份有限公司,TPEx,TPEx OpenAPI mopsfin_t187ap03_O:CompanyName,
3290,東浦精密光電股份有限公司,TPEx,TPEx OpenAPI mopsfin_t187ap03_O:CompanyName,
3293,鈊象電子股份有限公司,TPEx,TPEx OpenAPI mopsfin_t187ap03_O:CompanyName,
3294,英濟股份有限公司,TPEx,TPEx OpenAPI mopsfin_t187ap03_O:CompanyName,
3297,杭特電子股份有限公司,TPEx,TPEx OpenAPI mopsfin_t187ap03_O:CompanyName,
3303,岱稜科技股份有限公司,TPEx,TPEx OpenAPI mopsfin_t187ap03_O:CompanyName,
3306,鼎天國際股份有限公司,TPEx,TPEx OpenAPI mopsfin_t187ap03_O:CompanyName,
3310,佳穎精密企業股份有限公司,TPEx,TPEx OpenAPI mopsfin_t187ap03_O:CompanyName,
3313,斐成開發科技股份有限公司,TPEx,TPEx OpenAPI mopsfin_t187ap03_O:CompanyName,
3317,尼克森微電子股份有限公司,TPEx,TPEx OpenAPI mopsfin_t187ap03_O:CompanyName,
3322,建舜電子製造股份有限公司,TPEx,TPEx OpenAPI mopsfin_t187ap03_O:CompanyName,
3323,加百裕工業股份有限公司,TPEx,TPEx OpenAPI mopsfin_t187ap03_O:CompanyName,
3324,雙鴻科技股份有限公司,TPEx,TPEx OpenAPI mopsfin_t187ap03_O:CompanyName,
3325,旭品科技股份有限公司,TPEx,TPEx OpenAPI mopsfin_t187ap03_O:CompanyName,
3332,幸康電子股份有限公司,TPEx,TPEx OpenAPI mopsfin_t187ap03_O:CompanyName,
3339,泰谷光電科技股份有限公司,TPEx,TPEx OpenAPI mopsfin_t187ap03_O:CompanyName,
3349,寶德科技股份有限公司,TPEx,TPEx OpenAPI mopsfin_t187ap03_O:CompanyName,
3354,律勝科技股份有限公司,TPEx,TPEx OpenAPI mopsfin_t187ap03_O:CompanyName,
3357,西北臺慶科技股份有限公司,TPEx,TPEx OpenAPI mopsfin_t187ap03_O:CompanyName,
3360,尚立股份有限公司,TPEx,TPEx OpenAPI mopsfin_t187ap03_O:CompanyName,
3362,先進光電科技股份有限公司,TPEx,TPEx OpenAPI mopsfin_t187ap03_O:CompanyName,
3363,上詮光纖通信股份有限公司,TPEx,TPEx OpenAPI mopsfin_t187ap03_O:CompanyName,
3372,台灣典範半導體股份有限公司,TPEx,TPEx OpenAPI mopsfin_t187ap03_O:CompanyName,
3373,熱映光電股份有限公司,TPEx,TPEx OpenAPI mopsfin_t187ap03_O:CompanyName,
3374,精材科技股份有限公司,TPEx,TPEx OpenAPI mopsfin_t187ap03_O:CompanyName,
3379,彬台科技股份有限公司,TPEx,TPEx OpenAPI mopsfin_t187ap03_O:CompanyName,
3388,崇越電通股份有限公司,TPEx,TPEx OpenAPI mopsfin_t187ap03_O:CompanyName,
3390,旭軟電子科技股份有限公司,TPEx,TPEx OpenAPI mopsfin_t187ap03_O:CompanyName,
3402,漢科系統科技股份有限公司,TPEx,TPEx OpenAPI mopsfin_t187ap03_O:CompanyName,
3426,台興電子企業股份有限公司,TPEx,TPEx OpenAPI mopsfin_t187ap03_O:CompanyName,
3430,奇鈦科技股份有限公司,TPEx,TPEx OpenAPI mopsfin_t187ap03_O:CompanyName,
3434,哲固資訊科技股份有限公司,TPEx,TPEx OpenAPI mopsfin_t187ap03_O:CompanyName,
3438,台灣類比科技股份有限公司,TPEx,TPEx OpenAPI mopsfin_t187ap03_O:CompanyName,
3441,聯一光電股份有限公司,TPEx,TPEx OpenAPI mopsfin_t187ap03_O:CompanyName,
3444,利機企業股份有限公司,TPEx,TPEx OpenAPI mopsfin_t187ap03_O:CompanyName,
3455,由田新技股份有限公司,TPEx,TPEx OpenAPI mopsfin_t187ap03_O:CompanyName,
3465,進泰電子科技股份有限公司,TPEx,TPEx OpenAPI mopsfin_t187ap03_O:CompanyName,
3466,德晉科技股份有限公司,TPEx,TPEx OpenAPI mopsfin_t187ap03_O:CompanyName,
3467,台灣精材股份有限公司,TPEx,TPEx OpenAPI mopsfin_t187ap03_O:CompanyName,
3479,安勤科技股份有限公司,TPEx,TPEx OpenAPI mopsfin_t187ap03_O:CompanyName,
3483,力致科技股份有限公司,TPEx,TPEx OpenAPI mopsfin_t187ap03_O:CompanyName,
3484,崧騰企業股份有限公司,TPEx,TPEx OpenAPI mopsfin_t187ap03_O:CompanyName,
3485,敘(余+卜+又)豐企業股份有限公司,TPEx,TPEx OpenAPI mopsfin_t187ap03_O:CompanyName,
3489,森寶開發股份有限公司,TPEx,TPEx OpenAPI mopsfin_t187ap03_O:CompanyName,
3490,單井工業股份有限公司,TPEx,TPEx OpenAPI mopsfin_t187ap03_O:CompanyName,
3491,昇達科技股份有限公司,TPEx,TPEx OpenAPI mopsfin_t187ap03_O:CompanyName,
3492,長盛科技股份有限公司,TPEx,TPEx OpenAPI mopsfin_t187ap03_O:CompanyName,
3498,陽程科技股份有限公司,TPEx,TPEx OpenAPI mopsfin_t187ap03_O:CompanyName,
3499,環天世通科技股份有限公司,TPEx,TPEx OpenAPI mopsfin_t187ap03_O:CompanyName,
3508,位速科技股份有限公司,TPEx,TPEx OpenAPI mopsfin_t187ap03_O:CompanyName,
3511,矽瑪科技股份有限公司,TPEx,TPEx OpenAPI mopsfin_t187ap03_O:CompanyName,
3512,皇龍開發股份有限公司,TPEx,TPEx OpenAPI mopsfin_t187ap03_O:CompanyName,
3516,亞帝歐光電股份有限公司,TPEx,TPEx OpenAPI mopsfin_t187ap03_O:CompanyName,
3520,華盈電子股份有限公司,TPEx,TPEx OpenAPI mopsfin_t187ap03_O:CompanyName,
3521,台鋼建設事業股份有限公司,TPEx,TPEx OpenAPI mopsfin_t187ap03_O:CompanyName,
3522,御嵿國際股份有限公司,TPEx,TPEx OpenAPI mopsfin_t187ap03_O:CompanyName,
3523,迎輝科技股份有限公司,TPEx,TPEx OpenAPI mopsfin_t187ap03_O:CompanyName,
3526,凡甲科技股份有限公司,TPEx,TPEx OpenAPI mopsfin_t187ap03_O:CompanyName,
3527,聚積科技股份有限公司,TPEx,TPEx OpenAPI mopsfin_t187ap03_O:CompanyName,
3529,力旺電子股份有限公司,TPEx,TPEx OpenAPI mopsfin_t187ap03_O:CompanyName,
3531,先益電子工業股份有限公司,TPEx,TPEx OpenAPI mopsfin_t187ap03_O:CompanyName,
3537,堡達實業股份有限公司,TPEx,TPEx OpenAPI mopsfin_t187ap03_O:CompanyName,
3540,曜越科技股份有限公司,TPEx,TPEx OpenAPI mopsfin_t187ap03_O:CompanyName,
3541,西柏科技股份有限公司,TPEx,TPEx OpenAPI mopsfin_t187ap03_O:CompanyName,
3546,宇峻奧汀科技股份有限公司,TPEx,TPEx OpenAPI mopsfin_t187ap03_O:CompanyName,
3548,兆利科技工業股份有限公司,TPEx,TPEx OpenAPI mopsfin_t187ap03_O:CompanyName,
3551,世禾科技股份有限公司,TPEx,TPEx OpenAPI mopsfin_t187ap03_O:CompanyName,
3552,同致電子企業股份有限公司,TPEx,TPEx OpenAPI mopsfin_t187ap03_O:CompanyName,
3555,博士旺創新股份有限公司,TPEx,TPEx OpenAPI mopsfin_t187ap03_O:CompanyName,
3556,禾瑞亞科技股份有限公司,TPEx,TPEx OpenAPI mopsfin_t187ap03_O:CompanyName,
3558,神準科技股份有限公司,TPEx,TPEx OpenAPI mopsfin_t187ap03_O:CompanyName,
3564,其陽科技股份有限公司,TPEx,TPEx OpenAPI mopsfin_t187ap03_O:CompanyName,
3567,逸昌科技股份有限公司,TPEx,TPEx OpenAPI mopsfin_t187ap03_O:CompanyName,
3570,大塚資訊科技股份有限公司,TPEx,TPEx OpenAPI mopsfin_t187ap03_O:CompanyName,
3577,泓格科技股份有限公司,TPEx,TPEx OpenAPI mopsfin_t187ap03_O:CompanyName,
3580,友威科技股份有限公司,TPEx,TPEx OpenAPI mopsfin_t187ap03_O:CompanyName,
3581,博磊科技股份有限公司,TPEx,TPEx OpenAPI mopsfin_t187ap03_O:CompanyName,
3587,閎康科技股份有限公司,TPEx,TPEx OpenAPI mopsfin_t187ap03_O:CompanyName,
3594,磐儀科技股份有限公司,TPEx,TPEx OpenAPI mopsfin_t187ap03_O:CompanyName,
3597,映興電子股份有限公司,TPEx,TPEx OpenAPI mopsfin_t187ap03_O:CompanyName,
3609,三一東林科技股份有限公司,TPEx,TPEx OpenAPI mopsfin_t187ap03_O:CompanyName,
3611,鼎翰科技股份有限公司,TPEx,TPEx OpenAPI mopsfin_t187ap03_O:CompanyName,
3615,安可光電股份有限公司,TPEx,TPEx OpenAPI mopsfin_t187ap03_O:CompanyName,
3623,富晶通科技股份有限公司,TPEx,TPEx OpenAPI mopsfin_t187ap03_O:CompanyName,
3624,光頡科技股份有限公司,TPEx,TPEx OpenAPI mopsfin_t187ap03_O:CompanyName,
3625,西勝國際股份有限公司,TPEx,TPEx OpenAPI mopsfin_t187ap03_O:CompanyName,
3628,盈正豫順電子股份有限公司,TPEx,TPEx OpenAPI mopsfin_t187ap03_O:CompanyName,
3629,地心引力股份有限公司,TPEx,TPEx OpenAPI mopsfin_t187ap03_O:CompanyName,
3630,新鉅科技股份有限公司,TPEx,TPEx OpenAPI mopsfin_t187ap03_O:CompanyName,
3631,晟楠科技股份有限公司,TPEx,TPEx OpenAPI mopsfin_t187ap03_O:CompanyName,
3632,研勤科技股份有限公司,TPEx,TPEx OpenAPI mopsfin_t187ap03_O:CompanyName,
3646,艾恩特精密工業股份有限公司,TPEx,TPEx OpenAPI mopsfin_t187ap03_O:CompanyName,
3663,鑫科材料科技股份有限公司,TPEx,TPEx OpenAPI mopsfin_t187ap03_O:CompanyName,
3664,安瑞科技股份有限公司,TPEx,TPEx OpenAPI mopsfin_t187ap03_O:CompanyName,
3666,光耀科技股份有限公司,TPEx,TPEx OpenAPI mopsfin_t187ap03_O:CompanyName,
3672,康聯訊科技股份有限公司,TPEx,TPEx OpenAPI mopsfin_t187ap03_O:CompanyName,
3675,德微科技股份有限公司,TPEx,TPEx OpenAPI mopsfin_t187ap03_O:CompanyName,
3680,家登精密工業股份有限公司,TPEx,TPEx OpenAPI mopsfin_t187ap03_O:CompanyName,
3684,榮昌科技股份有限公司,TPEx,TPEx OpenAPI mopsfin_t187ap03_O:CompanyName,
3685,元創精密車業股份有限公司,TPEx,TPEx OpenAPI mopsfin_t187ap03_O:CompanyName,
3687,茂為歐買尬數位科技股份有限公司,TPEx,TPEx OpenAPI mopsfin_t187ap03_O:CompanyName,
3689,湧德電子股份有限公司,TPEx,TPEx OpenAPI mopsfin_t187ap03_O:CompanyName,
3691,碩禾電子材料股份有限公司,TPEx,TPEx OpenAPI mopsfin_t187ap03_O:CompanyName,
3693,營邦企業股份有限公司,TPEx,TPEx OpenAPI mopsfin_t187ap03_O:CompanyName,
3707,漢磊科技股份有限公司,TPEx,TPEx OpenAPI mopsfin_t187ap03_O:CompanyName,
3709,鑫聯大投資控股股份有限公司,TPEx,TPEx OpenAPI mopsfin_t187ap03_O:CompanyName,
3710,連展投資控股股份有限公司,TPEx,TPEx OpenAPI mopsfin_t187ap03_O:CompanyName,
3713,新晶投資控股股份有限公司,TPEx,TPEx OpenAPI mopsfin_t187ap03_O:CompanyName,
4102,永日化學工業股份有限公司,TPEx,TPEx OpenAPI mopsfin_t187ap03_O:CompanyName,
4105,台灣東洋藥品工業股份有限公司,TPEx,TPEx OpenAPI mopsfin_t187ap03_O:CompanyName,
4107,邦特生物科技股份有限公司,TPEx,TPEx OpenAPI mopsfin_t187ap03_O:CompanyName,
4109,加捷生醫股份有限公司,TPEx,TPEx OpenAPI mopsfin_t187ap03_O:CompanyName,
4111,濟生醫藥生技股份有限公司,TPEx,TPEx OpenAPI mopsfin_t187ap03_O:CompanyName,
4113,聯上實業股份有限公司,TPEx,TPEx OpenAPI mopsfin_t187ap03_O:CompanyName,
4114,健喬信元醫藥生技股份有限公司,TPEx,TPEx OpenAPI mopsfin_t187ap03_O:CompanyName,
4116,明基三豐醫療器材股份有限公司,TPEx,TPEx OpenAPI mopsfin_t187ap03_O:CompanyName,
4120,友華生技醫藥股份有限公司,TPEx,TPEx OpenAPI mopsfin_t187ap03_O:CompanyName,
4121,優盛醫學科技股份有限公司,TPEx,TPEx OpenAPI mopsfin_t187ap03_O:CompanyName,
4123,晟德大藥廠股份有限公司,TPEx,TPEx OpenAPI mopsfin_t187ap03_O:CompanyName,
4126,太平洋醫材股份有限公司,TPEx,TPEx OpenAPI mopsfin_t187ap03_O:CompanyName,
4127,天良生物科技企業股份有限公司,TPEx,TPEx OpenAPI mopsfin_t187ap03_O:CompanyName,
4128,中天生物科技股份有限公司,TPEx,TPEx OpenAPI mopsfin_t187ap03_O:CompanyName,
4129,聯合骨科器材股份有限公司,TPEx,TPEx OpenAPI mopsfin_t187ap03_O:CompanyName,
4130,健亞生物科技股份有限公司,TPEx,TPEx OpenAPI mopsfin_t187ap03_O:CompanyName,
4131,浩泰精準股份有限公司,TPEx,TPEx OpenAPI mopsfin_t187ap03_O:CompanyName,
4138,曜亞國際股份有限公司,TPEx,TPEx OpenAPI mopsfin_t187ap03_O:CompanyName,
4139,馬光保健控股股份有限公司,TPEx,TPEx OpenAPI mopsfin_t187ap03_O:CompanyName,
4147,中裕新藥股份有限公司,TPEx,TPEx OpenAPI mopsfin_t187ap03_O:CompanyName,
4153,鈺緯科技開發股份有限公司,TPEx,TPEx OpenAPI mopsfin_t187ap03_O:CompanyName,
4154,樂威科股份有限公司,TPEx,TPEx OpenAPI mopsfin_t187ap03_O:CompanyName,
4157,太景醫藥研發控股股份有限公司,TPEx,TPEx OpenAPI mopsfin_t187ap03_O:CompanyName,
4160,訊聯基因數位股份有限公司,TPEx,TPEx OpenAPI mopsfin_t187ap03_O:CompanyName,
4161,聿新生物科技股份有限公司,TPEx,TPEx OpenAPI mopsfin_t187ap03_O:CompanyName,
4162,智擎生技製藥股份有限公司,TPEx,TPEx OpenAPI mopsfin_t187ap03_O:CompanyName,
4163,鐿鈦科技股份有限公司,TPEx,TPEx OpenAPI mopsfin_t187ap03_O:CompanyName,
4166,友霖生技醫藥股份有限公司,TPEx,TPEx OpenAPI mopsfin_t187ap03_O:CompanyName,
4167,松瑞製藥股份有限公司,TPEx,TPEx OpenAPI mopsfin_t187ap03_O:CompanyName,
4168,台灣醣聯生技醫藥股份有限公司,TPEx,TPEx OpenAPI mopsfin_t187ap03_O:CompanyName,
4171,瑞基海洋生物科技股份有限公司,TPEx,TPEx OpenAPI mopsfin_t187ap03_O:CompanyName,
4173,久裕企業股份有限公司,TPEx,TPEx OpenAPI mopsfin_t187ap03_O:CompanyName,
4174,台灣浩鼎生技股份有限公司,TPEx,TPEx OpenAPI mopsfin_t187ap03_O:CompanyName,
4175,杏一醫療用品股份有限公司,TPEx,TPEx OpenAPI mopsfin_t187ap03_O:CompanyName,
4183,福永生物科技股份有限公司,TPEx,TPEx OpenAPI mopsfin_t187ap03_O:CompanyName,
4188,安克生醫股份有限公司,TPEx,TPEx OpenAPI mopsfin_t187ap03_O:CompanyName,
4192,杏國新藥股份有限公司,TPEx,TPEx OpenAPI mopsfin_t187ap03_O:CompanyName,
4198,欣大健康投資控股股份有限公司,TPEx,TPEx OpenAPI mopsfin_t187ap03_O:CompanyName,
4205,中華食品實業股份有限公司,TPEx,TPEx OpenAPI mopsfin_t187ap03_O:CompanyName,
4207,環泰企業股份有限公司,TPEx,TPEx OpenAPI mopsfin_t187ap03_O:CompanyName,
4303,信立化學工業股份有限公司,TPEx,TPEx OpenAPI mopsfin_t187ap03_O:CompanyName,
4304,勝昱科技股份有限公司,TPEx,TPEx OpenAPI mopsfin_t187ap03_O:CompanyName,
4305,世坤塑膠股份有限公司,TPEx,TPEx OpenAPI mopsfin_t187ap03_O:CompanyName,
4401,東隆興業股份有限公司,TPEx,TPEx OpenAPI mopsfin_t187ap03_O:CompanyName,
4402,郡都開發股份有限公司,TPEx,TPEx OpenAPI mopsfin_t187ap03_O:CompanyName,
4406,新昕纖維股份有限公司,TPEx,TPEx OpenAPI mopsfin_t187ap03_O:CompanyName,
4413,飛寶企業股份有限公司,TPEx,TPEx OpenAPI mopsfin_t187ap03_O:CompanyName,
4416,三圓建設股份有限公司,TPEx,TPEx OpenAPI mopsfin_t187ap03_O:CompanyName,
4417,金洲海洋科技股份有限公司,TPEx,TPEx OpenAPI mopsfin_t187ap03_O:CompanyName,
4419,皇家國際美食股份有限公司,TPEx,TPEx OpenAPI mopsfin_t187ap03_O:CompanyName,
4420,光明絲織廠股份有限公司,TPEx,TPEx OpenAPI mopsfin_t187ap03_O:CompanyName,
4430,耀億工業股份有限公司,TPEx,TPEx OpenAPI mopsfin_t187ap03_O:CompanyName,
4432,銘旺實業股份有限公司,TPEx,TPEx OpenAPI mopsfin_t187ap03_O:CompanyName,
4433,興采實業股份有限公司,TPEx,TPEx OpenAPI mopsfin_t187ap03_O:CompanyName,
4442,開曼群島商竣邦國際股份有限公司,TPEx,TPEx OpenAPI mopsfin_t187ap03_O:CompanyName,
4502,健信科技工業股份有限公司,TPEx,TPEx OpenAPI mopsfin_t187ap03_O:CompanyName,
4503,金雨企業股份有限公司,TPEx,TPEx OpenAPI mopsfin_t187ap03_O:CompanyName,
4506,崇友實業(股)公司,TPEx,TPEx OpenAPI mopsfin_t187ap03_O:CompanyName,
4510,高鋒工業股份有限公司,TPEx,TPEx OpenAPI mopsfin_t187ap03_O:CompanyName,
4513,福裕事業股份有限公司,TPEx,TPEx OpenAPI mopsfin_t187ap03_O:CompanyName,
4523,永彰科技股份有限公司,TPEx,TPEx OpenAPI mopsfin_t187ap03_O:CompanyName,
4527,(方方土)霖冷凍機械股份有限公司,TPEx,TPEx OpenAPI mopsfin_t187ap03_O:CompanyName,
4528,江興鍛壓工業股份有限公司,TPEx,TPEx OpenAPI mopsfin_t187ap03_O:CompanyName,
4529,淳紳股份有限公司,TPEx,TPEx OpenAPI mopsfin_t187ap03_O:CompanyName,
4530,宏易創新國際股份有限公司,TPEx,TPEx OpenAPI mopsfin_t187ap03_O:CompanyName,
4533,協易機械工業股份有限公司,TPEx,TPEx OpenAPI mopsfin_t187ap03_O:CompanyName,
4534,慶騰精密科技股份有限公司,TPEx,TPEx OpenAPI mopsfin_t187ap03_O:CompanyName,
4535,至興精機股份有限公司,TPEx,TPEx OpenAPI mopsfin_t187ap03_O:CompanyName,
4538,大詠城機械股份有限公司,TPEx,TPEx OpenAPI mopsfin_t187ap03_O:CompanyName,
4541,晟田科技工業股份有限公司,TPEx,TPEx OpenAPI mopsfin_t187ap03_O:CompanyName,
4542,科嶠工業股份有限公司,TPEx,TPEx OpenAPI mopsfin_t187ap03_O:CompanyName,
4543,萬在工業股份有限公司,TPEx,TPEx OpenAPI mopsfin_t187ap03_O:CompanyName,
4549,桓達科技股份有限公司,TPEx,TPEx OpenAPI mopsfin_t187ap03_O:CompanyName,
4550,長佳機電工程股份有限公司,TPEx,TPEx OpenAPI mopsfin_t187ap03_O:CompanyName,
4554,橙的電子股份有限公司,TPEx,TPEx OpenAPI mopsfin_t187ap03_O:CompanyName,
4556,旭然國際股份有限公司,TPEx,TPEx OpenAPI mopsfin_t187ap03_O:CompanyName,
4558,寶緯工業股份有限公司,TPEx,TPEx OpenAPI mopsfin_t187ap03_O:CompanyName,
4561,健椿工業股份有限公司,TPEx,TPEx OpenAPI mopsfin_t187ap03_O:CompanyName,
4563,百德機械股份有限公司,TPEx,TPEx OpenAPI mopsfin_t187ap03_O:CompanyName,
4568,科際精密股份有限公司,TPEx,TPEx OpenAPI mopsfin_t187ap03_O:CompanyName,
4577,達航科技股份有限公司,TPEx,TPEx OpenAPI mopsfin_t187ap03_O:CompanyName,
4580,捷流閥業股份有限公司,TPEx,TPEx OpenAPI mopsfin_t187ap03_O:CompanyName,
4584,君帆工業股份有限公司,TPEx,TPEx OpenAPI mopsfin_t187ap03_O:CompanyName,
4609,唐鋒實業股份有限公司,TPEx,TPEx OpenAPI mopsfin_t187ap03_O:CompanyName,
4702,中美聯合實業股份有限公司,TPEx,TPEx OpenAPI mopsfin_t187ap03_O:CompanyName,
4706,大恭化學工業股份有限公司,TPEx,TPEx OpenAPI mopsfin_t187ap03_O:CompanyName,
4707,磐亞股份有限公司,TPEx,TPEx OpenAPI mopsfin_t187ap03_O:CompanyName,
4711,永純化學工業股份有限公司,TPEx,TPEx OpenAPI mopsfin_t187ap03_O:CompanyName,
4714,永捷創新科技股份有限公司,TPEx,TPEx OpenAPI mopsfin_t187ap03_O:CompanyName,
4716,大立高分子工業股份有限公司,TPEx,TPEx OpenAPI mopsfin_t187ap03_O:CompanyName,
4721,美琪瑪國際股份有限公司,TPEx,TPEx OpenAPI mopsfin_t187ap03_O:CompanyName,
4726,永昕生物醫藥股份有限公司,TPEx,TPEx OpenAPI mopsfin_t187ap03_O:CompanyName,
4728,雙美生物科技股份有限公司,TPEx,TPEx OpenAPI mopsfin_t187ap03_O:CompanyName,
4729,熒茂光學股份有限公司,TPEx,TPEx OpenAPI mopsfin_t187ap03_O:CompanyName,
4735,豪展醫療科技股份有限公司,TPEx,TPEx OpenAPI mopsfin_t187ap03_O:CompanyName,
4741,泓瀚科技股份有限公司,TPEx,TPEx OpenAPI mopsfin_t187ap03_O:CompanyName,
4743,合一生技股份有限公司,TPEx,TPEx OpenAPI mopsfin_t187ap03_O:CompanyName,
4744,皇將科技股份有限公司,TPEx,TPEx OpenAPI mopsfin_t187ap03_O:CompanyName,
4745,合富醫療控股股份有限公司,TPEx,TPEx OpenAPI mopsfin_t187ap03_O:CompanyName,
4747,強生化學製藥廠股份有限公司,TPEx,TPEx OpenAPI mopsfin_t187ap03_O:CompanyName,
4749,新應材股份有限公司,TPEx,TPEx OpenAPI mopsfin_t187ap03_O:CompanyName,
4754,國碳科技股份有限公司,TPEx,TPEx OpenAPI mopsfin_t187ap03_O:CompanyName,
4760,勤凱科技股份有限公司,TPEx,TPEx OpenAPI mopsfin_t187ap03_O:CompanyName,
4767,誠泰工業科技股份有限公司,TPEx,TPEx OpenAPI mopsfin_t187ap03_O:CompanyName,
4768,晶呈科技股份有限公司,TPEx,TPEx OpenAPI mopsfin_t187ap03_O:CompanyName,
4772,台灣特品化學股份有限公司,TPEx,TPEx OpenAPI mopsfin_t187ap03_O:CompanyName,
4804,大略國際控股有限公司,TPEx,TPEx OpenAPI mopsfin_t187ap03_O:CompanyName,
4806,桂田文創娛樂股份有限公司,TPEx,TPEx OpenAPI mopsfin_t187ap03_O:CompanyName,
4903,聯合光纖通信股份有限公司,TPEx,TPEx OpenAPI mopsfin_t187ap03_O:CompanyName,
4905,台聯電訊股份有限公司,TPEx,TPEx OpenAPI mopsfin_t187ap03_O:CompanyName,
4907,富宇地產股份有限公司,TPEx,TPEx OpenAPI mopsfin_t187ap03_O:CompanyName,
4908,前鼎光電股份有限公司,TPEx,TPEx OpenAPI mopsfin_t187ap03_O:CompanyName,
4909,新復興微波通訊股份有限公司,TPEx,TPEx OpenAPI mopsfin_t187ap03_O:CompanyName,
4911,德英生物科技股份有限公司,TPEx,TPEx OpenAPI mopsfin_t187ap03_O:CompanyName,
4923,力士科技股份有限公司,TPEx,TPEx OpenAPI mopsfin_t187ap03_O:CompanyName,
4924,欣厚科技股份有限公司,TPEx,TPEx OpenAPI mopsfin_t187ap03_O:CompanyName,
4931,新盛力科技股份有限公司,TPEx,TPEx OpenAPI mopsfin_t187ap03_O:CompanyName,
4933,友輝光電股份有限公司,TPEx,TPEx OpenAPI mopsfin_t187ap03_O:CompanyName,
4939,亞洲電材股份有限公司,TPEx,TPEx OpenAPI mopsfin_t187ap03_O:CompanyName,
4946,紅心辣椒娛樂科技股份有限公司,TPEx,TPEx OpenAPI mopsfin_t187ap03_O:CompanyName,
4950,金耘國際股份有限公司,TPEx,TPEx OpenAPI mopsfin_t187ap03_O:CompanyName,
4951,精拓科技股份有限公司,TPEx,TPEx OpenAPI mopsfin_t187ap03_O:CompanyName,
4953,緯創軟體股份有限公司,TPEx,TPEx OpenAPI mopsfin_t187ap03_O:CompanyName,
4966,譜瑞科技股份有限公司,TPEx,TPEx OpenAPI mopsfin_t187ap03_O:CompanyName,
4971,英特磊科技股份有限公司,TPEx,TPEx OpenAPI mopsfin_t187ap03_O:CompanyName,
4972,湯石照明科技股份有限公司,TPEx,TPEx OpenAPI mopsfin_t187ap03_O:CompanyName,
4973,廣穎電通股份有限公司,TPEx,TPEx OpenAPI mopsfin_t187ap03_O:CompanyName,
4974,亞泰影像科技股份有限公司,TPEx,TPEx OpenAPI mopsfin_t187ap03_O:CompanyName,
4979,華星光通科技股份有限公司,TPEx,TPEx OpenAPI mopsfin_t187ap03_O:CompanyName,
4987,科誠股份有限公司,TPEx,TPEx OpenAPI mopsfin_t187ap03_O:CompanyName,
4991,環宇通訊半導體控股股份有限公司,TPEx,TPEx OpenAPI mopsfin_t187ap03_O:CompanyName,
4995,晶達光電股份有限公司,TPEx,TPEx OpenAPI mopsfin_t187ap03_O:CompanyName,
5009,榮剛材料科技股份有限公司,TPEx,TPEx OpenAPI mopsfin_t187ap03_O:CompanyName,
5011,久陽精密股份有限公司,TPEx,TPEx OpenAPI mopsfin_t187ap03_O:CompanyName,
5013,強新工業股份有限公司,TPEx,TPEx OpenAPI mopsfin_t187ap03_O:CompanyName,
5014,建錩實業股份有限公司,TPEx,TPEx OpenAPI mopsfin_t187ap03_O:CompanyName,
5015,華祺工業股份有限公司,TPEx,TPEx OpenAPI mopsfin_t187ap03_O:CompanyName,
5016,松和工業股份有限公司,TPEx,TPEx OpenAPI mopsfin_t187ap03_O:CompanyName,
5201,凱衛資訊股份有限公司,TPEx,TPEx OpenAPI mopsfin_t187ap03_O:CompanyName,
5202,力新國際科技股份有限公司,TPEx,TPEx OpenAPI mopsfin_t187ap03_O:CompanyName,
5205,中茂能資系統整合科技(股)公司,TPEx,TPEx OpenAPI mopsfin_t187ap03_O:CompanyName,
5206,坤悅開發股份有限公司,TPEx,TPEx OpenAPI mopsfin_t187ap03_O:CompanyName,
5209,新鼎系統股份有限公司,TPEx,TPEx OpenAPI mopsfin_t187ap03_O:CompanyName,
5210,寶碩財務科技股份有限公司,TPEx,TPEx OpenAPI mopsfin_t187ap03_O:CompanyName,
5211,蒙恬科技股份有限公司,TPEx,TPEx OpenAPI mopsfin_t187ap03_O:CompanyName,
5212,凌網科技股份有限公司,TPEx,TPEx OpenAPI mopsfin_t187ap03_O:CompanyName,
5213,亞昕國際開發股份有限公司,TPEx,TPEx OpenAPI mopsfin_t187ap03_O:CompanyName,
5220,萬達光電科技股份有限公司,TPEx,TPEx OpenAPI mopsfin_t187ap03_O:CompanyName,
5223,安力國際股份有限公司,TPEx,TPEx OpenAPI mopsfin_t187ap03_O:CompanyName,
5227,蓋曼群島商立凱電能科技(股)公司,TPEx,TPEx OpenAPI mopsfin_t187ap03_O:CompanyName,
5228,鈺鎧科技股份有限公司,TPEx,TPEx OpenAPI mopsfin_t187ap03_O:CompanyName,
5230,雷笛克光學股份有限公司,TPEx,TPEx OpenAPI mopsfin_t187ap03_O:CompanyName,
5236,凌陽創新科技股份有限公司,TPEx,TPEx OpenAPI mopsfin_t187ap03_O:CompanyName,
5245,智晶光電股份有限公司,TPEx,TPEx OpenAPI mopsfin_t187ap03_O:CompanyName,
5251,天鉞電子股份有限公司,TPEx,TPEx OpenAPI mopsfin_t187ap03_O:CompanyName,
5263,智崴資訊科技股份有限公司,TPEx,TPEx OpenAPI mopsfin_t187ap03_O:CompanyName,
5272,笙科電子股份有限公司,TPEx,TPEx OpenAPI mopsfin_t187ap03_O:CompanyName,
5274,信驊科技股份有限公司,TPEx,TPEx OpenAPI mopsfin_t187ap03_O:CompanyName,
5276,達輝股份有限公司,TPEx,TPEx OpenAPI mopsfin_t187ap03_O:CompanyName,
5278,尚凡國際創新科技股份有限公司,TPEx,TPEx OpenAPI mopsfin_t187ap03_O:CompanyName,
5287,數字科技股份有限公司,TPEx,TPEx OpenAPI mopsfin_t187ap03_O:CompanyName,
5289,宜鼎國際股份有限公司,TPEx,TPEx OpenAPI mopsfin_t187ap03_O:CompanyName,
5291,邑昇實業股份有限公司,TPEx,TPEx OpenAPI mopsfin_t187ap03_O:CompanyName,
5299,杰力科技股份有限公司,TPEx,TPEx OpenAPI mopsfin_t187ap03_O:CompanyName,
5301,寶得利國際股份有限公司,TPEx,TPEx OpenAPI mopsfin_t187ap03_O:CompanyName,
5302,太欣半導體股份有限公司,TPEx,TPEx OpenAPI mopsfin_t187ap03_O:CompanyName,
5309,系統電子工業股份有限公司,TPEx,TPEx OpenAPI mopsfin_t187ap03_O:CompanyName,
5310,天剛資訊股份有限公司,TPEx,TPEx OpenAPI mopsfin_t187ap03_O:CompanyName,
5312,寶島光學科技股份有限公司,TPEx,TPEx OpenAPI mopsfin_t187ap03_O:CompanyName,
5314,世紀民生科技股份有限公司,TPEx,TPEx OpenAPI mopsfin_t187ap03_O:CompanyName,
5315,光聯科技股份有限公司,TPEx,TPEx OpenAPI mopsfin_t187ap03_O:CompanyName,
5321,美而快國際股份有限公司,TPEx,TPEx OpenAPI mopsfin_t187ap03_O:CompanyName,
5324,士林開發股份有限公司,TPEx,TPEx OpenAPI mopsfin_t187ap03_O:CompanyName,
5328,華容股份有限公司,TPEx,TPEx OpenAPI mopsfin_t187ap03_O:CompanyName,
5340,建榮工業材料股份有限公司,TPEx,TPEx OpenAPI mopsfin_t187ap03_O:CompanyName,
5344,立衛科技股份有限公司,TPEx,TPEx OpenAPI mopsfin_t187ap03_O:CompanyName,
5345,馥鴻建設股份有限公司,TPEx,TPEx OpenAPI mopsfin_t187ap03_O:CompanyName,
5347,世界先進積體電路股份有限公司,TPEx,TPEx OpenAPI mopsfin_t187ap03_O:CompanyName,
5348,正能量智能股份有限公司,TPEx,TPEx OpenAPI mopsfin_t187ap03_O:CompanyName,
5351,鈺創科技股份有限公司,TPEx,TPEx OpenAPI mopsfin_t187ap03_O:CompanyName,
5353,台林電通股份有限公司,TPEx,TPEx OpenAPI mopsfin_t187ap03_O:CompanyName,
5355,佳總興業股份有限公司,TPEx,TPEx OpenAPI mopsfin_t187ap03_O:CompanyName,
5356,協益電子股份有限公司,TPEx,TPEx OpenAPI mopsfin_t187ap03_O:CompanyName,
5364,力麗觀光開發股份有限公司,TPEx,TPEx OpenAPI mopsfin_t187ap03_O:CompanyName,
5371,中強光電股份有限公司,TPEx,TPEx OpenAPI mopsfin_t187ap03_O:CompanyName,
5381,光譜電工股份有限公司,TPEx,TPEx OpenAPI mopsfin_t187ap03_O:CompanyName,
5386,青雲國際科技股份有限公司,TPEx,TPEx OpenAPI mopsfin_t187ap03_O:CompanyName,
5392,能率創新股份有限公司,TPEx,TPEx OpenAPI mopsfin_t187ap03_O:CompanyName,
5398,慕康生技醫藥股份有限公司,TPEx,TPEx OpenAPI mopsfin_t187ap03_O:CompanyName,
5403,中菲電腦股份有限公司,TPEx,TPEx OpenAPI mopsfin_t187ap03_O:CompanyName,
5410,國眾電腦股份有限公司,TPEx,TPEx OpenAPI mopsfin_t187ap03_O:CompanyName,
5425,台灣半導體股份有限公司,TPEx,TPEx OpenAPI mopsfin_t187ap03_O:CompanyName,
5426,振發實業股份有限公司,TPEx,TPEx OpenAPI mopsfin_t187ap03_O:CompanyName,
5432,新門科技股份有限公司,TPEx,TPEx OpenAPI mopsfin_t187ap03_O:CompanyName,
5438,東友科技股份有限公司,TPEx,TPEx OpenAPI mopsfin_t187ap03_O:CompanyName,
5439,高技企業股份有限公司,TPEx,TPEx OpenAPI mopsfin_t187ap03_O:CompanyName,
5443,均豪精密工業股份有限公司,TPEx,TPEx OpenAPI mopsfin_t187ap03_O:CompanyName,
5450,南良國際股份有限公司,TPEx,TPEx OpenAPI mopsfin_t187ap03_O:CompanyName,
5452,佶優科技股份有限公司,TPEx,TPEx OpenAPI mopsfin_t187ap03_O:CompanyName,
5455,昇益開發股份有限公司,TPEx,TPEx OpenAPI mopsfin_t187ap03_O:CompanyName,
5457,宣德科技股份有限公司,TPEx,TPEx OpenAPI mopsfin_t187ap03_O:CompanyName,
5460,同協電子股份有限公司,TPEx,TPEx OpenAPI mopsfin_t187ap03_O:CompanyName,
5464,霖宏科技股份有限公司,TPEx,TPEx OpenAPI mopsfin_t187ap03_O:CompanyName,
5465,富驊企業股份有限公司,TPEx,TPEx OpenAPI mopsfin_t187ap03_O:CompanyName,
5468,凱鈺科技股份有限公司,TPEx,TPEx OpenAPI mopsfin_t187ap03_O:CompanyName,
5474,聰泰科技開發股份有限公司,TPEx,TPEx OpenAPI mopsfin_t187ap03_O:CompanyName,
5475,德宏工業股份有限公司,TPEx,TPEx OpenAPI mopsfin_t187ap03_O:CompanyName,
5478,智冠科技股份有限公司,TPEx,TPEx OpenAPI mopsfin_t187ap03_O:CompanyName,
5481,新華泰富股份有限公司,TPEx,TPEx OpenAPI mopsfin_t187ap03_O:CompanyName,
5483,中美矽晶製品股份有限公司,TPEx,TPEx OpenAPI mopsfin_t187ap03_O:CompanyName,
5487,通泰積體電路股份有限公司,TPEx,TPEx OpenAPI mopsfin_t187ap03_O:CompanyName,
5488,松普科技股份有限公司,TPEx,TPEx OpenAPI mopsfin_t187ap03_O:CompanyName,
5489,彩富電子股份有限公司,TPEx,TPEx OpenAPI mopsfin_t187ap03_O:CompanyName,
5490,同亨科技股份有限公司,TPEx,TPEx OpenAPI mopsfin_t187ap03_O:CompanyName,
5493,三聯科技股份有限公司,TPEx,TPEx OpenAPI mopsfin_t187ap03_O:CompanyName,
5498,凱崴電子股份有限公司,TPEx,TPEx OpenAPI mopsfin_t187ap03_O:CompanyName,
5508,永信建設開發股份有限公司,TPEx,TPEx OpenAPI mopsfin_t187ap03_O:CompanyName,
5511,德昌營造股份有限公司,TPEx,TPEx OpenAPI mopsfin_t187ap03_O:CompanyName,
5512,力麒建設股份有限公司,TPEx,TPEx OpenAPI mopsfin_t187ap03_O:CompanyName,
5514,三豐建設股份有限公司,TPEx,TPEx OpenAPI mopsfin_t187ap03_O:CompanyName,
5516,雙喜營造股份有限公司,TPEx,TPEx OpenAPI mopsfin_t187ap03_O:CompanyName,
5520,力泰建設企業股份有限公司,TPEx,TPEx OpenAPI mopsfin_t187ap03_O:CompanyName,
5523,豐謙建設股份有限公司,TPEx,TPEx OpenAPI mopsfin_t187ap03_O:CompanyName,
5529,鉅陞國際開發股份有限公司,TPEx,TPEx OpenAPI mopsfin_t187ap03_O:CompanyName,
5530,龍巖股份有限公司,TPEx,TPEx OpenAPI mopsfin_t187ap03_O:CompanyName,
5536,聖暉工程科技股份有限公司,TPEx,TPEx OpenAPI mopsfin_t187ap03_O:CompanyName,
5543,桓鼎股份有限公司,TPEx,TPEx OpenAPI mopsfin_t187ap03_O:CompanyName,
5547,久舜營造股份有限公司,TPEx,TPEx OpenAPI mopsfin_t187ap03_O:CompanyName,
5548,安倉營造股份有限公司,TPEx,TPEx OpenAPI mopsfin_t187ap03_O:CompanyName,
5601,臺聯貨櫃通運股份有限公司,TPEx,TPEx OpenAPI mopsfin_t187ap03_O:CompanyName,
5603,陸海股份有限公司,TPEx,TPEx OpenAPI mopsfin_t187ap03_O:CompanyName,
5604,中連誠企業股份有限公司,TPEx,TPEx OpenAPI mopsfin_t187ap03_O:CompanyName,
5609,中菲行國際物流股份有限公司,TPEx,TPEx OpenAPI mopsfin_t187ap03_O:CompanyName,
5701,劍湖山世界股份有限公司,TPEx,TPEx OpenAPI mopsfin_t187ap03_O:CompanyName,
5703,亞都麗緻大飯店股份有限公司,TPEx,TPEx OpenAPI mopsfin_t187ap03_O:CompanyName,
5704,知本老爺大酒店股份有限公司,TPEx,TPEx OpenAPI mopsfin_t187ap03_O:CompanyName,
5864,致和證券股份有限公司,TPEx,TPEx OpenAPI mopsfin_t187ap03_O:CompanyName,
5878,台名保險經紀人股份有限公司,TPEx,TPEx OpenAPI mopsfin_t187ap03_O:CompanyName,
5902,德記洋行股份有限公司,TPEx,TPEx OpenAPI mopsfin_t187ap03_O:CompanyName,
5903,全家便利商店股份有限公司,TPEx,TPEx OpenAPI mopsfin_t187ap03_O:CompanyName,
5904,寶雅國際股份有限公司,TPEx,TPEx OpenAPI mopsfin_t187ap03_O:CompanyName,
5905,南仁湖育樂股份有限公司,TPEx,TPEx OpenAPI mopsfin_t187ap03_O:CompanyName,
6015,宏遠證券股份有限公司,TPEx,TPEx OpenAPI mopsfin_t187ap03_O:CompanyName,
6016,康和綜合證券股份有限公司,TPEx,TPEx OpenAPI mopsfin_t187ap03_O:CompanyName,
6020,大展證券股份有限公司,TPEx,TPEx OpenAPI mopsfin_t187ap03_O:CompanyName,
6021,美好證券股份有限公司,TPEx,TPEx OpenAPI mopsfin_t187ap03_O:CompanyName,
6023,元大期貨股份有限公司,TPEx,TPEx OpenAPI mopsfin_t187ap03_O:CompanyName,
6026,福邦證券股份有限公司,TPEx,TPEx OpenAPI mopsfin_t187ap03_O:CompanyName,
6028,公勝保險經紀人股份有限公司,TPEx,TPEx OpenAPI mopsfin_t187ap03_O:CompanyName,
6101,寬魚國際股份有限公司,TPEx,TPEx OpenAPI mopsfin_t187ap03_O:CompanyName,
6103,合邦電子股份有限公司,TPEx,TPEx OpenAPI mopsfin_t187ap03_O:CompanyName,
6104,創惟科技股份有限公司,TPEx,TPEx OpenAPI mopsfin_t187ap03_O:CompanyName,
6109,亞元科技股份有限公司,TPEx,TPEx OpenAPI mopsfin_t187ap03_O:CompanyName,
6111,光聚晶電聯合股份有限公司,TPEx,TPEx OpenAPI mopsfin_t187ap03_O:CompanyName,
6113,亞矽科技股份有限公司,TPEx,TPEx OpenAPI mopsfin_t187ap03_O:CompanyName,
6114,久威國際股份有限公司,TPEx,TPEx OpenAPI mopsfin_t187ap03_O:CompanyName,
6118,建達國際股份有限公司,TPEx,TPEx OpenAPI mopsfin_t187ap03_O:CompanyName,
6121,新普科技股份有限公司,TPEx,TPEx OpenAPI mopsfin_t187ap03_O:CompanyName,
6122,擎邦國際科技工程股份有限公司,TPEx,TPEx OpenAPI mopsfin_t187ap03_O:CompanyName,
6123,上奇科技股份有限公司,TPEx,TPEx OpenAPI mopsfin_t187ap03_O:CompanyName,
6124,業強科技股份有限公司,TPEx,TPEx OpenAPI mopsfin_t187ap03_O:CompanyName,
6125,廣運機械工程股份有限公司,TPEx,TPEx OpenAPI mopsfin_t187ap03_O:CompanyName,
6126,信音企業股份有限公司,TPEx,TPEx OpenAPI mopsfin_t187ap03_O:CompanyName,
6127,九豪精密陶瓷股份有限公司,TPEx,TPEx OpenAPI mopsfin_t187ap03_O:CompanyName,
6129,普誠科技股份有限公司,TPEx,TPEx OpenAPI mopsfin_t187ap03_O:CompanyName,
6130,上亞科技股份有限公司,TPEx,TPEx OpenAPI mopsfin_t187ap03_O:CompanyName,
6134,萬旭電業股份有限公司,TPEx,TPEx OpenAPI mopsfin_t187ap03_O:CompanyName,
6138,茂達電子股份有限公司,TPEx,TPEx OpenAPI mopsfin_t187ap03_O:CompanyName,
6140,訊達電腦股份有限公司,TPEx,TPEx OpenAPI mopsfin_t187ap03_O:CompanyName,
6143,振曜科技股份有限公司,TPEx,TPEx OpenAPI mopsfin_t187ap03_O:CompanyName,
6144,得利影視股份有限公司,TPEx,TPEx OpenAPI mopsfin_t187ap03_O:CompanyName,
6146,耕興股份有限公司,TPEx,TPEx OpenAPI mopsfin_t187ap03_O:CompanyName,
6147,頎邦科技股份有限公司,TPEx,TPEx OpenAPI mopsfin_t187ap03_O:CompanyName,
6148,驊宏資通股份有限公司,TPEx,TPEx OpenAPI mopsfin_t187ap03_O:CompanyName,
6150,撼訊科技股份有限公司,TPEx,TPEx OpenAPI mopsfin_t187ap03_O:CompanyName,
6151,晉倫科技股份有限公司,TPEx,TPEx OpenAPI mopsfin_t187ap03_O:CompanyName,
6154,順發電腦股份有限公司,TPEx,TPEx OpenAPI mopsfin_t187ap03_O:CompanyName,
6156,松上電子股份有限公司,TPEx,TPEx OpenAPI mopsfin_t187ap03_O:CompanyName,
6158,禾昌興業股份有限公司,TPEx,TPEx OpenAPI mopsfin_t187ap03_O:CompanyName,
6160,欣技資訊股份有限公司,TPEx,TPEx OpenAPI mopsfin_t187ap03_O:CompanyName,
6161,捷波資訊股份有限公司,TPEx,TPEx OpenAPI mopsfin_t187ap03_O:CompanyName,
6163,華電聯網股份有限公司,TPEx,TPEx OpenAPI mopsfin_t187ap03_O:CompanyName,
6167,久正光電股份有限公司,TPEx,TPEx OpenAPI mopsfin_t187ap03_O:CompanyName,
6169,昱泉國際股份有限公司,TPEx,TPEx OpenAPI mopsfin_t187ap03_O:CompanyName,
6170,統振股份有限公司,TPEx,TPEx OpenAPI mopsfin_t187ap03_O:CompanyName,
6171,大城地產股份有限公司,TPEx,TPEx OpenAPI mopsfin_t187ap03_O:CompanyName,
6173,信昌電子陶瓷股份有限公司,TPEx,TPEx OpenAPI mopsfin_t187ap03_O:CompanyName,
6174,安碁科技股份有限公司,TPEx,TPEx OpenAPI mopsfin_t187ap03_O:CompanyName,
6175,立敦科技股份有限公司,TPEx,TPEx OpenAPI mopsfin_t187ap03_O:CompanyName,
6179,亞通利大能源股份有限公司,TPEx,TPEx OpenAPI mopsfin_t187ap03_O:CompanyName,
6180,遊戲橘子數位科技股份有限公司,TPEx,TPEx OpenAPI mopsfin_t187ap03_O:CompanyName,
6182,合晶科技股份有限公司,TPEx,TPEx OpenAPI mopsfin_t187ap03_O:CompanyName,
6185,幃翔精密股份有限公司,TPEx,TPEx OpenAPI mopsfin_t187ap03_O:CompanyName,
6186,新潤興業股份有限公司,TPEx,TPEx OpenAPI mopsfin_t187ap03_O:CompanyName,
6187,萬潤科技股份有限公司,TPEx,TPEx OpenAPI mopsfin_t187ap03_O:CompanyName,
6188,廣明光電股份有限公司,TPEx,TPEx OpenAPI mopsfin_t187ap03_O:CompanyName,
6190,萬泰科技股份有限公司,TPEx,TPEx OpenAPI mopsfin_t187ap03_O:CompanyName,
6194,育富電子股份有限公司,TPEx,TPEx OpenAPI mopsfin_t187ap03_O:CompanyName,
6195,詩肯股份有限公司,TPEx,TPEx OpenAPI mopsfin_t187ap03_O:CompanyName,
6198,瑞築建設股份有限公司,TPEx,TPEx OpenAPI mopsfin_t187ap03_O:CompanyName,
6199,天品聯合企業股份有限公司,TPEx,TPEx OpenAPI mopsfin_t187ap03_O:CompanyName,
6203,海韻電子工業股份有限公司,TPEx,TPEx OpenAPI mopsfin_t187ap03_O:CompanyName,
6204,台灣艾華電子工業股份有限公司,TPEx,TPEx OpenAPI mopsfin_t187ap03_O:CompanyName,
6207,雷科股份有限公司,TPEx,TPEx OpenAPI mopsfin_t187ap03_O:CompanyName,
6208,日揚科技股份有限公司,TPEx,TPEx OpenAPI mopsfin_t187ap03_O:CompanyName,
6210,慶生電子股份有限公司,TPEx,TPEx OpenAPI mopsfin_t187ap03_O:CompanyName,
6212,理銘開發股份有限公司,TPEx,TPEx OpenAPI mopsfin_t187ap03_O:CompanyName,
6217,中國探針股份有限公司,TPEx,TPEx OpenAPI mopsfin_t187ap03_O:CompanyName,
6218,豪勉科技股份有限公司,TPEx,TPEx OpenAPI mopsfin_t187ap03_O:CompanyName,
6219,富旺國際開發股份有限公司,TPEx,TPEx OpenAPI mopsfin_t187ap03_O:CompanyName,
6220,岳豐科技股份有限公司,TPEx,TPEx OpenAPI mopsfin_t187ap03_O:CompanyName,
6221,晉泰科技股份有限公司,TPEx,TPEx OpenAPI mopsfin_t187ap03_O:CompanyName,
6222,立軒開發建設股份有限公司,TPEx,TPEx OpenAPI mopsfin_t187ap03_O:CompanyName,
6223,旺矽科技股份有限公司,TPEx,TPEx OpenAPI mopsfin_t187ap03_O:CompanyName,
6227,茂綸股份有限公司,TPEx,TPEx OpenAPI mopsfin_t187ap03_O:CompanyName,
6228,全譜科技股份有限公司,TPEx,TPEx OpenAPI mopsfin_t187ap03_O:CompanyName,
6229,研通科技股份有限公司,TPEx,TPEx OpenAPI mopsfin_t187ap03_O:CompanyName,
6231,系微股份有限公司,TPEx,TPEx OpenAPI mopsfin_t187ap03_O:CompanyName,
6233,旺玖科技股份有限公司,TPEx,TPEx OpenAPI mopsfin_t187ap03_O:CompanyName,
6234,高僑自動化科技股份有限公司,TPEx,TPEx OpenAPI mopsfin_t187ap03_O:CompanyName,
6236,中湛股份有限公司,TPEx,TPEx OpenAPI mopsfin_t187ap03_O:CompanyName,
6237,驊訊電子企業股份有限公司,TPEx,TPEx OpenAPI mopsfin_t187ap03_O:CompanyName,
6240,松崗國際興業股份有限公司,TPEx,TPEx OpenAPI mopsfin_t187ap03_O:CompanyName,
6241,鑫永洋科技股份有限公司,TPEx,TPEx OpenAPI mopsfin_t187ap03_O:CompanyName,
6242,立康生醫事業股份有限公司,TPEx,TPEx OpenAPI mopsfin_t187ap03_O:CompanyName,
6244,茂迪股份有限公司,TPEx,TPEx OpenAPI mopsfin_t187ap03_O:CompanyName,
6245,立端科技股份有限公司,TPEx,TPEx OpenAPI mopsfin_t187ap03_O:CompanyName,
6246,臺龍電子股份有限公司,TPEx,TPEx OpenAPI mopsfin_t187ap03_O:CompanyName,
6248,沛波鋼鐵股份有限公司,TPEx,TPEx OpenAPI mopsfin_t187ap03_O:CompanyName,
6259,百徽股份有限公司,TPEx,TPEx OpenAPI mopsfin_t187ap03_O:CompanyName,
6261,久元電子股份有限公司,TPEx,TPEx OpenAPI mopsfin_t187ap03_O:CompanyName,
6263,普萊德科技股份有限公司,TPEx,TPEx OpenAPI mopsfin_t187ap03_O:CompanyName,
6264,富裔實業股份有限公司,TPEx,TPEx OpenAPI mopsfin_t187ap03_O:CompanyName,
6265,方土昶股份有限公司,TPEx,TPEx OpenAPI mopsfin_t187ap03_O:CompanyName,
6266,泰詠電子股份有限公司,TPEx,TPEx OpenAPI mopsfin_t187ap03_O:CompanyName,
6270,倍微科技股份有限公司,TPEx,TPEx OpenAPI mopsfin_t187ap03_O:CompanyName,
6274,台燿科技股份有限公司,TPEx,TPEx OpenAPI mopsfin_t187ap03_O:CompanyName,
6275,元山科技工業股份有限公司,TPEx,TPEx OpenAPI mopsfin_t187ap03_O:CompanyName,
6276,安鈦克科技股份有限公司,TPEx,TPEx OpenAPI mopsfin_t187ap03_O:CompanyName,
6279,胡連精密股份有限公司,TPEx,TPEx OpenAPI mopsfin_t187ap03_O:CompanyName,
6284,佳邦科技股份有限公司,TPEx,TPEx OpenAPI mopsfin_t187ap03_O:CompanyName,
6290,良維科技股份有限公司,TPEx,TPEx OpenAPI mopsfin_t187ap03_O:CompanyName,
6291,沛亨半導體股份有限公司,TPEx,TPEx OpenAPI mopsfin_t187ap03_O:CompanyName,
6292,迅德興業股份有限公司,TPEx,TPEx OpenAPI mopsfin_t187ap03_O:CompanyName,
6294,智基科技開發股份有限公司,TPEx,TPEx OpenAPI mopsfin_t187ap03_O:CompanyName,
6411,晶焱科技股份有限公司,TPEx,TPEx OpenAPI mopsfin_t187ap03_O:CompanyName,
6417,韋僑科技股份有限公司,TPEx,TPEx OpenAPI mopsfin_t187ap03_O:CompanyName,
6418,詠昇電子股份有限公司,TPEx,TPEx OpenAPI mopsfin_t187ap03_O:CompanyName,
6419,京晨科技股份有限公司,TPEx,TPEx OpenAPI mopsfin_t187ap03_O:CompanyName,
6423,億而得微電子股份有限公司,TPEx,TPEx OpenAPI mopsfin_t187ap03_O:CompanyName,
6425,易發精機股份有限公司,TPEx,TPEx OpenAPI mopsfin_t187ap03_O:CompanyName,
6432,今展科技股份有限公司,TPEx,TPEx OpenAPI mopsfin_t187ap03_O:CompanyName,
6435,大中積體電路股份有限公司,TPEx,TPEx OpenAPI mopsfin_t187ap03_O:CompanyName,
6441,廣錠科技股份有限公司,TPEx,TPEx OpenAPI mopsfin_t187ap03_O:CompanyName,
6461,益得生物科技股份有限公司,TPEx,TPEx OpenAPI mopsfin_t187ap03_O:CompanyName,
6462,神盾股份有限公司,TPEx,TPEx OpenAPI mopsfin_t187ap03_O:CompanyName,
6465,威潤科技股份有限公司,TPEx,TPEx OpenAPI mopsfin_t187ap03_O:CompanyName,
6469,大樹醫藥股份有限公司,TPEx,TPEx OpenAPI mopsfin_t187ap03_O:CompanyName,
6470,宇智網通股份有限公司,TPEx,TPEx OpenAPI mopsfin_t187ap03_O:CompanyName,
6474,華豫寧股份有限公司,TPEx,TPEx OpenAPI mopsfin_t187ap03_O:CompanyName,
6482,弘煜科技事業股份有限公司,TPEx,TPEx OpenAPI mopsfin_t187ap03_O:CompanyName,
6485,點序科技股份有限公司,TPEx,TPEx OpenAPI mopsfin_t187ap03_O:CompanyName,
6486,互動國際數位股份有限公司,TPEx,TPEx OpenAPI mopsfin_t187ap03_O:CompanyName,
6488,環球晶圓股份有限公司,TPEx,TPEx OpenAPI mopsfin_t187ap03_O:CompanyName,
6492,生華生物科技股份有限公司,TPEx,TPEx OpenAPI mopsfin_t187ap03_O:CompanyName,
6494,九齊科技股份有限公司,TPEx,TPEx OpenAPI mopsfin_t187ap03_O:CompanyName,
6496,科懋生物科技股份有限公司,TPEx,TPEx OpenAPI mopsfin_t187ap03_O:CompanyName,
6498,久禾光電股份有限公司,TPEx,TPEx OpenAPI mopsfin_t187ap03_O:CompanyName,
6499,益安生醫股份有限公司,TPEx,TPEx OpenAPI mopsfin_t187ap03_O:CompanyName,
6506,雙邦實業股份有限公司,TPEx,TPEx OpenAPI mopsfin_t187ap03_O:CompanyName,
6508,惠光股份有限公司,TPEx,TPEx OpenAPI mopsfin_t187ap03_O:CompanyName,
6509,聚和國際股份有限公司,TPEx,TPEx OpenAPI mopsfin_t187ap03_O:CompanyName,
6510,中華精測科技股份有限公司,TPEx,TPEx OpenAPI mopsfin_t187ap03_O:CompanyName,
6512,啟發電子股份有限公司,TPEx,TPEx OpenAPI mopsfin_t187ap03_O:CompanyName,
6516,勤崴國際科技股份有限公司,TPEx,TPEx OpenAPI mopsfin_t187ap03_O:CompanyName,
6517,保勝光學股份有限公司,TPEx,TPEx OpenAPI mopsfin_t187ap03_O:CompanyName,
6523,達爾膚生醫科技股份有限公司,TPEx,TPEx OpenAPI mopsfin_t187ap03_O:CompanyName,
6527,明達醫學科技股份有限公司,TPEx,TPEx OpenAPI mopsfin_t187ap03_O:CompanyName,
6530,創威光電股份有限公司,TPEx,TPEx OpenAPI mopsfin_t187ap03_O:CompanyName,
6532,瑞耘科技股份有限公司,TPEx,TPEx OpenAPI mopsfin_t187ap03_O:CompanyName,
6535,順天醫藥生技股份有限公司,TPEx,TPEx OpenAPI mopsfin_t187ap03_O:CompanyName,
6538,倉和股份有限公司,TPEx,TPEx OpenAPI mopsfin_t187ap03_O:CompanyName,
6542,隆中網絡股份有限公司,TPEx,TPEx OpenAPI mopsfin_t187ap03_O:CompanyName,
6546,正基科技股份有限公司,TPEx,TPEx OpenAPI mopsfin_t187ap03_O:CompanyName,
6547,高端疫苗生物製劑股份有限公司,TPEx,TPEx OpenAPI mopsfin_t187ap03_O:CompanyName,
6548,長華科技股份有限公司,TPEx,TPEx OpenAPI mopsfin_t187ap03_O:CompanyName,
6556,勝品電通股份有限公司,TPEx,TPEx OpenAPI mopsfin_t187ap03_O:CompanyName,
6560,欣普羅光電股份有限公司,TPEx,TPEx OpenAPI mopsfin_t187ap03_O:CompanyName,
6561,是方電訊股份有限公司,TPEx,TPEx OpenAPI mopsfin_t187ap03_O:CompanyName,
6568,宏觀微電子股份有限公司,TPEx,TPEx OpenAPI mopsfin_t187ap03_O:CompanyName,
6569,醫揚科技股份有限公司,TPEx,TPEx OpenAPI mopsfin_t187ap03_O:CompanyName,
6570,維田科技股份有限公司,TPEx,TPEx OpenAPI mopsfin_t187ap03_O:CompanyName,
6574,霈方國際股份有限公司,TPEx,TPEx OpenAPI mopsfin_t187ap03_O:CompanyName,
6576,逸達生物科技股份有限公司,TPEx,TPEx OpenAPI mopsfin_t187ap03_O:CompanyName,
6577,勁豐電子股份有限公司,TPEx,TPEx OpenAPI mopsfin_t187ap03_O:CompanyName,
6578,達邦蛋白生技股份有限公司,TPEx,TPEx OpenAPI mopsfin_t187ap03_O:CompanyName,
6584,南俊國際股份有限公司,TPEx,TPEx OpenAPI mopsfin_t187ap03_O:CompanyName,
6588,東典光電科技股份有限公司,TPEx,TPEx OpenAPI mopsfin_t187ap03_O:CompanyName,
6590,普鴻資訊股份有限公司,TPEx,TPEx OpenAPI mopsfin_t187ap03_O:CompanyName,
6593,台灣銘板股份有限公司,TPEx,TPEx OpenAPI mopsfin_t187ap03_O:CompanyName,
6596,寬宏藝術經紀股份有限公司,TPEx,TPEx OpenAPI mopsfin_t187ap03_O:CompanyName,
6597,立誠光電股份有限公司,TPEx,TPEx OpenAPI mopsfin_t187ap03_O:CompanyName,
6603,富強鑫精密工業股份有限公司,TPEx,TPEx OpenAPI mopsfin_t187ap03_O:CompanyName,
6609,台灣瀧澤科技股份有限公司,TPEx,TPEx OpenAPI mopsfin_t187ap03_O:CompanyName,
6612,應用奈米醫材科技股份有限公司,TPEx,TPEx OpenAPI mopsfin_t187ap03_O:CompanyName,
6613,朋億股份有限公司,TPEx,TPEx OpenAPI mopsfin_t187ap03_O:CompanyName,
6615,慧智基因股份有限公司,TPEx,TPEx OpenAPI mopsfin_t187ap03_O:CompanyName,
6616,特昇國際股份有限公司,TPEx,TPEx OpenAPI mopsfin_t187ap03_O:CompanyName,
6617,共信醫藥科技控股股份有限公司,TPEx,TPEx OpenAPI mopsfin_t187ap03_O:CompanyName,
6620,漢達生技醫藥股份有限公司,TPEx,TPEx OpenAPI mopsfin_t187ap03_O:CompanyName,
6624,萬年清環境工程股份有限公司,TPEx,TPEx OpenAPI mopsfin_t187ap03_O:CompanyName,
6629,泰金投資控股股份有限公司,TPEx,TPEx OpenAPI mopsfin_t187ap03_O:CompanyName,
6637,醫影股份有限公司,TPEx,TPEx OpenAPI mopsfin_t187ap03_O:CompanyName,
6640,均華精密工業股份有限公司,TPEx,TPEx OpenAPI mopsfin_t187ap03_O:CompanyName,
6642,富致科技股份有限公司,TPEx,TPEx OpenAPI mopsfin_t187ap03_O:CompanyName,
6643,&#20870;星科技股份有限公司,TPEx,TPEx OpenAPI mopsfin_t187ap03_O:CompanyName,AND 20870
6649,台灣生醫材料股份有限公司,TPEx,TPEx OpenAPI mopsfin_t187ap03_O:CompanyName,
6651,全宇昕科技股份有限公司,TPEx,TPEx OpenAPI mopsfin_t187ap03_O:CompanyName,
6654,天正國際精密機械股份有限公司,TPEx,TPEx OpenAPI mopsfin_t187ap03_O:CompanyName,
6661,威健股份有限公司,TPEx,TPEx OpenAPI mopsfin_t187ap03_O:CompanyName,
6662,樂斯科生物科技股份有限公司,TPEx,TPEx OpenAPI mopsfin_t187ap03_O:CompanyName,
6664,群翊工業股份有限公司,TPEx,TPEx OpenAPI mopsfin_t187ap03_O:CompanyName,
6667,信紘科技股份有限公司,TPEx,TPEx OpenAPI mopsfin_t187ap03_O:CompanyName,
6679,鈺太科技股份有限公司,TPEx,TPEx OpenAPI mopsfin_t187ap03_O:CompanyName,
6680,鑫創電子股份有限公司,TPEx,TPEx OpenAPI mopsfin_t187ap03_O:CompanyName,
6683,雍智科技股份有限公司,TPEx,TPEx OpenAPI mopsfin_t187ap03_O:CompanyName,
6684,安格科技股份有限公司,TPEx,TPEx OpenAPI mopsfin_t187ap03_O:CompanyName,
6690,安碁資訊股份有限公司,TPEx,TPEx OpenAPI mopsfin_t187ap03_O:CompanyName,
6692,進金生能源服務股份有限公司,TPEx,TPEx OpenAPI mopsfin_t187ap03_O:CompanyName,
6693,廣閎科技股份有限公司,TPEx,TPEx OpenAPI mopsfin_t187ap03_O:CompanyName,
6697,東捷資訊服務股份有限公司,TPEx,TPEx OpenAPI mopsfin_t187ap03_O:CompanyName,
6703,軒郁國際股份有限公司,TPEx,TPEx OpenAPI mopsfin_t187ap03_O:CompanyName,
6708,天擎積體電路股份有限公司,TPEx,TPEx OpenAPI mopsfin_t187ap03_O:CompanyName,
6712,長聖國際生技股份有限公司,TPEx,TPEx OpenAPI mopsfin_t187ap03_O:CompanyName,
6716,應廣科技股份有限公司,TPEx,TPEx OpenAPI mopsfin_t187ap03_O:CompanyName,
6720,久昌科技股份有限公司,TPEx,TPEx OpenAPI mopsfin_t187ap03_O:CompanyName,
6721,信實保全股份有限公司,TPEx,TPEx OpenAPI mopsfin_t187ap03_O:CompanyName,
6725,台灣矽科宏晟科技股份有限公司,TPEx,TPEx OpenAPI mopsfin_t187ap03_O:CompanyName,
6727,亞泰金屬工業股份有限公司,TPEx,TPEx OpenAPI mopsfin_t187ap03_O:CompanyName,
6728,上洋產業股份有限公司,TPEx,TPEx OpenAPI mopsfin_t187ap03_O:CompanyName,
6730,常廣股份有限公司,TPEx,TPEx OpenAPI mopsfin_t187ap03_O:CompanyName,
6732,昇佳電子股份有限公司,TPEx,TPEx OpenAPI mopsfin_t187ap03_O:CompanyName,
6733,博晟生醫股份有限公司,TPEx,TPEx OpenAPI mopsfin_t187ap03_O:CompanyName,
6735,美達科技股份有限公司,TPEx,TPEx OpenAPI mopsfin_t187ap03_O:CompanyName,
6739,竹陞科技股份有限公司,TPEx,TPEx OpenAPI mopsfin_t187ap03_O:CompanyName,
6741,"91APP, Inc.",TPEx,TPEx OpenAPI mopsfin_t187ap03_O:CompanyName,91APP
6751,智聯服務股份有限公司,TPEx,TPEx OpenAPI mopsfin_t187ap03_O:CompanyName,
6752,叡揚資訊股份有限公司,TPEx,TPEx OpenAPI mopsfin_t187ap03_O:CompanyName,
6761,穩得實業股份有限公司,TPEx,TPEx OpenAPI mopsfin_t187ap03_O:CompanyName,
6762,達亞國際股份有限公司,TPEx,TPEx OpenAPI mopsfin_t187ap03_O:CompanyName,
6763,綠界科技股份有限公司,TPEx,TPEx OpenAPI mopsfin_t187ap03_O:CompanyName,
6767,台灣微創醫療器材股份有限公司,TPEx,TPEx OpenAPI mopsfin_t187ap03_O:CompanyName,
6785,昱展新藥生技股份有限公司,TPEx,TPEx OpenAPI mopsfin_t187ap03_O:CompanyName,
6788,華景電通股份有限公司,TPEx,TPEx OpenAPI mopsfin_t187ap03_O:CompanyName,
6791,虎門科技股份有限公司,TPEx,TPEx OpenAPI mopsfin_t187ap03_O:CompanyName,
6803,崑鼎綠能環保股份有限公司,TPEx,TPEx OpenAPI mopsfin_t187ap03_O:CompanyName,
6804,明係事業股份有限公司,TPEx,TPEx OpenAPI mopsfin_t187ap03_O:CompanyName,
6811,宏碁資訊服務股份有限公司,TPEx,TPEx OpenAPI mopsfin_t187ap03_O:CompanyName,
6821,聯寶電子股份有限公司,TPEx,TPEx OpenAPI mopsfin_t187ap03_O:CompanyName,
6823,濾能股份有限公司,TPEx,TPEx OpenAPI mopsfin_t187ap03_O:CompanyName,
6829,千附精密股份有限公司,TPEx,TPEx OpenAPI mopsfin_t187ap03_O:CompanyName,
6840,東研信超股份有限公司,TPEx,TPEx OpenAPI mopsfin_t187ap03_O:CompanyName,
6841,長佳智能股份有限公司,TPEx,TPEx OpenAPI mopsfin_t187ap03_O:CompanyName,
6843,進典工業股份有限公司,TPEx,TPEx OpenAPI mopsfin_t187ap03_O:CompanyName,
6844,諾貝兒寶貝股份有限公司,TPEx,TPEx OpenAPI mopsfin_t187ap03_O:CompanyName,
6846,綠茵生技股份有限公司,TPEx,TPEx OpenAPI mopsfin_t187ap03_O:CompanyName,
6855,數泓科技股份有限公司,TPEx,TPEx OpenAPI mopsfin_t187ap03_O:CompanyName,
6856,鑫傳國際多媒體科技股份有限公司,TPEx,TPEx OpenAPI mopsfin_t187ap03_O:CompanyName,
6859,伯特光電股份有限公司,TPEx,TPEx OpenAPI mopsfin_t187ap03_O:CompanyName,
6865,偉康科技股份有限公司,TPEx,TPEx OpenAPI mopsfin_t187ap03_O:CompanyName,
6870,騰雲科技服務股份有限公司,TPEx,TPEx OpenAPI mopsfin_t187ap03_O:CompanyName,
6872,浩宇生醫股份有限公司,TPEx,TPEx OpenAPI mopsfin_t187ap03_O:CompanyName,
6874,倍力資訊股份有限公司,TPEx,TPEx OpenAPI mopsfin_t187ap03_O:CompanyName,
6875,國邑藥品科技股份有限公司,TPEx,TPEx OpenAPI mopsfin_t187ap03_O:CompanyName,
6877,鏵友益科技股份有限公司,TPEx,TPEx OpenAPI mopsfin_t187ap03_O:CompanyName,
6881,潤德室內裝修設計工程(股)公司,TPEx,TPEx OpenAPI mopsfin_t187ap03_O:CompanyName,
6884,海柏特股份有限公司,TPEx,TPEx OpenAPI mopsfin_t187ap03_O:CompanyName,
6894,衛司特科技股份有限公司,TPEx,TPEx OpenAPI mopsfin_t187ap03_O:CompanyName,
6895,宏碩系統股份有限公司,TPEx,TPEx OpenAPI mopsfin_t187ap03_O:CompanyName,
6899,創為精密材料股份有限公司,TPEx,TPEx OpenAPI mopsfin_t187ap03_O:CompanyName,
6903,巨漢系統科技股份有限公司,TPEx,TPEx OpenAPI mopsfin_t187ap03_O:CompanyName,
6904,伯鑫工具股份有限公司,TPEx,TPEx OpenAPI mopsfin_t187ap03_O:CompanyName,
6907,雅特力科技(開曼)股份有限公司,TPEx,TPEx OpenAPI mopsfin_t187ap03_O:CompanyName,
6910,德鴻科技股份有限公司,TPEx,TPEx OpenAPI mopsfin_t187ap03_O:CompanyName,
6913,鴻呈實業股份有限公司,TPEx,TPEx OpenAPI mopsfin_t187ap03_O:CompanyName,
6922,宸曜科技股份有限公司,TPEx,TPEx OpenAPI mopsfin_t187ap03_O:CompanyName,
6925,意藍資訊股份有限公司,TPEx,TPEx OpenAPI mopsfin_t187ap03_O:CompanyName,
6929,佑全藥品股份有限公司,TPEx,TPEx OpenAPI mopsfin_t187ap03_O:CompanyName,
6953,家碩科技股份有限公司,TPEx,TPEx OpenAPI mopsfin_t187ap03_O:CompanyName,
6961,旅天下聯合國際旅行社(股)公司,TPEx,TPEx OpenAPI mopsfin_t187ap03_O:CompanyName,
6967,汎瑋材料科技股份有限公司,TPEx,TPEx OpenAPI mopsfin_t187ap03_O:CompanyName,
6968,萬達寵物事業股份有限公司,TPEx,TPEx OpenAPI mopsfin_t187ap03_O:CompanyName,
6971,惠民實業股份有限公司,TPEx,TPEx OpenAPI mopsfin_t187ap03_O:CompanyName,
6982,大井泵浦工業股份有限公司,TPEx,TPEx OpenAPI mopsfin_t187ap03_O:CompanyName,
6996,力領科技股份有限公司,TPEx,TPEx OpenAPI mopsfin_t187ap03_O:CompanyName,
6997,博弘雲端科技股份有限公司,TPEx,TPEx OpenAPI mopsfin_t187ap03_O:CompanyName,
7402,邑錡股份有限公司,TPEx,TPEx OpenAPI mopsfin_t187ap03_O:CompanyName,
7547,碩網資訊股份有限公司,TPEx,TPEx OpenAPI mopsfin_t187ap03_O:CompanyName,
7556,意德士科技股份有限公司,TPEx,TPEx OpenAPI mopsfin_t187ap03_O:CompanyName,
7584,樂意傳播股份有限公司,TPEx,TPEx OpenAPI mopsfin_t187ap03_O:CompanyName,
7642,昶瑞機電股份有限公司,TPEx,TPEx OpenAPI mopsfin_t187ap03_O:CompanyName,
7703,銳澤實業股份有限公司,TPEx,TPEx OpenAPI mopsfin_t187ap03_O:CompanyName,
7704,明遠精密科技股份有限公司,TPEx,TPEx OpenAPI mopsfin_t187ap03_O:CompanyName,
7708,全家國際餐飲股份有限公司,TPEx,TPEx OpenAPI mopsfin_t187ap03_O:CompanyName,
7709,榮田精機股份有限公司,TPEx,TPEx OpenAPI mopsfin_t187ap03_O:CompanyName,
7712,博盛半導體股份有限公司,TPEx,TPEx OpenAPI mopsfin_t187ap03_O:CompanyName,
7713,威力德生醫股份有限公司,TPEx,TPEx OpenAPI mopsfin_t187ap03_O:CompanyName,
7714,創泓科技股份有限公司,TPEx,TPEx OpenAPI mopsfin_t187ap03_O:CompanyName,
7715,裕山環境工程股份有限公司,TPEx,TPEx OpenAPI mopsfin_t187ap03_O:CompanyName,
7716,昱臺國際股份有限公司,TPEx,TPEx OpenAPI mopsfin_t187ap03_O:CompanyName,
7717,英屬開曼群島商萊德光電(股)公司,TPEx,TPEx OpenAPI mopsfin_t187ap03_O:CompanyName,
7718,友鋮股份有限公司,TPEx,TPEx OpenAPI mopsfin_t187ap03_O:CompanyName,
7723,築間餐飲事業股份有限公司,TPEx,TPEx OpenAPI mopsfin_t187ap03_O:CompanyName,
7728,光焱科技股份有限公司,TPEx,TPEx OpenAPI mopsfin_t187ap03_O:CompanyName,
7734,印能科技股份有限公司,TPEx,TPEx OpenAPI mopsfin_t187ap03_O:CompanyName,
7738,東聯互動股份有限公司,TPEx,TPEx OpenAPI mopsfin_t187ap03_O:CompanyName,
7743,金利食安科技股份有限公司,TPEx,TPEx OpenAPI mopsfin_t187ap03_O:CompanyName,
7744,崴寶精密科技股份有限公司,TPEx,TPEx OpenAPI mopsfin_t187ap03_O:CompanyName,
7747,昕奇雲端科技股份有限公司,TPEx,TPEx OpenAPI mopsfin_t187ap03_O:CompanyName,
7751,竑騰科技股份有限公司,TPEx,TPEx OpenAPI mopsfin_t187ap03_O:CompanyName,
7753,星亞視覺股份有限公司,TPEx,TPEx OpenAPI mopsfin_t187ap03_O:CompanyName,
7757,金色三麥餐飲股份有限公司,TPEx,TPEx OpenAPI mopsfin_t187ap03_O:CompanyName,
7767,仁大資訊股份有限公司,TPEx,TPEx OpenAPI mopsfin_t187ap03_O:CompanyName,
7770,君曜科技股份有限公司,TPEx,TPEx OpenAPI mopsfin_t187ap03_O:CompanyName,
7772,耀穎光電股份有限公司,TPEx,TPEx OpenAPI mopsfin_t187ap03_O:CompanyName,
7777,能率亞洲資本股份有限公司,TPEx,TPEx OpenAPI mopsfin_t187ap03_O:CompanyName,
7782,光速火箭股份有限公司,TPEx,TPEx OpenAPI mopsfin_t187ap03_O:CompanyName,
7792,安葆國際實業股份有限公司,TPEx,TPEx OpenAPI mopsfin_t187ap03_O:CompanyName,
7794,宏碁智新股份有限公司,TPEx,TPEx OpenAPI mopsfin_t187ap03_O:CompanyName,
7805,威聯通科技股份有限公司,TPEx,TPEx OpenAPI mopsfin_t187ap03_O:CompanyName,
7810,捷創科技股份有限公司,TPEx,TPEx OpenAPI mopsfin_t187ap03_O:CompanyName,
7811,民盛應用企業股份有限公司,TPEx,TPEx OpenAPI mopsfin_t187ap03_O:CompanyName,
7820,立盈環保科技股份有限公司,TPEx,TPEx OpenAPI mopsfin_t187ap03_O:CompanyName,
7828,創新服務股份有限公司,TPEx,TPEx OpenAPI mopsfin_t187ap03_O:CompanyName,
7842,天能綠電股份有限公司,TPEx,TPEx OpenAPI mopsfin_t187ap03_O:CompanyName,
8024,佑華微電子股份有限公司,TPEx,TPEx OpenAPI mopsfin_t187ap03_O:CompanyName,
8027,鈦昇科技股份有限公司,TPEx,TPEx OpenAPI mopsfin_t187ap03_O:CompanyName,
8032,光菱電子股份有限公司,TPEx,TPEx OpenAPI mopsfin_t187ap03_O:CompanyName,
8034,榮群電訊股份有限公司,TPEx,TPEx OpenAPI mopsfin_t187ap03_O:CompanyName,
8038,長園科技實業股份有限公司,TPEx,TPEx OpenAPI mopsfin_t187ap03_O:CompanyName,
8040,九暘電子股份有限公司,TPEx,TPEx OpenAPI mopsfin_t187ap03_O:CompanyName,
8042,臺灣金山電子工業股份有限公司,TPEx,TPEx OpenAPI mopsfin_t187ap03_O:CompanyName,
8043,蜜望實企業股份有限公司,TPEx,TPEx OpenAPI mopsfin_t187ap03_O:CompanyName,
8044,網路家庭國際資訊股份有限公司,TPEx,TPEx OpenAPI mopsfin_t187ap03_O:CompanyName,
8047,星雲電腦股份有限公司,TPEx,TPEx OpenAPI mopsfin_t187ap03_O:CompanyName,
8048,德勝科技股份有限公司,TPEx,TPEx OpenAPI mopsfin_t187ap03_O:CompanyName,
8049,晶采光電科技股份有限公司,TPEx,TPEx OpenAPI mopsfin_t187ap03_O:CompanyName,
8050,廣積科技股份有限公司,TPEx,TPEx OpenAPI mopsfin_t187ap03_O:CompanyName,
8054,安國國際科技股份有限公司,TPEx,TPEx OpenAPI mopsfin_t187ap03_O:CompanyName,
8059,凱碩科技股份有限公司,TPEx,TPEx OpenAPI mopsfin_t187ap03_O:CompanyName,
8064,東捷科技股份有限公司,TPEx,TPEx OpenAPI mopsfin_t187ap03_O:CompanyName,
8066,來思達國際企業股份有限公司,TPEx,TPEx OpenAPI mopsfin_t187ap03_O:CompanyName,
8067,志旭國際股份有限公司,TPEx,TPEx OpenAPI mopsfin_t187ap03_O:CompanyName,
8068,全達國際股份有限公司,TPEx,TPEx OpenAPI mopsfin_t187ap03_O:CompanyName,
8069,元太科技工業股份有限公司,TPEx,TPEx OpenAPI mopsfin_t187ap03_O:CompanyName,
8071,能率網通股份有限公司,TPEx,TPEx OpenAPI mopsfin_t187ap03_O:CompanyName,
8074,鉅橡企業股份有限公司,TPEx,TPEx OpenAPI mopsfin_t187ap03_O:CompanyName,
8076,伍豐科技股份有限公司,TPEx,TPEx OpenAPI mopsfin_t187ap03_O:CompanyName,
8077,洛碁實業股份有限公司,TPEx,TPEx OpenAPI mopsfin_t187ap03_O:CompanyName,
8080,泰霖事業股份有限公司,TPEx,TPEx OpenAPI mopsfin_t187ap03_O:CompanyName,
8083,瑞穎股份有限公司,TPEx,TPEx OpenAPI mopsfin_t187ap03_O:CompanyName,
8084,巨虹電子股份有限公司,TPEx,TPEx OpenAPI mopsfin_t187ap03_O:CompanyName,
8085,福華電子股份有限公司,TPEx,TPEx OpenAPI mopsfin_t187ap03_O:CompanyName,
8086,宏捷科技股份有限公司,TPEx,TPEx OpenAPI mopsfin_t187ap03_O:CompanyName,
8087,麗升能源科技股份有限公司,TPEx,TPEx OpenAPI mopsfin_t187ap03_O:CompanyName,
8088,品安科技股份有限公司,TPEx,TPEx OpenAPI mopsfin_t187ap03_O:CompanyName,
8089,康全電訊股份有限公司,TPEx,TPEx OpenAPI mopsfin_t187ap03_O:CompanyName,
8091,翔名科技股份有限公司,TPEx,TPEx OpenAPI mopsfin_t187ap03_O:CompanyName,
8092,建暐精密科技股份有限公司,TPEx,TPEx OpenAPI mopsfin_t187ap03_O:CompanyName,
8093,保銳科技股份有限公司,TPEx,TPEx OpenAPI mopsfin_t187ap03_O:CompanyName,
8096,擎亞電子股份有限公司,TPEx,TPEx OpenAPI mopsfin_t187ap03_O:CompanyName,
8097,常珵科技股份有限公司,TPEx,TPEx OpenAPI mopsfin_t187ap03_O:CompanyName,
8099,大同世界科技股份有限公司,TPEx,TPEx OpenAPI mopsfin_t187ap03_O:CompanyName,
8102,傑霖科技股份有限公司,TPEx,TPEx OpenAPI mopsfin_t187ap03_O:CompanyName,
8107,大億金茂股份有限公司,TPEx,TPEx OpenAPI mopsfin_t187ap03_O:CompanyName,
8109,博大科技股份有限公司,TPEx,TPEx OpenAPI mopsfin_t187ap03_O:CompanyName,
8111,立碁電子工業股份有限公司,TPEx,TPEx OpenAPI mopsfin_t187ap03_O:CompanyName,
8121,越峰電子材料股份有限公司,TPEx,TPEx OpenAPI mopsfin_t187ap03_O:CompanyName,
8147,正淩精密工業股份有限公司,TPEx,TPEx OpenAPI mopsfin_t187ap03_O:CompanyName,
8155,博智電子股份有限公司,TPEx,TPEx OpenAPI mopsfin_t187ap03_O:CompanyName,
8171,天宇工業股份有限公司,TPEx,TPEx OpenAPI mopsfin_t187ap03_O:CompanyName,
8176,智捷科技股份有限公司,TPEx,TPEx OpenAPI mopsfin_t187ap03_O:CompanyName,
8182,加高電子股份有限公司,TPEx,TPEx OpenAPI mopsfin_t187ap03_O:CompanyName,
8183,台灣精星科技股份有限公司,TPEx,TPEx OpenAPI mopsfin_t187ap03_O:CompanyName,
8227,巨有科技股份有限公司,TPEx,TPEx OpenAPI mopsfin_t187ap03_O:CompanyName,
8234,新漢股份有限公司,TPEx,TPEx OpenAPI mopsfin_t187ap03_O:CompanyName,
8240,華宏新技股份有限公司,TPEx,TPEx OpenAPI mopsfin_t187ap03_O:CompanyName,
8255,朋程科技股份有限公司,TPEx,TPEx OpenAPI mopsfin_t187ap03_O:CompanyName,
8272,全景軟體股份有限公司,TPEx,TPEx OpenAPI mopsfin_t187ap03_O:CompanyName,
8277,商丞科技股份有限公司,TPEx,TPEx OpenAPI mopsfin_t187ap03_O:CompanyName,
8279,生展生物科技股份有限公司,TPEx,TPEx OpenAPI mopsfin_t187ap03_O:CompanyName,
8284,三竹資訊股份有限公司,TPEx,TPEx OpenAPI mopsfin_t187ap03_O:CompanyName,
8289,泰藝電子股份有限公司,TPEx,TPEx OpenAPI mopsfin_t187ap03_O:CompanyName,
8291,尚茂電子材料股份有限公司,TPEx,TPEx OpenAPI mopsfin_t187ap03_O:CompanyName,
8299,群聯電子股份有限公司,TPEx,TPEx OpenAPI mopsfin_t187ap03_O:CompanyName,
8342,益張實業股份有限公司,TPEx,TPEx OpenAPI mopsfin_t187ap03_O:CompanyName,
8349,恒耀國際股份有限公司,TPEx,TPEx OpenAPI mopsfin_t187ap03_O:CompanyName,
8354,冠好科技股份有限公司,TPEx,TPEx OpenAPI mopsfin_t187ap03_O:CompanyName,
8358,金居開發股份有限公司,TPEx,TPEx OpenAPI mopsfin_t187ap03_O:CompanyName,
8383,千附實業股份有限公司,TPEx,TPEx OpenAPI mopsfin_t187ap03_O:CompanyName,
8390,金益鼎企業股份有限公司,TPEx,TPEx OpenAPI mopsfin_t187ap03_O:CompanyName,
8401,白紗科技印刷股份有限公司,TPEx,TPEx OpenAPI mopsfin_t187ap03_O:CompanyName,
8403,盛弘醫藥股份有限公司,TPEx,TPEx OpenAPI mopsfin_t187ap03_O:CompanyName,
8409,商之器科技股份有限公司,TPEx,TPEx OpenAPI mopsfin_t187ap03_O:CompanyName,
8410,森田印刷廠股份有限公司,TPEx,TPEx OpenAPI mopsfin_t187ap03_O:CompanyName,
8415,大成國際鋼鐵股份有限公司,TPEx,TPEx OpenAPI mopsfin_t187ap03_O:CompanyName,
8416,實威國際股份有限公司,TPEx,TPEx OpenAPI mopsfin_t187ap03_O:CompanyName,
8421,旭源包裝科技股份有限公司,TPEx,TPEx OpenAPI mopsfin_t187ap03_O:CompanyName,
8423,保綠資源股份有限公司,TPEx,TPEx OpenAPI mopsfin_t187ap03_O:CompanyName,
8424,惠普股份有限公司,TPEx,TPEx OpenAPI mopsfin_t187ap03_O:CompanyName,
8426,紅木集團有限公司,TPEx,TPEx OpenAPI mopsfin_t187ap03_O:CompanyName,
8431,匯鑽科技股份有限公司,TPEx,TPEx OpenAPI mopsfin_t187ap03_O:CompanyName,
8432,東生華製藥股份有限公司,TPEx,TPEx OpenAPI mopsfin_t187ap03_O:CompanyName,
8433,弘帆股份有限公司,TPEx,TPEx OpenAPI mopsfin_t187ap03_O:CompanyName,
8435,台灣鉅邁股份有限公司,TPEx,TPEx OpenAPI mopsfin_t187ap03_O:CompanyName,
8436,大江生醫股份有限公司,TPEx,TPEx OpenAPI mopsfin_t187ap03_O:CompanyName,
8437,大地幼教股份有限公司,TPEx,TPEx OpenAPI mopsfin_t187ap03_O:CompanyName,
8440,綠電再生股份有限公司,TPEx,TPEx OpenAPI mopsfin_t187ap03_O:CompanyName,
8444,綠河股份有限公司,TPEx,TPEx OpenAPI mopsfin_t187ap03_O:CompanyName,
8446,華研國際音樂股份有限公司,TPEx,TPEx OpenAPI mopsfin_t187ap03_O:CompanyName,
8450,霹靂國際多媒體股份有限公司,TPEx,TPEx OpenAPI mopsfin_t187ap03_O:CompanyName,
8455,蓋曼群島商日本大拓股份有限公司,TPEx,TPEx OpenAPI mopsfin_t187ap03_O:CompanyName,
8472,夠麻吉股份有限公司,TPEx,TPEx OpenAPI mopsfin_t187ap03_O:CompanyName,
8477,創業家數位股份有限公司,TPEx,TPEx OpenAPI mopsfin_t187ap03_O:CompanyName,
8489,三貝德數位文創股份有限公司,TPEx,TPEx OpenAPI mopsfin_t187ap03_O:CompanyName,
8905,裕國冷凍冷藏股份有限公司,TPEx,TPEx OpenAPI mopsfin_t187ap03_O:CompanyName,
8906,花王企業股份有限公司,TPEx,TPEx OpenAPI mopsfin_t187ap03_O:CompanyName,
8908,欣雄天然氣股份有限公司,TPEx,TPEx OpenAPI mopsfin_t187ap03_O:CompanyName,
8916,光隆實業股份有限公司,TPEx,TPEx OpenAPI mopsfin_t187ap03_O:CompanyName,
8917,欣泰石油氣股份有限公司,TPEx,TPEx OpenAPI mopsfin_t187ap03_O:CompanyName,
8921,沈氏藝術印刷股份有限公司,TPEx,TPEx OpenAPI mopsfin_t187ap03_O:CompanyName,
8923,時報文化出版企業股份有限公司,TPEx,TPEx OpenAPI mopsfin_t187ap03_O:CompanyName,
8924,大田精密工業股份有限公司,TPEx,TPEx OpenAPI mopsfin_t187ap03_O:CompanyName,
8927,北基國際股份有限公司,TPEx,TPEx OpenAPI mopsfin_t187ap03_O:CompanyName,
8928,鉅明股份有限公司,TPEx,TPEx OpenAPI mopsfin_t187ap03_O:CompanyName,
8929,富堡工業股份有限公司,TPEx,TPEx OpenAPI mopsfin_t187ap03_O:CompanyName,
8930,青鋼應用材料股份有限公司,TPEx,TPEx OpenAPI mopsfin_t187ap03_O:CompanyName,
8931,大園汽電共生股份有限公司,TPEx,TPEx OpenAPI mopsfin_t187ap03_O:CompanyName,
8932,智通科創股份有限公司,TPEx,TPEx OpenAPI mopsfin_t187ap03_O:CompanyName,
8933,愛地雅工業股份有限公司,TPEx,TPEx OpenAPI mopsfin_t187ap03_O:CompanyName,
8935,邦泰複合材料股份有限公司,TPEx,TPEx OpenAPI mopsfin_t187ap03_O:CompanyName,
8936,國統國際股份有限公司,TPEx,TPEx OpenAPI mopsfin_t187ap03_O:CompanyName,
8937,合騏工業股份有限公司,TPEx,TPEx OpenAPI mopsfin_t187ap03_O:CompanyName,
8938,明安國際企業股份有限公司,TPEx,TPEx OpenAPI mopsfin_t187ap03_O:CompanyName,
8941,關中股份有限公司,TPEx,TPEx OpenAPI mopsfin_t187ap03_O:CompanyName,
8942,森鉅科技材料股份有限公司,TPEx,TPEx OpenAPI mopsfin_t187ap03_O:CompanyName,
9949,琉園股份有限公司,TPEx,TPEx OpenAPI mopsfin_t187ap03_O:CompanyName,
9950,萬國通路股份有限公司,TPEx,TPEx OpenAPI mopsfin_t187ap03_O:CompanyName,
9951,皇田工業股份有限公司,TPEx,TPEx OpenAPI mopsfin_t187ap03_O:CompanyName,
9960,邁達康網路事業股份有限公司,TPEx,TPEx OpenAPI mopsfin_t187ap03_O:CompanyName,
9962,有益鋼鐵股份有限公司,TPEx,TPEx OpenAPI mopsfin_t187ap03_O:CompanyName,
