country,company_name,stock_code,matched_name,mapping_source,mapping_score,mapping_status
USA,DYNEGY A,,,,0.0,needs_review
USA,FIRST SOLAR,FSLR,"FIRST SOLAR, INC.",SEC company_tickers_exchange,1.0,mapped_exact_normalized
USA,FOSTER WHEELER CORP,,,,0.0,needs_review
USA,MCDERMOTT INTERNATIONAL,,,,0.0,needs_review
USA,CIRCUIT CITY,,,,0.0,needs_review
USA,CONVERGYS CORP,,,,0.0,needs_review
USA,CORP EXECUTIVE BOARD CO,,,,0.0,needs_review
USA,TENET HEALTHCARE CORP,THC,TENET HEALTHCARE CORP,SEC company_tickers_exchange,1.0,mapped_exact_normalized
USA,TIME WARNER CABLE-A,,,,0.0,needs_review
USA,ALPHA NAT RESOURCES,ANR,"Alpha Natural Resources, Inc.",web_verified_round2:https://www.sec.gov/Archives/edgar/data/1301063/000130106315000048/anr8-k07x17x2015.htm,0.97,verified_us_web_high_confidence
USA,PETROHAWK ENERGY CORP,,,,0.0,needs_review
USA,AUTONATION,AN,"AUTONATION, INC.",SEC company_tickers_exchange,1.0,mapped_exact_normalized
USA,OSHKOSH CORP,OSK,OSHKOSH CORP,SEC company_tickers_exchange,1.0,mapped_exact_normalized
USA,LUBRIZOL CORP,,,,0.0,needs_review
USA,XL CAPITAL,,,,0.0,needs_review
USA,ASSOCIATED BANC-CORP,ASB,ASSOCIATED BANC-CORP,SEC company_tickers_exchange,1.0,mapped_exact_normalized
USA,CAMDEN PROPERTY TRUST,CPT,CAMDEN PROPERTY TRUST,SEC company_tickers_exchange,1.0,mapped_exact_normalized
USA,REALTY INCOME CORP,O,REALTY INCOME CORP,SEC company_tickers_exchange,1.0,mapped_exact_normalized
USA,NII HOLDINGS B,,,,0.0,needs_review
USA,MICHAEL KORS HOLDINGS,,,,0.0,needs_review
USA,TESLA MOTORS,,,,0.0,needs_review
USA,ULTRA PETROLEUM CORP,,,,0.0,needs_review
TAIWAN,ECLAT TEXTILE COMPANY,1476,ECLAT,FinLab company_basic_info:英文簡稱,0.9285,verified_tw_reference_fuzzy
TAIWAN,TUNG HO STEEL ENTERPRISE,2006,Tung Ho Steel,FinLab company_basic_info:英文簡稱,0.9442,verified_tw_reference_fuzzy
USA,TABLEAU SOFTWARE A,,,,0.0,needs_review
USA,DIAMOND OFFSHORE DRILL,,,,0.0,needs_review
USA,LIBERTY BROADBAND C,LBRDA,Liberty Broadband Corp,SEC company_tickers_exchange,1.0,mapped_exact_normalized
USA,IONIS PHARMACEUTICALS,IONS,IONIS PHARMACEUTICALS INC,SEC company_tickers_exchange,1.0,mapped_exact_normalized
TAIWAN,GENERAL INTERFACE SOLN,6456,GIS Holding Limited / GIS-KY,Round3 official audit: FinLab company_basic_info + TWSE official reference,0.99,verified_tw_official_round3
TAIWAN,OBI PHARMA,4174,台灣浩鼎生技股份有限公司 / OBI,Round3 official audit: FinLab company_basic_info + TPEx official reference,0.99,verified_tw_official_round3
USA,ROKU A,ROKU,"ROKU, INC",SEC company_tickers_exchange,1.0,mapped_exact_normalized
USA,SAREPTA THERAPEUTICS,SRPT,"Sarepta Therapeutics, Inc.",SEC company_tickers_exchange,1.0,mapped_exact_normalized
USA,CHEMOURS CO,CC,Chemours Co,SEC company_tickers_exchange,1.0,mapped_exact_normalized
USA,COMMSCOPE HOLDING CO,COMM,"CommScope Holding Company, Inc.",web_verified_round2:https://commscopeholdingcompanyinc.gcs-web.com/news-releases/news-release-details/commscope-reports-fourth-quarter-and-full-year-2024-results,0.98,verified_us_web_high_confidence
USA,P G & E CORP,,,,0.0,needs_review
USA,PELOTON INTERACTIVE A,PTON,"PELOTON INTERACTIVE, INC.",SEC company_tickers_exchange,1.0,mapped_exact_normalized
USA,ZSCALER,ZS,"Zscaler, Inc.",SEC company_tickers_exchange,1.0,mapped_exact_normalized
USA,HOLLYFRONTIER,,,,0.0,needs_review
TAIWAN,ASMEDIA TECHNOLOGY,5269,Asmedia,FinLab company_basic_info:英文簡稱,0.9289,verified_tw_reference_fuzzy
TAIWAN,CHINA AIRLINES,2610,中華航空股份有限公司 / CAL,Round3 official audit: FinLab company_basic_info + TWSE official reference,0.99,verified_tw_official_round3
TAIWAN,TATUNG,2371,TATUNG COMPANY,FinLab company_basic_info:英文簡稱,1.0,mapped_exact_normalized
USA,AMC ENTERTAINMENT HLDG A,,,,0.0,needs_review
USA,DOORDASH A,DASH,"DoorDash, Inc.",SEC company_tickers_exchange,1.0,mapped_exact_normalized
USA,REINSURANCE GRP AMERICA,,,,0.0,needs_review
TAIWAN,MOMO.COM,8454,momo,FinLab company_basic_info:英文簡稱,1.0,mapped_exact_normalized
TAIWAN,TAIWAN BUSINESS BANK,2834,臺灣中小企業銀行股份有限公司 / TBB,Round3 official audit: FinLab company_basic_info + TWSE official reference,0.99,verified_tw_official_round3
USA,CARLISLE COS,,,,0.0,needs_review
USA,GAMING & LEISURE PPTYS,,,,0.0,needs_review
USA,TEXAS PACIFIC LAND,TPL,Texas Pacific Land Corp,SEC company_tickers_exchange,1.0,mapped_exact_normalized
USA,CARVANA A,CVNA,CARVANA CO.,SEC company_tickers_exchange,1.0,mapped_exact_normalized
USA,UPSTART HOLDINGS,UPST,"Upstart Holdings, Inc.",SEC company_tickers_exchange,1.0,mapped_exact_normalized
USA,CONFLUENT A,,,,0.0,needs_review
USA,DRAFTKINGS A,DKNG,DraftKings Inc.,SEC company_tickers_exchange,1.0,mapped_exact_normalized
USA,JABIL CIRCUIT,,,,0.0,needs_review
USA,MANHATTAN ASSOCIATES,MANH,MANHATTAN ASSOCIATES INC,SEC company_tickers_exchange,1.0,mapped_exact_normalized
USA,ROBINHOOD MARKETS A,HOOD,"Robinhood Markets, Inc.",SEC company_tickers_exchange,1.0,mapped_exact_normalized
USA,SUPER MICRO COMPUTER,SMCI,"Super Micro Computer, Inc.",SEC company_tickers_exchange,1.0,mapped_exact_normalized
USA,ADVANCE AUTO PARTS,AAP,ADVANCE AUTO PARTS INC,SEC company_tickers_exchange,1.0,mapped_exact_normalized
USA,ALCOA (NEW),AA,Alcoa Corp,SEC company_tickers_exchange,1.0,mapped_exact_normalized
USA,LIBERTY GLOBAL A,LBTYA,Liberty Global Ltd.,SEC company_tickers_exchange,1.0,mapped_exact_normalized
USA,MASIMO,MASI,MASIMO CORP,SEC company_tickers_exchange,1.0,mapped_exact_normalized
USA,NOVOCURE,NVCR,NovoCure Ltd,SEC company_tickers_exchange,1.0,mapped_exact_normalized
USA,UGI CORP,UGI,UGI Corporation Common Stock,NasdaqTrader otherlisted,1.0,mapped_exact_normalized
TAIWAN,GIGABYTE TECHNOLOGY CO,2376,GIGABYTE,FinLab company_basic_info:英文簡稱,0.9321,verified_tw_reference_fuzzy
TAIWAN,WIN SEMICONDUCTORS,3105,穩懋半導體股份有限公司 / WIN,Round3 official audit: FinLab company_basic_info + TPEx official reference,0.99,verified_tw_official_round3
USA,FLUTTER ENTMT(US),,,,0.0,needs_review
USA,CAESARS ENT INC,,,,0.0,needs_review
USA,CLEVELAND CLIFFS,CLF,CLEVELAND-CLIFFS INC.,SEC company_tickers_exchange,1.0,mapped_exact_normalized
USA,ETSY,ETSY,ETSY INC,SEC company_tickers_exchange,1.0,mapped_exact_normalized
USA,LATTICE SEMICONDUCTOR,LSCC,LATTICE SEMICONDUCTOR CORP,SEC company_tickers_exchange,1.0,mapped_exact_normalized
USA,PAYLOCITY HOLDING CORP,PCTY,Paylocity Holding Corp,SEC company_tickers_exchange,1.0,mapped_exact_normalized
USA,REPLIGEN CORP,RGEN,REPLIGEN CORP,SEC company_tickers_exchange,1.0,mapped_exact_normalized
USA,UIPATH A,PATH,"UiPath, Inc.",SEC company_tickers_exchange,1.0,mapped_exact_normalized
USA,UNITY SOFTWARE,U,Unity Software Inc.,SEC company_tickers_exchange,1.0,mapped_exact_normalized
USA,AFFIRM HOLDINGS A,AFRM,"Affirm Holdings, Inc.",SEC company_tickers_exchange,1.0,mapped_exact_normalized
USA,ROCKET LAB CORP,RKLB,Rocket Lab Corp,SEC company_tickers_exchange,1.0,mapped_exact_normalized
USA,SOFI TECHNOLOGIES,SOFI,"SoFi Technologies, Inc.",SEC company_tickers_exchange,1.0,mapped_exact_normalized
USA,TAPESTRY,TPR,"TAPESTRY, INC.",SEC company_tickers_exchange,1.0,mapped_exact_normalized
USA,AVANTOR,AVTR,"Avantor, Inc.",SEC company_tickers_exchange,1.0,mapped_exact_normalized
USA,CONAGRA BRANDS,CAG,CONAGRA BRANDS INC.,SEC company_tickers_exchange,1.0,mapped_exact_normalized
USA,LKQ CORP,LKQ,LKQ CORP,SEC company_tickers_exchange,1.0,mapped_exact_normalized
USA,THE CAMPBELL'S,CPB,CAMPBELL'S Co,SEC company_tickers_exchange,1.0,mapped_exact_normalized
TAIWAN,CALIWAY BIOPHARMA,6919,Caliway,FinLab company_basic_info:英文簡稱,0.9312,verified_tw_reference_fuzzy
TAIWAN,KING SLIDE WORKS CO,2059,king slide,FinLab company_basic_info:英文簡稱,0.9525,verified_tw_reference_fuzzy
TAIWAN,POU CHEN CORP,9904,寶成工業股份有限公司 / PCC,Round3 official audit: FinLab company_basic_info + TWSE official reference,0.99,verified_tw_official_round3
TAIWAN,RUENTEX DEVELOPMENT CO,9945,RUENTEX DEVELOP,FinLab company_basic_info:英文簡稱,0.9689,verified_tw_reference_fuzzy
USA,ANNALY CAPITAL MGMT,,,,0.0,needs_review
USA,HENRY SCHEIN,HSIC,HENRY SCHEIN INC,SEC company_tickers_exchange,1.0,mapped_exact_normalized
USA,NASDAQ STOCK MARKET,,,,0.0,needs_review
USA,AMBAC FINANCIAL GROUP,,,,0.0,needs_review
USA,E*TRADE GROUP,,,,0.0,needs_review
USA,MBIA,MBI,MBIA INC,SEC company_tickers_exchange,1.0,mapped_exact_normalized
USA,PHARMACEUTICAL PRDCT DEV,,,,0.0,needs_review
USA,DELTA AIR LINES,DAL,"DELTA AIR LINES, INC.",SEC company_tickers_exchange,1.0,mapped_exact_normalized
USA,DEVRY,,,,0.0,needs_review
USA,ITT EDUCATIONAL SERVICES,,,,0.0,needs_review
USA,MYLAN,,,,0.0,needs_review
USA,NORTHEAST UTILITIES,,,,0.0,needs_review
USA,NSTAR,,,,0.0,needs_review
USA,OMNICARE,,,,0.0,needs_review
USA,O'REILLY AUTOMOTIVE,ORLY,O REILLY AUTOMOTIVE INC,SEC company_tickers_exchange,1.0,mapped_exact_normalized
USA,PUGET ENERGY,,,,0.0,needs_review
USA,AMERICAN CAPITAL,,,,0.0,needs_review
USA,APARTMENT INVEST & MGMT,,,,0.0,needs_review
USA,DEVELOPERS DIVERS REALTY,,,,0.0,needs_review
USA,FOREST CITY ENT. A,,,,0.0,needs_review
USA,GENWORTH FINANCIAL A,GNW,GENWORTH FINANCIAL INC,SEC company_tickers_exchange,1.0,mapped_exact_normalized
USA,HUNTSMAN CORP,HUN,Huntsman CORP,SEC company_tickers_exchange,1.0,mapped_exact_normalized
USA,JANUS CAPITAL GROUP,,,,0.0,needs_review
USA,LAMAR ADVERTISING CO A,LAMR,LAMAR ADVERTISING CO/NEW,SEC company_tickers_exchange,1.0,mapped_exact_normalized
USA,SL GREEN REALTY CORP,SLG,SL GREEN REALTY CORP,SEC company_tickers_exchange,1.0,mapped_exact_normalized
USA,COBALT INTERNATIONAL,CIE,"Cobalt International Energy, Inc.",Round4 conflict review: https://www.sec.gov/Archives/edgar/data/1471261/000119312517062754/d259399dex991.htm | https://www.sec.gov/Archives/edgar/data/876661/000087666118000002/ruleprovisionnotice.htm,0.98,verified_historical_round4
USA,DONNELLEY (RR) & SONS,,,,0.0,needs_review
USA,ALKERMES,ALKS,Alkermes plc.,SEC company_tickers_exchange,1.0,mapped_exact_normalized
USA,ISIS PHARMACEUTICALS,,,,0.0,needs_review
USA,DENBURY RESOURCES,,,,0.0,needs_review
USA,HERBALIFE,HLF,HERBALIFE LTD.,SEC company_tickers_exchange,1.0,mapped_exact_normalized
TAIWAN,WAN HAI LINES,2615,萬海航運股份有限公司 / WANHAI,Round3 official audit: FinLab company_basic_info + TWSE official reference,0.99,verified_tw_official_round3
TAIWAN,TSRC CORP,2103,TSRC,FinLab company_basic_info:英文簡稱,1.0,mapped_exact_normalized
USA,ATMOS ENERGY CORP,ATO,ATMOS ENERGY CORP,SEC company_tickers_exchange,1.0,mapped_exact_normalized
USA,MID-AMERICA APARTMENT,,,,0.0,needs_review
USA,MSCI,MSCI,MSCI Inc.,SEC company_tickers_exchange,1.0,mapped_exact_normalized
USA,TECO ENERGY,,,,0.0,needs_review
USA,WASTE CONNECTIONS,WCN,"Waste Connections, Inc.",SEC company_tickers_exchange,1.0,mapped_exact_normalized
USA,WR GRACE & CO,,,,0.0,needs_review
USA,CHESAPEAKE ENERGY CORP,CHK,Chesapeake Energy Corporation,web_verified_round2:https://www.sec.gov/Archives/edgar/data/895126/000110465924052466/tm244499d2_ars.pdf,0.98,verified_us_web_high_confidence
USA,ENERGEN CORP,,,,0.0,needs_review
USA,ENSCO A,,,,0.0,needs_review
USA,FIREEYE,,,,0.0,needs_review
USA,WHITING PETROLEUM,,,,0.0,needs_review
USA,ADVANCED MICRO DEVICES,AMD,ADVANCED MICRO DEVICES INC,SEC company_tickers_exchange,1.0,mapped_exact_normalized
USA,ENDO INTERNATIONAL,,,,0.0,needs_review
USA,ALTICE USA A,,,,0.0,needs_review
USA,KKR & CO,KKR,KKR & Co. Inc.,SEC company_tickers_exchange,1.0,mapped_exact_normalized
USA,ANTERO RESOURCES,AR,ANTERO RESOURCES Corp,SEC company_tickers_exchange,1.0,mapped_exact_normalized
USA,AIRBNB A,ABNB,"Airbnb, Inc.",SEC company_tickers_exchange,1.0,mapped_exact_normalized
USA,PLUG POWER,PLUG,PLUG POWER INC,SEC company_tickers_exchange,1.0,mapped_exact_normalized
USA,PERRIGO,PRGO,PERRIGO Co plc,SEC company_tickers_exchange,1.0,mapped_exact_normalized
TAIWAN,NAN YA PRINTED CIRCUIT,8046,南亞電路板股份有限公司 / N.P.C,Round3 official audit: FinLab company_basic_info + TWSE official reference,0.99,verified_tw_official_round3
TAIWAN,STANDARD FOODS CORP,1227,佳格食品股份有限公司 / SFC,Round3 official audit: FinLab company_basic_info + TWSE official reference,0.99,verified_tw_official_round3
USA,KIMCO REALTY CORP,KIM,KIMCO REALTY CORP,SEC company_tickers_exchange,1.0,mapped_exact_normalized
USA,OAK STREET HEALTH,,,,0.0,needs_review
TAIWAN,E INK HOLDINGS,8069,元太科技工業股份有限公司 / EIH,Round3 official audit: FinLab company_basic_info + TPEx official reference,0.99,verified_tw_official_round3
TAIWAN,WISTRON CORP,3231,Wistron,FinLab company_basic_info:英文簡稱,1.0,mapped_exact_normalized
USA,AECOM,ACM,AECOM,SEC company_tickers_exchange,1.0,mapped_exact_normalized
USA,ATLASSIAN (US),TEAM,Atlassian Corp,SEC company_tickers_exchange,1.0,mapped_exact_normalized
USA,AXON ENTERPRISE,AXON,"AXON ENTERPRISE, INC.",SEC company_tickers_exchange,1.0,mapped_exact_normalized
USA,GRACO,GGG,GRACO INC,SEC company_tickers_exchange,1.0,mapped_exact_normalized
USA,RELIANCE STEEL & ALUM,,,,0.0,needs_review
USA,TORO CO,TTC,TORO CO,SEC company_tickers_exchange,1.0,mapped_exact_normalized
USA,UNITED THERAPEUTICS CORP,UTHR,UNITED THERAPEUTICS Corp,SEC company_tickers_exchange,1.0,mapped_exact_normalized
USA,LINCOLN NATIONAL CORP,LNC,LINCOLN NATIONAL CORP,SEC company_tickers_exchange,1.0,mapped_exact_normalized
USA,LUMEN TECHNOLOGIES,LUMN,"Lumen Technologies, Inc.",SEC company_tickers_exchange,1.0,mapped_exact_normalized
USA,WESTERN UNION,WU,Western Union CO,SEC company_tickers_exchange,1.0,mapped_exact_normalized
USA,APPLOVIN CORP A,APP,AppLovin Corp,SEC company_tickers_exchange,1.0,mapped_exact_normalized
USA,COREBRIDGE FINANCIAL,CRBG,"Corebridge Financial, Inc.",SEC company_tickers_exchange,1.0,mapped_exact_normalized
USA,SAMSARA A,IOT,Samsara Inc.,SEC company_tickers_exchange,1.0,mapped_exact_normalized
USA,WILLIAMS-SONOMA,WSM,WILLIAMS SONOMA INC,SEC company_tickers_exchange,1.0,mapped_exact_normalized
USA,LUCID GROUP A,LCID,"Lucid Group, Inc.",SEC company_tickers_exchange,1.0,mapped_exact_normalized
USA,VF CORP,,,,0.0,needs_review
USA,INTERACTIVE BKRS GRP A,,,,0.0,needs_review
USA,NATERA,NTRA,"Natera, Inc.",SEC company_tickers_exchange,1.0,mapped_exact_normalized
USA,REDDIT A,RDDT,"Reddit, Inc.",SEC company_tickers_exchange,1.0,mapped_exact_normalized
USA,UNITED AIRLINES HOLDINGS,UAL,"United Airlines Holdings, Inc.",SEC company_tickers_exchange,1.0,mapped_exact_normalized
USA,AES CORP,AES,AES CORP,SEC company_tickers_exchange,1.0,mapped_exact_normalized
USA,APA CORPORATION,APA,APA Corp,SEC company_tickers_exchange,1.0,mapped_exact_normalized
USA,CELANESE CORP,CE,Celanese Corp,SEC company_tickers_exchange,1.0,mapped_exact_normalized
USA,CHARLES RIVER LABS INTL,CRL,"Charles River Laboratories International, Inc.",web_verified_round2:https://ir.criver.com/shareholder-services/investor-faqs,0.99,verified_us_web_high_confidence
USA,ENPHASE ENERGY,ENPH,"Enphase Energy, Inc.",SEC company_tickers_exchange,1.0,mapped_exact_normalized
USA,HF SINCLAIR,DINO,HF Sinclair Corp,SEC company_tickers_exchange,1.0,mapped_exact_normalized
USA,HUNTINGTON INGALLS IND,,,,0.0,needs_review
USA,KNIGHT-SWIFT TRANSPORT,,,,0.0,needs_review
USA,LAMB WESTON HOLDINGS,LW,"Lamb Weston Holdings, Inc.",SEC company_tickers_exchange,1.0,mapped_exact_normalized
USA,MARKETAXESS HLDGS,,,,0.0,needs_review
USA,MATCH GROUP(NEW),MTCH,"Match Group, Inc.",SEC company_tickers_exchange,1.0,mapped_exact_normalized
USA,MOSAIC CO (THE),MOS,MOSAIC CO,SEC company_tickers_exchange,1.0,mapped_exact_normalized
USA,QORVO,QRVO,"Qorvo, Inc.",SEC company_tickers_exchange,1.0,mapped_exact_normalized
USA,TELEFLEX,TFX,TELEFLEX INC,SEC company_tickers_exchange,1.0,mapped_exact_normalized
TAIWAN,ELITE MATERIAL CO,2383,台光電子材料股份有限公司 / EMC,Round3 official audit: FinLab company_basic_info + TWSE official reference,0.99,verified_tw_official_round3
TAIWAN,LOTES CO,3533,LOTES,FinLab company_basic_info:英文簡稱,1.0,mapped_exact_normalized
TAIWAN,NANYA TECHNOLOGY,2408,南亞科技股份有限公司 / NTC,Round3 official audit: FinLab company_basic_info + TWSE official reference,0.99,verified_tw_official_round3
TAIWAN,WALSIN LIHWA CORP,1605,WALSIN,FinLab company_basic_info:英文簡稱,0.94,verified_tw_reference_fuzzy
USA,AST SPACEMOBILE A,ASTS,"AST SpaceMobile, Inc.",SEC company_tickers_exchange,1.0,mapped_exact_normalized
USA,CASEYS GENERAL STORES,CASY,CASEYS GENERAL STORES INC,SEC company_tickers_exchange,1.0,mapped_exact_normalized
USA,COHERENT CORP,COHR,COHERENT CORP.,SEC company_tickers_exchange,1.0,mapped_exact_normalized
USA,CURTISS-WRIGHT CORP,CW,CURTISS WRIGHT CORP,SEC company_tickers_exchange,1.0,mapped_exact_normalized
USA,FTAI AVIATION,FTAI,FTAI Aviation Ltd.,SEC company_tickers_exchange,1.0,mapped_exact_normalized
USA,IREN,IREN,IREN Ltd,SEC company_tickers_exchange,1.0,mapped_exact_normalized
USA,LUMENTUM HOLDINGS,LITE,Lumentum Holdings Inc.,SEC company_tickers_exchange,1.0,mapped_exact_normalized
USA,REVOLUTION MEDICINES,RVMD,"Revolution Medicines, Inc.",SEC company_tickers_exchange,1.0,mapped_exact_normalized
USA,ALEXANDRIA REAL ESTATE,,,,0.0,needs_review
USA,AMERICAN FINANCIAL GROUP,AFG,AMERICAN FINANCIAL GROUP INC,SEC company_tickers_exchange,1.0,mapped_exact_normalized
USA,AMERICAN HOMES 4 RENT A,AMH,American Homes 4 Rent,SEC company_tickers_exchange,1.0,mapped_exact_normalized
USA,BAXTER INTERNATIONAL,BAX,BAXTER INTERNATIONAL INC,SEC company_tickers_exchange,1.0,mapped_exact_normalized
USA,BENTLEY SYSTEMS B,BSY,BENTLEY SYSTEMS INC,SEC company_tickers_exchange,1.0,mapped_exact_normalized
USA,BOOZ ALLEN HAMILTON A,BAH,Booz Allen Hamilton Holding Corp,SEC company_tickers_exchange,1.0,mapped_exact_normalized
USA,BROWN-FORMAN CORP B,BF-A,BROWN FORMAN CORP,SEC company_tickers_exchange,1.0,mapped_exact_normalized
USA,BXP,BXP,"BXP, Inc.",SEC company_tickers_exchange,1.0,mapped_exact_normalized
USA,DOCUSIGN,DOCU,"DOCUSIGN, INC.",SEC company_tickers_exchange,1.0,mapped_exact_normalized
USA,DYNATRACE,DT,"Dynatrace, Inc.",SEC company_tickers_exchange,1.0,mapped_exact_normalized
USA,EQUITY LIFESTYLE PPTYS,,,,0.0,needs_review
USA,ESSENTIAL UTILITIES,WTRG,"Essential Utilities, Inc.",SEC company_tickers_exchange,1.0,mapped_exact_normalized
USA,JM SMUCKER CO,,,,0.0,needs_review
USA,NUTANIX A,NTNX,"Nutanix, Inc.",SEC company_tickers_exchange,1.0,mapped_exact_normalized
USA,PAYCOM SOFTWARE,PAYC,"Paycom Software, Inc.",SEC company_tickers_exchange,1.0,mapped_exact_normalized
TAIWAN,HONPRECISION,2317,鴻海精密工業股份有限公司 / HON HAI,Round3 official audit: FinLab company_basic_info + TWSE official reference,0.99,verified_tw_official_round3
TAIWAN,CHENG SHIN RUBBER IND,2105,正新橡膠工業股份有限公司 / CST,Round3 official audit: FinLab company_basic_info + TWSE official reference,0.99,verified_tw_official_round3
TAIWAN,FENG TAY ENTERPRISE CO,9910,豐泰企業股份有限公司 / FT,Round3 official audit: FinLab company_basic_info + TWSE official reference,0.99,verified_tw_official_round3
TAIWAN,NIEN MADE ENTERPRISE CO,8464,Nien Made,FinLab company_basic_info:英文簡稱,0.935,verified_tw_reference_fuzzy
TAIWAN,CATCHER TECH CO,2474,CATCHER,FinLab company_basic_info:英文簡稱,0.9483,verified_tw_reference_fuzzy
TAIWAN,CHENG UEI PRECISION IND,2392,正崴精密工業股份有限公司 / FOXLINK,Round3 official audit: FinLab company_basic_info + TWSE official reference,0.99,verified_tw_official_round3
TAIWAN,COMPAL COMMUNICATIONS,2324,Compal,FinLab company_basic_info:英文簡稱,0.9186,verified_tw_reference_fuzzy
TAIWAN,INVENTEC APPLIANCES,2356,INVENTEC,FinLab company_basic_info:英文簡稱,0.9321,verified_tw_reference_fuzzy
TAIWAN,NOVATEK MICROELECTRS,3034,NOVATEK,FinLab company_basic_info:英文簡稱,0.925,verified_tw_reference_fuzzy
TAIWAN,PHOENIX PRECISION TECH,8021,尖點科技股份有限公司 / Topoint,Round3 official audit: FinLab company_basic_info + TWSE official reference,0.99,verified_tw_official_round3
TAIWAN,ELITEGROUP COMPUTER SYS,2331,精英電腦股份有限公司 / ECS,Round3 official audit: FinLab company_basic_info + TWSE official reference,0.99,verified_tw_official_round3
TAIWAN,NIEN HSING TEXTILE CORP,1451,NIEN HSING,FinLab company_basic_info:英文簡稱,0.9456,verified_tw_reference_fuzzy
TAIWAN,SHIHLIN ELECTR. & ENG,1503,士林電機廠股份有限公司 / SEEC,Round3 official audit: FinLab company_basic_info + TWSE official reference,0.99,verified_tw_official_round3
TAIWAN,SYSTEX CORP,6214,SYSTEX,FinLab company_basic_info:英文簡稱,1.0,mapped_exact_normalized
TAIWAN,TAIWAN STYRENE MONOMER,1310,台灣苯乙烯工業股份有限公司 / T.S.M.C.,Round3 official audit: FinLab company_basic_info + TWSE official reference,0.99,verified_tw_official_round3
TAIWAN,EPISTAR CORP,2448,Epistar Corporation,Round4 conflict review: https://www.ennostar.com/en/news/news/2 | https://www.ledinside.com/node/31791,0.97,verified_historical_round4
TAIWAN,INOTERA MEMORIES,3474,"Inotera Memories, Inc.",Round4 conflict review: https://www.digitimes.com/news/a20161011VL201.html | https://en.ctimes.com.tw/DispNews.asp%3FO%3DHJZCE96HQKMSAA00NO,0.97,verified_historical_round4
TAIWAN,KINSUS INTERCONNECT TECH,3189,景碩科技股份有限公司 / KINSUS,Round3 official audit: FinLab company_basic_info + TWSE official reference,0.99,verified_tw_official_round3
TAIWAN,MOSEL VITELIC,2342,台灣茂矽電子股份有限公司 / MVI,Round3 official audit: FinLab company_basic_info + TWSE official reference,0.99,verified_tw_official_round3
TAIWAN,MOTECH INDUSTRIES,6244,MOTECH,FinLab company_basic_info:英文簡稱,0.9253,verified_tw_reference_fuzzy
TAIWAN,ACCTON TECHNOLOGY CORP,2345,ACCTON,FinLab company_basic_info:英文簡稱,0.9253,verified_tw_reference_fuzzy
TAIWAN,GIANT MANUFACTURING CO.,9921,巨大機械工業股份有限公司 / GIANT,Round3 official audit: FinLab company_basic_info + TWSE official reference,0.99,verified_tw_official_round3
TAIWAN,OPTIMAX TECHNOLOGY CORP,3051,Optimax,FinLab company_basic_info:英文簡稱,0.9289,verified_tw_reference_fuzzy
TAIWAN,PHOENIXTEC POWER CO,2411,"Phoenixtec Power Co., Ltd. / 飛瑞",Round8d web/Yahoo/Google evidence: MBAlib Taiwan Mid-Cap 100 table lists 2411 飛瑞 Phoenixtec Power; Eaton acquisition/delisting pages confirm Phoenixtec Power was listed and then acquired/delisted by Eaton.,0.95,verified_tw_historical_round8d
TAIWAN,NANYA TECHNOLOGY CORP,2408,南亞科技股份有限公司 / NTC,Round3 official audit: FinLab company_basic_info + TWSE official reference,0.99,verified_tw_official_round3
TAIWAN,POWERTECH TECHNOLOGY,3296,POWERTECH,FinLab company_basic_info:英文簡稱,0.935,verified_tw_reference_fuzzy
TAIWAN,PRO MOS TECHNOLOGIES,5387,ProMOS Technologies Inc.,Round4 conflict review: https://focustaiwan.tw/business/201202170035 | https://www.marketscreener.com/quote/stock/PROMOS-TECHNOLOGIES-INC-6491683/,0.97,verified_historical_round4
TAIWAN,TRIPOD TECHNOLOGY CORP,3044,Tripod,FinLab company_basic_info:英文簡稱,0.9253,verified_tw_reference_fuzzy
TAIWAN,UNIMICRON TECHNOLOGY,3037,UNIMICRON,FinLab company_basic_info:英文簡稱,0.935,verified_tw_reference_fuzzy
TAIWAN,VANGUARD INT'L SEMICON,5347,世界先進積體電路股份有限公司 / VIS,Round3 official audit: FinLab company_basic_info + TPEx official reference,0.99,verified_tw_official_round3
USA,AGCO CORP,AGCO,AGCO Corporation Common Stock,NasdaqTrader otherlisted,1.0,mapped_exact_normalized
USA,AK STEEL HOLDING CORP,,,,0.0,needs_review
USA,BERKSHIRE HATHAWAY B,BRK-B,BERKSHIRE HATHAWAY INC,SEC company_tickers_exchange,1.0,mapped_exact_normalized
USA,BORGWARNER,BWA,BORGWARNER INC,SEC company_tickers_exchange,1.0,mapped_exact_normalized
USA,CABOT OIL & GAS CORP,,,,0.0,needs_review
USA,CF INDUSTRIES HOLDINGS,CF,"CF Industries Holdings, Inc.",SEC company_tickers_exchange,1.0,mapped_exact_normalized
USA,CLEVELAND-CLIFFS,CLF,CLEVELAND-CLIFFS INC.,SEC company_tickers_exchange,1.0,mapped_exact_normalized
USA,FLOWSERVE CORP,FLS,FLOWSERVE CORP,SEC company_tickers_exchange,1.0,mapped_exact_normalized
USA,FOREST OIL,,,,0.0,needs_review
USA,HELMERICH & PAYNE,HP,"Helmerich & Payne, Inc.",SEC company_tickers_exchange,1.0,mapped_exact_normalized
USA,HORMEL FOODS CORP,HRL,Hormel Foods Corporation Common Stock,NasdaqTrader otherlisted,1.0,mapped_exact_normalized
USA,MDU RESOURCES GROUP,MDU,MDU RESOURCES GROUP INC,SEC company_tickers_exchange,1.0,mapped_exact_normalized
USA,ONEOK,OKE,ONEOK INC /NEW/,SEC company_tickers_exchange,1.0,mapped_exact_normalized
USA,PRICELINE.COM,,,,0.0,needs_review
USA,QUICKSILVER RESOURCES,,,,0.0,needs_review
USA,SANDRIDGE ENERGY,SD,SANDRIDGE ENERGY INC,SEC company_tickers_exchange,1.0,mapped_exact_normalized
USA,STEEL DYNAMICS,STLD,STEEL DYNAMICS INC,SEC company_tickers_exchange,1.0,mapped_exact_normalized
USA,URBAN OUTFITTERS,URBN,URBAN OUTFITTERS INC,SEC company_tickers_exchange,1.0,mapped_exact_normalized
USA,VMWARE A,,,,0.0,needs_review
USA,WHITE MOUNTAIN INSURANCE,,,,0.0,needs_review
USA,ADC TELECOMMUNICATIONS,,,,0.0,needs_review
USA,BEAR STEARNS COS,,,,0.0,needs_review
USA,BROADRIDGE FINANCIAL,,,,0.0,needs_review
USA,BROWN & BROWN,BRO,"BROWN & BROWN, INC.",SEC company_tickers_exchange,1.0,mapped_exact_normalized
USA,BRUNSWICK CORP,BC,BRUNSWICK CORP,SEC company_tickers_exchange,1.0,mapped_exact_normalized
USA,CAREER EDUCATION CORP,,,,0.0,needs_review
USA,CIT GROUP,,,,0.0,needs_review
USA,COLONIAL BANCGROUP,,,,0.0,needs_review
USA,COOPER COS,,,,0.0,needs_review
USA,FIRST HORIZON NATIONAL,FHN,First Horizon National Corp. / First Horizon Corporation,web_verified_round2:https://www.nasdaq.com/press-release/first-horizon-announces-parent-company-name-change-2020-11-20,0.98,verified_us_web_high_confidence
USA,HANESBRANDS,,,,0.0,needs_review
USA,HARMAN INTERNATIONAL IND,,,,0.0,needs_review
USA,HEALTH MANAGEMENT ASSO.,,,,0.0,needs_review
USA,IDEARC,,,,0.0,needs_review
USA,ISTAR FINANCIAL,,,,0.0,needs_review
USA,LEAR CORP,LEA,LEAR CORP,SEC company_tickers_exchange,1.0,mapped_exact_normalized
USA,LINCARE HOLDINGS,,,,0.0,needs_review
USA,LIZ CLAIBORNE,,,,0.0,needs_review
USA,MASSEY ENERGY CO,,,,0.0,needs_review
USA,MCCLATCHY CO A,,,,0.0,needs_review
USA,NOVELLUS SYSTEMS,,,,0.0,needs_review
USA,PDL BIOPHARMA,,,,0.0,needs_review
USA,QLOGIC CORP,,,,0.0,needs_review
USA,RADIOSHACK CORP,,,,0.0,needs_review
USA,SANMINA - SCI CORP,,,,0.0,needs_review
USA,SMURFIT-STONE CONTAINER,,,,0.0,needs_review
USA,TCF FINANCIAL CORP,,,,0.0,needs_review
USA,TELEPHONE & DATA SYS SPC,,,,0.0,needs_review
USA,TELLABS,,,,0.0,needs_review
USA,WENDY'S INTERNATIONAL,,,,0.0,needs_review
TAIWAN,FARGLORY DEVELOPERS CO,5522,Farglory,FinLab company_basic_info:英文簡稱,0.9321,verified_tw_reference_fuzzy
TAIWAN,FENG HSIN IRON & STEEL,2015,豐興鋼鐵股份有限公司 / FH,Round3 official audit: FinLab company_basic_info + TWSE official reference,0.99,verified_tw_official_round3
TAIWAN,COMPEQ MANUFACTURING CO,2313,COMPEQ,FinLab company_basic_info:英文簡稱,0.92,verified_tw_reference_fuzzy
TAIWAN,KINPO ELECTRONICS,2312,KINPO,FinLab company_basic_info:英文簡稱,0.9194,verified_tw_reference_fuzzy
TAIWAN,MICRO-STAR INTERNATIONAL,2377,微星科技股份有限公司 / MSI,Round3 official audit: FinLab company_basic_info + TWSE official reference,0.99,verified_tw_official_round3
TAIWAN,ORIENTAL UNION CHEMICAL,1710,東聯化學股份有限公司 / OUCC,Round3 official audit: FinLab company_basic_info + TWSE official reference,0.99,verified_tw_official_round3
TAIWAN,RITEK CORP,2349,RITEK,FinLab company_basic_info:英文簡稱,1.0,mapped_exact_normalized
TAIWAN,TAIWAN NAVIGATION CO,2617,台灣航業股份有限公司 / TNC,Round3 official audit: FinLab company_basic_info + TWSE official reference,0.99,verified_tw_official_round3
TAIWAN,WATERLAND FINANCIAL,2889,"IBF Financial Holdings Co., Ltd., formerly Waterland Financial Holdings",Round4 conflict review: https://markets.ft.com/data/equities/tearsheet/profile?s=2889%3ATAI | https://uk.marketscreener.com/quote/stock/IBF-FINANCIAL-HOLDINGS-CO-6495205/,0.97,verified_historical_round4
TAIWAN,YIEH PHUI ENTERPRISE,2023,燁輝企業股份有限公司 / YP,Round3 official audit: FinLab company_basic_info + TWSE official reference,0.99,verified_tw_official_round3
TAIWAN,YUEN FOONG YU PAPER MFG,1907,永豐餘投資控股股份有限公司 / YFY,Round3 official audit: FinLab company_basic_info + TWSE official reference,0.99,verified_tw_official_round3
TAIWAN,ZYXEL COMMUNICATIONS,3704,Zyxel Group,FinLab company_basic_info:英文簡稱,0.915,verified_tw_reference_fuzzy
USA,AIRGAS,,,,0.0,needs_review
USA,BLACKROCK A,BLK,"BlackRock, Inc.",SEC company_tickers_exchange,1.0,mapped_exact_normalized
USA,CALPINE CORP,,,,0.0,needs_review
USA,CERNER CORP,,,,0.0,needs_review
USA,CROWN HOLDINGS,CCK,"CROWN HOLDINGS, INC.",SEC company_tickers_exchange,1.0,mapped_exact_normalized
USA,EATON VANCE CORP NV,,,,0.0,needs_review
USA,EDWARDS LIFESCIENCES,EW,Edwards Lifesciences Corp,SEC company_tickers_exchange,1.0,mapped_exact_normalized
USA,FMC CORP,FMC,FMC CORP,SEC company_tickers_exchange,1.0,mapped_exact_normalized
USA,IHS INC A,IHS,IHS Holding Ltd,SEC company_tickers_exchange,1.0,mapped_exact_normalized
USA,JEFFERIES GROUP,,,,0.0,needs_review
USA,LENDER PROCESSING SVCS,,,,0.0,needs_review
USA,MAXIM INTEGRATED PRDCTS,,,,0.0,needs_review
USA,METAVANTE HOLDING,,,,0.0,needs_review
USA,MYRIAD GENETICS,MYGN,MYRIAD GENETICS INC,SEC company_tickers_exchange,1.0,mapped_exact_normalized
USA,NUANCE COMMUNICATIONS,NUAN,"Nuance Communications, Inc.",web_verified_round2:https://www.sec.gov/Archives/edgar/data/1002517/000114036121017650/nt10023637x2_defm14a.htm,0.98,verified_us_web_high_confidence
USA,PEPSIAMERICAS,,,,0.0,needs_review
USA,RAYONIER,RYN,RAYONIER INC,SEC company_tickers_exchange,1.0,mapped_exact_normalized
USA,RED HAT,,,,0.0,needs_review
USA,SBA COMMUNICATIONS A,SBAC,SBA COMMUNICATIONS CORP,SEC company_tickers_exchange,1.0,mapped_exact_normalized
USA,URS CORP,,,,0.0,needs_review
USA,WATSON PHARMACEUTICALS,,,,0.0,needs_review
USA,AMYLIN PHARMACEUTICALS,,,,0.0,needs_review
USA,EASTMAN KODAK CO,KODK,EASTMAN KODAK CO,SEC company_tickers_exchange,1.0,mapped_exact_normalized
USA,GANNETT CO,GCI,"Gannett Co., Inc.",web_verified_round2:https://www.sec.gov/cgi-bin/browse-edgar?CIK=GCI&action=getcompany&owner=exclude,0.95,verified_us_web_high_confidence
USA,GENERAL MOTORS CORP,GM,General Motors Co,SEC company_tickers_exchange,1.0,mapped_exact_normalized
USA,HEALTH NET,,,,0.0,needs_review
USA,HUNTINGTON BANCSHARES,HBAN,Huntington Bancshares Incorporated - Common Stock,NasdaqTrader nasdaqlisted,1.0,mapped_exact_normalized
USA,LEXMARK INTERNATIONAL A,,,,0.0,needs_review
USA,MACERICH CO,MAC,MACERICH CO,SEC company_tickers_exchange,1.0,mapped_exact_normalized
USA,MGM MIRAGE,,,,0.0,needs_review
USA,RELIANT ENERGY,,,,0.0,needs_review
USA,SYNOVUS FINANCIAL CORP,,,,0.0,needs_review
USA,TEREX CORP,TEX,TEREX CORP,SEC company_tickers_exchange,1.0,mapped_exact_normalized
USA,UDR,UDR,"UDR, Inc.",SEC company_tickers_exchange,1.0,mapped_exact_normalized
USA,ZIONS BANCORP,ZION,"Zions Bancorporation, N.A.",web_verified_round2:https://www.sec.gov/cgi-bin/browse-edgar?CIK=ZION&action=getcompany&owner=exclude,0.95,verified_us_web_high_confidence
TAIWAN,CAPITAL SECURITIES CORP,6005,群益金鼎證券股份有限公司 / CSC,Round3 official audit: FinLab company_basic_info + TWSE official reference,0.99,verified_tw_official_round3
TAIWAN,CHICONY ELECTRONICS CO,2385,CHICONY,FinLab company_basic_info:英文簡稱,0.9268,verified_tw_reference_fuzzy
TAIWAN,CLEVO COMPANY,2362,CLEVO CO.,FinLab company_basic_info:英文簡稱,1.0,mapped_exact_normalized
TAIWAN,CORETRONIC CORPORATION,5371,Coretronic,FinLab company_basic_info:英文簡稱,1.0,mapped_exact_normalized
TAIWAN,CSBC CORP,2208,CSBC,FinLab company_basic_info:英文簡稱,1.0,mapped_exact_normalized
TAIWAN,EVERGREEN INTERNATIONAL,2607,Evergreen International Storage & Transport Corp,Round4 conflict review: https://markets.ft.com/data/equities/tearsheet/profile?s=2607%3ATAI | https://stockanalysis.com/quote/tpe/2607/,0.97,verified_historical_round4
TAIWAN,FORMOSA INT'L HOTELS,2707,晶華國際酒店股份有限公司 / GFRT,Round3 official audit: FinLab company_basic_info + TWSE official reference,0.99,verified_tw_official_round3
TAIWAN,GLOBAL UNICHIP CORP,3443,創意電子股份有限公司 / GUC,Round3 official audit: FinLab company_basic_info + TWSE official reference,0.99,verified_tw_official_round3
TAIWAN,PHISON ELECTRONICS CORP,8299,Phison,FinLab company_basic_info:英文簡稱,0.9233,verified_tw_reference_fuzzy
TAIWAN,PIXART IMAGING,3227,原相科技股份有限公司 / PXI,Round3 official audit: FinLab company_basic_info + TPEx official reference,0.99,verified_tw_official_round3
TAIWAN,RUENTEX INDUSTRIES,2915,RUENTEX IND.LTD,FinLab company_basic_info:英文簡稱,0.9511,verified_tw_reference_fuzzy
TAIWAN,SIMPLO TECHNOLOGY CO,6121,新普科技股份有限公司 / SMP,Round3 official audit: FinLab company_basic_info + TPEx official reference,0.99,verified_tw_official_round3
TAIWAN,SINCERE NAVIGATION,2605,Sincere Navigation Corporation / 新興航運,Round4 conflict review: https://www.snc.com.tw/en/investors/ | https://ca.marketscreener.com/quote/stock/SINCERE-NAVIGATION-CORPOR-6495337/,0.97,verified_conflict_round4
TAIWAN,VIA TECHNOLOGIES,2388,威盛電子股份有限公司 / VIA,Round3 official audit: FinLab company_basic_info + TWSE official reference,0.99,verified_tw_official_round3
TAIWAN,WINBOND ELECTRONICS CORP,2344,華邦電子股份有限公司 / WEC,Round3 official audit: FinLab company_basic_info + TWSE official reference,0.99,verified_tw_official_round3
TAIWAN,WINTEK,2384,Wintek Corporation / 勝華科技,Round4 conflict review: https://www.twse.com.tw/downloads/zh/about/company/factbook/2016/1.07.html | https://in.marketscreener.com/quote/stock/WINTEK-CORPORATION-6491707/,0.97,verified_historical_round4
TAIWAN,WPG HOLDINGS CO,3702,WPG,FinLab company_basic_info:英文簡稱,1.0,mapped_exact_normalized
TAIWAN,YOUNG FAST OPTOELECTRONI,3622,洋華光電股份有限公司 / YFO,Round3 official audit: FinLab company_basic_info + TWSE official reference,0.99,verified_tw_official_round3
USA,BUCYRUS INT'L,,,,0.0,needs_review
USA,DOLLAR GENERAL CORP,DG,DOLLAR GENERAL CORP,SEC company_tickers_exchange,1.0,mapped_exact_normalized
USA,F5 NETWORKS,,,,0.0,needs_review
USA,HUMAN GENOME SCIENCES,,,,0.0,needs_review
USA,NETFLIX,NFLX,NETFLIX INC,SEC company_tickers_exchange,1.0,mapped_exact_normalized
USA,VERISK ANALYTICS A,VRSK,"Verisk Analytics, Inc.",SEC company_tickers_exchange,1.0,mapped_exact_normalized
USA,DST SYSTEMS,,,,0.0,needs_review
USA,MIRANT CORP,,,,0.0,needs_review
USA,PATTERSON-UTI ENERGY,PTEN,PATTERSON UTI ENERGY INC,SEC company_tickers_exchange,1.0,mapped_exact_normalized
USA,SUNPOWER CORP A,SPWR,SunPower Inc.,SEC company_tickers_exchange,1.0,mapped_exact_normalized
USA,SUNPOWER CORP B,SPWR,SunPower Inc.,SEC company_tickers_exchange,1.0,mapped_exact_normalized
TAIWAN,CHINA LIFE INSURANCE CO,2823,China Life Insurance (Taiwan) / KGI Life predecessor,Round4 conflict review: https://service.kgilife.com.tw/wps/portal/kgilife/investor-relations-en/about-chinalife/Company-profile | https://cbonds.com/stocks/TW0002823002/,0.97,verified_historical_round4
TAIWAN,FORMOSA SUMCO TECHNOLOGY,3532,台塑勝高科技股份有限公司 / FST,Round3 official audit: FinLab company_basic_info + TWSE official reference,0.99,verified_tw_official_round3
USA,CONTINENTAL RESOURCES,CLR,"Continental Resources, Inc.",web_verified_round2:https://www.sec.gov/Archives/edgar/data/732834/000095017023018882/R18.htm,0.94,verified_us_web_high_confidence
USA,GREEN MOUNT COF ROASTERS,,,,0.0,needs_review
USA,HCA HOLDINGS,,,,0.0,needs_review
USA,HERTZ GLOBAL HOLDING,HTZ,"HERTZ GLOBAL HOLDINGS, INC",SEC company_tickers_exchange,1.0,mapped_exact_normalized
USA,KINDER MORGAN,KMI,"KINDER MORGAN, INC.",SEC company_tickers_exchange,1.0,mapped_exact_normalized
USA,LULULEMON ATHLETICA,LULU,lululemon athletica inc.,SEC company_tickers_exchange,1.0,mapped_exact_normalized
USA,NIELSEN HOLDINGS,,,,0.0,needs_review
USA,SIRIUS XM RADIO,,,,0.0,needs_review
USA,WALTER ENERGY,,,,0.0,needs_review
USA,AMERICAN EAGLE OUTF.,,,,0.0,needs_review
USA,MEMC ELECTRONIC MATRLS,,,,0.0,needs_review
USA,TELEPHONE & DATA SYSTEMS,,,,0.0,needs_review
USA,TRANSATLANTIC HOLDINGS,,,,0.0,needs_review
USA,VALIDUS HOLDINGS,,,,0.0,needs_review
USA,AFFILIATED MANAGERS GRP,,,,0.0,needs_review
USA,ALBEMARLE CORP,ALB,ALBEMARLE CORP,SEC company_tickers_exchange,1.0,mapped_exact_normalized
USA,AMERICAN CAPITAL AGENCY,,,,0.0,needs_review
USA,ANSYS,,,,0.0,needs_review
USA,CHARTER COMMUNICATION A,,,,0.0,needs_review
USA,CMS ENERGY CORP,CMS,CMS ENERGY CORP,SEC company_tickers_exchange,1.0,mapped_exact_normalized
USA,CORE LABORATORIES,CLB,Core Laboratories Inc. Common Stock,NasdaqTrader otherlisted,1.0,mapped_exact_normalized
USA,DELPHI AUTOMOTIVE PLC,,,,0.0,needs_review
USA,DICKS SPORTING GOODS,DKS,"DICK'S Sporting Goods, Inc.",web_verified_round2:https://investors.dicks.com/resources/investor-faqs/default.aspx,0.99,verified_us_web_high_confidence
USA,EQUINIX,EQIX,EQUINIX INC,SEC company_tickers_exchange,1.0,mapped_exact_normalized
USA,FIRST REPUBLIC BANK,,,,0.0,needs_review
USA,LINKEDIN CORP A,,,,0.0,needs_review
USA,PVH CORP,PVH,PVH Corp. Common Stock,NasdaqTrader otherlisted,1.0,mapped_exact_normalized
USA,RACKSPACE HOSTING,,,,0.0,needs_review
USA,REGENERON PHARMACEUTICAL,,,,0.0,needs_review
USA,SENSATA TECH HLDG,,,,0.0,needs_review
USA,TRACTOR SUPPLY CO,TSCO,Tractor Supply Company - Common Stock,NasdaqTrader nasdaqlisted,1.0,mapped_exact_normalized
USA,TRANSDIGM GROUP INC,TDG,TransDigm Group INC,SEC company_tickers_exchange,1.0,mapped_exact_normalized
USA,TRIMBLE NAVIGATION,,,,0.0,needs_review
USA,ULTA SALON COSME & FRAGR,,,,0.0,needs_review
USA,VERIFONE SYSTEMS,,,,0.0,needs_review
USA,WYNDHAM WORLDWIDE,,,,0.0,needs_review
USA,ARCH COAL,,,,0.0,needs_review
USA,COVANCE,,,,0.0,needs_review
TAIWAN,AIRTAC INTERNATIONAL,1590,AIRTAC,FinLab company_basic_info:英文簡稱,0.92,verified_tw_reference_fuzzy
TAIWAN,CTCI CORP,9933,CTCI,FinLab company_basic_info:英文簡稱,1.0,mapped_exact_normalized
TAIWAN,ZHEN DING TECHNOLOGY,4958,臻鼎科技控股股份有限公司 / ZDT,Round3 official audit: FinLab company_basic_info + TWSE official reference,0.99,verified_tw_official_round3
USA,ASHLAND,ASH,ASHLAND INC.,SEC company_tickers_exchange,1.0,mapped_exact_normalized
USA,BIOMARIN PHARMACEUTICAL,BMRN,BIOMARIN PHARMACEUTICAL INC,SEC company_tickers_exchange,1.0,mapped_exact_normalized
USA,CHENIERE ENERGY,LNG,"Cheniere Energy, Inc.",SEC company_tickers_exchange,1.0,mapped_exact_normalized
USA,ONYX PHARMACEUTICALS,,,,0.0,needs_review
USA,RAYMOND JAMES FINANCIAL,RJF,RAYMOND JAMES FINANCIAL INC,SEC company_tickers_exchange,1.0,mapped_exact_normalized
USA,REALOGY HOLDINGS CORP,,,,0.0,needs_review
USA,TESORO CORP,,,,0.0,needs_review
USA,TRIPADVISOR,TRIP,"TripAdvisor, Inc.",SEC company_tickers_exchange,1.0,mapped_exact_normalized
USA,ZOETIS A,ZTS,Zoetis Inc.,SEC company_tickers_exchange,1.0,mapped_exact_normalized
USA,ALLEGHENY TECHNOLOGIES,,,,0.0,needs_review
USA,CLIFFS NATURAL RESOURCES,,,,0.0,needs_review
USA,DOLBY LABORATORIES A,DLB,"Dolby Laboratories, Inc.",SEC company_tickers_exchange,1.0,mapped_exact_normalized
USA,GOODYEAR TIRE & RUBBER,GT,The Goodyear Tire & Rubber Company - Common Stock,NasdaqTrader nasdaqlisted,1.0,mapped_exact_normalized
USA,NEWFIELD EXPLORATION CO,,,,0.0,needs_review
USA,PITNEY BOWES,PBI,Pitney Bowes Inc. Common Stock,NasdaqTrader otherlisted,1.0,mapped_exact_normalized
USA,US STEEL CORP,,,,0.0,needs_review
TAIWAN,ETERNAL CHEMICAL CO,1717,ETERNAL,FinLab company_basic_info:英文簡稱,0.9337,verified_tw_reference_fuzzy
TAIWAN,MACRONIX INTERNATIONAL,2337,Macronix,FinLab company_basic_info:英文簡稱,0.9264,verified_tw_reference_fuzzy
TAIWAN,RICHTEK TECHNOLOGY CORP,6286,Richtek Technology Corporation,Round4 conflict review: https://www.mediatek.com/press-room/mediatek-announces-tender-offer-for-richtek | https://www.digitimes.com/news/a20160120PD204.html,0.97,verified_historical_round4
USA,AMERICAN AIRLINES GROUP,AAL,American Airlines Group Inc.,SEC company_tickers_exchange,1.0,mapped_exact_normalized
USA,INT'L GAME TECHNOLOGY,,,,0.0,needs_review
USA,LEIDOS HOLDINGS,LDOS,"Leidos Holdings, Inc.",SEC company_tickers_exchange,1.0,mapped_exact_normalized
USA,ROWAN COS,,,,0.0,needs_review
TAIWAN,INOTERA MEMORIES (ATM),3474,"Inotera Memories, Inc. / 華亞科技",Same issuer as INOTERA MEMORIES; ATM line mapped to historical ticker 3474 for MSCI event identity.,0.99,verified_tw_historical_round7
TAIWAN,CHINA PETROCHEMICAL DEV,1314,China Petrochemical Development Corporation,Round7 current-code discovery: Yahoo Finance search matched `China Petrochemical Development Corporation`/1314.TW; code exists in TWSE/TPEx/FinLab Taiwan reference universe. Local refs: CPDC | 中國石油化學工業開發(股)公司 | 中石化,1.0000,verified_tw_current_round7
TAIWAN,LEE CHANG YUNG CHEM IND,1704,LCY Chemical Corp. / 李長榮化學,Round7b Manual high-confidence: LCY Chemical Corp. is TWSE 1704; MSCI abbreviation Lee Chang Yung Chem Ind.,0.99,verified_tw_current_round7b
TAIWAN,NAN KANG RUBBER TIRE CO,2101,"Nankang Rubber Tire Corp.,Ltd.","Round7b variant current-code discovery: Yahoo Finance search matched `Nankang Rubber Tire Corp.,Ltd.`/2101.TW; code exists in TWSE/TPEx/FinLab Taiwan reference universe. Local refs: NK | 南港 | 南港輪胎股份有限公司",0.9744,verified_tw_current_round7b
USA,ACUITY BRANDS,,,,0.0,needs_review
USA,ALNYLAM PHARMACEUTICALS,ALNY,"ALNYLAM PHARMACEUTICALS, INC.",SEC company_tickers_exchange,1.0,mapped_exact_normalized
USA,ARAMARK,ARMK,Aramark,SEC company_tickers_exchange,1.0,mapped_exact_normalized
USA,AXALTA COATING SYSTEMS,AXTA,Axalta Coating Systems Ltd.,SEC company_tickers_exchange,1.0,mapped_exact_normalized
USA,BRIXMOR PROPERTY GROUP,BRX,Brixmor Property Group Inc.,SEC company_tickers_exchange,1.0,mapped_exact_normalized
USA,CDK GLOBAL HOLDINGS,,,,0.0,needs_review
USA,CENTENE CORP,CNC,CENTENE CORP,SEC company_tickers_exchange,1.0,mapped_exact_normalized
USA,CITIZENS FINANCIAL GROUP,CFG,"Citizens Financial Group, Inc. Common Stock",NasdaqTrader otherlisted,1.0,mapped_exact_normalized
USA,ENVISION HEALTHCARE,,,,0.0,needs_review
USA,EXTRA SPACE STORAGE,EXR,Extra Space Storage Inc.,SEC company_tickers_exchange,1.0,mapped_exact_normalized
USA,FORTUNE BRANDS HOME & SE,,,,0.0,needs_review
USA,FREESCALE SEMICONDUCTOR,,,,0.0,needs_review
USA,GALLAGHER (ARTHUR J.),,,,0.0,needs_review
USA,GARTNER,IT,GARTNER INC,SEC company_tickers_exchange,1.0,mapped_exact_normalized
USA,JONES LANG LASALLE,JLL,JONES LANG LASALLE INC,SEC company_tickers_exchange,1.0,mapped_exact_normalized
USA,PACKAGING CORP OF AMER,,,,0.0,needs_review
USA,PUMA BIOTECHNOLOGY,PBYI,"PUMA BIOTECHNOLOGY, INC.",SEC company_tickers_exchange,1.0,mapped_exact_normalized
USA,RITE AID CORP,,,,0.0,needs_review
USA,SPLUNK,,,,0.0,needs_review
USA,SUNEDISON,,,,0.0,needs_review
USA,WABCO,,,,0.0,needs_review
USA,WHITEWAVE FOODS CO A,,,,0.0,needs_review
USA,AVON PRODUCTS,,,,0.0,needs_review
USA,CREE INC,,,,0.0,needs_review
USA,FOSSIL GROUP,FOSL,"Fossil Group, Inc.",SEC company_tickers_exchange,1.0,mapped_exact_normalized
USA,JOY GLOBAL,,,,0.0,needs_review
USA,NOBLE CORP PLC,NE,Noble Corp plc,SEC company_tickers_exchange,1.0,mapped_exact_normalized
USA,OWENS-ILLINOIS,,,,0.0,needs_review
USA,QEP RESOURCES,,,,0.0,needs_review
USA,SPX CORP,,,,0.0,needs_review
USA,SUPERIOR ENERGY SERVICES,,,,0.0,needs_review
TAIWAN,CASETEK HOLDINGS,5264,Casetek Holdings Limited,Round7 official historical delisted source: TWSE EN suspendListing official delist_date=2021/01/15,1.0000,verified_tw_historical_round7
TAIWAN,FAR EAST DEPT STORES,2903,"Far Eastern Department Stores, Ltd. / 遠東百貨",Round8 Yahoo Finance/Google query: Far Eastern Department Stores Taiwan stock -> 2903.TW,0.99,verified_tw_yahoo_google_round8
TAIWAN,FARGLORY LAND DEV,5522,Farglory,FinLab company_basic_info:英文簡稱,0.9371,verified_tw_reference_fuzzy
TAIWAN,FORMOSA INTL HOTELS,2707,Formosa International Hotels Corporation / 晶華,Round8 Yahoo Finance query: Formosa International Hotels -> 2707.TW,0.99,verified_tw_yahoo_google_round8
TAIWAN,SCINOPHARM TAIWAN,1789,"ScinoPharm Taiwan, Ltd.","Round7 current-code discovery: Yahoo Finance search matched `ScinoPharm Taiwan, Ltd.`/1789.TW; code exists in TWSE/TPEx/FinLab Taiwan reference universe. Local refs: SPT | 台灣神隆股份有限公司 | 神隆",1.0000,verified_tw_current_round7
USA,CADENCE DESIGN SYSTEMS,CDNS,CADENCE DESIGN SYSTEMS INC,SEC company_tickers_exchange,1.0,mapped_exact_normalized
USA,DOMINOS PIZZA,DPZ,DOMINOS PIZZA INC,SEC company_tickers_exchange,1.0,mapped_exact_normalized
USA,IDEXX LABORATORIES,IDXX,"IDEXX Laboratories, Inc. - Common Stock",NasdaqTrader nasdaqlisted,1.0,mapped_exact_normalized
USA,INGREDION INC,INGR,Ingredion Inc,SEC company_tickers_exchange,1.0,mapped_exact_normalized
USA,NISOURCE (NEW),NI,NISOURCE INC.,SEC company_tickers_exchange,1.0,mapped_exact_normalized
USA,SMITH (A.O.) CORP,,,,0.0,needs_review
USA,VALSPAR CORP,,,,0.0,needs_review
USA,WESTAR ENERGY,,,,0.0,needs_review
USA,CHICAGO BRIDGE AND IRON,,,,0.0,needs_review
USA,GAMESTOP CORP A,GME,GameStop Corp.,SEC company_tickers_exchange,1.0,mapped_exact_normalized
USA,LEGG MASON,,,,0.0,needs_review
USA,OCEANEERING INTL,,,,0.0,needs_review
USA,QUANTA SERVICES,PWR,"QUANTA SERVICES, INC.",SEC company_tickers_exchange,1.0,mapped_exact_normalized
USA,TERADATA,TDC,Teradata Corporation Common Stock,NasdaqTrader otherlisted,1.0,mapped_exact_normalized
USA,WESTLAKE CHEMICAL CORP,,,,0.0,needs_review
TAIWAN,TAIMED BIOLOGICS,4147,TaiMed Biologics Inc.,Round7 current-code discovery: Yahoo Finance search matched `TaiMed Biologics Inc.`/4147.TWO; code exists in TWSE/TPEx/FinLab Taiwan reference universe. Local refs: TMB | 中裕 | 中裕新藥股份有限公司,1.0000,verified_tw_current_round7
TAIWAN,RADIANT OPTO-ELECTRONICS,3373,Radiant,FinLab company_basic_info:英文簡稱,0.9192,verified_tw_reference_fuzzy
USA,ALLEGION,ALLE,Allegion plc,SEC company_tickers_exchange,1.0,mapped_exact_normalized
USA,ARISTA NETWORKS,ANET,"Arista Networks, Inc.",SEC company_tickers_exchange,1.0,mapped_exact_normalized
USA,ATHENE HLDG LTD CLASS A,,,,0.0,needs_review
USA,CBOE HOLDINGS,,,,0.0,needs_review
USA,EAST WEST BANCORP,EWBC,EAST WEST BANCORP INC,SEC company_tickers_exchange,1.0,mapped_exact_normalized
USA,HD SUPPLY HOLDINGS,,,,0.0,needs_review
USA,HENRY (JACK) & ASSOCIATE,,,,0.0,needs_review
USA,IDEX CORP,IEX,IDEX Corporation Common Stock,NasdaqTrader otherlisted,1.0,mapped_exact_normalized
USA,LENNOX INTERNATIONAL,LII,LENNOX INTERNATIONAL INC,SEC company_tickers_exchange,1.0,mapped_exact_normalized
USA,NVR,NVR,NVR INC,SEC company_tickers_exchange,1.0,mapped_exact_normalized
USA,ROLLINS,ROL,ROLLINS INC,SEC company_tickers_exchange,1.0,mapped_exact_normalized
USA,SS&C TECHNOLOGIES HLDGS,,,,0.0,needs_review
USA,SVB FINANCIAL GROUP,,,,0.0,needs_review
USA,TESARO,,,,0.0,needs_review
USA,VAIL RESORTS,MTN,VAIL RESORTS INC,SEC company_tickers_exchange,1.0,mapped_exact_normalized
USA,VCA,,,,0.0,needs_review
USA,VEEVA SYSTEMS A,VEEV,VEEVA SYSTEMS INC,SEC company_tickers_exchange,1.0,mapped_exact_normalized
USA,DUN & BRADSTREET CORP,,,,0.0,needs_review
USA,EDGEWELL PERSONAL CARE,EPC,EDGEWELL PERSONAL CARE Co,SEC company_tickers_exchange,1.0,mapped_exact_normalized
USA,FRONTIER COMMUNICATIONS,,,,0.0,needs_review
USA,LIBERTY LILAC C,,,,0.0,needs_review
USA,SOUTHWESTERN ENERGY CO,,,,0.0,needs_review
TAIWAN,GLOBALWAFERS,6488,"GlobalWafers Co., Ltd.","Round7 current-code discovery: Yahoo Finance search matched `GlobalWafers Co., Ltd.`/6488.TWO; code exists in TWSE/TPEx/FinLab Taiwan reference universe. Local refs: GWC | 環球晶 | 環球晶圓股份有限公司",1.0000,verified_tw_current_round7
TAIWAN,TAIWAN HIGH SPEED RAIL,2633,Taiwan High Speed Rail Corporation,Round7 current-code discovery: Yahoo Finance search matched `Taiwan High Speed Rail Corporation`/2633.TW; code exists in TWSE/TPEx/FinLab Taiwan reference universe. Local refs: THSRC | 台灣高速鐵路股份有限公司 | 台灣高鐵,1.0000,verified_tw_current_round7
USA,ABIOMED,,,,0.0,needs_review
USA,COPART,CPRT,COPART INC,SEC company_tickers_exchange,1.0,mapped_exact_normalized
USA,GODADDY A,GDDY,GoDaddy Inc.,SEC company_tickers_exchange,1.0,mapped_exact_normalized
USA,KEYSIGHT TECHNOLOGIES,KEYS,"Keysight Technologies, Inc.",SEC company_tickers_exchange,1.0,mapped_exact_normalized
USA,NEKTAR THERAPEUTICS,NKTR,NEKTAR THERAPEUTICS,SEC company_tickers_exchange,1.0,mapped_exact_normalized
USA,ON SEMICONDUCTOR CORP,ON,ON SEMICONDUCTOR CORP,SEC company_tickers_exchange,1.0,mapped_exact_normalized
USA,XPO LOGISTICS,,,,0.0,needs_review
USA,COLONY NORTHSTAR A,,,,0.0,needs_review
USA,ENVISION HEALTHCARE CORP,,,,0.0,needs_review
USA,MACQUARIE INFRA CORP,,,,0.0,needs_review
USA,RANGE RESOURCES CORP,RRC,RANGE RESOURCES CORP,SEC company_tickers_exchange,1.0,mapped_exact_normalized
USA,SPECTRUM BRANDS,SPB,"Spectrum Brands Holdings, Inc.",SEC company_tickers_exchange,1.0,mapped_exact_normalized
TAIWAN,WALSIN TECHNOLOGY CORP,1605,WALSIN,FinLab company_basic_info:英文簡稱,0.9253,verified_tw_reference_fuzzy
TAIWAN,ASIA PACIFIC TELECOM CO,3682,"Asia Pacific Telecom Co., Ltd. / 亞太電信",Round7b Manual high-confidence: TWSE delisted data lists 3682 亞太電; MSCI name Asia Pacific Telecom Co.,0.99,verified_tw_historical_round7b
USA,DROPBOX A,DBX,"DROPBOX, INC.",SEC company_tickers_exchange,1.0,mapped_exact_normalized
USA,EPAM SYSTEMS,EPAM,"EPAM Systems, Inc.",SEC company_tickers_exchange,1.0,mapped_exact_normalized
USA,ERIE INDEMNITY CO A,ERIE,ERIE INDEMNITY CO,SEC company_tickers_exchange,1.0,mapped_exact_normalized
USA,EXACT SCIENCES CORP,,,,0.0,needs_review
USA,FACTSET RESEARCH SYSTEMS,FDS,FACTSET RESEARCH SYSTEMS INC,SEC company_tickers_exchange,1.0,mapped_exact_normalized
USA,HEICO CORP,HEI,HEICO CORP,SEC company_tickers_exchange,1.0,mapped_exact_normalized
USA,HEICO CORP A,HEI,HEICO CORP,SEC company_tickers_exchange,1.0,mapped_exact_normalized
USA,MONGODB A,MDB,"MongoDB, Inc.",SEC company_tickers_exchange,1.0,mapped_exact_normalized
USA,OKTA,OKTA,"Okta, Inc.",SEC company_tickers_exchange,1.0,mapped_exact_normalized
USA,PERKINELMER,,,,0.0,needs_review
USA,SNAP A,SNAP,Snap Inc,SEC company_tickers_exchange,1.0,mapped_exact_normalized
USA,STERIS,STE,STERIS plc,SEC company_tickers_exchange,1.0,mapped_exact_normalized
USA,SUN COMMUNITIES,SUI,SUN COMMUNITIES INC,SEC company_tickers_exchange,1.0,mapped_exact_normalized
USA,TWILIO A,TWLO,TWILIO INC,SEC company_tickers_exchange,1.0,mapped_exact_normalized
USA,ULTIMATE SOFTWARE GROUP,,,,0.0,needs_review
USA,ZEBRA TECHNOLOGIES A,ZBRA,ZEBRA TECHNOLOGIES CORP,SEC company_tickers_exchange,1.0,mapped_exact_normalized
USA,BROOKFIELD PPTY REIT A,,,,0.0,needs_review
USA,MATTEL,MAT,"Mattel, Inc. - Common Stock",NasdaqTrader nasdaqlisted,1.0,mapped_exact_normalized
USA,APOLLO GLOBAL MGMT A,,,,0.0,needs_review
USA,AVALARA,,,,0.0,needs_review
USA,CABLE ONE,CABO,"Cable One, Inc.",SEC company_tickers_exchange,1.0,mapped_exact_normalized
USA,CARLYLE GROUP,CG,Carlyle Group Inc.,SEC company_tickers_exchange,1.0,mapped_exact_normalized
USA,CATALENT,,,,0.0,needs_review
USA,COUPA SOFTWARE,COUP,Coupa Software Incorporated,web_verified_round2:https://www.sec.gov/Archives/edgar/data/1385867/000119312523054081/d455192d8k.htm,0.99,verified_us_web_high_confidence
USA,CROWDSTRIKE HLDGS A,,,,0.0,needs_review
USA,DATADOG A,DDOG,"Datadog, Inc.",SEC company_tickers_exchange,1.0,mapped_exact_normalized
USA,FAIR ISAAC CORP,FICO,FAIR ISAAC CORP,SEC company_tickers_exchange,1.0,mapped_exact_normalized
USA,KEURIG DR PEPPER,KDP,Keurig Dr Pepper Inc.,SEC company_tickers_exchange,1.0,mapped_exact_normalized
USA,LIBERTY BROADBAND A,LBRDA,Liberty Broadband Corp,SEC company_tickers_exchange,1.0,mapped_exact_normalized
USA,MODERNA,MRNA,"Moderna, Inc.",SEC company_tickers_exchange,1.0,mapped_exact_normalized
USA,MOLINA HEALTHCARE,MOH,"MOLINA HEALTHCARE, INC.",SEC company_tickers_exchange,1.0,mapped_exact_normalized
USA,NORDSON CORP,NDSN,NORDSON CORP,SEC company_tickers_exchange,1.0,mapped_exact_normalized
USA,NXP SEMICONDUCTORS (US),,,,0.0,needs_review
USA,SLACK TECHNOLOGIES A,,,,0.0,needs_review
USA,TELADOC HEALTH,TDOC,"Teladoc Health, Inc.",SEC company_tickers_exchange,1.0,mapped_exact_normalized
USA,TRADE DESK A,TTD,"Trade Desk, Inc.",SEC company_tickers_exchange,1.0,mapped_exact_normalized
USA,TRADEWEB MARKETS A,TW,Tradeweb Markets Inc.,SEC company_tickers_exchange,1.0,mapped_exact_normalized
USA,ZOOM VIDEO COMM A,,,,0.0,needs_review
USA,ALLIANCE DATA SYSTEMS,,,,0.0,needs_review
USA,APACHE CORP,,,,0.0,needs_review
USA,CAPRI HOLDINGS,CPRI,Capri Holdings Ltd,SEC company_tickers_exchange,1.0,mapped_exact_normalized
USA,COTY A,COTY,COTY INC.,SEC company_tickers_exchange,1.0,mapped_exact_normalized
USA,DEVON ENERGY CORP,DVN,Devon Energy Corporation Common Stock,NasdaqTrader otherlisted,1.0,mapped_exact_normalized
USA,DXC TECHNOLOGY,DXC,DXC Technology Co,SEC company_tickers_exchange,1.0,mapped_exact_normalized
USA,FLEX,FLEX,FLEX LTD.,SEC company_tickers_exchange,1.0,mapped_exact_normalized
USA,GAP,GAP,GAP INC,SEC company_tickers_exchange,1.0,mapped_exact_normalized
USA,GRUBHUB,,,,0.0,needs_review
USA,HARLEY-DAVIDSON,HOG,"HARLEY-DAVIDSON, INC.",SEC company_tickers_exchange,1.0,mapped_exact_normalized
USA,JEFFERIES FINANCIAL GRP,,,,0.0,needs_review
USA,KOHLS CORP,KSS,KOHLS Corp,SEC company_tickers_exchange,1.0,mapped_exact_normalized
USA,LEGGETT & PLATT,LEG,LEGGETT & PLATT INC,SEC company_tickers_exchange,1.0,mapped_exact_normalized
USA,MANPOWERGROUP,MAN,ManpowerGroup Inc.,SEC company_tickers_exchange,1.0,mapped_exact_normalized
USA,MARATHON OIL CORP,,,,0.0,needs_review
USA,MIDDLEBY CORP,MIDD,MIDDLEBY Corp,SEC company_tickers_exchange,1.0,mapped_exact_normalized
USA,NOBLE ENERGY,,,,0.0,needs_review
USA,NORDSTROM,,,,0.0,needs_review
USA,NORWEGIAN CRUISE LINE,NCLH,Norwegian Cruise Line Holdings Ltd.,SEC company_tickers_exchange,1.0,mapped_exact_normalized
USA,POLARIS INDUSTRIES,,,,0.0,needs_review
USA,SABRE,SABR,Sabre Corp,SEC company_tickers_exchange,1.0,mapped_exact_normalized
USA,SPIRIT AEROSYSTEMS A,,,,0.0,needs_review
USA,TARGA RESOURCES CORP,TRGP,Targa Resources Corp.,SEC company_tickers_exchange,1.0,mapped_exact_normalized
USA,TECHNIPFMC,FTI,TechnipFMC plc,SEC company_tickers_exchange,1.0,mapped_exact_normalized
USA,UNDER ARMOUR A,UAA,"Under Armour, Inc.",SEC company_tickers_exchange,1.0,mapped_exact_normalized
USA,UNDER ARMOUR C,UAA,"Under Armour, Inc.",SEC company_tickers_exchange,1.0,mapped_exact_normalized
USA,UNUM GROUP,UNM,Unum Group,SEC company_tickers_exchange,1.0,mapped_exact_normalized
USA,XEROX CORP,XRX,Xerox Holdings Corp,SEC company_tickers_exchange,1.0,mapped_exact_normalized
TAIWAN,SILERGY CORP,6415,Silergy,FinLab company_basic_info:英文簡稱,1.0,mapped_exact_normalized
USA,BIO-TECHNE CORP,TECH,BIO-TECHNE Corp,SEC company_tickers_exchange,1.0,mapped_exact_normalized
USA,BOSTON BEER A,SAM,BOSTON BEER CO INC,SEC company_tickers_exchange,1.0,mapped_exact_normalized
USA,CLARIVATE,CLVT,CLARIVATE PLC,SEC company_tickers_exchange,1.0,mapped_exact_normalized
USA,L BRANDS,,,,0.0,needs_review
USA,LYFT A,LYFT,"Lyft, Inc.",SEC company_tickers_exchange,1.0,mapped_exact_normalized
USA,NOVAVAX,NVAX,NOVAVAX INC,SEC company_tickers_exchange,1.0,mapped_exact_normalized
USA,PALANTIR TECHNOLOGIES A,PLTR,Palantir Technologies Inc.,SEC company_tickers_exchange,1.0,mapped_exact_normalized
USA,OGE ENERGY CORP,OGE,OGE ENERGY CORP.,SEC company_tickers_exchange,1.0,mapped_exact_normalized
TAIWAN,YANG MING MARINE TRANSP,2609,Yang Ming Marine Transport Corporation,Round7 current-code discovery: Yahoo Finance search matched `Yang Ming Marine Transport Corporation`/2609.TW; code exists in TWSE/TPEx/FinLab Taiwan reference universe. Local refs: YMTC | 陽明 | 陽明海運股份有限公司,1.0000,verified_tw_current_round7
TAIWAN,HIGHWEALTH CONSTRUCTION,2542,Highwealth,FinLab company_basic_info:英文簡稱,0.9335,verified_tw_reference_fuzzy
USA,EQT,EQT,EQT Corp,SEC company_tickers_exchange,1.0,mapped_exact_normalized
USA,LPL FINANCIAL HOLDINGS,LPLA,LPL Financial Holdings Inc.,SEC company_tickers_exchange,1.0,mapped_exact_normalized
USA,ROBLOX CORP A,RBLX,Roblox Corp,SEC company_tickers_exchange,1.0,mapped_exact_normalized
USA,WESTLAKE CORPORATION,WLK,WESTLAKE CORP,SEC company_tickers_exchange,1.0,mapped_exact_normalized
USA,10X GENOMICS A,TXG,"10x Genomics, Inc.",SEC company_tickers_exchange,1.0,mapped_exact_normalized
USA,AGNC INVESTMENT CORP,AGNC,AGNC Investment Corp.,SEC company_tickers_exchange,1.0,mapped_exact_normalized
USA,ASANA A,ASAN,"Asana, Inc.",SEC company_tickers_exchange,1.0,mapped_exact_normalized
USA,IPG PHOTONICS,IPGP,IPG PHOTONICS CORP,SEC company_tickers_exchange,1.0,mapped_exact_normalized
USA,SUNRUN,RUN,Sunrun Inc.,SEC company_tickers_exchange,1.0,mapped_exact_normalized
USA,ZILLOW GROUP A,ZG,"ZILLOW GROUP, INC.",SEC company_tickers_exchange,1.0,mapped_exact_normalized
TAIWAN,EVA AIRWAYS CORP,2618,EVA Airways Corp.,Round7 current-code discovery: Yahoo Finance search matched `EVA Airways Corp.`/2618.TW; code exists in TWSE/TPEx/FinLab Taiwan reference universe. Local refs: EVAAIR | 長榮航 | 長榮航空股份有限公司,1.0000,verified_tw_current_round7
TAIWAN,POWERCHIP SEMICONDUCTOR,6770,Powerchip Semiconductor Manufacturing Corp.,Round7 current-code discovery: Yahoo Finance search matched `Powerchip Semiconductor Manufacturing Corp.`/6770.TW; code exists in TWSE/TPEx/FinLab Taiwan reference universe. Local refs: PSMC | 力晶積成電子製造股份有限公司 | 力積電,1.0000,verified_tw_current_round7
TAIWAN,FOXCONN TECHNOLOGY CO,2354,"Foxconn Technology Co., Ltd.","Round7 current-code discovery: Yahoo Finance search matched `Foxconn Technology Co., Ltd.`/2354.TW; code exists in TWSE/TPEx/FinLab Taiwan reference universe. Local refs: FTC | 鴻準 | 鴻準精密工業股份有限公司",1.0000,verified_tw_current_round7
TAIWAN,HIWIN TECHNOLOGIES CORP,2049,HIWIN,FinLab company_basic_info:英文簡稱,0.9178,verified_tw_reference_fuzzy
TAIWAN,ONENESS BIOTECH,4743,ONENESS BIOTECH,FinLab company_basic_info:英文簡稱,1.0,mapped_exact_normalized
USA,ALBERTSONS COMPANIES A,ACI,"Albertsons Companies, Inc.",SEC company_tickers_exchange,1.0,mapped_exact_normalized
USA,BUILDERS FIRSTSOURCE,BLDR,"Builders FirstSource, Inc.",SEC company_tickers_exchange,1.0,mapped_exact_normalized
USA,DECKERS OUTDOOR CORP,DECK,DECKERS OUTDOOR CORP,SEC company_tickers_exchange,1.0,mapped_exact_normalized
USA,HYATT HOTELS A,H,Hyatt Hotels Corp,SEC company_tickers_exchange,1.0,mapped_exact_normalized
USA,WATSCO,WSO,WATSCO INC,SEC company_tickers_exchange,1.0,mapped_exact_normalized
USA,DISH NETWORK A,,,,0.0,needs_review
USA,ELANCO ANIMAL HEALTH,ELAN,Elanco Animal Health Inc,SEC company_tickers_exchange,1.0,mapped_exact_normalized
USA,LIBERTY SIRIUSXM A,,,,0.0,needs_review
USA,MEDICAL PROPERTIES TRUST,MPT,MEDICAL PROPERTIES TRUST INC,SEC company_tickers_exchange,1.0,mapped_exact_normalized
USA,NEWELL BRANDS,NWL,NEWELL BRANDS INC.,SEC company_tickers_exchange,1.0,mapped_exact_normalized
USA,CRH,,,,0.0,needs_review
USA,EMCOR GROUP,EME,"EMCOR Group, Inc.",SEC company_tickers_exchange,1.0,mapped_exact_normalized
USA,MICROSTRATEGY,,,,0.0,needs_review
USA,PURE STORAGE,,,,0.0,needs_review
USA,BILL HOLDINGS,BILL,"BILL Holdings, Inc.",SEC company_tickers_exchange,1.0,mapped_exact_normalized
USA,DARLING INGREDIENTS,DAR,DARLING INGREDIENTS INC.,SEC company_tickers_exchange,1.0,mapped_exact_normalized
USA,GLOBE LIFE,GL,GLOBE LIFE INC.,SEC company_tickers_exchange,1.0,mapped_exact_normalized
USA,HASBRO,HAS,"HASBRO, INC.",SEC company_tickers_exchange,1.0,mapped_exact_normalized
USA,JAZZ PHARMACEUTICALS,JAZZ,Jazz Pharmaceuticals plc,SEC company_tickers_exchange,1.0,mapped_exact_normalized
USA,LIBERTY GLOBAL C,LBTYA,Liberty Global Ltd.,SEC company_tickers_exchange,1.0,mapped_exact_normalized
USA,LIBERTY SIRIUSXM C,,,,0.0,needs_review
USA,ROBERT HALF,RHI,ROBERT HALF INC.,SEC company_tickers_exchange,1.0,mapped_exact_normalized
USA,SIRIUS XM HOLDINGS,SIRI,SIRIUS XM HOLDINGS INC.,SEC company_tickers_exchange,1.0,mapped_exact_normalized
TAIWAN,ASIA VITAL COMPONENTS,3017,"Asia Vital Components Co., Ltd.","Round7 current-code discovery: Yahoo Finance search matched `Asia Vital Components Co., Ltd.`/3017.TW; code exists in TWSE/TPEx/FinLab Taiwan reference universe. Local refs: AVC | 奇鋐 | 奇鋐科技股份有限公司",1.0000,verified_tw_current_round7
TAIWAN,FORTUNE ELECTRIC CO,1519,"Fortune Electric Co., Ltd.","Round7 current-code discovery: Yahoo Finance search matched `Fortune Electric Co., Ltd.`/1519.TW; code exists in TWSE/TPEx/FinLab Taiwan reference universe. Local refs: FE | 華城 | 華城電機股份有限公司",1.0000,verified_tw_current_round7
TAIWAN,PARADE TECHNOLOGIES,4966,Parade,FinLab company_basic_info:英文簡稱,0.9216,verified_tw_reference_fuzzy
USA,CIRCLE INTERNET GROUP,CRCL,"Circle Internet Group, Inc.",SEC company_tickers_exchange,1.0,mapped_exact_normalized
USA,FABRINET,FN,Fabrinet,SEC company_tickers_exchange,1.0,mapped_exact_normalized
USA,MASTEC,MTZ,MASTEC INC,SEC company_tickers_exchange,1.0,mapped_exact_normalized
USA,MEDLINE A,MDLN,Medline Inc.,SEC company_tickers_exchange,1.0,mapped_exact_normalized
USA,SHARKNINJA,SN,"SharkNinja, Inc.",SEC company_tickers_exchange,1.0,mapped_exact_normalized
USA,XPO,XPO,"XPO, Inc.",SEC company_tickers_exchange,1.0,mapped_exact_normalized
USA,EQUITABLE HOLDINGS,EQH,"Equitable Holdings, Inc.",SEC company_tickers_exchange,1.0,mapped_exact_normalized
USA,HEALTHPEAK PROPERTIES,DOC,"HEALTHPEAK PROPERTIES, INC.",SEC company_tickers_exchange,1.0,mapped_exact_normalized
USA,HUBSPOT,HUBS,HUBSPOT INC,SEC company_tickers_exchange,1.0,mapped_exact_normalized
USA,OKLO A,OKLO,Oklo Inc.,SEC company_tickers_exchange,1.0,mapped_exact_normalized
USA,PINTEREST A,PINS,"PINTEREST, INC.",SEC company_tickers_exchange,1.0,mapped_exact_normalized
USA,SOLVENTUM CORP,SOLV,Solventum Corp,SEC company_tickers_exchange,1.0,mapped_exact_normalized
USA,UNIVERSAL HEALTH SVCS B,,,,0.0,needs_review
USA,ZILLOW GROUP C,ZG,"ZILLOW GROUP, INC.",SEC company_tickers_exchange,1.0,mapped_exact_normalized
TAIWAN,MPI CORP,6223,MPI,FinLab company_basic_info:英文簡稱,1.0,mapped_exact_normalized
TAIWAN,ASIA CEMENT CORP,1102,Asia Cement Corporation,Round7 current-code discovery: Yahoo Finance search matched `Asia Cement Corporation`/1102.TW; code exists in TWSE/TPEx/FinLab Taiwan reference universe. Local refs: ACC | 亞泥 | 亞洲水泥股份有限公司,1.0000,verified_tw_current_round7
TAIWAN,COMPAL ELECTRONICS,2324,Compal,FinLab company_basic_info:英文簡稱,0.9233,verified_tw_reference_fuzzy
TAIWAN,FAR EASTERN NEW CENTURY,1402,Far Eastern New Century Corporation,Round7 current-code discovery: Yahoo Finance search matched `Far Eastern New Century Corporation`/1402.TW; code exists in TWSE/TPEx/FinLab Taiwan reference universe. Local refs: FENC | 遠東新 | 遠東新世紀股份有限公司,1.0000,verified_tw_current_round7
TAIWAN,TECO ELECTRIC & MACH,1504,"TECO Electric & Machinery Co., Ltd.","Round7 current-code discovery: Yahoo Finance search matched `TECO Electric & Machinery Co., Ltd.`/1504.TW; code exists in TWSE/TPEx/FinLab Taiwan reference universe. Local refs: TECO | 東元 | 東元電機股份有限公司",1.0000,verified_tw_current_round7
USA,ALLEGHENY ENERGY,,,,0.0,needs_review
USA,ALLERGAN,,,,0.0,needs_review
USA,ASSURANT,AIZ,"ASSURANT, INC.",SEC company_tickers_exchange,1.0,mapped_exact_normalized
USA,BARR PHARMACEUTICALS,,,,0.0,needs_review
USA,CH ROBINSON WORLDWIDE,,,,0.0,needs_review
USA,COCA-COLA ENTERPRISES,,,,0.0,needs_review
USA,COLGATE-PALMOLIVE,CL,COLGATE PALMOLIVE CO,SEC company_tickers_exchange,1.0,mapped_exact_normalized
USA,CONOCOPHILLIPS,COP,CONOCOPHILLIPS,SEC company_tickers_exchange,1.0,mapped_exact_normalized
USA,EASTMAN CHEMICAL CO,EMN,EASTMAN CHEMICAL CO,SEC company_tickers_exchange,1.0,mapped_exact_normalized
USA,FOREST LABORATORIES,,,,0.0,needs_review
USA,GOODRICH CORP,,,,0.0,needs_review
USA,HANSEN NATURAL CORP,,,,0.0,needs_review
USA,HARRIS CORP,,,,0.0,needs_review
USA,HUMANA,HUM,HUMANA INC,SEC company_tickers_exchange,1.0,mapped_exact_normalized
USA,INTUITIVE SURGICAL,ISRG,INTUITIVE SURGICAL INC,SEC company_tickers_exchange,1.0,mapped_exact_normalized
USA,KBR,KBR,"KBR, INC.",SEC company_tickers_exchange,1.0,mapped_exact_normalized
USA,LOEWS CORP,L,LOEWS CORP,SEC company_tickers_exchange,1.0,mapped_exact_normalized
USA,MANITOWOC CO,MTW,MANITOWOC CO INC,SEC company_tickers_exchange,1.0,mapped_exact_normalized
USA,MCAFEE,,,,0.0,needs_review
USA,MURPHY OIL CORP,MUR,MURPHY OIL CORP,SEC company_tickers_exchange,1.0,mapped_exact_normalized
USA,NRG ENERGY,NRG,"NRG ENERGY, INC.",SEC company_tickers_exchange,1.0,mapped_exact_normalized
USA,PEPSI BOTTLING GROUP,,,,0.0,needs_review
USA,REYNOLDS AMERICAN,,,,0.0,needs_review
USA,SALESFORCE.COM,CRM,"Salesforce, Inc.",SEC company_tickers_exchange,1.0,mapped_exact_normalized
USA,SCHERING-PLOUGH CORP,,,,0.0,needs_review
USA,SCRIPPS CO (E.W.) A,,,,0.0,needs_review
USA,SEI INVESTMENTS CO,SEIC,SEI INVESTMENTS CO,SEC company_tickers_exchange,1.0,mapped_exact_normalized
USA,SYMANTEC CORP,,,,0.0,needs_review
USA,UST,,,,0.0,needs_review
USA,VENTAS,VTR,"Ventas, Inc.",SEC company_tickers_exchange,1.0,mapped_exact_normalized
USA,WINDSTREAM CORP,,,,0.0,needs_review
USA,AVIS BUDGET GROUP,CAR,"AVIS BUDGET GROUP, INC.",SEC company_tickers_exchange,1.0,mapped_exact_normalized
USA,BRINKER INTERNATIONAL,EAT,"BRINKER INTERNATIONAL, INC",SEC company_tickers_exchange,1.0,mapped_exact_normalized
USA,CHICO'S FAS,,,,0.0,needs_review
USA,COMMUNITY HEALTH SYSTEMS,CYH,COMMUNITY HEALTH SYSTEMS INC,SEC company_tickers_exchange,1.0,mapped_exact_normalized
USA,COMPUWARE CORP,,,,0.0,needs_review
USA,FOOT LOCKER,,,,0.0,needs_review
USA,GETTY IMAGES,GETY,"Getty Images Holdings, Inc.",SEC company_tickers_exchange,1.0,mapped_exact_normalized
USA,JONES APPAREL CORP,,,,0.0,needs_review
USA,KB HOME,KBH,KB HOME,SEC company_tickers_exchange,1.0,mapped_exact_normalized
USA,MGIC INVESTMENT,MTG,MGIC INVESTMENT CORP,SEC company_tickers_exchange,1.0,mapped_exact_normalized
USA,NEW YORK TIMES CO A,NYT,NEW YORK TIMES CO,SEC company_tickers_exchange,1.0,mapped_exact_normalized
USA,PMI GROUP,,,,0.0,needs_review
USA,RADIAN GROUP,RDN,RADIAN GROUP INC,SEC company_tickers_exchange,1.0,mapped_exact_normalized
USA,ST JOE CO (THE),JOE,ST JOE Co,SEC company_tickers_exchange,1.0,mapped_exact_normalized
USA,TERADYNE,TER,"TERADYNE, INC",SEC company_tickers_exchange,1.0,mapped_exact_normalized
USA,UNISYS CORP,UIS,UNISYS CORP,SEC company_tickers_exchange,1.0,mapped_exact_normalized
USA,LOEWS CORP(CAROLINA GRP),L,LOEWS CORP,SEC company_tickers_exchange,1.0,mapped_exact_normalized
USA,METROPCS COMMUNICATIONS,,,,0.0,needs_review
USA,MOLSON COORS BREWING B,,,,0.0,needs_review
USA,NATIONWIDE FINL SERV A,,,,0.0,needs_review
USA,PRECISION CASTPARTS CORP,,,,0.0,needs_review
USA,TD AMERITRADE HOLDING CO,,,,0.0,needs_review
USA,ALLIED WASTE INDUSTRIES,,,,0.0,needs_review
USA,AMETEK,AME,AMETEK INC/,SEC company_tickers_exchange,1.0,mapped_exact_normalized
USA,ARCH CAPITAL GROUP,ACGL,ARCH CAPITAL GROUP LTD.,SEC company_tickers_exchange,1.0,mapped_exact_normalized
USA,CENTURYTEL,,,,0.0,needs_review
USA,CHURCH & DWIGHT CO,CHD,"Church & Dwight Company, Inc. Common Stock",NasdaqTrader otherlisted,1.0,mapped_exact_normalized
USA,DOLLAR TREE,DLTR,"DOLLAR TREE, INC.",SEC company_tickers_exchange,1.0,mapped_exact_normalized
USA,DRS TECHNOLOGIES,,,,0.0,needs_review
USA,FLIR SYSTEMS,,,,0.0,needs_review
USA,FTI CONSULTING,FCN,"FTI CONSULTING, INC",SEC company_tickers_exchange,1.0,mapped_exact_normalized
USA,HEALTH CARE REIT,,,,0.0,needs_review
USA,HUNT (J.B.) TRANSPORT,,,,0.0,needs_review
USA,ILLUMINA,ILMN,"ILLUMINA, INC.",SEC company_tickers_exchange,1.0,mapped_exact_normalized
USA,IMCLONE SYSTEMS,,,,0.0,needs_review
USA,INTEGRYS ENERGY GROUP,,,,0.0,needs_review
USA,KINDER MORGAN MANAGEMENT,,,,0.0,needs_review
USA,PERRIGO CO,PRGO,PERRIGO Co plc,SEC company_tickers_exchange,1.0,mapped_exact_normalized
USA,PHILADELPHIA CONS HLDG,,,,0.0,needs_review
USA,RALCORP HOLDING,,,,0.0,needs_review
USA,SAIC,,,,0.0,needs_review
USA,STERICYCLE,,,,0.0,needs_review
USA,TFS FINANCIAL,TFSL,TFS Financial CORP,SEC company_tickers_exchange,1.0,mapped_exact_normalized
USA,WARNER CHILCOTT,,,,0.0,needs_review
USA,ALLIED CAPITAL CORP,,,,0.0,needs_review
USA,CB RICHARD ELLIS GROUP,,,,0.0,needs_review
USA,CENTEX CORP,,,,0.0,needs_review
USA,DOMTAR (NEW),,,,0.0,needs_review
USA,EXTERRAN,,,,0.0,needs_review
USA,FANNIE MAE,,,,0.0,needs_review
USA,FREDDIE MAC,,,,0.0,needs_review
USA,GENERAL GROWTH PPTYS,,,,0.0,needs_review
USA,INTERSIL CORP A,,,,0.0,needs_review
USA,JDS UNIPHASE CORP,,,,0.0,needs_review
USA,LENNAR CORP A,LEN,LENNAR CORP /NEW/,SEC company_tickers_exchange,1.0,mapped_exact_normalized
USA,MONSTER WORLDWIDE,,,,0.0,needs_review
USA,OFFICE DEPOT,,,,0.0,needs_review
TAIWAN,ASIA OPTICAL,3019,"Asia Optical Co., Inc.","Round7 current-code discovery: Yahoo Finance search matched `Asia Optical Co., Inc.`/3019.TW; code exists in TWSE/TPEx/FinLab Taiwan reference universe. Local refs: ASIA | 亞光 | 亞洲光學股份有限公司",1.0000,verified_tw_current_round7
TAIWAN,CATHAY REAL ESTATE DEV,2501,"Cathay Real Estate Development Co., Ltd.","Round7 current-code discovery: Yahoo Finance search matched `Cathay Real Estate Development Co., Ltd.`/2501.TW; code exists in TWSE/TPEx/FinLab Taiwan reference universe. Local refs: CATHAY RED | 國建 | 國泰建設股份有限公司",1.0000,verified_tw_current_round7
TAIWAN,CHINA MOTOR CORP,2204,China Motor Corporation,Round7 current-code discovery: Yahoo Finance search matched `China Motor Corporation`/2204.TW; code exists in TWSE/TPEx/FinLab Taiwan reference universe. Local refs: CMC | 中華 | 中華汽車工業股份有限公司,1.0000,verified_tw_current_round7
TAIWAN,D-LINK CORP,2332,D-LINK,FinLab company_basic_info:英文簡稱,1.0,mapped_exact_normalized
TAIWAN,FIRICH ENTERPRISES CO,8076,FIRICH,FinLab company_basic_info:英文簡稱,0.9233,verified_tw_reference_fuzzy
TAIWAN,PAN-INTERNATIONAL IND,2328,Pan-International Industrial Corp.,Round7 current-code discovery: Yahoo Finance search matched `Pan-International Industrial Corp.`/2328.TW; code exists in TWSE/TPEx/FinLab Taiwan reference universe. Local refs: PI | 廣宇 | 廣宇科技股份有限公司,1.0000,verified_tw_current_round7
TAIWAN,WAFER WORKS CORP,6182,WAFER WORKS,FinLab company_basic_info:英文簡稱,1.0,mapped_exact_normalized
TAIWAN,YAGEO CORP,2327,YAGEO,FinLab company_basic_info:英文簡稱,1.0,mapped_exact_normalized
TAIWAN,ZINWELL CORPORATION,2485,ZINWELL,FinLab company_basic_info:英文簡稱,1.0,mapped_exact_normalized
USA,AMERICAN WATER WORKS CO,AWK,"American Water Works Company, Inc.",SEC company_tickers_exchange,1.0,mapped_exact_normalized
USA,AQUA AMERICA,,,,0.0,needs_review
USA,TIM HORTONS,,,,0.0,needs_review
USA,ALEXION PHARMACEUTICALS,,,,0.0,needs_review
USA,AUTOLIV,ALV,AUTOLIV INC,SEC company_tickers_exchange,1.0,mapped_exact_normalized
USA,AVAGO TECHNOLOGIES,,,,0.0,needs_review
USA,CHIPOTLE MEXICAN GRILL,CMG,CHIPOTLE MEXICAN GRILL INC,SEC company_tickers_exchange,1.0,mapped_exact_normalized
USA,CONCHO RESOURCES,,,,0.0,needs_review
USA,TRW AUTOMOTIVE,,,,0.0,needs_review
USA,DEAN FOODS CORP,,,,0.0,needs_review
USA,HARSCO CORP,,,,0.0,needs_review
USA,LEVEL 3 COMMUNICATIONS,,,,0.0,needs_review
USA,SUPERVALU,,,,0.0,needs_review
USA,TRANSOCEAN (NEW),RIG,Transocean Ltd.,SEC company_tickers_exchange,1.0,mapped_exact_normalized
TAIWAN,SINOAMERICAN SILICON PRO,5483,Sino-American Silicon Products Inc. / 中美晶,Round8 Yahoo Finance query: Sino American Silicon Products -> 5483.TWO,0.99,verified_tw_yahoo_google_round8
TAIWAN,TAINAN SPINNING,1440,TAINAN SPINNING,FinLab company_basic_info:英文簡稱,1.0,mapped_exact_normalized
TAIWAN,CHINESE GAMER INT'L,3083,Chinese Gamer International Corporation / 網龍,Round8 Yahoo Finance query: Chinese Gamer International -> 3083.TWO,0.99,verified_tw_yahoo_google_round8
USA,DIGITAL REALTY TRUST,DLR,"DIGITAL REALTY TRUST, INC.",SEC company_tickers_exchange,1.0,mapped_exact_normalized
USA,KANSAS CITY SOUTHERN,,,,0.0,needs_review
USA,LIBERTY CAPITAL A,,,,0.0,needs_review
USA,PHARMASSET,,,,0.0,needs_review
USA,OLD REPUBLIC INTL CORP,,,,0.0,needs_review
USA,PULTE HOMES,,,,0.0,needs_review
TAIWAN,HOTAI MOTOR COMPANY,2207,HOTAI MOTOR,FinLab company_basic_info:英文簡稱,1.0,mapped_exact_normalized
TAIWAN,CHUNGHWA PICTURE TUBES,2475,"Chunghwa Picture Tubes, Ltd. / 中華映管",Round7b Manual high-confidence: historical TWSE ticker 2475 for Chunghwa Picture Tubes; delisted.,0.99,verified_tw_historical_round7b
TAIWAN,CMC MAGNETICS CORP,2323,CMC Magnetics Corporation,Round7 current-code discovery: Yahoo Finance search matched `CMC Magnetics Corporation`/2323.TW; code exists in TWSE/TPEx/FinLab Taiwan reference universe. Local refs: CMC | 中環 | 中環股份有限公司,1.0000,verified_tw_current_round7
TAIWAN,HANNSTAR DISPLAY,6116,Hannstar,FinLab company_basic_info:英文簡稱,0.94,verified_tw_reference_fuzzy
TAIWAN,POWERCHIP TECHNOLOGY,5346,Powerchip Technology Corporation,Round7 official historical delisted source: TPEx EN deListed official delist_date=2012-12-11,1.0000,verified_tw_historical_round7
TAIWAN,QISDA CORP,2352,Qisda,FinLab company_basic_info:英文簡稱,1.0,mapped_exact_normalized
USA,RESMED,RMD,RESMED INC,SEC company_tickers_exchange,1.0,mapped_exact_normalized
USA,ABERCROMBIE & FITCH CO A,ANF,Abercrombie & Fitch Company Common Stock,NasdaqTrader otherlisted,1.0,mapped_exact_normalized
USA,APOLLO GROUP A,,,,0.0,needs_review
USA,WASHINGTON POST CO B,,,,0.0,needs_review
TAIWAN,CHAILEASE HOLDING,5871,Chailease,FinLab company_basic_info:英文簡稱,1.0,mapped_exact_normalized
TAIWAN,HERMES MICROVISION,3658,Hermes Microvision Inc.,Round7 official historical delisted source: TPEx EN deListed official delist_date=2016-11-22,1.0000,verified_tw_historical_round7
TAIWAN,MERIDA INDUSTRY CO,9914,"Merida Industry Co., Ltd.","Round7 current-code discovery: Yahoo Finance search matched `Merida Industry Co., Ltd.`/9914.TW; code exists in TWSE/TPEx/FinLab Taiwan reference universe. Local refs: MIC | 美利達 | 美利達工業股份有限公司",1.0000,verified_tw_current_round7
TAIWAN,EVERLIGHT ELECTRONICS CO,2393,"Everlight Electronics Co., Ltd.","Round7 current-code discovery: Yahoo Finance search matched `Everlight Electronics Co., Ltd.`/2393.TW; code exists in TWSE/TPEx/FinLab Taiwan reference universe. Local refs: EVERLIGHT | 億光 | 億光電子工業股份有限公司",1.0000,verified_tw_current_round7
USA,BE AEROSPACE,,,,0.0,needs_review
USA,COLE REAL ESTATE INV,,,,0.0,needs_review
USA,FLEETCOR TECHNOLOGIES,,,,0.0,needs_review
USA,METTLER-TOLEDO INT'L,,,,0.0,needs_review
USA,NETSUITE,,,,0.0,needs_review
USA,OCWEN FINANCIAL CORP,,,,0.0,needs_review
USA,PHARMACYCLICS,,,,0.0,needs_review
USA,SERVICENOW,NOW,"ServiceNow, Inc.",SEC company_tickers_exchange,1.0,mapped_exact_normalized
USA,TOWERS WATSON,,,,0.0,needs_review
USA,PENNEY (J.C) CO,,,,0.0,needs_review
USA,CONCUR TECHNOLOGIES,,,,0.0,needs_review
USA,INCYTE CORP,INCY,INCYTE CORP,SEC company_tickers_exchange,1.0,mapped_exact_normalized
USA,JARDEN CORP,,,,0.0,needs_review
USA,JAZZ PHARM,,,,0.0,needs_review
USA,MEDIVATION,,,,0.0,needs_review
USA,PALO ALTO NETWORKS,PANW,Palo Alto Networks Inc,SEC company_tickers_exchange,1.0,mapped_exact_normalized
USA,SALIX PHARMACEUTICALS,,,,0.0,needs_review
USA,SIGNET JEWELERS (US),SIG,SIGNET JEWELERS LTD,SEC company_tickers_exchange,1.0,mapped_exact_normalized
USA,SKYWORKS SOLUTIONS,SWKS,"SKYWORKS SOLUTIONS, INC.",SEC company_tickers_exchange,1.0,mapped_exact_normalized
USA,SNAP-ON,SNA,Snap-on Inc,SEC company_tickers_exchange,1.0,mapped_exact_normalized
USA,SYNCHRONY FINANCIAL,SYF,Synchrony Financial,SEC company_tickers_exchange,1.0,mapped_exact_normalized
USA,WABTEC CORP,,,,0.0,needs_review
USA,PEABODY ENERGY CORP,BTU,PEABODY ENERGY CORP,SEC company_tickers_exchange,1.0,mapped_exact_normalized
USA,SEARS HOLDINGS CORP,,,,0.0,needs_review
USA,AGL RESOURCES,,,,0.0,needs_review
USA,AMERCO,,,,0.0,needs_review
USA,CDW CORP,CDW,CDW Corp,SEC company_tickers_exchange,1.0,mapped_exact_normalized
USA,FORTINET,FTNT,"Fortinet, Inc.",SEC company_tickers_exchange,1.0,mapped_exact_normalized
USA,COMM SALES & LEASING,,,,0.0,needs_review
USA,CONSOL ENERGY,,,,0.0,needs_review
TAIWAN,TAIWAN GLASS INDL CORP,1802,Taiwan Glass Ind. Corp.,Round7b variant current-code discovery: Yahoo Finance search matched `Taiwan Glass Ind. Corp.`/1802.TW; code exists in TWSE/TPEx/FinLab Taiwan reference universe. Local refs: TGI | 台灣玻璃工業股份有限公司 | 台玻,1.0000,verified_tw_current_round7b
TAIWAN,TPK HOLDING CO,3673,TPK Holding Co. Ltd.,FinLab company_basic_info:公司名稱,1.0,mapped_exact_normalized
TAIWAN,U-MING MARINE TRANSPORT,2606,U-MING,FinLab company_basic_info:英文簡稱,0.9161,verified_tw_reference_fuzzy
USA,ALIGN TECHNOLOGY,ALGN,ALIGN TECHNOLOGY INC,SEC company_tickers_exchange,1.0,mapped_exact_normalized
USA,COMPUTER SCIENCES CORP,,,,0.0,needs_review
USA,COSTAR GROUP,CSGP,"COSTAR GROUP, INC.",SEC company_tickers_exchange,1.0,mapped_exact_normalized
USA,DEXCOM,DXCM,DEXCOM INC,SEC company_tickers_exchange,1.0,mapped_exact_normalized
USA,DIAMONDBACK ENERGY,FANG,"Diamondback Energy, Inc.",SEC company_tickers_exchange,1.0,mapped_exact_normalized
USA,FIRST DATA CORP A,,,,0.0,needs_review
USA,MERCADOLIBRE,MELI,MERCADOLIBRE INC,SEC company_tickers_exchange,1.0,mapped_exact_normalized
USA,NATIONAL RETAIL PPTYS,,,,0.0,needs_review
USA,PARSLEY ENERGY A,,,,0.0,needs_review
USA,SEATTLE GENETICS,,,,0.0,needs_review
USA,ZAYO GROUP HOLDINGS,,,,0.0,needs_review
USA,COGNEX CORP,CGNX,COGNEX CORP,SEC company_tickers_exchange,1.0,mapped_exact_normalized
USA,IAC/INTERACTIVECORP A,,,,0.0,needs_review
USA,LIBERTY FORMULA ONE C,,,,0.0,needs_review
USA,LIVE NATION ENTMT,,,,0.0,needs_review
USA,OLD DOMINION FREIGHT,,,,0.0,needs_review
USA,OWENS CORNING,OC,Owens Corning,SEC company_tickers_exchange,1.0,mapped_exact_normalized
USA,SQUARE,,,,0.0,needs_review
USA,TAKE-TWO INTERACTIVE SOF,,,,0.0,needs_review
USA,TRANSUNION,TRU,TransUnion,SEC company_tickers_exchange,1.0,mapped_exact_normalized
USA,VISTRA ENERGY,,,,0.0,needs_review
USA,BED BATH & BEYOND,BBBY,"BED BATH & BEYOND, INC.",SEC company_tickers_exchange,1.0,mapped_exact_normalized
USA,MALLINCKRODT,,,,0.0,needs_review
USA,MEDNAX,,,,0.0,needs_review
USA,NAVIENT CORP,NAVI,NAVIENT CORP,SEC company_tickers_exchange,1.0,mapped_exact_normalized
USA,PATTERSON COS,,,,0.0,needs_review
USA,WEATHERFORD INTL,,,,0.0,needs_review
TAIWAN,TAIWAN FERTILIZER CO,1722,"Taiwan Fertilizer Co., Ltd.","Round7 current-code discovery: Yahoo Finance search matched `Taiwan Fertilizer Co., Ltd.`/1722.TW; code exists in TWSE/TPEx/FinLab Taiwan reference universe. Local refs: TFC | 台灣肥料股份有限公司 | 台肥",1.0000,verified_tw_current_round7
TAIWAN,TRANSCEND INFORMATION,2451,Transcend,FinLab company_basic_info:英文簡稱,0.9329,verified_tw_reference_fuzzy
TAIWAN,YULON MOTOR CO,2201,Yulon Motor Company Ltd.,Round7 current-code discovery: Yahoo Finance search matched `Yulon Motor Company Ltd.`/2201.TW; code exists in TWSE/TPEx/FinLab Taiwan reference universe. Local refs: YL | 裕隆 | 裕隆汽車製造股份有限公司,1.0000,verified_tw_current_round7
USA,AXA EQUITABLE HOLDINGS,,,,0.0,needs_review
USA,BURLINGTON STORES,BURL,"Burlington Stores, Inc.",SEC company_tickers_exchange,1.0,mapped_exact_normalized
USA,PTC,PTC,PTC INC.,SEC company_tickers_exchange,1.0,mapped_exact_normalized
USA,WAYFAIR A,W,Wayfair Inc.,SEC company_tickers_exchange,1.0,mapped_exact_normalized
USA,WELLCARE HEALTH PLANS,,,,0.0,needs_review
USA,AVNET,AVT,AVNET INC,SEC company_tickers_exchange,1.0,mapped_exact_normalized
USA,AXIS CAPITAL HOLDINGS,AXS,AXIS CAPITAL HOLDINGS LTD,SEC company_tickers_exchange,1.0,mapped_exact_normalized
USA,NEW YORK COMMU BANCORP,,,,0.0,needs_review
USA,TOLL BROTHERS,TOL,"Toll Brothers, Inc.",SEC company_tickers_exchange,1.0,mapped_exact_normalized
TAIWAN,HTC CORP,2498,HTC,FinLab company_basic_info:英文簡稱,1.0,mapped_exact_normalized
USA,BIO-RAD LABORATORIES A,BIO,"BIO-RAD LABORATORIES, INC.",SEC company_tickers_exchange,1.0,mapped_exact_normalized
USA,BLACK KNIGHT,,,,0.0,needs_review
USA,BLACKSTONE GROUP,BX,Blackstone Inc.,SEC company_tickers_exchange,1.0,mapped_exact_normalized
USA,GUIDEWIRE SOFTWARE,GWRE,"Guidewire Software, Inc.",SEC company_tickers_exchange,1.0,mapped_exact_normalized
USA,INSULET CORP,PODD,INSULET CORP,SEC company_tickers_exchange,1.0,mapped_exact_normalized
USA,MATCH GROUP,MTCH,"Match Group, Inc.",SEC company_tickers_exchange,1.0,mapped_exact_normalized
USA,NEUROCRINE BIOSCIENCES,NBIX,NEUROCRINE BIOSCIENCES INC,SEC company_tickers_exchange,1.0,mapped_exact_normalized
USA,OMEGA HEALTHCARE INVESTO,,,,0.0,needs_review
USA,RING CENTRAL A,,,,0.0,needs_review
USA,RPM INTL,,,,0.0,needs_review
USA,TELEDYNE TECHNOLOGIES,TDY,TELEDYNE TECHNOLOGIES INC,SEC company_tickers_exchange,1.0,mapped_exact_normalized
USA,TYLER TECHNOLOGIES,TYL,TYLER TECHNOLOGIES INC,SEC company_tickers_exchange,1.0,mapped_exact_normalized
USA,VICI PROPERTIES,VICI,VICI PROPERTIES INC.,SEC company_tickers_exchange,1.0,mapped_exact_normalized
USA,WEST PHARMACEUTICAL SVCS,,,,0.0,needs_review
USA,BLOCK (H&R),XYZ,"Block, Inc.",SEC company_tickers_exchange,1.0,mapped_exact_normalized
USA,BRIGHTHOUSE FINANCIAL,BHF,"Brighthouse Financial, Inc.",SEC company_tickers_exchange,1.0,mapped_exact_normalized
USA,CIMAREX ENERGY CO,,,,0.0,needs_review
USA,FLUOR CORP,FLR,FLUOR CORP,SEC company_tickers_exchange,1.0,mapped_exact_normalized
USA,MACY'S,M,"Macy's, Inc.",SEC company_tickers_exchange,1.0,mapped_exact_normalized
USA,PLAINS GP HOLDINGS A,PAGP,PLAINS GP HOLDINGS LP,SEC company_tickers_exchange,1.0,mapped_exact_normalized
USA,QURATE RETAIL A,,,,0.0,needs_review
TAIWAN,WIWYNN CORPORATION,6669,Wiwynn,FinLab company_basic_info:英文簡稱,1.0,mapped_exact_normalized
USA,CERIDIAN HCM HOLDING,,,,0.0,needs_review
USA,CHEWY A,CHWY,"Chewy, Inc.",SEC company_tickers_exchange,1.0,mapped_exact_normalized
USA,CLOUDFLARE A,NET,"Cloudflare, Inc.",SEC company_tickers_exchange,1.0,mapped_exact_normalized
USA,GENERAC HOLDINGS,GNRC,GENERAC HOLDINGS INC.,SEC company_tickers_exchange,1.0,mapped_exact_normalized
USA,HORIZON THERAPEUTICS PLC,,,,0.0,needs_review
USA,IMMUNOMEDICS,,,,0.0,needs_review
USA,LIVONGO HEALTH,,,,0.0,needs_review
USA,MONOLITHIC POWER SYSTEMS,MPWR,MONOLITHIC POWER SYSTEMS INC,SEC company_tickers_exchange,1.0,mapped_exact_normalized
USA,MYOKARDIA,,,,0.0,needs_review
USA,POOL CORP,POOL,POOL CORP,SEC company_tickers_exchange,1.0,mapped_exact_normalized
USA,PPD,,,,0.0,needs_review
USA,ROYALTY PHARMA A,RPRX,Royalty Pharma plc,SEC company_tickers_exchange,1.0,mapped_exact_normalized
USA,SOLAREDGE TECHNOLOGIES,SEDG,"SOLAREDGE TECHNOLOGIES, INC.",SEC company_tickers_exchange,1.0,mapped_exact_normalized
USA,ZENDESK,,,,0.0,needs_review
USA,COMERICA,,,,0.0,needs_review
USA,FEDERAL REALTY INV TRUST,,,,0.0,needs_review
USA,NATIONAL OILWELL VARCO,,,,0.0,needs_review
USA,NIELSEN HOLDINGS PLC,,,,0.0,needs_review
USA,PEOPLES UNITED FINANCIAL,,,,0.0,needs_review
USA,RALPH LAUREN CORP A,RL,RALPH LAUREN CORP,SEC company_tickers_exchange,1.0,mapped_exact_normalized
USA,SIGNATURE BANK,SBNY,Signature Bank,Round4 conflict review: https://www.nasdaq.com/press-release/signature-bank-releases-2022-form-10-k-2023-03-02 | https://www.fdic.gov/news/press-releases/2023/pr23018.html,0.98,verified_historical_round4
TAIWAN,FORMOSA TAFFETA CO,1434,"Formosa Taffeta Co., Ltd.","Round7 current-code discovery: Yahoo Finance search matched `Formosa Taffeta Co., Ltd.`/1434.TW; code exists in TWSE/TPEx/FinLab Taiwan reference universe. Local refs: F.T.C | 福懋 | 福懋興業股份有限公司",1.0000,verified_tw_current_round7
USA,BILL.COM HOLDINGS,BILL,"BILL Holdings, Inc.",SEC company_tickers_exchange,1.0,mapped_exact_normalized
USA,COINBASE GLOBAL A,COIN,"Coinbase Global, Inc.",SEC company_tickers_exchange,1.0,mapped_exact_normalized
USA,ENTEGRIS,ENTG,ENTEGRIS INC,SEC company_tickers_exchange,1.0,mapped_exact_normalized
USA,ZOOMINFO TECH A,ZI,ZoomInfo Technologies Inc. Class A,Round4 conflict review: https://www.sec.gov/Archives/edgar/data/1794515/000179451524000211/zi-20231231.htm | https://www.sec.gov/Archives/edgar/data/1794515/000179451525000097/zi-8kex991x20250512.htm,0.98,verified_historical_round4
USA,PINNACLE WEST CAPITAL,PNW,PINNACLE WEST CAPITAL CORP,SEC company_tickers_exchange,1.0,mapped_exact_normalized
USA,RENAISSANCERE HOLDINGS,RNR,RENAISSANCERE HOLDINGS LTD,SEC company_tickers_exchange,1.0,mapped_exact_normalized
USA,VOYA FINANCIAL,VOYA,"Voya Financial, Inc.",SEC company_tickers_exchange,1.0,mapped_exact_normalized
TAIWAN,EMEMORY TECHNOLOGY,3529,eMemory,FinLab company_basic_info:英文簡稱,0.9289,verified_tw_reference_fuzzy
TAIWAN,VOLTRONIC POWER TECH,6409,VOLTRONIC,FinLab company_basic_info:英文簡稱,0.935,verified_tw_reference_fuzzy
USA,ARES MANAGEMENT CORP,ARES,Ares Management Corp,SEC company_tickers_exchange,1.0,mapped_exact_normalized
USA,ASPEN TECHNOLOGY,,,,0.0,needs_review
USA,FERGUSON(US),,,,0.0,needs_review
USA,HUBBELL,HUBB,HUBBELL INC,SEC company_tickers_exchange,1.0,mapped_exact_normalized
USA,OVINTIV(US),OVV,Ovintiv Inc.,SEC company_tickers_exchange,1.0,mapped_exact_normalized
USA,TOAST A,TOST,"Toast, Inc.",SEC company_tickers_exchange,1.0,mapped_exact_normalized
USA,WOLFSPEED,WOLF,"WOLFSPEED, INC.",SEC company_tickers_exchange,1.0,mapped_exact_normalized
USA,AMC ENTMT HLDG PREF UNIT,,,,0.0,needs_review
USA,IAC,IAC,IAC Inc.,SEC company_tickers_exchange,1.0,mapped_exact_normalized
USA,VORNADO REALTY TRUST,VNO,VORNADO REALTY TRUST,SEC company_tickers_exchange,1.0,mapped_exact_normalized
TAIWAN,PHARMAESSENTIA,6446,PharmaEssentia Corp.,Round7 official historical delisted source: TPEx EN deListed official delist_date=2024-01-25,1.0000,verified_tw_historical_round7
USA,CELSIUS HLDGS,CELH,"Celsius Holdings, Inc.",web_verified_round2:https://ir.celsiusholdingsinc.com/overview/default.aspx,0.95,verified_us_web_high_confidence
USA,CNH INDUSTRIAL (US),,,,0.0,needs_review
USA,VERTIV HOLDINGS A,VRT,Vertiv Holdings Co,SEC company_tickers_exchange,1.0,mapped_exact_normalized
USA,ARROW ELECTRONICS,ARW,"ARROW ELECTRONICS, INC.",SEC company_tickers_exchange,1.0,mapped_exact_normalized
USA,DENTSPLY SIRONA,XRAY,DENTSPLY SIRONA Inc.,SEC company_tickers_exchange,1.0,mapped_exact_normalized
USA,HEALTHCARE REALTY T(NEW),,,,0.0,needs_review
USA,INVESCO LTD,IVZ,Invesco Ltd.,SEC company_tickers_exchange,1.0,mapped_exact_normalized
USA,MOHAWK INDUSTRIES,MHK,MOHAWK INDUSTRIES INC,SEC company_tickers_exchange,1.0,mapped_exact_normalized
USA,SEALED AIR CORP,,,,0.0,needs_review
USA,WEBSTER FINANCIAL CORP,WBS,WEBSTER FINANCIAL CORP,SEC company_tickers_exchange,1.0,mapped_exact_normalized
USA,WHIRLPOOL CORP,WHR,Whirlpool Corporation Common Stock,NasdaqTrader otherlisted,1.0,mapped_exact_normalized
TAIWAN,ALCHIP TECHNOLOGIES,3661,Alchip,FinLab company_basic_info:英文簡稱,0.9216,verified_tw_reference_fuzzy
USA,BATH & BODY WORKS,BBWI,"Bath & Body Works, Inc.",SEC company_tickers_exchange,1.0,mapped_exact_normalized
USA,CHORD ENERGY CORP,CHRD,Chord Energy Corp,SEC company_tickers_exchange,1.0,mapped_exact_normalized
USA,PARAMOUNT GLOBAL B,,,,0.0,needs_review
TAIWAN,INTL GAMES SYSTEM C,3293,"International Games System Co., Ltd. / 鈊象",Round8 Yahoo Finance query: International Games System -> 3293.TWO,0.99,verified_tw_yahoo_google_round8
TAIWAN,JENTECH PRECISION INDL,3653,JENTECH,FinLab company_basic_info:英文簡稱,0.9218,verified_tw_reference_fuzzy
USA,AMRIZE (US),AMRZ,Amrize Ltd,SEC company_tickers_exchange,1.0,mapped_exact_normalized
USA,ASTERA LABS,ALAB,"Astera Labs, Inc.",SEC company_tickers_exchange,1.0,mapped_exact_normalized
USA,BLOOM ENERGY CORP A,BE,Bloom Energy Corp,SEC company_tickers_exchange,1.0,mapped_exact_normalized
USA,CIENA CORP,CIEN,CIENA CORP,SEC company_tickers_exchange,1.0,mapped_exact_normalized
USA,COMFORT SYSTEMS USA,FIX,COMFORT SYSTEMS USA INC,SEC company_tickers_exchange,1.0,mapped_exact_normalized
USA,COREWEAVE A,CRWV,"CoreWeave, Inc.",SEC company_tickers_exchange,1.0,mapped_exact_normalized
USA,CREDO TECHNOLOGY,CRDO,Credo Technology Group Holding Ltd,SEC company_tickers_exchange,1.0,mapped_exact_normalized
USA,ECHOSTAR HOLDING A,SATS,EchoStar CORP,SEC company_tickers_exchange,1.0,mapped_exact_normalized
USA,INSMED,INSM,INSMED Inc,SEC company_tickers_exchange,1.0,mapped_exact_normalized
USA,IONQ,IONQ,"IonQ, Inc.",SEC company_tickers_exchange,1.0,mapped_exact_normalized
USA,AKAMAI TECHNOLOGIES,AKAM,AKAMAI TECHNOLOGIES INC,SEC company_tickers_exchange,1.0,mapped_exact_normalized
USA,DAVITA HEALTHCARE PARTNR,,,,0.0,needs_review
USA,REVVITY,RVTY,"REVVITY, INC.",SEC company_tickers_exchange,1.0,mapped_exact_normalized
USA,U-HAUL HOLDING NV,UHAL,U-Haul Holding Co /NV/,SEC company_tickers_exchange,1.0,mapped_exact_normalized
TAIWAN,ASPEED TECHNOLOGY,5274,ASPEED,FinLab company_basic_info:英文簡稱,0.9253,verified_tw_reference_fuzzy
TAIWAN,BIZLINK HOLDING,3665,BizLink Holding Inc.,Round7 current-code discovery: Yahoo Finance search matched `BizLink Holding Inc.`/3665.TW; code exists in TWSE/TPEx/FinLab Taiwan reference universe. Local refs: BHI (BizLink) | 貿聯-KY | 貿聯控股(BizLink Holding Inc.),1.0000,verified_tw_current_round7
TAIWAN,CHROMA ATE,2360,CHROMA,FinLab company_basic_info:英文簡稱,0.95,verified_tw_reference_fuzzy
TAIWAN,GOLD CIRCUIT ELECTRONICS,2368,Gold Circuit Electronics Ltd.,Round7 current-code discovery: Yahoo Finance search matched `Gold Circuit Electronics Ltd.`/2368.TW; code exists in TWSE/TPEx/FinLab Taiwan reference universe. Local refs: GCE | 金像電 | 金像電子(股)公司,1.0000,verified_tw_current_round7
TAIWAN,KING YUAN ELECTRONICS CO,2449,"King Yuan Electronics Co., Ltd.","Round7 current-code discovery: Yahoo Finance search matched `King Yuan Electronics Co., Ltd.`/2449.TW; code exists in TWSE/TPEx/FinLab Taiwan reference universe. Local refs: KYEC | 京元電子 | 京元電子股份有限公司",1.0000,verified_tw_current_round7
TAIWAN,ACER,2353,ACER,FinLab company_basic_info:英文簡稱,1.0,mapped_exact_normalized
TAIWAN,AUO CORP,2409,AUO,FinLab company_basic_info:英文簡稱,1.0,mapped_exact_normalized
TAIWAN,SYNNEX TECHNOLOGY INTL,2347,Synnex,FinLab company_basic_info:英文簡稱,0.9173,verified_tw_reference_fuzzy
USA,ACELYRIN,,,,0.0,needs_review
USA,ADVANTAGE SOLUTION A,,,,0.0,needs_review
USA,ALPINE IMMUNE SCIENCES,,,,0.0,needs_review
USA,APPLIED DIGITAL,APLD,Applied Digital Corp.,SEC company_tickers_exchange,1.0,mapped_exact_normalized
USA,ARCHER AVIATION A,ACHR,Archer Aviation Inc.,SEC company_tickers_exchange,1.0,mapped_exact_normalized
USA,ATLAS ENERGY SOLUTIONS A,AESI,Atlas Energy Solutions Inc.,SEC company_tickers_exchange,1.0,mapped_exact_normalized
USA,ATMUS FILTRATION TECH,,,,0.0,needs_review
USA,BEL FUSE B,BELFA,Bel Fuse Inc. - Class A Common Stock,NasdaqTrader nasdaqlisted,1.0,mapped_exact_normalized
USA,CABALETTA BIO,CABA,"Cabaletta Bio, Inc.",SEC company_tickers_exchange,1.0,mapped_exact_normalized
USA,CANTALOUPE,CTLP,"CANTALOUPE, INC.",SEC company_tickers_exchange,1.0,mapped_exact_normalized
USA,CIPHER MINING,,,,0.0,needs_review
USA,CLEANSPARK,CLSK,"CLEANSPARK, INC.",SEC company_tickers_exchange,1.0,mapped_exact_normalized
USA,DIGIMARC CORP,DMRC,Digimarc Corporation - Common Stock,NasdaqTrader nasdaqlisted,1.0,mapped_exact_normalized
USA,DISC MEDICINE,IRON,"Disc Medicine, Inc.",SEC company_tickers_exchange,1.0,mapped_exact_normalized
USA,DIVERSIFIED HEALTHCARE,,,,0.0,needs_review
USA,FUBOTV,FUBO,FuboTV Inc.,SEC company_tickers_exchange,1.0,mapped_exact_normalized
USA,GRANITE RIDGE RES,,,,0.0,needs_review
USA,GREENE COUNTY BANCORP,GCBC,GREENE COUNTY BANCORP INC,SEC company_tickers_exchange,1.0,mapped_exact_normalized
USA,HOLLEY,HLLY,Holley Inc.,SEC company_tickers_exchange,1.0,mapped_exact_normalized
USA,HOVNANIAN ENTERPRISES A,HOV,HOVNANIAN ENTERPRISES INC,SEC company_tickers_exchange,1.0,mapped_exact_normalized
USA,IRADIMED CORP,IRMD,IRADIMED CORP,SEC company_tickers_exchange,1.0,mapped_exact_normalized
USA,LANZATECH GLOBAL,LNZA,"LanzaTech Global, Inc.",SEC company_tickers_exchange,1.0,mapped_exact_normalized
USA,MARINE PRODUCTS CORP,,,,0.0,needs_review
USA,METALS CO (THE),,,,0.0,needs_review
USA,MOONLAKE IMMUNO,,,,0.0,needs_review
USA,ORGANOGENESIS A,ORGO,Organogenesis Holdings Inc.,SEC company_tickers_exchange,1.0,mapped_exact_normalized
USA,P10 A,,,,0.0,needs_review
USA,PEAKSTONE REALTY REIT,,,,0.0,needs_review
USA,POWELL INDUSTRIES,POWL,POWELL INDUSTRIES INC,SEC company_tickers_exchange,1.0,mapped_exact_normalized
USA,TACTILE SYSTEMS TECH,,,,0.0,needs_review
USA,TERAWULF,WULF,TERAWULF INC.,SEC company_tickers_exchange,1.0,mapped_exact_normalized
USA,VERA THERAPEUTICS A,VERA,"Vera Therapeutics, Inc.",SEC company_tickers_exchange,1.0,mapped_exact_normalized
USA,WEAVE COMMUNICATIONS,WEAV,"Weave Communications, Inc.",SEC company_tickers_exchange,1.0,mapped_exact_normalized
USA,EAGLE PHARMACEUTICALS,,,,0.0,needs_review
USA,FIBROGEN,,,,0.0,needs_review
USA,HOMESTREET,,,,0.0,needs_review
USA,KARYOPHARM THERAPEUTICS,KPTI,Karyopharm Therapeutics Inc.,SEC company_tickers_exchange,1.0,mapped_exact_normalized
USA,NANOSTRING TECHNOLOGIES,,,,0.0,needs_review
USA,NGM BIOPHARMACEUTICALS,,,,0.0,needs_review
USA,ORCHESTRA BIOMED HLDGS,,,,0.0,needs_review
USA,PROFRAC HOLDING A,ACDC,ProFrac Holding Corp.,SEC company_tickers_exchange,1.0,mapped_exact_normalized
TAIWAN,ABILITY OPTO ELECTRONICS,3362,"Ability Opto-Electronics Technology Co.,Ltd.","Round7 current-code discovery: Yahoo Finance search matched `Ability Opto-Electronics Technology Co.,Ltd.`/3362.TWO; code exists in TWSE/TPEx/FinLab Taiwan reference universe. Local refs: ABILITY | 先進光 | 先進光電科技股份有限公司",1.0000,verified_tw_current_round7
TAIWAN,ACTER CO,5536,ACTER,FinLab company_basic_info:英文簡稱,1.0,mapped_exact_normalized
TAIWAN,AMBASSADOR HOTEL (THE),2704,"The Ambassador Hotel, Ltd. / 國賓",Round8 Yahoo Finance query: Ambassador Hotel Taiwan -> 2704.TW,0.99,verified_tw_yahoo_google_round8
TAIWAN,CENTRAL REINSURANCE,2851,Central Re,FinLab company_basic_info:英文簡稱,0.9426,verified_tw_reference_fuzzy
TAIWAN,CHANNEL WELL TECH CO,3078,"Channel Well Technology Co.,Ltd.","Round7 current-code discovery: Yahoo Finance search matched `Channel Well Technology Co.,Ltd.`/3078.TWO; code exists in TWSE/TPEx/FinLab Taiwan reference universe. Local refs: CWT | 僑威 | 僑威科技股份有限公司",1.0000,verified_tw_current_round7
TAIWAN,CHENBRO MICOM,8210,CHENBRO,FinLab company_basic_info:英文簡稱,0.9438,verified_tw_reference_fuzzy
TAIWAN,DEPO AUTO PARTS INDL CO,6605,"Depo Auto Parts Industrial Co., Ltd. / 帝寶",Round8 Yahoo Finance query: Depo Auto Parts Industrial -> 6605.TW,0.99,verified_tw_yahoo_google_round8
TAIWAN,EVERGREEN AVIATION TECH,2645,Evergreen Aviation Technologies Corporation,Round7 current-code discovery: Yahoo Finance search matched `Evergreen Aviation Technologies Corporation`/2645.TW; code exists in TWSE/TPEx/FinLab Taiwan reference universe. Local refs: EGAT | 長榮航太 | 長榮航太科技股份有限公司,1.0000,verified_tw_current_round7
TAIWAN,IBASE TECHNOLOGY,8050,IBASE,FinLab company_basic_info:英文簡稱,0.9213,verified_tw_reference_fuzzy
TAIWAN,KENMEC MECHANICAL ENGR,6125,KENMEC,FinLab company_basic_info:英文簡稱,0.9173,verified_tw_reference_fuzzy
TAIWAN,L&K ENGINEERING CO,6139,L & K,FinLab company_basic_info:英文簡稱,0.9268,verified_tw_reference_fuzzy
TAIWAN,LUXNET CORP,4979,LuxNet,FinLab company_basic_info:英文簡稱,1.0,mapped_exact_normalized
TAIWAN,ORIENT SEMICONDUCTOR ELE,2329,"Orient Semiconductor Electronics, Limited","Round7 current-code discovery: Yahoo Finance search matched `Orient Semiconductor Electronics, Limited`/2329.TW; code exists in TWSE/TPEx/FinLab Taiwan reference universe. Local refs: OSE | 華泰 | 華泰電子股份有限公司",1.0000,verified_tw_current_round7
TAIWAN,QUANTA STORAGE,6188,Quanta Storage Inc.,Round7 current-code discovery: Yahoo Finance search matched `Quanta Storage Inc.`/6188.TWO; code exists in TWSE/TPEx/FinLab Taiwan reference universe. Local refs: QSI | 廣明 | 廣明光電股份有限公司,1.0000,verified_tw_current_round7
TAIWAN,SUNONWEALTH ELEC MACHINE,2421,"Sunonwealth Electric Machine Industry Co., Ltd. / 建準",Round8 Yahoo Finance query: Sunonwealth Electric Machine -> 2421.TW,0.99,verified_tw_yahoo_google_round8
TAIWAN,ZILLTEK TECHNOLOGY,6679,ZILLTEK,FinLab company_basic_info:英文簡稱,0.9289,verified_tw_reference_fuzzy
TAIWAN,RDC SEMICONDUCTOR CO,3228,"RDC Semiconductor Co., Ltd.","Round7 current-code discovery: Yahoo Finance search matched `RDC Semiconductor Co., Ltd.`/3228.TWO; code exists in TWSE/TPEx/FinLab Taiwan reference universe. Local refs: RDC | 金麗科 | 金麗科技股份有限公司",1.0000,verified_tw_current_round7
TAIWAN,SESODA CORP,1708,SESODA,FinLab company_basic_info:英文簡稱,1.0,mapped_exact_normalized
USA,AMERICAN SUPERCONDUCTOR,AMSC,American Superconductor Corporation - Common Stock,NasdaqTrader nasdaqlisted,1.0,mapped_exact_normalized
USA,ARBUTUS BIOPHARMA CORP,ABUS,Arbutus Biopharma Corp,SEC company_tickers_exchange,1.0,mapped_exact_normalized
USA,ASTRIA THERAPEUTICS,,,,0.0,needs_review
USA,AVADEL PHARMACEUTICALS,,,,0.0,needs_review
USA,BLEND LABS A,BLND,"Blend Labs, Inc.",SEC company_tickers_exchange,1.0,mapped_exact_normalized
USA,BOWHEAD SPECIALTY HLDGS,,,,0.0,needs_review
USA,BURKE & HERBERT BNK & TR,,,,0.0,needs_review
USA,CAREDX,CDNA,"CareDx, Inc.",SEC company_tickers_exchange,1.0,mapped_exact_normalized
USA,CENTURI HLDGS,,,,0.0,needs_review
USA,CLOVER HEALTH INV A,,,,0.0,needs_review
USA,CORE SCIENTIFIC,CORZ,"Core Scientific, Inc. - Common Stock",NasdaqTrader nasdaqlisted,1.0,mapped_exact_normalized
USA,DAKTRONICS,DAKT,"Daktronics, Inc. - Common Stock",NasdaqTrader nasdaqlisted,1.0,mapped_exact_normalized
USA,ERASCA,ERAS,"Erasca, Inc.",SEC company_tickers_exchange,1.0,mapped_exact_normalized
USA,GENEDX HOLDINGS A,WGS,GeneDx Holdings Corp.,SEC company_tickers_exchange,1.0,mapped_exact_normalized
USA,GIGACLOUD TECH (US),,,,0.0,needs_review
USA,GLOBAL BUSINESS TRAVEL A,GBTG,"Global Business Travel Group, Inc.",SEC company_tickers_exchange,1.0,mapped_exact_normalized
USA,HARROW,HROW,"HARROW, INC.",SEC company_tickers_exchange,1.0,mapped_exact_normalized
USA,HUMACYTE A,HUMA,"Humacyte, Inc.",SEC company_tickers_exchange,1.0,mapped_exact_normalized
USA,IBOTTA,IBTA,"Ibotta, Inc.",SEC company_tickers_exchange,1.0,mapped_exact_normalized
USA,LENDINGTREE INC A,TREE,"LendingTree, Inc.",SEC company_tickers_exchange,1.0,mapped_exact_normalized
USA,LEXICON PHARMACEUTICALS,LXRX,"LEXICON PHARMACEUTICALS, INC.",SEC company_tickers_exchange,1.0,mapped_exact_normalized
USA,LIMBACH HOLDINGS,LMB,"Limbach Holdings, Inc.",SEC company_tickers_exchange,1.0,mapped_exact_normalized
USA,MILLER INDUSTRIES,MLR,"Miller Industries, Inc. Common Stock",NasdaqTrader otherlisted,1.0,mapped_exact_normalized
USA,NB BANCORP,NBBK,"NB Bancorp, Inc.",SEC company_tickers_exchange,1.0,mapped_exact_normalized
USA,NUSCALE POWER,SMR,NUSCALE POWER Corp,SEC company_tickers_exchange,1.0,mapped_exact_normalized
USA,PACS GROUP,PACS,"PACS Group, Inc.",SEC company_tickers_exchange,1.0,mapped_exact_normalized
USA,PAGAYA TECH A (US),,,,0.0,needs_review
USA,PULSE BIOSCIENCES,PLSE,"PULSE BIOSCIENCES, INC.",SEC company_tickers_exchange,1.0,mapped_exact_normalized
USA,RUBRIK A,RBRK,"Rubrik, Inc.",SEC company_tickers_exchange,1.0,mapped_exact_normalized
USA,RUSH STREET INTERACT A,,,,0.0,needs_review
USA,SAVERS VALUE VILLAGE INC,SVV,"Savers Value Village, Inc.",SEC company_tickers_exchange,1.0,mapped_exact_normalized
USA,TRUMP MEDIA & TECH GRP,,,,0.0,needs_review
USA,TYRA BIOSCIENCES,TYRA,"Tyra Biosciences, Inc.",SEC company_tickers_exchange,1.0,mapped_exact_normalized
USA,UL SOLUTIONS A,ULS,UL Solutions Inc.,SEC company_tickers_exchange,1.0,mapped_exact_normalized
USA,UROGEN PHARMA(US),URGN,UroGen Pharma Ltd.,SEC company_tickers_exchange,1.0,mapped_exact_normalized
USA,ACCOLADE,,,,0.0,needs_review
USA,ALTA EQUIPMENT GROUP,ALTG,ALTA EQUIPMENT GROUP INC.,SEC company_tickers_exchange,1.0,mapped_exact_normalized
USA,ALX ONCOLOGY HLDGS,,,,0.0,needs_review
USA,ATN INTERNATIONAL,ATNI,"ATN International, Inc.",SEC company_tickers_exchange,1.0,mapped_exact_normalized
USA,BIOMEA FUSION,BMEA,"Biomea Fusion, Inc.",SEC company_tickers_exchange,1.0,mapped_exact_normalized
USA,CERENCE,CRNC,Cerence Inc.,SEC company_tickers_exchange,1.0,mapped_exact_normalized
USA,CHEGG,CHGG,"CHEGG, INC",SEC company_tickers_exchange,1.0,mapped_exact_normalized
USA,CS DISCO,LAW,"CS Disco, Inc.",SEC company_tickers_exchange,1.0,mapped_exact_normalized
USA,FUELCELL ENERGY,FCEL,FUELCELL ENERGY INC,SEC company_tickers_exchange,1.0,mapped_exact_normalized
USA,GRAFTECH INTL,,,,0.0,needs_review
USA,HILLEVAX INC,,,,0.0,needs_review
USA,JOHNSON OUTDOORS A,JOUT,JOHNSON OUTDOORS INC,SEC company_tickers_exchange,1.0,mapped_exact_normalized
USA,KYVERNA THERAPEUTICS,KYTX,"Kyverna Therapeutics, Inc.",SEC company_tickers_exchange,1.0,mapped_exact_normalized
USA,MACROGENICS,MGNX,MACROGENICS INC,SEC company_tickers_exchange,1.0,mapped_exact_normalized
USA,MULTIPLAN A,,,,0.0,needs_review
USA,NEVRO,,,,0.0,needs_review
USA,ORASURE TECHNOLOGIES,OSUR,ORASURE TECHNOLOGIES INC,SEC company_tickers_exchange,1.0,mapped_exact_normalized
USA,RESOURCES CONNECTION,RGP,"RESOURCES CONNECTION, INC.",SEC company_tickers_exchange,1.0,mapped_exact_normalized
USA,SERITAGE GROWTH PPTYS A,,,,0.0,needs_review
USA,TOURMALINE BIO,,,,0.0,needs_review
USA,TTEC HOLDINGS,TTEC,"TTEC Holdings, Inc.",SEC company_tickers_exchange,1.0,mapped_exact_normalized
USA,XPERI,XPER,Xperi Inc.,SEC company_tickers_exchange,1.0,mapped_exact_normalized
USA,ZENTALIS PHARMACEUTICALS,ZNTL,"Zentalis Pharmaceuticals, Inc.",SEC company_tickers_exchange,1.0,mapped_exact_normalized
TAIWAN,CHENMING ELECTRONIC TECH,3013,Chenming Electronic Tech. Corp.,Round7 current-code discovery: Yahoo Finance search matched `Chenming Electronic Tech. Corp.`/3013.TW; code exists in TWSE/TPEx/FinLab Taiwan reference universe. Local refs: UNEEC | 晟銘電 | 晟銘電子科技股份有限公司,1.0000,verified_tw_current_round7
TAIWAN,ELITE ADVANCED LASER,3450,Elite Advanced Laser Corporation,Round7 current-code discovery: Yahoo Finance search matched `Elite Advanced Laser Corporation`/3450.TW; code exists in TWSE/TPEx/FinLab Taiwan reference universe. Local refs: ELASER | 聯鈞 | 聯鈞光電股份有限公司,1.0000,verified_tw_current_round7
TAIWAN,ERIS TECHNOLOGY,3675,Eris Tech,FinLab company_basic_info:英文簡稱,0.95,verified_tw_reference_fuzzy
TAIWAN,G SHANK ENTERPRISE CO,2476,"G-SHANK Enterprise Co., Ltd.","Round7 current-code discovery: Yahoo Finance search matched `G-SHANK Enterprise Co., Ltd.`/2476.TW; code exists in TWSE/TPEx/FinLab Taiwan reference universe. Local refs: GS | 鉅祥 | 鉅祥企業股份有限公司",1.0000,verified_tw_current_round7
TAIWAN,HUANG HSIANG CONST,2545,HUANG HSIANG,FinLab company_basic_info:英文簡稱,0.9567,verified_tw_reference_fuzzy
TAIWAN,HWANG CHANG GENERAL CONS,2543,HWANG CHANG,FinLab company_basic_info:英文簡稱,0.9358,verified_tw_reference_fuzzy
TAIWAN,JESS-LINK PRODUCTS CO,6197,"Jess-link Products Co., Ltd.","Round7 current-code discovery: Yahoo Finance search matched `Jess-link Products Co., Ltd.`/6197.TW; code exists in TWSE/TPEx/FinLab Taiwan reference universe. Local refs: JPC | 佳必琪 | 佳必琪國際股份有限公司",1.0000,verified_tw_current_round7
TAIWAN,LUMOSA THERAPEUTICS,6535,LUMOSA,FinLab company_basic_info:英文簡稱,0.9216,verified_tw_reference_fuzzy
TAIWAN,PHOENIX SILICON,8028,Phoenix Silicon International Corporation,Round7 current-code discovery: Yahoo Finance search matched `Phoenix Silicon International Corporation`/8028.TW; code exists in TWSE/TPEx/FinLab Taiwan reference universe. Local refs: PSI | 昇陽半導體 | 昇陽國際半導體股份有限公司,1.0000,verified_tw_current_round7
TAIWAN,SOLOMON TECHNOLOGY,2359,SOLOMON,FinLab company_basic_info:英文簡稱,0.9289,verified_tw_reference_fuzzy
TAIWAN,TYC BROTHER INDUSTRIAL,1522,"TYC Brother Industrial Co., Ltd.","Round7 current-code discovery: Yahoo Finance search matched `TYC Brother Industrial Co., Ltd.`/1522.TW; code exists in TWSE/TPEx/FinLab Taiwan reference universe. Local refs: TYC | 堤維西 | 堤維西交通工業股份有限公司",1.0000,verified_tw_current_round7
TAIWAN,UNIVERSAL MICROWAVE TECH,3491,"Universal Microwave Technology, Inc.","Round7 current-code discovery: Yahoo Finance search matched `Universal Microwave Technology, Inc.`/3491.TWO; code exists in TWSE/TPEx/FinLab Taiwan reference universe. Local refs: UMT | 昇達科 | 昇達科技股份有限公司",1.0000,verified_tw_current_round7
TAIWAN,YEASHIN INTL DEV,5213,YeaShin,FinLab company_basic_info:英文簡稱,0.9337,verified_tw_reference_fuzzy
TAIWAN,TAIWAN FAMILYMART,5903,FamilyMart,FinLab company_basic_info:英文簡稱,0.9188,verified_tw_reference_fuzzy
USA,AEBI SCHMIDT,,,,0.0,needs_review
USA,AEVA TECHNOLOGIES,AEVA,"Aeva Technologies, Inc.",SEC company_tickers_exchange,1.0,mapped_exact_normalized
USA,AKEBIA THERAPEUTICS,AKBA,"Akebia Therapeutics, Inc.",SEC company_tickers_exchange,1.0,mapped_exact_normalized
USA,AMPRIUS TECH,,,,0.0,needs_review
USA,ARDENT HEALTH,ARDT,"Ardent Health, Inc.",SEC company_tickers_exchange,1.0,mapped_exact_normalized
USA,BIT DIGITAL (US),BTBT,"Bit Digital, Inc",SEC company_tickers_exchange,1.0,mapped_exact_normalized
USA,BLACKSKY TECH A,,,,0.0,needs_review
USA,CIDARA THERAPEUTICS,,,,0.0,needs_review
USA,FARO TECHNOLOGIES,,,,0.0,needs_review
USA,GALAXY DIGITAL (US),GLXY,Galaxy Digital Inc.,SEC company_tickers_exchange,1.0,mapped_exact_normalized
USA,HINGE HEALTH A,HNGE,"Hinge Health, Inc.",SEC company_tickers_exchange,1.0,mapped_exact_normalized
USA,HUDSON PACIFIC PPTYS,,,,0.0,needs_review
USA,INDIE SEMICONDUCTOR A,INDI,"indie Semiconductor, Inc.",SEC company_tickers_exchange,1.0,mapped_exact_normalized
USA,KALVISTA PHARMACEUTICALS,KALV,"KalVista Pharmaceuticals, Inc.",SEC company_tickers_exchange,1.0,mapped_exact_normalized
USA,LINEAGE,LINE,"Lineage, Inc.",SEC company_tickers_exchange,1.0,mapped_exact_normalized
USA,MICROVAST HOLDINGS,MVST,"Microvast Holdings, Inc.",SEC company_tickers_exchange,1.0,mapped_exact_normalized
USA,MNTN A,MNTN,"MNTN, Inc.",SEC company_tickers_exchange,1.0,mapped_exact_normalized
USA,NAVITAS SEMICONDUCTOR,NVTS,Navitas Semiconductor Corp,SEC company_tickers_exchange,1.0,mapped_exact_normalized
USA,NIAGEN BIOSCIENCE,NAGE,"Niagen Bioscience, Inc.",SEC company_tickers_exchange,1.0,mapped_exact_normalized
USA,NLIGHT,LASR,"NLIGHT, INC.",SEC company_tickers_exchange,1.0,mapped_exact_normalized
USA,OIL DRI CORP AMERICA,,,,0.0,needs_review
USA,ORIC PHARMACEUTICALS,ORIC,"Oric Pharmaceuticals, Inc.",SEC company_tickers_exchange,1.0,mapped_exact_normalized
USA,OUSTER,OUST,"Ouster, Inc.",SEC company_tickers_exchange,1.0,mapped_exact_normalized
USA,PORCH GROUP A,PRCH,"Porch Group, Inc.",SEC company_tickers_exchange,1.0,mapped_exact_normalized
USA,POWER SOLUTIONS INTL,,,,0.0,needs_review
USA,RED CAT HOLDINGS INC,RCAT,"Red Cat Holdings, Inc.",SEC company_tickers_exchange,1.0,mapped_exact_normalized
USA,SANA BIOTECHNOLOGY,SANA,"Sana Biotechnology, Inc.",SEC company_tickers_exchange,1.0,mapped_exact_normalized
USA,SHARPLINK GAMING,,,,0.0,needs_review
USA,SMARTSTOP SELF STOR REIT,,,,0.0,needs_review
USA,THREDUP A,TDUP,ThredUp Inc.,SEC company_tickers_exchange,1.0,mapped_exact_normalized
USA,TREVI THERAPEUTICS,TRVI,"Trevi Therapeutics, Inc.",SEC company_tickers_exchange,1.0,mapped_exact_normalized
USA,USA RARE EARTH,USAR,"USA Rare Earth, Inc.",SEC company_tickers_exchange,1.0,mapped_exact_normalized
USA,WILLDAN GROUP,WLDN,"Willdan Group, Inc.",SEC company_tickers_exchange,1.0,mapped_exact_normalized
USA,XERIS BIOPHARMA HOLDINGS,XERS,"Xeris Biopharma Holdings, Inc.",SEC company_tickers_exchange,1.0,mapped_exact_normalized
USA,ANTERIX,ATEX,Anterix Inc.,SEC company_tickers_exchange,1.0,mapped_exact_normalized
USA,B&G FOODS,BGS,"B&G Foods, Inc.",SEC company_tickers_exchange,1.0,mapped_exact_normalized
USA,BIOVENTUS,BVS,Bioventus Inc.,SEC company_tickers_exchange,1.0,mapped_exact_normalized
USA,BOSTON OMAHA A,BOC,BOSTON OMAHA Corp,SEC company_tickers_exchange,1.0,mapped_exact_normalized
USA,BUTTERFLY NETWORK A,BFLY,"Butterfly Network, Inc.",SEC company_tickers_exchange,1.0,mapped_exact_normalized
USA,CAPRICOR THERAPEUTICS,CAPR,"CAPRICOR THERAPEUTICS, INC.",SEC company_tickers_exchange,1.0,mapped_exact_normalized
USA,CROSS COUNTRY HEALTHCARE,CCRN,CROSS COUNTRY HEALTHCARE INC,SEC company_tickers_exchange,1.0,mapped_exact_normalized
USA,CYTEK BIOSCIENCES,CTKB,"Cytek Biosciences, Inc.",SEC company_tickers_exchange,1.0,mapped_exact_normalized
USA,FORTREA HOLDINGS,FTRE,Fortrea Holdings Inc.,SEC company_tickers_exchange,1.0,mapped_exact_normalized
USA,JACK IN THE BOX,JACK,JACK IN THE BOX INC,SEC company_tickers_exchange,1.0,mapped_exact_normalized
USA,JELD WEN HOLDING,JELD,"JELD-WEN Holding, Inc.",SEC company_tickers_exchange,1.0,mapped_exact_normalized
USA,KRONOS WORLDWIDE,KRO,KRONOS WORLDWIDE INC,SEC company_tickers_exchange,1.0,mapped_exact_normalized
USA,MESA LABORATORIES,MLAB,MESA LABORATORIES INC /CO/,SEC company_tickers_exchange,1.0,mapped_exact_normalized
USA,MONRO,MNRO,"MONRO, INC.",SEC company_tickers_exchange,1.0,mapped_exact_normalized
USA,ORTHOFIX MEDICAL,OFIX,Orthofix Medical Inc.,SEC company_tickers_exchange,1.0,mapped_exact_normalized
USA,PROTHENA CORP,,,,0.0,needs_review
USA,ROCKET COMPANIES A,RKT,"Rocket Companies, Inc.",SEC company_tickers_exchange,1.0,mapped_exact_normalized
USA,ROCKET PHARMACEUTICALS,RCKT,"ROCKET PHARMACEUTICALS, INC.",SEC company_tickers_exchange,1.0,mapped_exact_normalized
USA,RXSIGHT,RXST,"RxSight, Inc.",SEC company_tickers_exchange,1.0,mapped_exact_normalized
USA,SAVARA,SVRA,Savara Inc,SEC company_tickers_exchange,1.0,mapped_exact_normalized
USA,SELECTQUOTE,SLQT,"SelectQuote, Inc.",SEC company_tickers_exchange,1.0,mapped_exact_normalized
USA,SIMULATIONS PLUS,SLP,"Simulations Plus, Inc.",SEC company_tickers_exchange,1.0,mapped_exact_normalized
USA,SMITH & WESSON BRANDS,SWBI,"SMITH & WESSON BRANDS, INC.",SEC company_tickers_exchange,1.0,mapped_exact_normalized
USA,WABASH NATIONAL CORP,WNC,WABASH NATIONAL Corp,SEC company_tickers_exchange,1.0,mapped_exact_normalized
USA,YORK WATER CO,YORW,YORK WATER CO,SEC company_tickers_exchange,1.0,mapped_exact_normalized
USA,ZIPRECRUITER A,ZIP,"ZIPRECRUITER, INC.",SEC company_tickers_exchange,1.0,mapped_exact_normalized
TAIWAN,ABLEPRINT TECHNOLOGY,7734,"AblePrint Technology Co., Ltd. / 印能科技",Round8b Company IR says MOPS stock code 7734; Yahoo Finance 7734.TWO / StockAnalysis TPEX:7734.,0.98,verified_tw_yahoo_google_round8b
TAIWAN,FIRST HI TEC ENTERPRISE,5439,"First Hi-tec Enterprise Co., Ltd.","Round7 current-code discovery: Yahoo Finance search matched `First Hi-tec Enterprise Co., Ltd.`/5439.TWO; code exists in TWSE/TPEx/FinLab Taiwan reference universe. Local refs: FHt | 高技 | 高技企業股份有限公司",1.0000,verified_tw_current_round7
TAIWAN,FULLTECH FIBER GLASS,1815,Fulltech Fiber Glass Corp.,Round7 current-code discovery: Yahoo Finance search matched `Fulltech Fiber Glass Corp.`/1815.TWO; code exists in TWSE/TPEx/FinLab Taiwan reference universe. Local refs: FFG | 富喬 | 富喬工業股份有限公司,1.0000,verified_tw_current_round7
TAIWAN,MEGA UNION TECHNOLOGY,6944,Mega Union,FinLab company_basic_info:英文簡稱,0.9376,verified_tw_reference_fuzzy
TAIWAN,WISELINK,8932,Wiselink,FinLab company_basic_info:英文簡稱,1.0,mapped_exact_normalized
TAIWAN,CHUNG HWA PULP CORP,4205,CHUNG HWA,FinLab company_basic_info:英文簡稱,0.9543,verified_tw_reference_fuzzy
USA,ALASKA AIR GROUP,ALK,"ALASKA AIR GROUP, INC.",SEC company_tickers_exchange,1.0,mapped_exact_normalized
USA,4D MOLECULAR,,,,0.0,needs_review
USA,ARDELYX,ARDX,"ARDELYX, INC.",SEC company_tickers_exchange,1.0,mapped_exact_normalized
USA,ARHAUS A,ARHS,"Arhaus, Inc.",SEC company_tickers_exchange,1.0,mapped_exact_normalized
USA,BIOHAVEN,BHVN,Biohaven Ltd.,SEC company_tickers_exchange,1.0,mapped_exact_normalized
USA,BLUE BIRD (US),BLBD,Blue Bird Corp,SEC company_tickers_exchange,1.0,mapped_exact_normalized
USA,BLUEGREEN VAC HLD,,,,0.0,needs_review
USA,COMPASS THERAPEUTICS,CMPX,"Compass Therapeutics, Inc.",SEC company_tickers_exchange,1.0,mapped_exact_normalized
USA,CYMABAY THERAPEUTICS,CBAY,"CymaBay Therapeutics, Inc.",web_verified_round2:https://www.sec.gov/Archives/edgar/data/1042074/000119312524031185/d791540dex991.htm,0.98,verified_us_web_high_confidence
USA,DISTRIBUTION SOLN GRP,,,,0.0,needs_review
USA,EVERQUOTE A,EVER,"EverQuote, Inc.",SEC company_tickers_exchange,1.0,mapped_exact_normalized
USA,F&G ANNUITIES & LIFE,FG,"F&G Annuities & Life, Inc.",SEC company_tickers_exchange,1.0,mapped_exact_normalized
USA,HASHICORP A,,,,0.0,needs_review
USA,IVANHOE ELECTRIC,IE,Ivanhoe Electric Inc.,SEC company_tickers_exchange,1.0,mapped_exact_normalized
USA,JANUX THERAPEUTICS,JANX,"Janux Therapeutics, Inc.",SEC company_tickers_exchange,1.0,mapped_exact_normalized
USA,OIL STATES INTERNATIONAL,OIS,"OIL STATES INTERNATIONAL, INC",SEC company_tickers_exchange,1.0,mapped_exact_normalized
USA,POSEIDA THERAPEUTICS,,,,0.0,needs_review
USA,PRIME MEDICINE,PRME,"Prime Medicine, Inc.",SEC company_tickers_exchange,1.0,mapped_exact_normalized
USA,SATIXFY COMMUNICATIONS,,,,0.0,needs_review
USA,SENTINELONE INC A,S,"SentinelOne, Inc.",SEC company_tickers_exchange,1.0,mapped_exact_normalized
USA,SIGHT SCIENCES,SGHT,"Sight Sciences, Inc.",SEC company_tickers_exchange,1.0,mapped_exact_normalized
USA,SYMBOTIC A,SYM,Symbotic Inc.,SEC company_tickers_exchange,1.0,mapped_exact_normalized
USA,TIPTREE,TIPT,TIPTREE INC.,SEC company_tickers_exchange,1.0,mapped_exact_normalized
USA,VIKING THERAPEUTICS,VKTX,"Viking Therapeutics, Inc.",SEC company_tickers_exchange,1.0,mapped_exact_normalized
USA,ZYMEWORKS (US),ZYME,Zymeworks Inc.,SEC company_tickers_exchange,1.0,mapped_exact_normalized
USA,ZYNEX,,,,0.0,needs_review
USA,908 DEVICES,MASS,908 Devices Inc.,SEC company_tickers_exchange,1.0,mapped_exact_normalized
USA,ALTO INGREDIENTS INC,ALTO,"Alto Ingredients, Inc.",SEC company_tickers_exchange,1.0,mapped_exact_normalized
USA,AMMO,,,,0.0,needs_review
USA,BARK,BARK,"Bark, Inc.",SEC company_tickers_exchange,1.0,mapped_exact_normalized
USA,BEACHBODY COMPANY A,BODI,"Beachbody Company, Inc.",SEC company_tickers_exchange,1.0,mapped_exact_normalized
USA,CARDLYTICS,CDLX,"Cardlytics, Inc.",SEC company_tickers_exchange,1.0,mapped_exact_normalized
USA,CELULARITY,CELU,Celularity Inc,SEC company_tickers_exchange,1.0,mapped_exact_normalized
USA,CONTAINER STORE GROUP,TCS,"The Container Store Group, Inc.",web_verified_round2:https://investor.containerstore.com/investor-kit/default.aspx,0.97,verified_us_web_high_confidence
USA,EASTMAN KODAK,KODK,EASTMAN KODAK CO,SEC company_tickers_exchange,1.0,mapped_exact_normalized
USA,EDGIO,,,,0.0,needs_review
USA,F45 TRAINING HOLDINGS,,,,0.0,needs_review
USA,GENERATION BIO,,,,0.0,needs_review
USA,GOSSAMER BIO,GOSS,"Gossamer Bio, Inc.",SEC company_tickers_exchange,1.0,mapped_exact_normalized
USA,GREENLIGHT BIOSCIENCES,,,,0.0,needs_review
USA,HELIOGEN,,,,0.0,needs_review
USA,HONEST COMPANY,HNST,"Honest Company, Inc.",SEC company_tickers_exchange,1.0,mapped_exact_normalized
USA,INDUSTRIAL LOGIS PPTYS,,,,0.0,needs_review
USA,INNOVID A,,,,0.0,needs_review
USA,INOTIV,NOTV,"Inotiv, Inc.",SEC company_tickers_exchange,1.0,mapped_exact_normalized
USA,LANDS' END,LE,"LANDS' END, INC.",SEC company_tickers_exchange,1.0,mapped_exact_normalized
USA,LORDSTOWN MOTORS CORP A,,,,0.0,needs_review
USA,MARKFORGED HOLDING,,,,0.0,needs_review
USA,MEIRAGTX HOLDINGS,MGTX,MeiraGTx Holdings plc,SEC company_tickers_exchange,1.0,mapped_exact_normalized
USA,NEXTNAV,NN,NEXTNAV INC.,SEC company_tickers_exchange,1.0,mapped_exact_normalized
USA,NKARTA,NKTX,"Nkarta, Inc.",SEC company_tickers_exchange,1.0,mapped_exact_normalized
USA,OCUGEN,OCGN,"Ocugen, Inc.",SEC company_tickers_exchange,1.0,mapped_exact_normalized
USA,OPTIMIZERX,OPRX,OptimizeRx Corp,SEC company_tickers_exchange,1.0,mapped_exact_normalized
USA,PLAYTIKA HOLDING CORP,PLTK,Playtika Holding Corp.,SEC company_tickers_exchange,1.0,mapped_exact_normalized
USA,QUANTUM-SI A,QSI,Quantum-Si Inc,SEC company_tickers_exchange,1.0,mapped_exact_normalized
USA,SARCOS TECH & ROBO CORP,,,,0.0,needs_review
USA,SKILLSOFT A,SKIL,Skillsoft Corp.,SEC company_tickers_exchange,1.0,mapped_exact_normalized
USA,SKILLZ A,SKLZ,Skillz Inc.,SEC company_tickers_exchange,1.0,mapped_exact_normalized
USA,TATTOOED CHEF,,,,0.0,needs_review
USA,TUPPERWARE BRANDS,,,,0.0,needs_review
USA,WW INTERNATIONAL,WW,"WW INTERNATIONAL, INC.",SEC company_tickers_exchange,1.0,mapped_exact_normalized
USA,Y MABS THERAPEUTICS,,,,0.0,needs_review
USA,ALTIMMUNE,ALT,"Altimmune, Inc.",SEC company_tickers_exchange,1.0,mapped_exact_normalized
USA,AMBRX BIOPHARMA,,,,0.0,needs_review
USA,AN2 THERAPEUTICS,ANTX,"AN2 Therapeutics, Inc.",SEC company_tickers_exchange,1.0,mapped_exact_normalized
USA,APPLIED OPTOELECTRONICS,AAOI,"APPLIED OPTOELECTRONICS, INC.",SEC company_tickers_exchange,1.0,mapped_exact_normalized
USA,ATLAS ENERGY SOLUTIONS,AESI,Atlas Energy Solutions Inc.,SEC company_tickers_exchange,1.0,mapped_exact_normalized
USA,CARGO THERAPEUTICS,,,,0.0,needs_review
USA,CRAWFORD & CO A,CRD-A,CRAWFORD & CO,SEC company_tickers_exchange,1.0,mapped_exact_normalized
USA,DIEBOLD NIXDORF,DBD,"DIEBOLD NIXDORF, Inc",SEC company_tickers_exchange,1.0,mapped_exact_normalized
USA,EYEPOINT PHARMACEUTICALS,,,,0.0,needs_review
USA,FUSION PHARMACEUTICALS,,,,0.0,needs_review
USA,HAMILTON INS GRP B,,,,0.0,needs_review
USA,ICOSAVAX,,,,0.0,needs_review
USA,IMMUNOME,IMNM,Immunome Inc.,SEC company_tickers_exchange,1.0,mapped_exact_normalized
USA,KLAVIYO A,KVYO,"Klaviyo, Inc.",SEC company_tickers_exchange,1.0,mapped_exact_normalized
USA,LIQUIDIA CORPORATION,LQDA,Liquidia Corp,SEC company_tickers_exchange,1.0,mapped_exact_normalized
USA,LONGBOARD PHARMA,,,,0.0,needs_review
USA,RAYZEBIO,,,,0.0,needs_review
USA,SPYRE THERAPEUTICS,SYRE,"Spyre Therapeutics, Inc.",SEC company_tickers_exchange,1.0,mapped_exact_normalized
USA,ACLARIS THERAPEUTICS,ACRS,"Aclaris Therapeutics, Inc.",SEC company_tickers_exchange,1.0,mapped_exact_normalized
USA,AGENUS,AGEN,AGENUS INC,SEC company_tickers_exchange,1.0,mapped_exact_normalized
USA,BEAUTY HEALTH A,,,,0.0,needs_review
USA,CHILDREN'S PLACE,PLCE,"Children's Place, Inc. (The) - Common Stock",NasdaqTrader nasdaqlisted,1.0,mapped_exact_normalized
USA,COHERUS BIOSCIENCES,,,,0.0,needs_review
USA,DESKTOP METAL A,,,,0.0,needs_review
USA,ENVIVA,,,,0.0,needs_review
USA,FISKER A,,,,0.0,needs_review
USA,FREYR BATTERY,,,,0.0,needs_review
USA,HALLADOR ENERGY CO,HNRG,HALLADOR ENERGY CO,SEC company_tickers_exchange,1.0,mapped_exact_normalized
USA,HIRERIGHT HOLDINGS,,,,0.0,needs_review
USA,MAGNACHIP SEMICONDUCTOR,MX,MAGNACHIP SEMICONDUCTOR Corp,SEC company_tickers_exchange,1.0,mapped_exact_normalized
USA,MURAL ONCOLOGY,,,,0.0,needs_review
USA,NET POWER,NPWR,NET Power Inc.,SEC company_tickers_exchange,1.0,mapped_exact_normalized
USA,PLAYSTUDIOS A,MYPS,"PLAYSTUDIOS, Inc.",SEC company_tickers_exchange,1.0,mapped_exact_normalized
USA,SLEEP NUMBER CORPORATION,SNBR,Sleep Number Corp,SEC company_tickers_exchange,1.0,mapped_exact_normalized
USA,TRAEGER,COOK,"Traeger, Inc.",SEC company_tickers_exchange,1.0,mapped_exact_normalized
USA,VENTYX BIOSCIENCES,,,,0.0,needs_review
USA,VERTEX ENERGY,,,,0.0,needs_review
USA,WIDEOPENWEST,,,,0.0,needs_review
USA,ADTRAN HOLDINGS,ADTN,"ADTRAN Holdings, Inc.",SEC company_tickers_exchange,1.0,mapped_exact_normalized
USA,ANAVEX LIFE SCIENCES,AVXL,ANAVEX LIFE SCIENCES CORP.,SEC company_tickers_exchange,1.0,mapped_exact_normalized
USA,ARIS WATER SOLUTIONS A,,,,0.0,needs_review
USA,ATLANTICUS HOLDINGS,ATLC,Atlanticus Holdings Corp,SEC company_tickers_exchange,1.0,mapped_exact_normalized
USA,AXOGEN,AXGN,"Axogen, Inc.",SEC company_tickers_exchange,1.0,mapped_exact_normalized
USA,BIGBEAR.AI HOLDINGS,BBAI,"BigBear.ai Holdings, Inc.",SEC company_tickers_exchange,1.0,mapped_exact_normalized
USA,BKV CORP,BKV,BKV Corp,SEC company_tickers_exchange,1.0,mapped_exact_normalized
USA,CERIBELL,CBLL,"Ceribell, Inc.",SEC company_tickers_exchange,1.0,mapped_exact_normalized
USA,CORMEDIX,CRMD,CorMedix Inc.,SEC company_tickers_exchange,1.0,mapped_exact_normalized
USA,D-WAVE QUANTUM,QBTS,D-Wave Quantum Inc.,SEC company_tickers_exchange,1.0,mapped_exact_normalized
USA,DAVE A,DAVE,Dave Inc.  - Class A Common Stock,NasdaqTrader nasdaqlisted,1.0,mapped_exact_normalized
USA,ESQUIRE FINANCIAL HLDGS,,,,0.0,needs_review
USA,EVE HLDG,,,,0.0,needs_review
USA,FIRSTSUN CAPITAL BANCORP,FSUN,FIRSTSUN CAPITAL BANCORP,SEC company_tickers_exchange,1.0,mapped_exact_normalized
USA,INNODATA,INOD,INNODATA INC,SEC company_tickers_exchange,1.0,mapped_exact_normalized
USA,INTUITIVE MACHINES,LUNR,"Intuitive Machines, Inc.",SEC company_tickers_exchange,1.0,mapped_exact_normalized
USA,KINDERCARE LEARNING CO,,,,0.0,needs_review
USA,LOAR HLDGS,,,,0.0,needs_review
USA,NANO NUCLEAR ENERGY,NNE,Nano Nuclear Energy Inc.,SEC company_tickers_exchange,1.0,mapped_exact_normalized
USA,NATURAL GROCERS BY VIT,,,,0.0,needs_review
USA,PERPETUA RESOURCES(US),PPTA,PERPETUA RESOURCES CORP.,SEC company_tickers_exchange,1.0,mapped_exact_normalized
USA,POWERFLEET,AIOT,"Powerfleet, Inc.",SEC company_tickers_exchange,1.0,mapped_exact_normalized
USA,QUANTUM COMPUTING,QUBT,Quantum Computing Inc.,SEC company_tickers_exchange,1.0,mapped_exact_normalized
USA,REALREAL (THE),REAL,"The RealReal, Inc. - Common Stock",NasdaqTrader nasdaqlisted,1.0,mapped_exact_normalized
USA,REDWIRE,RDW,Redwire Corp,SEC company_tickers_exchange,1.0,mapped_exact_normalized
USA,RIGETTI COMPUTING,RGTI,"Rigetti Computing, Inc.",SEC company_tickers_exchange,1.0,mapped_exact_normalized
USA,SEPTERNA,SEPN,"Septerna, Inc.",SEC company_tickers_exchange,1.0,mapped_exact_normalized
USA,SERVE ROBOTICS,SERV,Serve Robotics Inc. - Common Stock,NasdaqTrader nasdaqlisted,1.0,mapped_exact_normalized
USA,SILA REALTY TRUST,SILA,"Sila Realty Trust, Inc.",SEC company_tickers_exchange,1.0,mapped_exact_normalized
USA,SOLARIS ENERGY INFRA A,,,,0.0,needs_review
USA,STANDARDAERO,SARO,"StandardAero, Inc.",SEC company_tickers_exchange,1.0,mapped_exact_normalized
USA,ALECTOR,ALEC,"Alector, Inc.",SEC company_tickers_exchange,1.0,mapped_exact_normalized
USA,ALLOGENE THERAPEUTICS,ALLO,"Allogene Therapeutics, Inc.",SEC company_tickers_exchange,1.0,mapped_exact_normalized
USA,ANGI A,ANGI,Angi Inc.,SEC company_tickers_exchange,1.0,mapped_exact_normalized
USA,ANYWHERE REAL ESTATE,,,,0.0,needs_review
USA,APPLIED THERAPEUTICS,,,,0.0,needs_review
USA,BEYOND,,,,0.0,needs_review
USA,BEYOND MEAT,BYND,"BEYOND MEAT, INC.",SEC company_tickers_exchange,1.0,mapped_exact_normalized
USA,CASSAVA SCIENCES,,,,0.0,needs_review
USA,CHATHAM LODGING TRUST,CLDT,Chatham Lodging Trust,SEC company_tickers_exchange,1.0,mapped_exact_normalized
USA,DIAMOND HILL INV GRP,,,,0.0,needs_review
USA,DIANTHUS THERAPEUTICS,DNTH,"Dianthus Therapeutics, Inc. - Common Stock",NasdaqTrader nasdaqlisted,1.0,mapped_exact_normalized
USA,DINE BRANDS GLOBAL,DIN,"Dine Brands Global, Inc.",SEC company_tickers_exchange,1.0,mapped_exact_normalized
USA,FRANKLIN COVEY CO,FC,FRANKLIN COVEY CO,SEC company_tickers_exchange,1.0,mapped_exact_normalized
USA,GENIE ENERGY B,GNE,Genie Energy Ltd.,SEC company_tickers_exchange,1.0,mapped_exact_normalized
USA,GLADSTONE LAND CORP,LAND,GLADSTONE LAND Corp,SEC company_tickers_exchange,1.0,mapped_exact_normalized
USA,GRAY MEDIA,GTN,"GRAY MEDIA, INC",SEC company_tickers_exchange,1.0,mapped_exact_normalized
USA,GROUPON,GRPN,"Groupon, Inc.",SEC company_tickers_exchange,1.0,mapped_exact_normalized
USA,HAIN CELESTIAL GROUP,HAIN,HAIN CELESTIAL GROUP INC,SEC company_tickers_exchange,1.0,mapped_exact_normalized
USA,HAVERTY FURNITURE,,,,0.0,needs_review
USA,KEROS THERAPEUTICS,KROS,"Keros Therapeutics, Inc.",SEC company_tickers_exchange,1.0,mapped_exact_normalized
USA,KORRO BIO,KRRO,"Korro Bio, Inc.",SEC company_tickers_exchange,1.0,mapped_exact_normalized
USA,LESLIES,,,,0.0,needs_review
USA,MERCER INTERNATIONAL,MERC,MERCER INTERNATIONAL INC.,SEC company_tickers_exchange,1.0,mapped_exact_normalized
USA,MOVADO GROUP,MOV,MOVADO GROUP INC,SEC company_tickers_exchange,1.0,mapped_exact_normalized
USA,MYERS INDUSTRIES,MYE,MYERS INDUSTRIES INC,SEC company_tickers_exchange,1.0,mapped_exact_normalized
USA,NATIONAL RESEARCH CORP,,,,0.0,needs_review
USA,NEUMORA THERAPEUTICS,NMRA,"Neumora Therapeutics, Inc.",SEC company_tickers_exchange,1.0,mapped_exact_normalized
USA,OLEMA PHARMACEUTICALS,OLMA,"Olema Pharmaceuticals, Inc.",SEC company_tickers_exchange,1.0,mapped_exact_normalized
USA,OLYMPIC STEEL,,,,0.0,needs_review
USA,OMEGA FLEX,OFLX,"Omega Flex, Inc.",SEC company_tickers_exchange,1.0,mapped_exact_normalized
USA,OMNIAB,OABI,"OmniAb, Inc.",SEC company_tickers_exchange,1.0,mapped_exact_normalized
USA,PERSPECTIVE THERAPEUTICS,CATX,"Perspective Therapeutics, Inc.",SEC company_tickers_exchange,1.0,mapped_exact_normalized
USA,QUANTERIX,QTRX,Quanterix Corp,SEC company_tickers_exchange,1.0,mapped_exact_normalized
USA,RADIUS RECYCLING A,,,,0.0,needs_review
USA,REGENXBIO,RGNX,REGENXBIO Inc.,SEC company_tickers_exchange,1.0,mapped_exact_normalized
USA,REVANCE THERAPEUTICS,,,,0.0,needs_review
USA,RMR GROUP,RMR,RMR GROUP INC.,SEC company_tickers_exchange,1.0,mapped_exact_normalized
USA,SAGE THERAPEUTICS,,,,0.0,needs_review
USA,SERVICE PROPERTIES,,,,0.0,needs_review
USA,SUNNOVA ENERGY INTL,,,,0.0,needs_review
USA,TANGO THERAPEUTICS,TNGX,"Tango Therapeutics, Inc.",SEC company_tickers_exchange,1.0,mapped_exact_normalized
USA,TEJON RANCH CO,TRC,TEJON RANCH CO,SEC company_tickers_exchange,1.0,mapped_exact_normalized
USA,THERAVANCE BIOPHARMA,TBPH,"Theravance Biopharma, Inc.",SEC company_tickers_exchange,1.0,mapped_exact_normalized
TAIWAN,ALL RING TECH,6187,ALL RING,FinLab company_basic_info:英文簡稱,0.9515,verified_tw_reference_fuzzy
TAIWAN,ITH,6962,ITH Corporation,FinLab company_basic_info:公司名稱,1.0,mapped_exact_normalized
TAIWAN,PLAYNITRIDE,6854,PlayNitride Inc.,FinLab company_basic_info:公司名稱,1.0,mapped_exact_normalized
TAIWAN,POSIFLEX,8114,POSIFLEX,FinLab company_basic_info:英文簡稱,1.0,mapped_exact_normalized
TAIWAN,SPORTS GEAR,6768,"Sports Gear Co., Ltd.","Round7 current-code discovery: Yahoo Finance search matched `Sports Gear Co., Ltd.`/6768.TW; code exists in TWSE/TPEx/FinLab Taiwan reference universe. Local refs: SPG-KY | 志強-KY | 志強國際企業股份有限公司",1.0000,verified_tw_current_round7
TAIWAN,STARLUX AIRLINES,2646,STARLUX AIR,FinLab company_basic_info:英文簡稱,0.9587,verified_tw_reference_fuzzy
TAIWAN,TIGERAIR TAIWAN,6757,"Tigerair Taiwan Co., Ltd.","Round7 current-code discovery: Yahoo Finance search matched `Tigerair Taiwan Co., Ltd.`/6757.TW; code exists in TWSE/TPEx/FinLab Taiwan reference universe. Local refs: TTW | 台灣虎航 | 台灣虎航股份有限公司",1.0000,verified_tw_current_round7
TAIWAN,AIC,9912,AIC,FinLab company_basic_info:英文簡稱,1.0,mapped_exact_normalized
TAIWAN,ALEXANDER MARINE,8478,"Alexander Marine Co., Ltd.","Round7 current-code discovery: Yahoo Finance search matched `Alexander Marine Co., Ltd.`/8478.TW; code exists in TWSE/TPEx/FinLab Taiwan reference universe. Local refs: Ocean Alexander | 東哥企業股份有限公司 | 東哥遊艇",1.0000,verified_tw_current_round7
TAIWAN,CHIA HSIN CEMENT,1103,Chia Hsin Cement Corporation,Round7 current-code discovery: Yahoo Finance search matched `Chia Hsin Cement Corporation`/1103.TW; code exists in TWSE/TPEx/FinLab Taiwan reference universe. Local refs: CHC | 嘉新水泥股份有限公司 | 嘉泥,1.0000,verified_tw_current_round7
TAIWAN,CHIN-POON INDUSTRIAL CO,2355,CHIN-POON,FinLab company_basic_info:英文簡稱,0.935,verified_tw_reference_fuzzy
TAIWAN,CHINA MAN-MADE FIBER,1718,China Man-Made Fiber Corporation,Round7 current-code discovery: Yahoo Finance search matched `China Man-Made Fiber Corporation`/1718.TW; code exists in TWSE/TPEx/FinLab Taiwan reference universe. Local refs: CMFC | 中國人造纖維股份有限公司 | 中纖,1.0000,verified_tw_current_round7
TAIWAN,CHINA METAL PRODUCTS CO,1532,"China Metal Products Co., Ltd.","Round7 current-code discovery: Yahoo Finance search matched `China Metal Products Co., Ltd.`/1532.TW; code exists in TWSE/TPEx/FinLab Taiwan reference universe. Local refs: CMP | 勤美 | 勤美股份有限公司",1.0000,verified_tw_current_round7
TAIWAN,CO TECH DEVELOPMENT,8358,Co-Tech Development Corporation,Round7 current-code discovery: Yahoo Finance search matched `Co-Tech Development Corporation`/8358.TWO; code exists in TWSE/TPEx/FinLab Taiwan reference universe. Local refs: CO-TECH | 金居 | 金居開發股份有限公司,1.0000,verified_tw_current_round7
TAIWAN,CUB ELECPARTS,2231,CUB ELECPARTS INC.,Round7 official historical delisted source: TPEx EN deListed official delist_date=2010-11-19,1.0000,verified_tw_historical_round7
TAIWAN,DARFON ELECTRONICS,8163,DARFON,FinLab company_basic_info:英文簡稱,0.9233,verified_tw_reference_fuzzy
TAIWAN,EGIS TECHNOLOGY,6462,Egis Technology Inc.,Round7 current-code discovery: Yahoo Finance search matched `Egis Technology Inc.`/6462.TWO; code exists in TWSE/TPEx/FinLab Taiwan reference universe. Local refs: EGIS | 神盾 | 神盾股份有限公司,1.0000,verified_tw_current_round7
TAIWAN,EPISIL PRECISION,3707,EPISIL,FinLab company_basic_info:英文簡稱,0.9275,verified_tw_reference_fuzzy
TAIWAN,ETRON TECHNOLOGY,5351,Etron,FinLab company_basic_info:英文簡稱,0.9213,verified_tw_reference_fuzzy
TAIWAN,EVER SUPREME BIO TECH,6712,Ever Supreme,FinLab company_basic_info:英文簡稱,0.9471,verified_tw_reference_fuzzy
TAIWAN,FIRST COPPER TECHNOLOGY,2009,"First Copper Technology Co., Ltd.","Round7 current-code discovery: Yahoo Finance search matched `First Copper Technology Co., Ltd.`/2009.TW; code exists in TWSE/TPEx/FinLab Taiwan reference universe. Local refs: FCC | 第一伸銅科技股份有限公司 | 第一銅",1.0000,verified_tw_current_round7
TAIWAN,FORMOSA ADVANCED TECH,8131,"Formosa Advanced Technologies Co., Ltd.","Round7 current-code discovery: Yahoo Finance search matched `Formosa Advanced Technologies Co., Ltd.`/8131.TW; code exists in TWSE/TPEx/FinLab Taiwan reference universe. Local refs: FATC | 福懋科 | 福懋科技股份有限公司",1.0000,verified_tw_current_round7
TAIWAN,GLOBAL PMX,4551,GLOBAL PMX,FinLab company_basic_info:英文簡稱,1.0,mapped_exact_normalized
TAIWAN,GRAND PACIFIC PETROCHEM,1312,Grand Pacific Petrochemical Corporation,Round7 current-code discovery: Yahoo Finance search matched `Grand Pacific Petrochemical Corporation`/1312.TW; code exists in TWSE/TPEx/FinLab Taiwan reference universe. Local refs: GPPC | 國喬 | 國喬石油化學股份有限公司,1.0000,verified_tw_current_round7
TAIWAN,HOLYSTONE ENTERPRISE CO,3026,"Holy Stone Enterprise Co., Ltd. / 信邦? Holy Stone 禾伸堂","Round8b Yahoo Finance: Holy Stone Enterprise Co.,Ltd. 3026.TW; MarketScreener/StockAnalysis confirm TPE:3026.",0.98,verified_tw_yahoo_round8b
TAIWAN,INTL CSRC INV HLDGS CO,2104,"International CSRC Investment Holdings Co., Ltd. / 國際中橡",Round8b Yahoo Finance search: International CSRC Investment Holdings -> 2104.TW.,0.98,verified_tw_yahoo_round8b
TAIWAN,KUO TOONG INTERNATIONAL,8936,"Kuo Toong International Co., Ltd.","Round7 current-code discovery: Yahoo Finance search matched `Kuo Toong International Co., Ltd.`/8936.TWO; code exists in TWSE/TPEx/FinLab Taiwan reference universe. Local refs: KTI | 國統 | 國統國際股份有限公司",1.0000,verified_tw_current_round7
TAIWAN,SENSORTEK TECHNOLOGY,6732,sensortek,FinLab company_basic_info:英文簡稱,0.935,verified_tw_reference_fuzzy
TAIWAN,SHIHLIN PAPER,1903,Shihlin Paper,FinLab company_basic_info:英文簡稱,1.0,mapped_exact_normalized
TAIWAN,SYNMOSA BIOPHARMA CORP,4114,SYNMOSA,FinLab company_basic_info:英文簡稱,0.9312,verified_tw_reference_fuzzy
TAIWAN,TAIDOC TECHNOLOGY CORP,4736,TaiDoc,FinLab company_basic_info:英文簡稱,0.9253,verified_tw_reference_fuzzy
TAIWAN,TAIWAN MASK CORPORATION,2338,Taiwan Mask Corporation,Round7 current-code discovery: Yahoo Finance search matched `Taiwan Mask Corporation`/2338.TW; code exists in TWSE/TPEx/FinLab Taiwan reference universe. Local refs: TMC | 光罩 | 台灣光罩股份有限公司,1.0000,verified_tw_current_round7
TAIWAN,TAIWAN SEMICONDUCTOR CO,5425,"Taiwan Semiconductor Co., Ltd.","Round7 current-code discovery: Yahoo Finance search matched `Taiwan Semiconductor Co., Ltd.`/5425.TWO; code exists in TWSE/TPEx/FinLab Taiwan reference universe. Local refs: TSC | 台半 | 台灣半導體股份有限公司",1.0000,verified_tw_current_round7
TAIWAN,TAIWAN-ASIA SC CORP,2340,Taiwan-Asia Semiconductor Corporation / 台亞半導體,Round8c web/Yahoo/Google evidence: Company website states Stock Code 2340; StockAnalysis/FT confirm TPE:2340.,0.95,verified_tw_yahoo_google_round8c
TAIWAN,TCI,8436,TCI,FinLab company_basic_info:英文簡稱,1.0,mapped_exact_normalized
TAIWAN,UPC TECHNOLOGY CORP,1313,UPC Technology Corporation,Round7 current-code discovery: Yahoo Finance search matched `UPC Technology Corporation`/1313.TW; code exists in TWSE/TPEx/FinLab Taiwan reference universe. Local refs: UPC | 聯成 | 聯成化學科技股份有限公司,1.0000,verified_tw_current_round7
TAIWAN,USI CORP,1304,USI,FinLab company_basic_info:英文簡稱,1.0,mapped_exact_normalized
TAIWAN,VISCO VISION,6782,VISCO,FinLab company_basic_info:英文簡稱,0.9317,verified_tw_reference_fuzzy
TAIWAN,WAFFER TECHNOLOGY CO,6235,Waffer,FinLab company_basic_info:英文簡稱,0.9253,verified_tw_reference_fuzzy
TAIWAN,YUNG SHIN GLOBAL HOLDING,3705,YungShin Global Holding Corporation / 永信,Round8c web/Yahoo/Google evidence: Company PDF says Stock Code 3705; Yahoo Finance 3705.TW.,0.95,verified_tw_yahoo_google_round8c
USA,ALLIANCE LAUNDRY HLDGS,,,,0.0,needs_review
USA,ALUMIS,ALMS,ALUMIS INC.,SEC company_tickers_exchange,1.0,mapped_exact_normalized
USA,AMERICAN AXLE & MFG,,,,0.0,needs_review
USA,ANNEXON,ANNX,"Annexon, Inc.",SEC company_tickers_exchange,1.0,mapped_exact_normalized
USA,AXT,AXTI,AXT INC,SEC company_tickers_exchange,1.0,mapped_exact_normalized
USA,BIGLARI HOLDINGS B,BH-A,Biglari Holdings Inc.,SEC company_tickers_exchange,1.0,mapped_exact_normalized
USA,BROWN-FORMAN CORP A,BF-A,BROWN FORMAN CORP,SEC company_tickers_exchange,1.0,mapped_exact_normalized
USA,BUILD A BEAR WORKSHOP,BBW,BUILD-A-BEAR WORKSHOP INC,SEC company_tickers_exchange,1.0,mapped_exact_normalized
USA,CYTOMX THERAPEUTICS,CTMX,"CytomX Therapeutics, Inc.",SEC company_tickers_exchange,1.0,mapped_exact_normalized
USA,ENERGY VAULT HOLDINGS,NRGV,"Energy Vault Holdings, Inc.",SEC company_tickers_exchange,1.0,mapped_exact_normalized
USA,EYEPOINT,EYPT,"EyePoint, Inc.",SEC company_tickers_exchange,1.0,mapped_exact_normalized
USA,FIREFLY AEROSPACE,FLY,Firefly Aerospace Inc.,SEC company_tickers_exchange,1.0,mapped_exact_normalized
USA,HYCROFT MINING HOLDING,HYMC,HYCROFT MINING HOLDING CORP,SEC company_tickers_exchange,1.0,mapped_exact_normalized
USA,INHIBRX BIOSCIENCES,INBX,"Inhibrx Biosciences, Inc.",SEC company_tickers_exchange,1.0,mapped_exact_normalized
USA,JEFFERSON CAPITAL,JCAP,"Jefferson Capital, Inc. - Common Stock",NasdaqTrader nasdaqlisted,1.0,mapped_exact_normalized
USA,KODIAK SCIENCES,KOD,Kodiak Sciences Inc.,SEC company_tickers_exchange,1.0,mapped_exact_normalized
USA,LEGENCE A,LGN,Legence Corp.,SEC company_tickers_exchange,1.0,mapped_exact_normalized
USA,MBX BIOSCIENCES,MBX,"MBX Biosciences, Inc.",SEC company_tickers_exchange,1.0,mapped_exact_normalized
USA,MONTE ROSA THERAPEUTICS,GLUE,"Monte Rosa Therapeutics, Inc.",SEC company_tickers_exchange,1.0,mapped_exact_normalized
USA,NAVAN A,NAVN,"Navan, Inc.",SEC company_tickers_exchange,1.0,mapped_exact_normalized
USA,NEPTUNE INS HLDGS A,,,,0.0,needs_review
USA,NETSKOPE A,NTSK,Netskope Inc,SEC company_tickers_exchange,1.0,mapped_exact_normalized
USA,PERSONALIS,PSNL,"Personalis, Inc.",SEC company_tickers_exchange,1.0,mapped_exact_normalized
USA,RAPT THERAPEUTICS,,,,0.0,needs_review
USA,RESOLUTE HOLDINGS MGMT,,,,0.0,needs_review
USA,TERNS PHARMACEUTICALS,,,,0.0,needs_review
USA,TERRESTRIAL ENERGY,IMSR,Terrestrial Energy Inc. - Common Stock,NasdaqTrader nasdaqlisted,1.0,mapped_exact_normalized
USA,WATERBRIDGE INFRA A,,,,0.0,needs_review
USA,DIVERSIFIED ENERGY (US),DEC,Diversified Energy Co,SEC company_tickers_exchange,1.0,mapped_exact_normalized
USA,ADVANSIX,ASIX,AdvanSix Inc.,SEC company_tickers_exchange,1.0,mapped_exact_normalized
USA,AQUESTIVE THERAPETC,,,,0.0,needs_review
USA,ASPEN AEROGELS,ASPN,ASPEN AEROGELS INC,SEC company_tickers_exchange,1.0,mapped_exact_normalized
USA,BUMBLE INC A,BMBL,Bumble Inc.,SEC company_tickers_exchange,1.0,mapped_exact_normalized
USA,CLARITEV A,CTEV,Claritev Corp,SEC company_tickers_exchange,1.0,mapped_exact_normalized
USA,COMPASS DIVERSIFIED HLDG,,,,0.0,needs_review
USA,EVOLENT HEALTH A,EVH,"Evolent Health, Inc.",SEC company_tickers_exchange,1.0,mapped_exact_normalized
USA,FARMERS NATL BANC CORP,,,,0.0,needs_review
USA,MGP INGREDIENTS,MGPI,MGP INGREDIENTS INC,SEC company_tickers_exchange,1.0,mapped_exact_normalized
USA,NEW FORTRESS ENERGY A,NFE,New Fortress Energy Inc.,SEC company_tickers_exchange,1.0,mapped_exact_normalized
USA,ONESPAN,OSPN,OneSpan Inc.,SEC company_tickers_exchange,1.0,mapped_exact_normalized
USA,READY CAPITAL CORP,RC,Ready Capital Corp,SEC company_tickers_exchange,1.0,mapped_exact_normalized
USA,RIBBON COMMUNICATIONS,RBBN,Ribbon Communications Inc.,SEC company_tickers_exchange,1.0,mapped_exact_normalized
USA,SIGA TECHNOLOGIES,SIGA,SIGA TECHNOLOGIES INC,SEC company_tickers_exchange,1.0,mapped_exact_normalized
USA,SUMMIT HOTEL PROPERTIES,INN,"Summit Hotel Properties, Inc.",SEC company_tickers_exchange,1.0,mapped_exact_normalized
USA,TASKUS A,TASK,"TaskUs, Inc.",SEC company_tickers_exchange,1.0,mapped_exact_normalized
TAIWAN,DONG FANG OFFSHORE,7786,"Dong Fang Offshore Co., Ltd.","Round7 current-code discovery: Yahoo Finance search matched `Dong Fang Offshore Co., Ltd.`/7786.TW; code exists in TWSE/TPEx/FinLab Taiwan reference universe. Local refs: DFO | 東方風能 | 東方風能科技股份有限公司",1.0000,verified_tw_current_round7
TAIWAN,HERON NEUTRON MEDICAL,7799,Heron Neutron Medical Corp.,Round7 current-code discovery: Yahoo Finance search matched `Heron Neutron Medical Corp.`/7799.TW; code exists in TWSE/TPEx/FinLab Taiwan reference universe. Local refs: HNMC | 禾榮科 | 禾榮科技股份有限公司,1.0000,verified_tw_current_round7
TAIWAN,MYSON CENTURY,5314,Myson,FinLab company_basic_info:英文簡稱,0.9285,verified_tw_reference_fuzzy
TAIWAN,NICHIDENBO,3090,NICHIDENBO CORPORATION,Round7 official historical delisted source: TPEx EN deListed official delist_date=2007-12-31,1.0000,verified_tw_historical_round7
TAIWAN,SYNTEC TECHNOLOGY,7750,Syntec,FinLab company_basic_info:英文簡稱,0.9253,verified_tw_reference_fuzzy
TAIWAN,TOPOINT TECHNOLOGY CO,8021,Topoint,FinLab company_basic_info:英文簡稱,0.9289,verified_tw_reference_fuzzy
TAIWAN,ANDES TECHNOLOGY,6533,ANDES,FinLab company_basic_info:英文簡稱,0.9213,verified_tw_reference_fuzzy
TAIWAN,GREAT TREE PHARMACY,6469,Great Tree,FinLab company_basic_info:英文簡稱,0.9426,verified_tw_reference_fuzzy
TAIWAN,HU LANE ASSOCIATE,6279,HU LANE,FinLab company_basic_info:英文簡稱,0.9312,verified_tw_reference_fuzzy
TAIWAN,J&V ENERGY TECHNOLOGY,6869,J&V Energy,FinLab company_basic_info:英文簡稱,0.946,verified_tw_reference_fuzzy
TAIWAN,KERRY TJ LOGISTICS CO,2608,Kerry TJ,FinLab company_basic_info:英文簡稱,0.9344,verified_tw_reference_fuzzy
TAIWAN,SHINFOX ENERGY,6806,SHINFOX ENERGY,FinLab company_basic_info:英文簡稱,1.0,mapped_exact_normalized
TAIWAN,TOPKEY CORP,4536,TOPKEY,FinLab company_basic_info:英文簡稱,1.0,mapped_exact_normalized
TAIWAN,YUNGSHIN CONST & DEV,5508,"Yungshin Construction & Development Co., Ltd. / 永信建",Round8b Yahoo Finance search: YungShin Construction Development -> 5508.TWO.,0.98,verified_tw_yahoo_round8b
USA,ABINGTON COMM. BANC,,,,0.0,needs_review
USA,ACETO CORP,,,,0.0,needs_review
USA,ACTUATE CORP,,,,0.0,needs_review
USA,ACURA PHARM,,,,0.0,needs_review
USA,ADVANCED ANALOGIC TECH.,,,,0.0,needs_review
USA,AMERICAN DAIRY,,,,0.0,needs_review
USA,AMERICAN ITALIAN PASTA A,,,,0.0,needs_review
USA,AMERICA'S CAR-MART,CRMT,"America's Car-Mart, Inc. - Common Stock",NasdaqTrader nasdaqlisted,1.0,mapped_exact_normalized
USA,APPLIED SIGNAL TECH,,,,0.0,needs_review
USA,ARCSIGHT,,,,0.0,needs_review
USA,ARDEA BIOSCIENCES,,,,0.0,needs_review
USA,ARGAN(US),AGX,ARGAN INC,SEC company_tickers_exchange,1.0,mapped_exact_normalized
USA,ARQULE,,,,0.0,needs_review
USA,ARROW FINANCIAL CORP,AROW,ARROW FINANCIAL CORP,SEC company_tickers_exchange,1.0,mapped_exact_normalized
USA,ATRION CORP,,,,0.0,needs_review
USA,ATS MEDICAL,,,,0.0,needs_review
USA,B&G FOODS A,BGS,"B&G Foods, Inc.",SEC company_tickers_exchange,1.0,mapped_exact_normalized
USA,BAKER (MICHAEL) CORP,,,,0.0,needs_review
USA,BERKSHIRE HILLS BANCORP,,,,0.0,needs_review
USA,BIGBAND NETWORKS,,,,0.0,needs_review
USA,BOTTOMLINE TECHNOLOGIES,,,,0.0,needs_review
USA,BROADPOINT SECURITIES,,,,0.0,needs_review
USA,BRYN MAWR BANK CORP,,,,0.0,needs_review
USA,BWAY HOLDING CO,,,,0.0,needs_review
USA,CALAVO GROWERS,CVGW,CALAVO GROWERS INC,SEC company_tickers_exchange,1.0,mapped_exact_normalized
USA,CAMDEN NATIONAL CORP,CAC,CAMDEN NATIONAL CORP,SEC company_tickers_exchange,1.0,mapped_exact_normalized
USA,CANTEL MEDICAL CORP,,,,0.0,needs_review
USA,CARDINAL FINANCIAL CORP,,,,0.0,needs_review
USA,CARDIONET,,,,0.0,needs_review
USA,CAVCO INDUSTRIES,CVCO,"CAVCO INDUSTRIES, INC.",SEC company_tickers_exchange,1.0,mapped_exact_normalized
USA,CENTRAL VERMONT PUB SVC,,,,0.0,needs_review
USA,CEVA,CEVA,CEVA INC,SEC company_tickers_exchange,1.0,mapped_exact_normalized
USA,CHESAPEAKE UTILITIES,CPK,CHESAPEAKE UTILITIES CORP,SEC company_tickers_exchange,1.0,mapped_exact_normalized
USA,CLEAR CHANNEL OUTDOOR A,CCO,"Clear Channel Outdoor Holdings, Inc.",SEC company_tickers_exchange,1.0,mapped_exact_normalized
USA,CLIFTON SAVINGS BANCORP,,,,0.0,needs_review
USA,COMPUCREDIT CORP,,,,0.0,needs_review
USA,COMVERGE,,,,0.0,needs_review
USA,CONNECTICUT WATER SVC,,,,0.0,needs_review
USA,CONSOLIDATED WATER CO,CWCO,Consolidated Water Co. Ltd.,SEC company_tickers_exchange,1.0,mapped_exact_normalized
USA,CPI INTERNATIONAL INC,,,,0.0,needs_review
USA,DANVERS BANCORP,,,,0.0,needs_review
USA,DEMANDTEC,,,,0.0,needs_review
USA,DIGI INTERNATIONAL,DGII,DIGI INTERNATIONAL INC,SEC company_tickers_exchange,1.0,mapped_exact_normalized
USA,DOUBLE-TAKE SOFTWARE,,,,0.0,needs_review
USA,DUCOMMUN,DCO,Ducommun Incorporated Common Stock,NasdaqTrader otherlisted,1.0,mapped_exact_normalized
USA,EMERGENCY MED SVC CORP A,,,,0.0,needs_review
USA,EMERGENT BIOSOLUTIONS,EBS,Emergent BioSolutions Inc.,SEC company_tickers_exchange,1.0,mapped_exact_normalized
USA,ENGLOBAL CORP,,,,0.0,needs_review
USA,ESSA BANCORP,,,,0.0,needs_review
USA,EVERCORE PARTNERS,,,,0.0,needs_review
USA,FGX INTERNATIONAL HLDGS,,,,0.0,needs_review
USA,FIFTH STREET FIN CORP,,,,0.0,needs_review
USA,FIRST BANCORP NTH CAROL.,,,,0.0,needs_review
USA,FIRST FIN NORTHWEST,,,,0.0,needs_review
USA,FIRST MERCURY FINANCIAL,,,,0.0,needs_review
USA,GENERAL STEEL HOLDINGS,,,,0.0,needs_review
USA,GENTEK,,,,0.0,needs_review
USA,GRAND CANYON EDUCATION,LOPE,"Grand Canyon Education, Inc.",SEC company_tickers_exchange,1.0,mapped_exact_normalized
USA,HAWAIIAN HOLDINGS,,,,0.0,needs_review
USA,HECKMANN CORP,,,,0.0,needs_review
USA,HOME FEDERAL BANCORP/DE,,,,0.0,needs_review
USA,ICF INTERNATIONAL,ICFI,"ICF International, Inc.",SEC company_tickers_exchange,1.0,mapped_exact_normalized
USA,IMMUNOGEN,,,,0.0,needs_review
USA,INSPIRE PHARMACEUTICALS,,,,0.0,needs_review
USA,INTERACTIVE INTELLIGENCE,,,,0.0,needs_review
USA,IXYS CORP,,,,0.0,needs_review
USA,KOPIN CORP,KOPN,KOPIN CORP,SEC company_tickers_exchange,1.0,mapped_exact_normalized
USA,LAKELAND BANCORP,,,,0.0,needs_review
USA,LAKELAND FINANCIAL CORP,LKFN,LAKELAND FINANCIAL CORP,SEC company_tickers_exchange,1.0,mapped_exact_normalized
USA,LANDEC CORP,,,,0.0,needs_review
USA,LENNAR CORP B,LEN,LENNAR CORP /NEW/,SEC company_tickers_exchange,1.0,mapped_exact_normalized
USA,LINCOLN EDUCATIONAL SVCS,,,,0.0,needs_review
USA,LSB INDUSTRIES,LXU,"LSB INDUSTRIES, INC.",SEC company_tickers_exchange,1.0,mapped_exact_normalized
USA,M/I HOMES,MHO,"M/I HOMES, INC.",SEC company_tickers_exchange,1.0,mapped_exact_normalized
USA,MATRIXX INITIATIVES,,,,0.0,needs_review
USA,MAXWELL TECHNOLOGIES,,,,0.0,needs_review
USA,MEADOWBROOK INSURANCE,,,,0.0,needs_review
USA,MERIDIAN INTERSTATE BANC,,,,0.0,needs_review
USA,MICROMET,,,,0.0,needs_review
USA,MIDDLESEX WATER CO,MSEX,MIDDLESEX WATER CO,SEC company_tickers_exchange,1.0,mapped_exact_normalized
USA,MONMOUTH REIT A,,,,0.0,needs_review
USA,MYR GROUP/DELAWARE,,,,0.0,needs_review
USA,NATIONAL BEVERAGE CORP,FIZZ,NATIONAL BEVERAGE CORP,SEC company_tickers_exchange,1.0,mapped_exact_normalized
USA,NORTHERN OIL AND GAS,NOG,"NORTHERN OIL & GAS, INC.",SEC company_tickers_exchange,1.0,mapped_exact_normalized
USA,NVE CORP,NVEC,NVE CORP /NEW/,SEC company_tickers_exchange,1.0,mapped_exact_normalized
USA,ODYSSEY MARINE EXPLORATN,,,,0.0,needs_review
USA,OPENTV CORP A,,,,0.0,needs_review
USA,OPNET TECHNOLOGIES,,,,0.0,needs_review
USA,OPTIMER PHARM.,,,,0.0,needs_review
USA,ORION MARINE GROUP,,,,0.0,needs_review
USA,ORTHOVITA,,,,0.0,needs_review
USA,OUTDOOR CHANNEL HLDGS,,,,0.0,needs_review
USA,PEOPLES BANCORP,PEBO,PEOPLES BANCORP INC,SEC company_tickers_exchange,1.0,mapped_exact_normalized
USA,PROS HOLDINGS,,,,0.0,needs_review
USA,RADISYS CORP,,,,0.0,needs_review
USA,RENAISSANCE LEARNING,,,,0.0,needs_review
USA,ROCKVILLE FINANCIAL,,,,0.0,needs_review
USA,RUBICON TECHNOLOGY,,,,0.0,needs_review
USA,SEACHANGE INTERNATIONAL,,,,0.0,needs_review
USA,SIRF TECHNOLOGY HLDGS,,,,0.0,needs_review
USA,SKYLINE CORP,,,,0.0,needs_review
USA,SMITHTOWN BANCORP,,,,0.0,needs_review
USA,SOLUTIA,,,,0.0,needs_review
USA,SOURCEFIRE,,,,0.0,needs_review
USA,SPARTAN MOTORS,,,,0.0,needs_review
USA,STAMPS.COM,,,,0.0,needs_review
USA,STANDARD REGISTER,,,,0.0,needs_review
USA,STEIN MART,,,,0.0,needs_review
USA,STELLARONE,,,,0.0,needs_review
USA,STEMCELLS,,,,0.0,needs_review
USA,STERLING BANCORP,,,,0.0,needs_review
USA,STERLING CONSTRUCTION CO,,,,0.0,needs_review
USA,STURM RUGER & CO,RGR,STURM RUGER & CO INC,SEC company_tickers_exchange,1.0,mapped_exact_normalized
USA,SUCAMPO PHARMA A,,,,0.0,needs_review
USA,SUSSER HOLDINGS,,,,0.0,needs_review
USA,SYMMETRICOM,,,,0.0,needs_review
USA,SYNOVIS LIFE TECH,,,,0.0,needs_review
USA,SYNUTRA INTERNATIONAL,,,,0.0,needs_review
USA,TELECOMMUNICATION SYS A,,,,0.0,needs_review
USA,TOWNE BANK,TOWN,Towne Bank - Common Stock,NasdaqTrader nasdaqlisted,1.0,mapped_exact_normalized
USA,TRICO BANCSHARES,TCBK,TRICO BANCSHARES /,SEC company_tickers_exchange,1.0,mapped_exact_normalized
USA,UNITED FINANCIAL BANCORP,,,,0.0,needs_review
USA,US GOLD,,,,0.0,needs_review
USA,VALENCE TECHNOLOGY,,,,0.0,needs_review
USA,VIRTUSA,,,,0.0,needs_review
USA,WESTWOOD HOLDINGS GROUP,WHG,WESTWOOD HOLDINGS GROUP INC,SEC company_tickers_exchange,1.0,mapped_exact_normalized
USA,WILEY (JOHN) & SONS B,,,,0.0,needs_review
USA,ADVANTA CORP B,,,,0.0,needs_review
USA,AMCORE FINANCIAL,,,,0.0,needs_review
USA,ANCHOR BANCORP WISCONSIN,,,,0.0,needs_review
USA,ANTHRACITE CAPITAL,,,,0.0,needs_review
USA,ARBOR REALTY TRUST,ABR,ARBOR REALTY TRUST INC,SEC company_tickers_exchange,1.0,mapped_exact_normalized
USA,BLOCKBUSTER B,,,,0.0,needs_review
USA,CALLON PETROLEUM CORP,,,,0.0,needs_review
USA,CAPITAL TRUST A,,,,0.0,needs_review
USA,CASCADE BANCORP,,,,0.0,needs_review
USA,CASELLA WASTE SYSTEMS A,CWST,CASELLA WASTE SYSTEMS INC,SEC company_tickers_exchange,1.0,mapped_exact_normalized
USA,CASUAL MALE RETAIL GROUP,,,,0.0,needs_review
USA,CHAMPION ENTERPRISES,,,,0.0,needs_review
USA,CITY BANK LYNNWOOD,,,,0.0,needs_review
USA,COMSYS IT PARTNERS,,,,0.0,needs_review
USA,CORUS BANKSHARES,,,,0.0,needs_review
USA,ENTRAVISION COMMUNI. A,,,,0.0,needs_review
USA,FIBERTOWER CORP,,,,0.0,needs_review
USA,FLOTEK INDS,,,,0.0,needs_review
USA,FRIEDMAN BILL RAM A (NEW,,,,0.0,needs_review
USA,GSI GROUP,,,,0.0,needs_review
USA,GUARANTY FINANCIAL GROUP,,,,0.0,needs_review
USA,HANMI FINANCIAL CORP,HAFC,HANMI FINANCIAL CORP,SEC company_tickers_exchange,1.0,mapped_exact_normalized
USA,HUBBELL A,HUBB,HUBBELL INC,SEC company_tickers_exchange,1.0,mapped_exact_normalized
USA,HUDSON HIGHLAND GROUP,,,,0.0,needs_review
USA,HUTCHINSON TECHNOLOGY,,,,0.0,needs_review
USA,INDEPENDENT BANK (MICH),INDB,INDEPENDENT BANK CORP,SEC company_tickers_exchange,1.0,mapped_exact_normalized
USA,INTEGRA BANK CORP,,,,0.0,needs_review
USA,LEE ENTERPRISES,LEE,"LEE ENTERPRISES, Inc",SEC company_tickers_exchange,1.0,mapped_exact_normalized
USA,LTX - CREDENCE,,,,0.0,needs_review
USA,MAGMA DESIGN AUTOMATION,,,,0.0,needs_review
USA,MAGUIRE PROPERTIES,,,,0.0,needs_review
USA,MATTSON TECHNOLOGY,,,,0.0,needs_review
USA,MEDIA GENERAL A,,,,0.0,needs_review
USA,MRV COMMUNICATIONS,,,,0.0,needs_review
USA,NEENAH PAPER,,,,0.0,needs_review
USA,NEWCASTLE INVESTMENT,,,,0.0,needs_review
USA,ORBCOMM,,,,0.0,needs_review
USA,PARAGON SHIPPING CLASS A,,,,0.0,needs_review
USA,PARALLEL PETROLEUM CORP,,,,0.0,needs_review
USA,SAFE BULKERS,SB,"SAFE BULKERS, INC.",SEC company_tickers_exchange,1.0,mapped_exact_normalized
USA,SINA CORP,,,,0.0,needs_review
USA,STRATEGIC HOTELS & RES,,,,0.0,needs_review
USA,SUNRISE SENIOR LIVING,,,,0.0,needs_review
USA,TAYLOR CAPITAL GROUP,,,,0.0,needs_review
USA,TEXTAINER GROUP HOLDINGS,,,,0.0,needs_review
USA,TRICO MARINE SER,,,,0.0,needs_review
USA,TWEEN BRANDS,,,,0.0,needs_review
USA,TXCO RESOURCES,,,,0.0,needs_review
USA,ULTRA CLEAN HOLDINGS,UCTT,"Ultra Clean Holdings, Inc.",SEC company_tickers_exchange,1.0,mapped_exact_normalized
USA,VONAGE HOLDINGS,,,,0.0,needs_review
USA,WATERSTONE FINANCIAL,WSBF,"Waterstone Financial, Inc.",SEC company_tickers_exchange,1.0,mapped_exact_normalized
USA,WEST COAST BANCORP/OREG.,,,,0.0,needs_review
USA,XERIUM TECHNOLOGIES,,,,0.0,needs_review
TAIWAN,A.G.V. PRODUCTS,1217,A.G.V. Products Corporation / 愛之味,Round8 Yahoo Finance/Google query: A.G.V. Products Taiwan stock -> 1217.TW,0.99,verified_tw_yahoo_google_round8
TAIWAN,ADVANCED CERAMIC X CORP,3152,Advanced Ceramic X Corporation,Round7 current-code discovery: Yahoo Finance search matched `Advanced Ceramic X Corporation`/3152.TWO; code exists in TWSE/TPEx/FinLab Taiwan reference universe. Local refs: ACX | 璟德 | 璟德電子工業股份有限公司,1.0000,verified_tw_current_round7
TAIWAN,APEX BIOTECHNOLOGY CORP,1733,Apex Biotechnology Corp.,Round7 current-code discovery: Yahoo Finance search matched `Apex Biotechnology Corp.`/1733.TW; code exists in TWSE/TPEx/FinLab Taiwan reference universe. Local refs: ApexBio | 五鼎 | 五鼎生物技術股份有限公司,1.0000,verified_tw_current_round7
TAIWAN,COSMOS BANK TAIWAN,2837,Cosmos Bank Taiwan / 萬泰銀行,Round8c web/Yahoo/Google evidence: Investing/Cosmos Bank historical pages show Cosmos Bank (2837); later acquired by CDF/KGI.,0.95,verified_tw_historical_round8c
TAIWAN,DA-CIN CONSTRUCTION CO,2535,DA-CIN,FinLab company_basic_info:英文簡稱,0.9216,verified_tw_reference_fuzzy
TAIWAN,DELSOLAR CO,3599,DelSolar,Round7 official historical delisted source: TWSE EN suspendListing official delist_date=2013/05/31,1.0000,verified_tw_historical_round7
TAIWAN,DYNAMIC ELECTRONICS CO,6251,DYNAMIC,Round7 official historical delisted source: TWSE EN suspendListing official delist_date=2022/08/25,1.0000,verified_tw_historical_round7
TAIWAN,E-ONE MOLI ENERGY CORP,3127,E-One Moli Energy Corp. / 能元科技,Round8c web/Yahoo/Google evidence: Cnyes profile for E-ONE MOLI ENERGY CORP. shows code 3127; unlisted/ESB historical code.,0.95,verified_tw_historical_round8c
TAIWAN,FARGLORY FTZ INVESTMENT,5607,Farglory FTZ,FinLab company_basic_info:英文簡稱,0.9422,verified_tw_reference_fuzzy
TAIWAN,GAMANIA DIGITAL ENTERTA,6180,GAMANIA,FinLab company_basic_info:英文簡稱,0.9204,verified_tw_reference_fuzzy
TAIWAN,GREAT CHINA METAL IND,9905,"Great China Metal Ind. Co., Ltd.","Round7 current-code discovery: Yahoo Finance search matched `Great China Metal Ind. Co., Ltd.`/9905.TW; code exists in TWSE/TPEx/FinLab Taiwan reference universe. Local refs: GCM | 大華 | 大華金屬工業股份有限公司",1.0000,verified_tw_current_round7
TAIWAN,HUGA OPTOTECH,8199,HUGA,Round7 official historical delisted source: TWSE EN suspendListing official delist_date=2012/12/28,0.6667,verified_tw_historical_round7
TAIWAN,INSYDE SOFTWARE CORP,6231,Insyde,FinLab company_basic_info:英文簡稱,0.93,verified_tw_reference_fuzzy
TAIWAN,I-SHENG ELECTRIC WIRE,6115,I-SHENG,FinLab company_basic_info:英文簡稱,0.9233,verified_tw_reference_fuzzy
TAIWAN,JANFUSUN FANCYWORLD CORP,5701,Janfusun Fancyworld Corp.,Round7 current-code discovery: Yahoo Finance search matched `Janfusun Fancyworld Corp.`/5701.TWO; code exists in TWSE/TPEx/FinLab Taiwan reference universe. Local refs: JFS | 劍湖山 | 劍湖山世界股份有限公司,1.0000,verified_tw_current_round7
TAIWAN,LUMAX INT'L CORP,6192,LUMAX,FinLab company_basic_info:英文簡稱,0.9355,verified_tw_reference_fuzzy
TAIWAN,MACROBLOCK,3527,"Macroblock, Inc.","Round7 current-code discovery: Yahoo Finance search matched `Macroblock, Inc.`/3527.TWO; code exists in TWSE/TPEx/FinLab Taiwan reference universe. Local refs: MBI | 聚積 | 聚積科技股份有限公司",1.0000,verified_tw_current_round7
TAIWAN,MICROBIO CO,4128,MICROBIO,FinLab company_basic_info:英文簡稱,1.0,mapped_exact_normalized
TAIWAN,MICROLIFE CORP,4103,MICROLIFE CORPORATION,Round7 official historical delisted source: TPEx EN deListed official delist_date=2018-11-13,1.0000,verified_tw_historical_round7
TAIWAN,ORISE TECHNOLOGY CO,3545,"Orise Technology Co., Ltd. / 奕力",Round8 Yahoo/Google historical quote: Orise Technology 3545.TW; delisted/merged,0.99,verified_tw_historical_round8
TAIWAN,PHYTOHEALTH CORP,4108,PhytoHealth,FinLab company_basic_info:英文簡稱,1.0,mapped_exact_normalized
TAIWAN,POWER QUOTIENT INT'L,6145,"Power Quotient International Co., Ltd. / 勁永國際",Round8c web/Yahoo/Google evidence: PatSnap/Discovery profile shows TPE:6145 and stock symbol 6145.,0.95,verified_tw_historical_round8c
TAIWAN,SINON CORP,1712,SINON,FinLab company_basic_info:英文簡稱,1.0,mapped_exact_normalized
TAIWAN,SUNONWEALTH ELECTRIC MAC,2421,"Sunonwealth Electric Machine Industry Co., Ltd.","Round7 current-code discovery: Yahoo Finance search matched `Sunonwealth Electric Machine Industry Co., Ltd.`/2421.TW; code exists in TWSE/TPEx/FinLab Taiwan reference universe. Local refs: SUNON | 建準 | 建準電機工業股份有限公司",1.0000,verified_tw_current_round7
TAIWAN,SYNCMOLD ENTERPRISE CORP,1582,SYNCMOLD,FinLab company_basic_info:英文簡稱,0.9321,verified_tw_reference_fuzzy
TAIWAN,TAIWAN ACCEPTANCE CORP,9941,Taiwan Acceptance Corporation,Round7 current-code discovery: Yahoo Finance search matched `Taiwan Acceptance Corporation`/9941.TW; code exists in TWSE/TPEx/FinLab Taiwan reference universe. Local refs: TAC | 裕融 | 裕融企業股份有限公司,1.0000,verified_tw_current_round7
TAIWAN,TAIWAN LAND CORP,2841,Taiwan Land Development Corporation / 台開,Round8c web/Yahoo/Google evidence: CompanyInfoTW record shows stock code 2841 and English name Taiwan Land Development Corporation.,0.95,verified_tw_historical_round8c
TAIWAN,TTY BIOPHARM CO,4105,TTY Biopharm Company Limited,Round7 current-code discovery: Yahoo Finance search matched `TTY Biopharm Company Limited`/4105.TWO; code exists in TWSE/TPEx/FinLab Taiwan reference universe. Local refs: TTY | 台灣東洋藥品工業股份有限公司 | 東洋,1.0000,verified_tw_current_round7
TAIWAN,UNION INSURANCE CO,2816,UNION INS.,FinLab company_basic_info:英文簡稱,0.95,verified_tw_reference_fuzzy
TAIWAN,YIEH UNITED STEEL CORP,9957,Yieh United Steel Corp.,Round7 current-code discovery: Yahoo Finance search matched `Yieh United Steel Corp.`/9957.TWO; code exists in TWSE/TPEx/FinLab Taiwan reference universe. Local refs: YUSCO | 燁聯 | 燁聯鋼鐵股份有限公司,1.0000,verified_tw_current_round7
TAIWAN,YOUNG OPTICS,3504,Young Optics,FinLab company_basic_info:英文簡稱,1.0,mapped_exact_normalized
TAIWAN,CHINESE MARITIME TRANSP,2612,Chinese Maritime Transport Ltd.,Round7 current-code discovery: Yahoo Finance search matched `Chinese Maritime Transport Ltd.`/2612.TW; code exists in TWSE/TPEx/FinLab Taiwan reference universe. Local refs: CMT | 中國航運股份有限公司 | 中航,1.0000,verified_tw_current_round7
TAIWAN,FUBON NO 1 REIT,01001T,Fubon No.1 REIT / 富邦一號,Round8 Yahoo/Google/TWSE REIT query: Fubon No.1 REIT -> 01001T,0.99,verified_tw_reit_round8
TAIWAN,SHIN KONG NO 1 REIT,01003T,Shin Kong No.1 REIT / 新光一號,Round8 Yahoo/Google/TWSE REIT query: Shin Kong No.1 REIT -> 01003T,0.99,verified_tw_reit_round8
USA,A123 SYSTEMS,,,,0.0,needs_review
USA,AGA MEDICAL HOLDINGS,,,,0.0,needs_review
USA,ALAMO GROUP,ALG,ALAMO GROUP INC,SEC company_tickers_exchange,1.0,mapped_exact_normalized
USA,ALLIED NEVADA GOLD,,,,0.0,needs_review
USA,APAC CUSTOMER SERVICES,,,,0.0,needs_review
USA,ARCHIPELAGO LEARNING,,,,0.0,needs_review
USA,ARTIO GLOBAL INVESTORS A,,,,0.0,needs_review
USA,ASSOCIATED ESTATES REAL.,,,,0.0,needs_review
USA,BIOCRYST PHARMACEUTICALS,BCRX,BIOCRYST PHARMACEUTICALS INC,SEC company_tickers_exchange,1.0,mapped_exact_normalized
USA,BIOSCRIP,,,,0.0,needs_review
USA,BON-TON STORES,,,,0.0,needs_review
USA,CENTERSTATE BANKS,,,,0.0,needs_review
USA,CHINA AGRITECH,,,,0.0,needs_review
USA,CHINA AUTOMOTIVE SYSTEMS,CAAS,"China Automotive Systems, Inc.",SEC company_tickers_exchange,1.0,mapped_exact_normalized
USA,CHINA BIOLOGIC PRODUCTS,,,,0.0,needs_review
USA,CHINA GREEN AGRICULTURE,,,,0.0,needs_review
USA,CHINA INTEGRATED ENERGY,,,,0.0,needs_review
USA,CHINACAST EDUCATION,,,,0.0,needs_review
USA,CITIZENS REPUBLIC BANC,,,,0.0,needs_review
USA,CLOUD PEAK ENERGY,,,,0.0,needs_review
USA,COGDELL SPENCER INC,,,,0.0,needs_review
USA,COLONY FINANCIAL,,,,0.0,needs_review
USA,COWEN GROUP,,,,0.0,needs_review
USA,DELCATH SYSTEMS,DCTH,"DELCATH SYSTEMS, INC.",SEC company_tickers_exchange,1.0,mapped_exact_normalized
USA,DOLE FOOD CO,,,,0.0,needs_review
USA,DORMAN PRODUCTS,DORM,"Dorman Products, Inc.",SEC company_tickers_exchange,1.0,mapped_exact_normalized
USA,ECHO GLOBAL LOGISTICS,,,,0.0,needs_review
USA,EDUCATION MGMT CORP,,,,0.0,needs_review
USA,EMDEON A,,,,0.0,needs_review
USA,ENTROPIC COMMUNICATIONS,,,,0.0,needs_review
USA,FLAGSTAR BANCORP,,,,0.0,needs_review
USA,GEORESOURCES,,,,0.0,needs_review
USA,GEORGIA GULF CORP,,,,0.0,needs_review
USA,GRAHAM PACKAGING CO,,,,0.0,needs_review
USA,GREEN PLAINS RENEW. NRG,,,,0.0,needs_review
USA,GULF RESOURCES,GURE,"GULF RESOURCES, INC.",SEC company_tickers_exchange,1.0,mapped_exact_normalized
USA,HAWKINS,HWKN,HAWKINS INC,SEC company_tickers_exchange,1.0,mapped_exact_normalized
USA,IMPAX LABORATORIES,,,,0.0,needs_review
USA,INVESCO MORTGAGE CAPITAL,IVR,Invesco Mortgage Capital Inc.,SEC company_tickers_exchange,1.0,mapped_exact_normalized
USA,IRIDIUM COMMUNICATIONS,IRDM,Iridium Communications Inc.,SEC company_tickers_exchange,1.0,mapped_exact_normalized
USA,IRONWOOD PHARMACEUTICALS,IRWD,IRONWOOD PHARMACEUTICALS INC,SEC company_tickers_exchange,1.0,mapped_exact_normalized
USA,KAR AUCTION SERVICES,,,,0.0,needs_review
USA,KIRKLANDS,,,,0.0,needs_review
USA,KRATON PERFORMANCE POLY,,,,0.0,needs_review
USA,LIVEPERSON,LPSN,LIVEPERSON INC,SEC company_tickers_exchange,1.0,mapped_exact_normalized
USA,MAKO SURGICAL CORP,,,,0.0,needs_review
USA,MARINEMAX,HZO,MARINEMAX INC,SEC company_tickers_exchange,1.0,mapped_exact_normalized
USA,METALICO,,,,0.0,needs_review
USA,MICRUS ENDOVASCULAR,,,,0.0,needs_review
USA,MINDSPEED TECHNOLOGIES,,,,0.0,needs_review
USA,MISTRAS GROUP,MG,"Mistras Group, Inc.",SEC company_tickers_exchange,1.0,mapped_exact_normalized
USA,NCI BUILDING SYSTEMS,,,,0.0,needs_review
USA,OCLARO,,,,0.0,needs_review
USA,BLOCKBUSTER A,,,,0.0,needs_review
USA,CONSOLIDATED TOMOKA LAND,,,,0.0,needs_review
USA,GTX,,,,0.0,needs_review
USA,ICO GLOBAL COM HLDG,,,,0.0,needs_review
USA,INTEGRATED ELECTR SVC,,,,0.0,needs_review
USA,JACKSON HEWITT TAX SVCS,,,,0.0,needs_review
USA,KV PHARMACEUTICAL CO A,,,,0.0,needs_review
USA,NIGHTHAWK RADIOLOGY HOLD,,,,0.0,needs_review
USA,RASER TECHNOLOGIES,,,,0.0,needs_review
USA,REPUBLIC AIRWAYS HLDG,,,,0.0,needs_review
USA,RUSH ENTERPRISES B,RUSHA,"Rush Enterprises, Inc. - Class A Common Stock",NasdaqTrader nasdaqlisted,1.0,mapped_exact_normalized
USA,ZALE CORP,,,,0.0,needs_review
TAIWAN,ABNOVA CORP,4133,Abnova,FinLab company_basic_info:英文簡稱,1.0,mapped_exact_normalized
TAIWAN,ACES ELECTRONIC CO,3605,"ACES Electronics Co., Ltd.","Round7 current-code discovery: Yahoo Finance search matched `ACES Electronics Co., Ltd.`/3605.TW; code exists in TWSE/TPEx/FinLab Taiwan reference universe. Local refs: ACES | 宏致 | 宏致電子股份有限公司",1.0000,verified_tw_current_round7
TAIWAN,ACME ELECTRONICS CORP,8121,Acme Electronics Corporation,Round7 current-code discovery: Yahoo Finance search matched `Acme Electronics Corporation`/8121.TWO; code exists in TWSE/TPEx/FinLab Taiwan reference universe. Local refs: ACME | 越峰 | 越峰電子材料股份有限公司,1.0000,verified_tw_current_round7
TAIWAN,ADV WIRELESS SEMICONDUC,8086,Advanced Wireless Semiconductor Company / 宏捷科,Round8 Yahoo/Google query: Advanced Wireless Semiconductor Taiwan stock -> 8086.TWO,0.99,verified_tw_yahoo_google_round8
TAIWAN,CHANGS ASCENDING ENTERPR,8038,"Changs Ascending Enterprise Co., Ltd.","Round7 current-code discovery: Yahoo Finance search matched `Changs Ascending Enterprise Co., Ltd.`/8038.TWO; code exists in TWSE/TPEx/FinLab Taiwan reference universe. Local refs: CAEC | 長園科 | 長園科技實業股份有限公司",1.0000,verified_tw_current_round7
TAIWAN,COXON PRECISE IND CO,3607,Coxon,FinLab company_basic_info:英文簡稱,0.9194,verified_tw_reference_fuzzy
TAIWAN,CYBERPOWER SYSTEMS,3617,CyberPower,FinLab company_basic_info:英文簡稱,0.9456,verified_tw_reference_fuzzy
TAIWAN,DAHAN DEVELOPMENT CORP,5530,"Dahan Development Corp., later Lungyen Life Service Corp. / 大漢建設→龍巖",Round8d web/Yahoo/Google evidence: Lungyen annual report states Stock code 5530 and formerly known as Dahan Development Corp.; MoneyDJ confirms 2011 rename to Lungyen.,0.95,verified_tw_historical_round8d
TAIWAN,DAXON TECHNOLOGY,8215,BenQ Materials Corp. formerly Daxon Technology Inc. / 明基材料,Round8c web/Yahoo/Google evidence: BenQ Materials company history and Yahoo Finance say formerly Daxon Technology Inc.; ticker 8215.TW.,0.95,verified_tw_yahoo_google_round8c
TAIWAN,EDISON OPTO CORP,3591,EDISON OPTO,FinLab company_basic_info:英文簡稱,1.0,mapped_exact_normalized
TAIWAN,ENTIRE TECHNOLOGY CO,6775,ENTIRE TECH,FinLab company_basic_info:英文簡稱,0.9547,verified_tw_reference_fuzzy
TAIWAN,G TECH OPTOELECTRONICS C,3149,G-TECH Optoelectronics Corporation,Round7 current-code discovery: Yahoo Finance search matched `G-TECH Optoelectronics Corporation`/3149.TW; code exists in TWSE/TPEx/FinLab Taiwan reference universe. Local refs: G-TECH | 正達 | 正達國際光電股份有限公司,1.0000,verified_tw_current_round7
TAIWAN,GIGASOLAR MATERIALS COR,3691,GIGASOLAR,FinLab company_basic_info:英文簡稱,0.9291,verified_tw_reference_fuzzy
TAIWAN,GIGASTORAGE CORP,2406,Gigastorage Corporation,Round7 current-code discovery: Yahoo Finance search matched `Gigastorage Corporation`/2406.TW; code exists in TWSE/TPEx/FinLab Taiwan reference universe. Local refs: GSC | 國碩 | 國碩科技工業股份有限公司,1.0000,verified_tw_current_round7
TAIWAN,GRAPE KING,1707,Grape King Bio Ltd,Round7 current-code discovery: Yahoo Finance search matched `Grape King Bio Ltd`/1707.TW; code exists in TWSE/TPEx/FinLab Taiwan reference universe. Local refs: GKB | 葡萄王 | 葡萄王生技股份有限公司,1.0000,verified_tw_current_round7
TAIWAN,HITI DIGITAL,3494,"HiTi Digital, Inc.","Round7 current-code discovery: Yahoo Finance search matched `HiTi Digital, Inc.`/3494.TW; code exists in TWSE/TPEx/FinLab Taiwan reference universe. Local refs: HiTi | 誠研 | 誠研科技股份有限公司",1.0000,verified_tw_current_round7
TAIWAN,CATHAY NO 2 REIT,01007T,Cathay No.2 REIT / 國泰二號,Round8 Yahoo/Google/TWSE REIT query: Cathay No.2 REIT -> 01007T,0.99,verified_tw_reit_round8
USA,ABITIBIBOWATER NEW,,,,0.0,needs_review
USA,ABRAXAS PETE CORP,,,,0.0,needs_review
USA,ACCURIDE CORP,,,,0.0,needs_review
USA,AEGERION PHARMACEUTICALS,,,,0.0,needs_review
USA,AEROFLEX HOLDING CORP,,,,0.0,needs_review
USA,AMERICAN ASSETS TRUST,AAT,"American Assets Trust, Inc.",SEC company_tickers_exchange,1.0,mapped_exact_normalized
USA,AMERIGON,,,,0.0,needs_review
USA,AMYRIS,,,,0.0,needs_review
USA,ARCTIC CAT,,,,0.0,needs_review
USA,ARMOUR RESIDENTIAL REIT,ARR,"Armour Residential REIT, Inc.",SEC company_tickers_exchange,1.0,mapped_exact_normalized
USA,BANCORP BANK/THE,,,,0.0,needs_review
USA,BANKUNITED,BKU,"BankUnited, Inc.",SEC company_tickers_exchange,1.0,mapped_exact_normalized
USA,BANNER CORP,BANR,BANNER CORP,SEC company_tickers_exchange,1.0,mapped_exact_normalized
USA,BODY CENTRAL CORP,,,,0.0,needs_review
USA,BRAVO BRIO RESTAURNT GRP,,,,0.0,needs_review
USA,BROADSOFT,,,,0.0,needs_review
USA,CAMPUS CREST COMMUNITIES,,,,0.0,needs_review
USA,CENTER FINANCIAL CORP,,,,0.0,needs_review
USA,CHEMTURA,,,,0.0,needs_review
USA,CHINDEX INTERNATIONAL,,,,0.0,needs_review
USA,COMPLETE GENOMICS,,,,0.0,needs_review
USA,CORESITE REALTY CORP,,,,0.0,needs_review
USA,CURIS,CRIS,CURIS INC,SEC company_tickers_exchange,1.0,mapped_exact_normalized
USA,DRUGSTORE.COM,,,,0.0,needs_review
USA,DYNAVAX TECHNOLOGIES,,,,0.0,needs_review
USA,DYNEX CAPITAL,DX,DYNEX CAPITAL INC,SEC company_tickers_exchange,1.0,mapped_exact_normalized
USA,ENDEAVOUR INTL CORP,,,,0.0,needs_review
USA,ENDOCYTE,,,,0.0,needs_review
USA,ENERGY PARTNERS,,,,0.0,needs_review
USA,EPOCH HOLDING,,,,0.0,needs_review
USA,EPOCRATES,,,,0.0,needs_review
USA,EXAMWORKS GROUP,,,,0.0,needs_review
USA,FAIRPOINT COMMUNICATION,,,,0.0,needs_review
USA,FLUIDIGM,,,,0.0,needs_review
USA,FRESH MARKET(THE),,,,0.0,needs_review
USA,FX ENERGY,,,,0.0,needs_review
USA,GEVO,GEVO,"Gevo, Inc.",SEC company_tickers_exchange,1.0,mapped_exact_normalized
USA,GORDMANS STORES,,,,0.0,needs_review
USA,HAMPTON ROADS BANKSHARES,,,,0.0,needs_review
USA,HEARTWARE INTERNATIONAL,,,,0.0,needs_review
USA,HFF,,,,0.0,needs_review
USA,HOUSTON AMERICAN NRG,,,,0.0,needs_review
USA,HOWARD HUGHES CORP (THE),HHH,Howard Hughes Holdings Inc.,SEC company_tickers_exchange,1.0,mapped_exact_normalized
USA,HYPERCOM CORP,,,,0.0,needs_review
USA,IDT CORP B,IDT,IDT CORP,SEC company_tickers_exchange,1.0,mapped_exact_normalized
USA,INHIBITEX,,,,0.0,needs_review
USA,INPHI CORP,,,,0.0,needs_review
USA,ISTA PHARMACEUTICALS,,,,0.0,needs_review
USA,KEYNOTE SYSTEMS,,,,0.0,needs_review
USA,KEYW HOLDING CORP(THE),,,,0.0,needs_review
USA,KRATOS DEFENSE,,,,0.0,needs_review
USA,LIBBEY,,,,0.0,needs_review
USA,LPL INVESTMENT HOLDINGS,,,,0.0,needs_review
USA,MAGNUM HUNTER RESOURCES,,,,0.0,needs_review
USA,MAXLINEAR A,MXL,"MAXLINEAR, INC",SEC company_tickers_exchange,1.0,mapped_exact_normalized
USA,MEDQUIST HOLDINGS,,,,0.0,needs_review
USA,MERCER INT'L SBI,,,,0.0,needs_review
USA,MERU NETWORKS,,,,0.0,needs_review
USA,MONEYGRAM INTL,,,,0.0,needs_review
USA,MOTRICITY,,,,0.0,needs_review
USA,MULTI-COLOR CORP,,,,0.0,needs_review
USA,NEOPROBE,,,,0.0,needs_review
USA,NETSPEND HOLDINGS,,,,0.0,needs_review
USA,NN,NNBR,NN INC,SEC company_tickers_exchange,1.0,mapped_exact_normalized
USA,OCZ TECHNOLOGY GROUP,,,,0.0,needs_review
USA,OMEGA PROTEIN CORP,,,,0.0,needs_review
USA,ADVANCED BATTERY TECH,,,,0.0,needs_review
USA,AMERICAN ORIENTAL BIO,,,,0.0,needs_review
USA,ASIAINFO-LINKAGE,,,,0.0,needs_review
USA,CHINA BAK BATTERY,,,,0.0,needs_review
USA,CHINA FIRE & SEC GROUP,,,,0.0,needs_review
USA,CHINA INFO TECHNOLOGY,,,,0.0,needs_review
USA,CHINA MEDIAEXPRESS HLDGS,,,,0.0,needs_review
USA,CHINA NATURAL GAS,,,,0.0,needs_review
USA,CHINA SEC & SURVEILLANC,,,,0.0,needs_review
USA,CHINA SKY ONE MEDICAL,,,,0.0,needs_review
USA,CHINA VALVES TECHNOLOGY,,,,0.0,needs_review
USA,CHINA-BIOTICS,,,,0.0,needs_review
USA,COGO GROUP,,,,0.0,needs_review
USA,CTC MEDIA,,,,0.0,needs_review
USA,CYTOKINETICS,CYTK,CYTOKINETICS INC,SEC company_tickers_exchange,1.0,mapped_exact_normalized
USA,DEER CONSUMER PRODUCTS,,,,0.0,needs_review
USA,ENERGY CONV. DEVICES,,,,0.0,needs_review
USA,EVERGREEN SOLAR,,,,0.0,needs_review
USA,FEIHE INTERNATIONAL,,,,0.0,needs_review
USA,FUSHI INTERNATIONAL,,,,0.0,needs_review
USA,GENPACT,G,Genpact LTD,SEC company_tickers_exchange,1.0,mapped_exact_normalized
USA,HARBIN ELECTRIC,,,,0.0,needs_review
USA,HORIZON LINES INC,,,,0.0,needs_review
USA,L & L ENERGY,,,,0.0,needs_review
USA,LIHUA INTERNATIONAL,,,,0.0,needs_review
USA,PROLOR BIOTECH,,,,0.0,needs_review
USA,SHENGDATECH,,,,0.0,needs_review
USA,SOHU.COM,SOHU,Sohu.com Ltd,SEC company_tickers_exchange,1.0,mapped_exact_normalized
USA,TBS INTERNATIONAL,,,,0.0,needs_review
USA,UTSTARCOM,UTSI,UTSTARCOM HOLDINGS CORP.,SEC company_tickers_exchange,1.0,mapped_exact_normalized
USA,WONDER AUTO TECHNOLOGY,,,,0.0,needs_review
USA,YONGYE INTERNATIONAL,,,,0.0,needs_review
USA,YRC WORLDWIDE,,,,0.0,needs_review
USA,ZHONGPIN,,,,0.0,needs_review
TAIWAN,ADIMMUNE,4142,Adimmune Corporation,Round7 current-code discovery: Yahoo Finance search matched `Adimmune Corporation`/4142.TW; code exists in TWSE/TPEx/FinLab Taiwan reference universe. Local refs: ADIM | 國光生 | 國光生物科技股份有限公司,1.0000,verified_tw_current_round7
TAIWAN,CHENMING MOLD INDUSTRY,3013,Chenming Electronic Technology Corp. formerly Chenming Mold Ind. Corp. / 晟銘電,"Round8c web/Yahoo/Google evidence: Investing/Disfold/EODHD show Chenming Mold Industrial Corp. / former name, TWSE:3013.",0.95,verified_tw_yahoo_google_round8c
TAIWAN,CHIMEI MATERIALS TECH,4960,Cheng Mei Materials Technology Corp. formerly Chi Mei Materials Technology / 誠美材,Round8c web/Yahoo/Google evidence: Company site says stock code 4960; Cnyes says former name 奇美材料科技.,0.95,verified_tw_yahoo_google_round8c
TAIWAN,CRYSTALWISE TECHNOLOGY,4944,CRYSTALWISE TECHNOLOGY INC.,Round7 official historical delisted source: TPEx EN deListed official delist_date=2023-11-01,1.0000,verified_tw_historical_round7
TAIWAN,HIROCA HOLDINGS,1338,Hiroca,FinLab company_basic_info:英文簡稱,1.0,mapped_exact_normalized
TAIWAN,LITE-ON IT,8008,LITE-ON IT,Round7 official historical delisted source: TWSE EN suspendListing official delist_date=2013/07/12,1.0000,verified_tw_historical_round7
TAIWAN,MITAC INTERNATIONAL,2315,MiTAC International Corp. / 神達,Round8 Yahoo/Google historical quote: MiTAC International 2315.TW; later MiTAC Holdings context,0.99,verified_tw_historical_round8
TAIWAN,PRIMAX ELECTRONICS,4915,Primax,FinLab company_basic_info:英文簡稱,0.9233,verified_tw_reference_fuzzy
TAIWAN,SERCOMM CORP,5388,Sercomm,FinLab company_basic_info:英文簡稱,1.0,mapped_exact_normalized
TAIWAN,SKYMEDI,3377,Skymedi Corporation / 創惟,Round8 Yahoo/Google query: Skymedi Taiwan stock -> 3377.TWO,0.99,verified_tw_yahoo_google_round8
TAIWAN,VIKING TECH,3624,VIKING,FinLab company_basic_info:英文簡稱,0.9445,verified_tw_reference_fuzzy
TAIWAN,C-MEDIA ELECTRONICS,6237,C-Media Electronics Inc.,Round7 current-code discovery: Yahoo Finance search matched `C-Media Electronics Inc.`/6237.TWO; code exists in TWSE/TPEx/FinLab Taiwan reference universe. Local refs: CMEI | 驊訊 | 驊訊電子企業股份有限公司,1.0000,verified_tw_current_round7
TAIWAN,KAI CHIEH INTL INV,2721,Kai Chieh International Investment Ltd. / 楷捷-KY,Round8d web/Yahoo/Google evidence: Cnyes and CSRHub pages show Kai Chieh International Investment Ltd. ticker/code 2721.,0.95,verified_tw_yahoo_google_round8d
TAIWAN,TAIWAN IC PACKAGING,3372,Taiwan IC Packaging Corporation,Round7 current-code discovery: Yahoo Finance search matched `Taiwan IC Packaging Corporation`/3372.TWO; code exists in TWSE/TPEx/FinLab Taiwan reference universe. Local refs: TICP | 典範 | 台灣典範半導體股份有限公司,1.0000,verified_tw_current_round7
TAIWAN,TECOM,2321,TECOM,FinLab company_basic_info:英文簡稱,1.0,mapped_exact_normalized
TAIWAN,YUFO ELECTRONIC CORP,6194,"Yufo Electronics Co., Ltd.","Round7b variant current-code discovery: Yahoo Finance search matched `Yufo Electronics Co., Ltd.`/6194.TWO; code exists in TWSE/TPEx/FinLab Taiwan reference universe. Local refs: YUFO | 育富 | 育富電子股份有限公司",1.0000,verified_tw_current_round7b
TAIWAN,ZENTEL ELECTRONIC CORP,3553,Zentel Electronics Corporation,Round7 official historical delisted source: TPEx EN deListed official delist_date=2017-10-01,1.0000,verified_tw_historical_round7
USA,ACADIA HEALTHCARE,ACHC,"Acadia Healthcare Company, Inc.",SEC company_tickers_exchange,1.0,mapped_exact_normalized
USA,AG MORTGAGE INV TRUST,,,,0.0,needs_review
USA,AMERICAN CAPITAL MORT,,,,0.0,needs_review
USA,ANGIES LIST,,,,0.0,needs_review
USA,ANTARES PHARMA,,,,0.0,needs_review
USA,APCO OIL & GAS,,,,0.0,needs_review
USA,APOLLO RESIDENTIAL MORT,,,,0.0,needs_review
USA,ARRAY BIOPHARMA,,,,0.0,needs_review
USA,BAZAARVOICE,,,,0.0,needs_review
USA,BOINGO WIRELESS,,,,0.0,needs_review
USA,BRIGHTCOVE,BCOV,Brightcove Inc.,web_verified_round2:https://investor.brightcove.com/financial-information,0.98,verified_us_web_high_confidence
USA,CAESARS ENTERTAINMENT,CZR,"Caesars Entertainment, Inc.",SEC company_tickers_exchange,1.0,mapped_exact_normalized
USA,CAPITAL SENIOR LIVING,,,,0.0,needs_review
USA,CARROLS RESTAURANT GRP,,,,0.0,needs_review
USA,CLOVIS ONCOLOGY,,,,0.0,needs_review
USA,COMPUTER TASK GROUP,,,,0.0,needs_review
USA,CONVIO,,,,0.0,needs_review
USA,COST PLUS,,,,0.0,needs_review
USA,CREXUS INVESTMENT CORP,,,,0.0,needs_review
USA,CYNOSURE INC A,,,,0.0,needs_review
USA,DDI CORP,,,,0.0,needs_review
USA,FX ALLIANCE,,,,0.0,needs_review
USA,GENTIVA HEALTH SERVICES,,,,0.0,needs_review
USA,GLOBECOMM SYSTEMS,,,,0.0,needs_review
USA,GLU MOBILE,,,,0.0,needs_review
USA,GREENWAY MEDICAL TECH,,,,0.0,needs_review
USA,GUIDANCE SOFTWARE,,,,0.0,needs_review
USA,HALCON RESOURCES,,,,0.0,needs_review
USA,HOMEAWAY,,,,0.0,needs_review
USA,IMPERVA,,,,0.0,needs_review
USA,INTEGRATED SILICON SOL'N,,,,0.0,needs_review
USA,INVENSENSE,,,,0.0,needs_review
USA,JIVE SOFTWARE,,,,0.0,needs_review
USA,LAREDO PETROLEUM HLDGS,,,,0.0,needs_review
USA,MATADOR RESOURCES,MTDR,Matador Resources Co,SEC company_tickers_exchange,1.0,mapped_exact_normalized
USA,MATTRESS FIRM HLDG,,,,0.0,needs_review
USA,MITCHAM INDUSTRIES,,,,0.0,needs_review
USA,MULTIMEDIA GAMES,,,,0.0,needs_review
USA,PACIRA PHARMACEUTICALS,,,,0.0,needs_review
USA,PANDORA MEDIA,,,,0.0,needs_review
USA,PARAMOUNT GOLD & SILVER,,,,0.0,needs_review
USA,PARK-OHIO HOLDINGS CORP,PKOH,PARK OHIO HOLDINGS CORP,SEC company_tickers_exchange,1.0,mapped_exact_normalized
USA,PROCERA NETWORKS,,,,0.0,needs_review
USA,PROTO LABS,PRLB,Proto Labs Inc,SEC company_tickers_exchange,1.0,mapped_exact_normalized
USA,ROUNDYS,,,,0.0,needs_review
USA,RUTH'S HOSPITALITY GROUP,,,,0.0,needs_review
USA,SANCHEZ ENERGY CORP,,,,0.0,needs_review
USA,SANTARUS,,,,0.0,needs_review
USA,SCIQUEST,,,,0.0,needs_review
USA,SPECTRANETICS CORP,,,,0.0,needs_review
USA,SUREWEST COMMUNICATIONS,,,,0.0,needs_review
USA,TMS INTERNATIONAL CORP A,,,,0.0,needs_review
USA,TOWN SPORTS INT'L HLDGS,,,,0.0,needs_review
USA,TRIANGLE PETROLEUM CORP,,,,0.0,needs_review
USA,US SILICA HOLDINGS,,,,0.0,needs_review
USA,VOXX INTL CORP A,,,,0.0,needs_review
USA,ALASKA COMMUNI. SYSTEMS,,,,0.0,needs_review
USA,ALIMERA SCIENCES,,,,0.0,needs_review
USA,ANTHERA PHARMACEUTICALS,,,,0.0,needs_review
USA,AV HOMES,,,,0.0,needs_review
USA,BALTIC TRADING,,,,0.0,needs_review
USA,BANKFINANCIAL CORP,,,,0.0,needs_review
USA,BIOSANTE PHARM,,,,0.0,needs_review
USA,CAPITAL CITY BANK GROUP,CCBG,CAPITAL CITY BANK GROUP INC,SEC company_tickers_exchange,1.0,mapped_exact_normalized
USA,CHELSEA THERAPEUTICS,,,,0.0,needs_review
USA,CHEROKEE,,,,0.0,needs_review
USA,CODEXIS,CDXS,"CODEXIS, INC.",SEC company_tickers_exchange,1.0,mapped_exact_normalized
USA,COLUMBIA LABORATORIES,,,,0.0,needs_review
USA,CRAWFORD & CO B,CRD-A,CRAWFORD & CO,SEC company_tickers_exchange,1.0,mapped_exact_normalized
USA,CRYOLIFE,,,,0.0,needs_review
USA,CYTORI THERAPEUTICS,,,,0.0,needs_review
USA,DSP GROUP,,,,0.0,needs_review
USA,DURECT CORP,,,,0.0,needs_review
USA,ENERGY RECOVERY,ERII,"Energy Recovery, Inc.",SEC company_tickers_exchange,1.0,mapped_exact_normalized
USA,FBR & CO,,,,0.0,needs_review
USA,FUEL TECH,FTEK,"FUEL TECH, INC.",SEC company_tickers_exchange,1.0,mapped_exact_normalized
USA,GLEACHER & CO,,,,0.0,needs_review
USA,GMX RESOURCES INC,,,,0.0,needs_review
USA,HARRIS & HARRIS GROUP,,,,0.0,needs_review
USA,HILL INTERNATIONAL,,,,0.0,needs_review
USA,K-SWISS A,,,,0.0,needs_review
USA,KERYX BIOPHARMACEUTICALS,,,,0.0,needs_review
USA,LIFE PARTNERS HOLDINGS,,,,0.0,needs_review
USA,MARCHEX B,MCHX,MARCHEX INC,SEC company_tickers_exchange,1.0,mapped_exact_normalized
USA,METABOLIX,,,,0.0,needs_review
USA,MITEK SYSTEMS,MITK,MITEK SYSTEMS INC,SEC company_tickers_exchange,1.0,mapped_exact_normalized
USA,MORGANS HOTEL GROUP CO,,,,0.0,needs_review
USA,NCI INC A,,,,0.0,needs_review
USA,NGP CAP RES CO,,,,0.0,needs_review
USA,ORCHARD SUPPLY,,,,0.0,needs_review
USA,OVERSTOCK.COM,,,,0.0,needs_review
USA,PACIFIC BIOSCIENCE OF CA,,,,0.0,needs_review
USA,POWERWAVE TECHNOLOGIES,,,,0.0,needs_review
USA,PRIMO WATER CORP,,,,0.0,needs_review
USA,PROTALIX BIOTHERAPEUTI,,,,0.0,needs_review
USA,PULSE ELECTRONICS CO,,,,0.0,needs_review
TAIWAN,KOBIN ENVIRONMNTL ENTER,1808,"Kobin / 國賓大地環保事業股份有限公司, later Ruentex Development / 潤隆建設",Round8e web/Google evidence: MoneyDJ/MOPS material-info article states 國賓大地環保事業股份有限公司 changed name to 潤隆建設股份有限公司 and stock code remained 1808; web66/kobin.com.tw evidence links Kobin domain to 國賓大地環保事業股份有限公司.,0.95,verified_tw_historical_round8e
TAIWAN,MEDIGEN BIOTECHNOLOGY,3176,MEDIGEN,FinLab company_basic_info:英文簡稱,0.9233,verified_tw_reference_fuzzy
TAIWAN,TTET UNION CORPORATION,1232,TTET Union Corporation,Round7 current-code discovery: Yahoo Finance search matched `TTET Union Corporation`/1232.TW; code exists in TWSE/TPEx/FinLab Taiwan reference universe. Local refs: TTET | 大統益 | 大統益股份有限公司,1.0000,verified_tw_current_round7
TAIWAN,UBRIGHT OPTRONICS CORP,4933,UBRIGHT,FinLab company_basic_info:英文簡稱,0.9312,verified_tw_reference_fuzzy
TAIWAN,VIVOTEK INC,3454,VIVOTEK INC.,Round7 official historical delisted source: TPEx EN deListed official delist_date=2011-07-22,1.0000,verified_tw_historical_round7
TAIWAN,XXENTRIA TECH MATERIAL,8942,Xxentria,FinLab company_basic_info:英文簡稱,0.9264,verified_tw_reference_fuzzy
TAIWAN,ASTRO CORP,3064,Astro Corp.,FinLab company_basic_info:英文簡稱,1.0,mapped_exact_normalized
TAIWAN,CANDO CORP,8056,Cando Corporation / 達虹,Round8 Yahoo/Google historical quote: Cando 8056.TW; delisted,0.99,verified_tw_historical_round8
TAIWAN,FROCH ENTERPRISE CO,2030,FROCH,FinLab company_basic_info:英文簡稱,0.9213,verified_tw_reference_fuzzy
TAIWAN,HUNG CHING DEVELOPMENT,2527,Hung Ching,FinLab company_basic_info:英文簡稱,0.9355,verified_tw_reference_fuzzy
TAIWAN,JENN FENG NEW ENERGY CO,1538,"Jenn Feng Industrial Tools Co., Ltd. / 正峰",Round8b Yahoo Finance search: Jenn Feng -> 1538.TW; MSCI name likely Jenn Feng New Energy naming variant.,0.98,verified_tw_yahoo_round8b
TAIWAN,KENMEC MECHANICAL ENGR.,6125,KENMEC,FinLab company_basic_info:英文簡稱,0.9173,verified_tw_reference_fuzzy
TAIWAN,MAYER STEEL PIPE CORP,2020,MAYER PIPE,FinLab company_basic_info:英文簡稱,0.83,verified_tw_reference_fuzzy
TAIWAN,MEILOON INDUSTRIAL CO,2477,MEILOON,FinLab company_basic_info:英文簡稱,0.9289,verified_tw_reference_fuzzy
TAIWAN,POWERCOM CO,3043,"Powercom Co., Ltd","Round7 current-code discovery: Yahoo Finance search matched `Powercom Co., Ltd`/3043.TW; code exists in TWSE/TPEx/FinLab Taiwan reference universe. Local refs: PCM | 科風 | 科風股份有限公司",1.0000,verified_tw_current_round7
TAIWAN,RAYDIUM SEMICONDUCTOR CO,3592,Raydium,FinLab company_basic_info:英文簡稱,0.9233,verified_tw_reference_fuzzy
TAIWAN,SHUTTLE,2405,Shuttle,FinLab company_basic_info:英文簡稱,1.0,mapped_exact_normalized
TAIWAN,SUPER DRAGON TECH CO,911606,Super Group,Round7 official historical delisted source: TWSE EN suspendListing official delist_date=2012/11/06,1.0000,verified_tw_historical_round7
TAIWAN,SUPREME ELECTRONICS CO,8112,Supreme,FinLab company_basic_info:英文簡稱,0.9268,verified_tw_reference_fuzzy
TAIWAN,TA CHONG SECURITIES CO,6022,"Ta Chong Securities Co., Ltd.",Round7 official historical delisted source: TPEx EN deListed official delist_date=2017-08-28,1.0000,verified_tw_historical_round7
TAIWAN,WELTREND SEMICONDUCTOR,2436,Weltrend,FinLab company_basic_info:英文簡稱,0.9264,verified_tw_reference_fuzzy
TAIWAN,XINTEC,3374,Xintec,FinLab company_basic_info:英文簡稱,1.0,mapped_exact_normalized
USA,1-800-FLOWERS.COM A,FLWS,1 800 FLOWERS COM INC,SEC company_tickers_exchange,1.0,mapped_exact_normalized
USA,ACADIA PHARM,,,,0.0,needs_review
USA,AMBARELLA,AMBA,AMBARELLA INC,SEC company_tickers_exchange,1.0,mapped_exact_normalized
USA,AMERICAN REALTY CAPITAL,,,,0.0,needs_review
USA,ASTEX PHARMACEUTICALS,,,,0.0,needs_review
USA,BARRETT BUSINESS SVCS,,,,0.0,needs_review
USA,BERRY PLASTICS GROUP,,,,0.0,needs_review
USA,BLOOMIN' BRANDS,BLMN,"Bloomin' Brands, Inc.",SEC company_tickers_exchange,1.0,mapped_exact_normalized
USA,BOISE CASCADE CO,BCC,BOISE CASCADE Co,SEC company_tickers_exchange,1.0,mapped_exact_normalized
USA,BRIGHT HORIZONS FAMILY,,,,0.0,needs_review
USA,CALAMP,,,,0.0,needs_review
USA,CAPITAL BANK FINANCIAL A,,,,0.0,needs_review
USA,CARDIOVASCULAR SYSTEMS,,,,0.0,needs_review
USA,CERUS CORP,CERS,CERUS CORP,SEC company_tickers_exchange,1.0,mapped_exact_normalized
USA,CHEMOCENTRYX,,,,0.0,needs_review
USA,CYRUSONE,,,,0.0,needs_review
USA,DESTINATION MATERNITY,,,,0.0,needs_review
USA,DYNEGY,,,,0.0,needs_review
USA,ELLIE MAE,,,,0.0,needs_review
USA,EXONE CO,,,,0.0,needs_review
USA,FIRST BANCORP PUERTORICO,,,,0.0,needs_review
USA,FIRST FINANCIAL HOLDINGS,THFF,First Financial Corporation  - Common Stock,NasdaqTrader nasdaqlisted,1.0,mapped_exact_normalized
USA,FIVE BELOW,FIVE,"FIVE BELOW, INC",SEC company_tickers_exchange,1.0,mapped_exact_normalized
USA,FURIEX PHARMACEUTICALS,,,,0.0,needs_review
USA,GLOBUS MEDICAL A,GMED,GLOBUS MEDICAL INC,SEC company_tickers_exchange,1.0,mapped_exact_normalized
USA,HARBINGER GROUP,,,,0.0,needs_review
USA,HYPERION THERAPEUTICS,,,,0.0,needs_review
USA,IGNITE RESTAURANT GROUP,,,,0.0,needs_review
USA,INTERMOLECULAR,,,,0.0,needs_review
USA,KCAP FINANCIAL,,,,0.0,needs_review
USA,KYTHERA BIOPHARMA,,,,0.0,needs_review
USA,LIFELOCK,,,,0.0,needs_review
USA,LINN CO LLC,,,,0.0,needs_review
USA,NEWLINK GENETICS CORP,,,,0.0,needs_review
USA,AFFYMAX,,,,0.0,needs_review
USA,AMICUS THERAPEUTICS,,,,0.0,needs_review
USA,ARC DOCUMENT SOLUTIONS,,,,0.0,needs_review
USA,CITI TRENDS,CTRN,Citi Trends Inc,SEC company_tickers_exchange,1.0,mapped_exact_normalized
USA,CORINTHIAN COLLEGES,,,,0.0,needs_review
USA,ENZON PHARMACEUTICALS,,,,0.0,needs_review
USA,EXIDE TECHNOLOGIES,,,,0.0,needs_review
USA,FIRST BUSEY CORP,BUSE,FIRST BUSEY CORP /NV/,SEC company_tickers_exchange,1.0,mapped_exact_normalized
USA,FLOW INTERNATIONAL CORP,,,,0.0,needs_review
USA,GENERAL MOLY,,,,0.0,needs_review
USA,GERON CORP,GERN,GERON CORP,SEC company_tickers_exchange,1.0,mapped_exact_normalized
USA,GLOBAL GEOPHYSICAL SRVS,,,,0.0,needs_review
USA,GOLDEN MINERALS CO,AUMN,Golden Minerals Co,SEC company_tickers_exchange,1.0,mapped_exact_normalized
USA,HARVEST NATURAL RESOURC.,,,,0.0,needs_review
USA,IMATION CORP,,,,0.0,needs_review
USA,JAMES RIVER COAL CO,,,,0.0,needs_review
USA,KIOR A,,,,0.0,needs_review
USA,MARKEL CORP,MKL,MARKEL GROUP INC.,SEC company_tickers_exchange,1.0,mapped_exact_normalized
USA,MARTHA STEWART LIVING A,,,,0.0,needs_review
USA,MILLER IND. TENN,,,,0.0,needs_review
USA,MOLEX A,,,,0.0,needs_review
USA,NATIONAL HEALTHCARE CORP,NHC,NATIONAL HEALTHCARE CORP,SEC company_tickers_exchange,1.0,mapped_exact_normalized
USA,ONCOTHYREON,,,,0.0,needs_review
USA,PAIN THERAPEUTICS,,,,0.0,needs_review
USA,PERICOM SEMICONDUCTOR,,,,0.0,needs_review
USA,PHOENIX CO,,,,0.0,needs_review
TAIWAN,CHC HEALTHCARE GROUP,4164,CHC Healthcare Group,Round7 current-code discovery: Yahoo Finance search matched `CHC Healthcare Group`/4164.TW; code exists in TWSE/TPEx/FinLab Taiwan reference universe. Local refs: CHC | 承業生醫投資控股股份有限公司 | 承業醫,1.0000,verified_tw_current_round7
TAIWAN,CHINA ECOTEK CORPORATION,1535,China Ecotek Corporation,Round7 current-code discovery: Yahoo Finance search matched `China Ecotek Corporation`/1535.TW; code exists in TWSE/TPEx/FinLab Taiwan reference universe. Local refs: CEC | 中宇 | 中宇環保工程股份有限公司,1.0000,verified_tw_current_round7
TAIWAN,GALLOP NO 1 REIT,01008T,Gallop No.1 REIT / 駿馬一號,Round8 Yahoo/Google/TWSE REIT query: Gallop No.1 REIT -> 01008T,0.99,verified_tw_reit_round8
TAIWAN,GOURMET MASTER CO,2723,Gourmet,FinLab company_basic_info:英文簡稱,0.94,verified_tw_reference_fuzzy
TAIWAN,KMC (KUEI MENG) INT'L,5306,KMC (Kuei Meng) International Inc. / 桂盟,Round8 Same issuer as KMC (Kuei Meng) International -> 5306,0.99,verified_tw_historical_round8
TAIWAN,MERCURIES LIFE INSURANCE,2867,Mercuries Life,FinLab company_basic_info:英文簡稱,0.9483,verified_tw_reference_fuzzy
TAIWAN,PHARMAENGINE INC,4162,"PharmaEngine, Inc.","Round7 current-code discovery: Yahoo Finance search matched `PharmaEngine, Inc.`/4162.TWO; code exists in TWSE/TPEx/FinLab Taiwan reference universe. Local refs: PEI | 智擎 | 智擎生技製藥股份有限公司",1.0000,verified_tw_current_round7
TAIWAN,TAIWAN LIPOSOME,4152,"Taiwan Liposome Company, Ltd.",Round7 official historical delisted source: TPEx EN deListed official delist_date=2021-10-08,1.0000,verified_tw_historical_round7
TAIWAN,X LEGEND ENTERTAINMENT,4994,X-LEGEND,FinLab company_basic_info:英文簡稱,0.9264,verified_tw_reference_fuzzy
TAIWAN,AVY PRECISION TECH,5392,"Abico AVY Co., Ltd., formerly AVY Precision Technology Inc. / 能率",Round8d web/Yahoo/Google evidence: Yahoo Finance 5392.TWO and StockAnalysis/MarketScreener state Abico AVY was formerly AVY Precision Technology Inc.; ticker 5392.,0.95,verified_tw_yahoo_google_round8d
TAIWAN,BENQ MATERIALS CORP,8215,BenQ Materials Corporation,Round7 current-code discovery: Yahoo Finance search matched `BenQ Materials Corporation`/8215.TW; code exists in TWSE/TPEx/FinLab Taiwan reference universe. Local refs: BMC | 明基材 | 明基材料股份有限公司,1.0000,verified_tw_current_round7
TAIWAN,ENG ELECTRIC CO,8287,"ENG ELECTRIC CO., LTD.",Round7 official historical delisted source: TPEx EN deListed official delist_date=2020-05-11,1.0000,verified_tw_historical_round7
TAIWAN,GIANTPLUS TECHNOLOGY CO,8105,GiantPlus,FinLab company_basic_info:英文簡稱,0.935,verified_tw_reference_fuzzy
TAIWAN,GLOBE UNION INDUSTRIAL,9934,Globe Union Industrial Corp.,Round7 current-code discovery: Yahoo Finance search matched `Globe Union Industrial Corp.`/9934.TW; code exists in TWSE/TPEx/FinLab Taiwan reference universe. Local refs: GUIC | 成霖 | 成霖企業股份有限公司,1.0000,verified_tw_current_round7
TAIWAN,I-CHIUN PRECISION IND CO,2486,I-CHIUN,FinLab company_basic_info:英文簡稱,0.9233,verified_tw_reference_fuzzy
TAIWAN,LONGWELL CO,6290,LONGWELL,FinLab company_basic_info:英文簡稱,1.0,mapped_exact_normalized
TAIWAN,PAN JIT INTERNATIONAL,2481,Pan Jit International Inc. / 強茂,Round8 Yahoo Finance query: Pan Jit International -> 2481.TW,0.99,verified_tw_yahoo_google_round8
TAIWAN,SHENMAO TECHNOLOGY,3305,SHENMAO,FinLab company_basic_info:英文簡稱,0.9289,verified_tw_reference_fuzzy
TAIWAN,TA YA ELECT WIRE & CABLE,1609,TA YA,FinLab company_basic_info:英文簡稱,0.9092,verified_tw_reference_fuzzy
TAIWAN,TA-I TECHNOLOGY CO,2478,TA-I,FinLab company_basic_info:英文簡稱,0.9167,verified_tw_reference_fuzzy
TAIWAN,TAIWAN PULP & PAPER CO,1902,Taiwan Pulp & Paper Corporation / 台紙,Round8c web/Yahoo/Google evidence: Cnyes/MarketScreener show Taiwan Pulp & Paper Corporation code 1902.,0.95,verified_tw_yahoo_google_round8c
TAIWAN,TEKCORE CO,3339,TEKCORE,FinLab company_basic_info:英文簡稱,1.0,mapped_exact_normalized
TAIWAN,WAH HONG INDUSTRIAL CORP,8240,WAH HONG,FinLab company_basic_info:英文簡稱,0.9321,verified_tw_reference_fuzzy
TAIWAN,WEI MON INDUSTRY CO,8925,"WEI MON INDUSTRY CO.,LTD.",Round7 official historical delisted source: TPEx EN deListed official delist_date=2016-06-27,1.0000,verified_tw_historical_round7
TAIWAN,WUS PRINTED CIRCUIT CO,2316,"WUS Printed Circuit Co., Ltd.","Round7 current-code discovery: Yahoo Finance search matched `WUS Printed Circuit Co., Ltd.`/2316.TW; code exists in TWSE/TPEx/FinLab Taiwan reference universe. Local refs: WUS | 楠梓電 | 楠梓電子股份有限公司",1.0000,verified_tw_current_round7
USA,ACCELERATE DIAGNOSTICS,,,,0.0,needs_review
USA,ACCELERON PHARMA,,,,0.0,needs_review
USA,ALBANY MOLECULAR RSCH,,,,0.0,needs_review
USA,AMC ENTERTAINMENT HLDS,,,,0.0,needs_review
USA,ANACOR PHARMACEUTICALS,,,,0.0,needs_review
USA,ARROWHEAD RESEARCH,,,,0.0,needs_review
USA,ATRICURE INC,ATRC,"AtriCure, Inc.",SEC company_tickers_exchange,1.0,mapped_exact_normalized
USA,AUSPEX PHARMACEUTICALS,,,,0.0,needs_review
USA,BENEFITFOCUS,,,,0.0,needs_review
USA,CAESARS ACQUISITION A,,,,0.0,needs_review
USA,CECO ENVIRONMENTAL,CECO,CECO ENVIRONMENTAL CORP,SEC company_tickers_exchange,1.0,mapped_exact_normalized
USA,CELL THERAPEUTICS,,,,0.0,needs_review
USA,CHC GROUP,,,,0.0,needs_review
USA,CLUBCORP HOLDINGS,,,,0.0,needs_review
USA,CONTINENTAL BUILDING,,,,0.0,needs_review
USA,CONTROL4 CORP,,,,0.0,needs_review
USA,CUSTOMERS BANCORP INC,CUBI,"Customers Bancorp, Inc.",SEC company_tickers_exchange,1.0,mapped_exact_normalized
USA,CVENT,,,,0.0,needs_review
USA,EAGLE BANCORP,EGBN,EAGLE BANCORP INC,SEC company_tickers_exchange,1.0,mapped_exact_normalized
USA,EMPIRE STATE RTY TRUST A,,,,0.0,needs_review
USA,ENDURANCE INTERNATIONAL,,,,0.0,needs_review
USA,EP ENERGY CORP,,,,0.0,needs_review
USA,EPLUS,PLUS,EPLUS INC,SEC company_tickers_exchange,1.0,mapped_exact_normalized
USA,ESSENT GROUP,ESNT,Essent Group Ltd.,SEC company_tickers_exchange,1.0,mapped_exact_normalized
USA,AEP INDUSTRIES,,,,0.0,needs_review
USA,APOLLO INV CORP,,,,0.0,needs_review
USA,ARES CAPITAL COR,,,,0.0,needs_review
USA,BIOTIME,,,,0.0,needs_review
USA,BLACKROCK KELSO CAP,,,,0.0,needs_review
USA,BLYTH,,,,0.0,needs_review
USA,CAPITAL SOUTHWEST CORP,CSWC,CAPITAL SOUTHWEST CORP,SEC company_tickers_exchange,1.0,mapped_exact_normalized
USA,CBEYOND,,,,0.0,needs_review
USA,FAIRWAY GROUP HLDG,,,,0.0,needs_review
USA,FUEL SYSTEMS SOLUTIONS,,,,0.0,needs_review
USA,GOLUB CAPITAL BDC,GBDC,"GOLUB CAPITAL BDC, Inc.",SEC company_tickers_exchange,1.0,mapped_exact_normalized
USA,HERCULES TECHNOLOGY GROW,,,,0.0,needs_review
USA,HOUSTON WIRE & CABLE CO,,,,0.0,needs_review
USA,MAIN STREET CAPITAL CORP,MAIN,Main Street Capital CORP,SEC company_tickers_exchange,1.0,mapped_exact_normalized
USA,MCG CAPITAL CORP,,,,0.0,needs_review
USA,MEDLEY CAPITAL,,,,0.0,needs_review
USA,MERGE HEALTHCARE,,,,0.0,needs_review
USA,MVC CAPITAL INC,,,,0.0,needs_review
USA,NEW MOUNTAIN FIN CORP,,,,0.0,needs_review
USA,PENNANTPARK INVEST.,,,,0.0,needs_review
TAIWAN,ADDCN TECHNOLOGY,5287,ADDCN,FinLab company_basic_info:英文簡稱,0.9213,verified_tw_reference_fuzzy
TAIWAN,ADVANCED LITH ELCTROCHM,5227,"Advanced Lithium Electrochemistry Co., Ltd. / 立凱-KY",Round8 Yahoo/Google query: Advanced Lithium Electrochemistry Taiwan stock -> 5227.TWO,0.99,verified_tw_yahoo_google_round8
TAIWAN,BROGENT TECHNOLOGIES,5263,BROGENT,FinLab company_basic_info:英文簡稱,0.925,verified_tw_reference_fuzzy
TAIWAN,BROWAVE CORP,3163,Browave,FinLab company_basic_info:英文簡稱,1.0,mapped_exact_normalized
TAIWAN,CHICONY POWER TECHNOLOGY,6412,Chicony Power,FinLab company_basic_info:英文簡稱,0.9442,verified_tw_reference_fuzzy
TAIWAN,E-LEAD ELECTRONIC CO,2497,E-LEAD,FinLab company_basic_info:英文簡稱,0.9253,verified_tw_reference_fuzzy
TAIWAN,CAPELLA MICROSYS TAIWAN,3582,"Capella Microsystems (Taiwan), Inc.",Round7 official historical delisted source: TPEx EN deListed official delist_date=2014-12-31,1.0000,verified_tw_historical_round7
TAIWAN,CHAMPION BUILDING MATRLS,1806,"Champion Building Materials Co., Ltd. / 冠軍",Round8b Yahoo Finance search: Champion Building Materials -> 1806.TW.,0.98,verified_tw_yahoo_round8b
TAIWAN,CHIEN KUO CONST CO,5515,CHIEN KUO,FinLab company_basic_info:英文簡稱,0.95,verified_tw_reference_fuzzy
TAIWAN,CHINA ELECTRIC MFG,1611,China Electric Mfg. Corporation,Round7 current-code discovery: Yahoo Finance search matched `China Electric Mfg. Corporation`/1611.TW; code exists in TWSE/TPEx/FinLab Taiwan reference universe. Local refs: CE | 中國電器股份有限公司 | 中電,1.0000,verified_tw_current_round7
TAIWAN,CONCORD SECURITIES CORP,6016,"Concord Securities Co., Ltd.","Round7 current-code discovery: Yahoo Finance search matched `Concord Securities Co., Ltd.`/6016.TWO; code exists in TWSE/TPEx/FinLab Taiwan reference universe. Local refs: concords | 康和綜合證券股份有限公司 | 康和證",1.0000,verified_tw_current_round7
TAIWAN,GLOBAL BRANDS MANUFACT.,6191,Global Brands Manufacture Ltd.,Round7 current-code discovery: Yahoo Finance search matched `Global Brands Manufacture Ltd.`/6191.TW; code exists in TWSE/TPEx/FinLab Taiwan reference universe. Local refs: GBM | 精成科 | 精成科技股份有限公司,1.0000,verified_tw_current_round7
TAIWAN,HANNSTAR BOARD CORP,6116,Hannstar,FinLab company_basic_info:英文簡稱,0.9471,verified_tw_reference_fuzzy
TAIWAN,HOLIDAY ENTERTAINMENT CO,9943,HOLIDAY,FinLab company_basic_info:英文簡稱,0.9233,verified_tw_reference_fuzzy
USA,AAC HOLDINGS INC,,,,0.0,needs_review
USA,ADVAXIS,,,,0.0,needs_review
USA,ALDER BIOPHARMACEUTICALS,,,,0.0,needs_review
USA,ALMOST FAMILY,,,,0.0,needs_review
USA,ALTISOURCE ASSET MGMT,,,,0.0,needs_review
USA,AMPHASTAR PHARMACEUTICAL,,,,0.0,needs_review
USA,ANI PHARMACEUTICALS,ANIP,ANI PHARMACEUTICALS INC,SEC company_tickers_exchange,1.0,mapped_exact_normalized
USA,ATARA BIOTHERAPEUTICS,ATRA,"Atara Biotherapeutics, Inc.",SEC company_tickers_exchange,1.0,mapped_exact_normalized
USA,BANC OF CALIFORNIA,BANC,"BANC OF CALIFORNIA, INC.",SEC company_tickers_exchange,1.0,mapped_exact_normalized
USA,BARRACUDA NETWORKS,,,,0.0,needs_review
USA,BELLICUM PHARMACEUTICALS,,,,0.0,needs_review
USA,BOOT BARN HOLDINGS,BOOT,"Boot Barn Holdings, Inc.",SEC company_tickers_exchange,1.0,mapped_exact_normalized
USA,BOX A,BOX,BOX INC,SEC company_tickers_exchange,1.0,mapped_exact_normalized
USA,CARRIAGE SERVICES,CSV,CARRIAGE SERVICES INC,SEC company_tickers_exchange,1.0,mapped_exact_normalized
USA,CIVITAS SOLUTIONS,,,,0.0,needs_review
USA,COLUMBIA PROPERTY TRUST,,,,0.0,needs_review
USA,CORCEPT THERAPEUTICS,CORT,CORCEPT THERAPEUTICS INC,SEC company_tickers_exchange,1.0,mapped_exact_normalized
USA,COVENANT TRANSPORT A,,,,0.0,needs_review
USA,DAVE & BUSTER'S ENTMT,,,,0.0,needs_review
USA,DIPLOMAT PHARMACY,,,,0.0,needs_review
USA,ENTELLUS MEDICAL,,,,0.0,needs_review
USA,FIVE PRIME THERAPEUTICS,,,,0.0,needs_review
USA,FMSA HOLDINGS,,,,0.0,needs_review
USA,FRESHPET,FRPT,"Freshpet, Inc.",SEC company_tickers_exchange,1.0,mapped_exact_normalized
USA,GENESIS HEALTHCARE A,,,,0.0,needs_review
USA,GLOBALSTAR,GSAT,"Globalstar, Inc.",SEC company_tickers_exchange,1.0,mapped_exact_normalized
USA,GREAT WESTERN BANCORP,,,,0.0,needs_review
USA,HABIT RESTAURANTS A,,,,0.0,needs_review
USA,HANNON ARMSTRONG,,,,0.0,needs_review
USA,HERITAGE INSURANCE,HRTG,"Heritage Insurance Holdings, Inc.",SEC company_tickers_exchange,1.0,mapped_exact_normalized
USA,HORTONWORKS,,,,0.0,needs_review
USA,IGI LABORATORIES,,,,0.0,needs_review
USA,IMAX,IMAX,IMAX CORP,SEC company_tickers_exchange,1.0,mapped_exact_normalized
USA,IMMUNE DESIGN CORP,,,,0.0,needs_review
USA,INC RESEARCH HOLDINGS A,,,,0.0,needs_review
USA,INFRAREIT,,,,0.0,needs_review
USA,INOGEN,INGN,Inogen Inc,SEC company_tickers_exchange,1.0,mapped_exact_normalized
USA,INOVALON HOLDINGS A,,,,0.0,needs_review
USA,INTERSECT ENT,,,,0.0,needs_review
USA,ACELRX PHARMACEUTICALS,,,,0.0,needs_review
USA,AGILYSYS,AGYS,AGILYSYS INC,SEC company_tickers_exchange,1.0,mapped_exact_normalized
USA,ALPHA NATURAL RESOURCES,,,,0.0,needs_review
USA,CAPSTONE TURBINE CO,,,,0.0,needs_review
USA,COMSTOCK RESOURCES,CRK,COMSTOCK RESOURCES INC,SEC company_tickers_exchange,1.0,mapped_exact_normalized
USA,DYNAMIC MATERIALS CORP,,,,0.0,needs_review
USA,EHEALTH,EHTH,"eHealth, Inc.",SEC company_tickers_exchange,1.0,mapped_exact_normalized
USA,EMERALD OIL,,,,0.0,needs_review
USA,FXCM A,,,,0.0,needs_review
USA,GOLD RESOURCE CORP,GORO,GOLD RESOURCE CORP,SEC company_tickers_exchange,1.0,mapped_exact_normalized
USA,GOODRICH PETROLEUM CORP,,,,0.0,needs_review
USA,GULF ISLAND FABRICATION,,,,0.0,needs_review
USA,GULFMARK OFFSHORE A,,,,0.0,needs_review
USA,HERCULES OFFSHORE INC,,,,0.0,needs_review
USA,LADDER CAPITAL CORP A,LADR,Ladder Capital Corp,SEC company_tickers_exchange,1.0,mapped_exact_normalized
USA,LEAPFROG ENTERPRISES A,,,,0.0,needs_review
USA,MARIN SOFTWARE,,,,0.0,needs_review
USA,MOLYCORP,,,,0.0,needs_review
USA,NORTHWEST PIPE CO,,,,0.0,needs_review
USA,PARAGON OFFSHORE LIMITED,,,,0.0,needs_review
USA,PERFORMANT FINANCIAL,,,,0.0,needs_review
TAIWAN,CHLITINA HOLDING,4137,CHLITINA-KY,FinLab company_basic_info:英文簡稱,0.9627,verified_tw_reference_fuzzy
TAIWAN,GINKO INTERNATIONAL,8406,"Ginko International Co., Ltd.",Round7 official historical delisted source: TPEx EN deListed official delist_date=2022-04-29,1.0000,verified_tw_historical_round7
TAIWAN,GREEN SEAL HOLDING,1262,Green Seal Holding Limited,Round7 official historical delisted source: TWSE EN suspendListing official delist_date=2019/10/14,1.0000,verified_tw_historical_round7
TAIWAN,KUNG LONG BATTERIES INDL,1537,KUNG LONG,FinLab company_basic_info:英文簡稱,0.9275,verified_tw_reference_fuzzy
TAIWAN,SENAO NETWORKS,3558,Senao Networks,FinLab company_basic_info:英文簡稱,1.0,mapped_exact_normalized
TAIWAN,SHUNSIN TECHNOLOGY HLDGS,6451,ShunSin,FinLab company_basic_info:英文簡稱,0.9192,verified_tw_reference_fuzzy
TAIWAN,SHIHLIN ELECTRIC & ENGR,1503,Shihlin Electric & Engineering Corporation / 士電,Round8 Yahoo Finance query: Shihlin Electric Engineering -> 1503.TW,0.99,verified_tw_yahoo_google_round8
TAIWAN,SOUTHEAST CEMENT CO,1110,"Southeast Cement Co., Ltd.","Round7 current-code discovery: Yahoo Finance search matched `Southeast Cement Co., Ltd.`/1110.TW; code exists in TWSE/TPEx/FinLab Taiwan reference universe. Local refs: SE CEMENT | 東南水泥股份有限公司 | 東泥",1.0000,verified_tw_current_round7
USA,ALARM.COM HOLDINGS,ALRM,"Alarm.com Holdings, Inc.",SEC company_tickers_exchange,1.0,mapped_exact_normalized
USA,C1 FINANCIAL,,,,0.0,needs_review
USA,CELATOR PHARMACEUTICALS,,,,0.0,needs_review
USA,CHASE CORPORATION,,,,0.0,needs_review
USA,COLLEGIUM PHARMACEUTICAL,COLL,"COLLEGIUM PHARMACEUTICAL, INC",SEC company_tickers_exchange,1.0,mapped_exact_normalized
USA,CPI CARD GROUP,PMTS,CPI Card Group Inc.,SEC company_tickers_exchange,1.0,mapped_exact_normalized
USA,CSW INDUSTRIALS,CSW,"CSW INDUSTRIALS, INC.",SEC company_tickers_exchange,1.0,mapped_exact_normalized
USA,DULUTH HOLDINGS B,DLTH,DULUTH HOLDINGS INC.,SEC company_tickers_exchange,1.0,mapped_exact_normalized
USA,EDITAS MEDICINE,EDIT,"Editas Medicine, Inc.",SEC company_tickers_exchange,1.0,mapped_exact_normalized
USA,ELDORADO RESORTS,,,,0.0,needs_review
USA,ACACIA RESEARCH,ACTG,ACACIA RESEARCH CORP,SEC company_tickers_exchange,1.0,mapped_exact_normalized
USA,ADDUS HOMECARE CORP,ADUS,Addus HomeCare Corp,SEC company_tickers_exchange,1.0,mapped_exact_normalized
USA,ALICO,ALCO,"ALICO, INC.",SEC company_tickers_exchange,1.0,mapped_exact_normalized
USA,AMERESCO A,AMRC,"Ameresco, Inc.",SEC company_tickers_exchange,1.0,mapped_exact_normalized
USA,AMERICAN SCIENCE & ENGR,,,,0.0,needs_review
USA,ASCENT CAPITAL GROUP A,,,,0.0,needs_review
USA,BIODELIVERY SCIENCE INTL,,,,0.0,needs_review
USA,BLACK BOX CORP,,,,0.0,needs_review
USA,BONANZA CREEK ENERGY,,,,0.0,needs_review
TAIWAN,BASSO INDUSTRY CORP,1527,BASSO,FinLab company_basic_info:英文簡稱,0.9257,verified_tw_reference_fuzzy
TAIWAN,BIOTEQUE CORPORATION,4107,BIOTEQUE,FinLab company_basic_info:英文簡稱,1.0,mapped_exact_normalized
TAIWAN,CAYMAN ENGLEY INDL,2239,Cayman Engley,FinLab company_basic_info:英文簡稱,0.9622,verified_tw_reference_fuzzy
TAIWAN,CHAUN-CHOUNG TECH CORP,6230,CHAUN-CHOUNG TECHNOLOGY CORP.,Round7 official historical delisted source: TPEx EN deListed official delist_date=2010-09-16,1.0000,verified_tw_historical_round7
TAIWAN,KINGPAK TECHNOLOGY,6238,Kingpak Technology Inc.,Round7 official historical delisted source: TPEx EN deListed official delist_date=2020-06-19,1.0000,verified_tw_historical_round7
TAIWAN,ABILITY ENTERPRISE CO,2374,"Ability Enterprise Co., Ltd.","Round7 current-code discovery: Yahoo Finance search matched `Ability Enterprise Co., Ltd.`/2374.TW; code exists in TWSE/TPEx/FinLab Taiwan reference universe. Local refs: ABILITY | 佳能 | 佳能企業股份有限公司",1.0000,verified_tw_current_round7
TAIWAN,CHUNG HUNG STEEL CORP,2014,CHUNG HUNG,FinLab company_basic_info:英文簡稱,0.9525,verified_tw_reference_fuzzy
TAIWAN,HEY SONG CORP,1234,HEY SONG,FinLab company_basic_info:英文簡稱,1.0,mapped_exact_normalized
TAIWAN,ICHIA TECHNOLOGIES,2402,ICHIA,FinLab company_basic_info:英文簡稱,0.9178,verified_tw_reference_fuzzy
TAIWAN,NATIONAL PETROLEUM CO,9937,"National Petroleum Co., Ltd.","Round7 current-code discovery: Yahoo Finance search matched `National Petroleum Co., Ltd.`/9937.TW; code exists in TWSE/TPEx/FinLab Taiwan reference universe. Local refs: NPC | 全國 | 全國加油站股份有限公司",1.0000,verified_tw_current_round7
USA,ACACIA COMMUNICATIONS,,,,0.0,needs_review
USA,ACCESS NATIONAL CORP,,,,0.0,needs_review
USA,ACHAOGEN,,,,0.0,needs_review
USA,ACUSHNET HOLDINGS,GOLF,Acushnet Holdings Corp.,SEC company_tickers_exchange,1.0,mapped_exact_normalized
USA,ADVANCED DISPOSAL SVCS,,,,0.0,needs_review
USA,ALLEGIANCE BANCSHARES,,,,0.0,needs_review
USA,ANAPTYSBIO,ANAB,"ANAPTYSBIO, INC",SEC company_tickers_exchange,1.0,mapped_exact_normalized
USA,AQUAVENTURE HOLDINGS,,,,0.0,needs_review
USA,ARCH COAL A,,,,0.0,needs_review
USA,ATLANTIC CAPITAL BANCSHS,,,,0.0,needs_review
USA,AXCELIS TECHNOLOGIES,ACLS,AXCELIS TECHNOLOGIES INC,SEC company_tickers_exchange,1.0,mapped_exact_normalized
USA,BAR HARBOR BANKSHARES,BHB,BAR HARBOR BANKSHARES,SEC company_tickers_exchange,1.0,mapped_exact_normalized
USA,BASIC ENERGY SERVICES,,,,0.0,needs_review
USA,BLACKLINE,BL,"BLACKLINE, INC.",SEC company_tickers_exchange,1.0,mapped_exact_normalized
USA,CAMPING WORLD HOLDINGS A,CWH,"Camping World Holdings, Inc.",SEC company_tickers_exchange,1.0,mapped_exact_normalized
USA,CARA THERAPEUTICS,,,,0.0,needs_review
USA,CENTENNIAL RESOURCE A,,,,0.0,needs_review
USA,COTIVITI HOLDINGS,,,,0.0,needs_review
USA,ELF BEAUTY,,,,0.0,needs_review
USA,ENERGY XXI GULF COAST,,,,0.0,needs_review
USA,ENOVA INTERNATIONAL,ENVA,"Enova International, Inc.",SEC company_tickers_exchange,1.0,mapped_exact_normalized
USA,EXTRACTION OIL & GAS,,,,0.0,needs_review
USA,FB FINANCIAL,FBK,FB Financial Corp,SEC company_tickers_exchange,1.0,mapped_exact_normalized
USA,FIRST DEFIANCE FINANCIAL,,,,0.0,needs_review
USA,FIRST FOUNDATION,,,,0.0,needs_review
USA,FORTERRA (US),,,,0.0,needs_review
USA,FOUNDATION BLDG MATRLS,,,,0.0,needs_review
USA,FRANKLIN FINL NETWORK,,,,0.0,needs_review
USA,GREEN BANCORP,,,,0.0,needs_review
USA,GREIF B,GEF,"GREIF, INC",SEC company_tickers_exchange,1.0,mapped_exact_normalized
USA,GUARANTY BANCORP,,,,0.0,needs_review
USA,HEMISPHERE MEDIA GROUP A,,,,0.0,needs_review
USA,HERITAGE COMMERCE CORP,,,,0.0,needs_review
USA,HESKA CORP,,,,0.0,needs_review
USA,HOOKER FURNITURE CORP,,,,0.0,needs_review
USA,HOSTESS BRANDS A,,,,0.0,needs_review
USA,INTERNATIONAL SEAWAYS,INSW,"International Seaways, Inc.",SEC company_tickers_exchange,1.0,mapped_exact_normalized
USA,INVITAE,,,,0.0,needs_review
USA,IRHYTHM TECHNOLOGIES,,,,0.0,needs_review
USA,JAGGED PEAK ENERGY,,,,0.0,needs_review
USA,JOUNCE THERAPEUTICS,,,,0.0,needs_review
USA,KEANE GROUP,,,,0.0,needs_review
USA,KEMET CORP,,,,0.0,needs_review
USA,KEY ENERGY SERVICES,,,,0.0,needs_review
USA,KMG CHEMICALS,,,,0.0,needs_review
USA,LANTHEUS HOLDINGS,LNTH,"Lantheus Holdings, Inc.",SEC company_tickers_exchange,1.0,mapped_exact_normalized
USA,LAUREATE EDUCATION A,LAUR,"LAUREATE EDUCATION, INC.",SEC company_tickers_exchange,1.0,mapped_exact_normalized
USA,LEMAITRE VASCULAR,LMAT,LEMAITRE VASCULAR INC,SEC company_tickers_exchange,1.0,mapped_exact_normalized
USA,LIBERTY LILAC A,,,,0.0,needs_review
USA,MAMMOTH ENERGY SERVICES,TUSK,"MAMMOTH ENERGY SERVICES, INC.",SEC company_tickers_exchange,1.0,mapped_exact_normalized
USA,MIDLAND STS BANCORP,,,,0.0,needs_review
USA,MIDSTATES PETROLEUM,,,,0.0,needs_review
USA,MYOVANT SCIENCES,,,,0.0,needs_review
USA,NEFF CORP A,,,,0.0,needs_review
USA,PACIFIC CONTINENTAL CORP,,,,0.0,needs_review
USA,PEAPACK GLADSTONE FINL,,,,0.0,needs_review
USA,PEOPLE'S UTAH BANCORP,,,,0.0,needs_review
USA,QUANTENNA COMMUNICATIONS,,,,0.0,needs_review
USA,RA PHARMACEUTICALS,,,,0.0,needs_review
USA,REATA PHARMACEUTICALS A,,,,0.0,needs_review
USA,REPUBLIC FIRST BANCORP,,,,0.0,needs_review
USA,REV GROUP,,,,0.0,needs_review
USA,RYERSON HOLDING CORP,RYZ,Ryerson Holding Corp,SEC company_tickers_exchange,1.0,mapped_exact_normalized
USA,SOUTHWEST BANCORP,,,,0.0,needs_review
USA,SPARK ENERGY A,,,,0.0,needs_review
USA,SUTHERLAND ASSET MGMT,,,,0.0,needs_review
USA,SYSTEMAX,,,,0.0,needs_review
USA,TELLURIAN,,,,0.0,needs_review
USA,TRC COS,,,,0.0,needs_review
USA,TUCOWS,TCX,Tucows Inc. - Common Stock,NasdaqTrader nasdaqlisted,1.0,mapped_exact_normalized
USA,UMH PROPERTIES,UMH,"UMH PROPERTIES, INC.",SEC company_tickers_exchange,1.0,mapped_exact_normalized
USA,VALVOLINE,VVV,VALVOLINE INC,SEC company_tickers_exchange,1.0,mapped_exact_normalized
USA,WILDHORSE RESOURCE DEV,,,,0.0,needs_review
USA,ADEPTUS HEALTH A,,,,0.0,needs_review
USA,ARROWHEAD PHARMA,,,,0.0,needs_review
USA,CELADON GROUP,,,,0.0,needs_review
USA,CLEARSIDE BIOMEDICAL,CLSDQ,"Clearside Biomedical, Inc.",SEC company_tickers_exchange,1.0,mapped_exact_normalized
USA,DHI GROUP,DHX,"DHI GROUP, INC.",SEC company_tickers_exchange,1.0,mapped_exact_normalized
USA,EXCO RESOURCES INC,,,,0.0,needs_review
USA,FIRST NBC BANK HOLDING,,,,0.0,needs_review
USA,HORNBECK OFFSHORE SVCS,,,,0.0,needs_review
USA,JONES ENERGY A,,,,0.0,needs_review
USA,MANNKIND CORP,MNKD,MANNKIND CORP,SEC company_tickers_exchange,1.0,mapped_exact_normalized
USA,NANTKWEST,,,,0.0,needs_review
USA,NII HOLDINGS,,,,0.0,needs_review
USA,ONCOMED PHARMACEUTICALS,,,,0.0,needs_review
USA,OPHTHOTECH,,,,0.0,needs_review
USA,OVASCIENCE,,,,0.0,needs_review
USA,PHI NV,,,,0.0,needs_review
USA,RUBY TUESDAY,,,,0.0,needs_review
USA,SORRENTO THERAPEUTICS,,,,0.0,needs_review
USA,SPORTSMANS WAREHOUSE,,,,0.0,needs_review
USA,TRANSENTERIX,,,,0.0,needs_review
USA,TREVENA,,,,0.0,needs_review
USA,TUESDAY MORNING CORP,,,,0.0,needs_review
USA,WALTER INV MGMT CO A,,,,0.0,needs_review
TAIWAN,CONCRAFT HOLDING,4943,CONCRAFT,FinLab company_basic_info:英文簡稱,1.0,mapped_exact_normalized
TAIWAN,GENIUS ELECTR OPTICAL,3406,"Genius Electronic Optical Co.,Ltd.","Round8 Yahoo Finance search query `GENIUS ELECTR OPTICAL` matched `Genius Electronic Optical Co.,Ltd.`/3406.TW. Local refs if present: GSEO | 玉晶光 | 玉晶光電股份有限公司",0.9130,verified_tw_yahoo_round8
TAIWAN,RUN LONG CONSTRUCTION CO,1808,RUN LONG,FinLab company_basic_info:英文簡稱,0.9281,verified_tw_reference_fuzzy
TAIWAN,TAIWAN UNION TECHNOLOGY,6274,Taiwan Union Technology Corporation,Round7 current-code discovery: Yahoo Finance search matched `Taiwan Union Technology Corporation`/6274.TWO; code exists in TWSE/TPEx/FinLab Taiwan reference universe. Local refs: tuc | 台燿 | 台燿科技股份有限公司,1.0000,verified_tw_current_round7
TAIWAN,BOARDTEK ELECTRONICS CO,5349,BOARDTEK ELECTRONICS COR.,Round7 official historical delisted source: TPEx EN deListed official delist_date=2020-11-04,1.0000,verified_tw_historical_round7
TAIWAN,GREEN ENERGY TECHNOLOGY,3519,Green Energy Technology Inc. / 綠能,Round8 Yahoo/Google historical quote: Green Energy Technology 3519.TW; delisted,0.99,verified_tw_historical_round8
USA,ADAMAS PHARMACEUTICALS,,,,0.0,needs_review
USA,ALTA MESA RESOURCES A,,,,0.0,needs_review
USA,AMERICOLD REALTY,,,,0.0,needs_review
USA,APELLIS PHARMACEUTICALS,APLS,"Apellis Pharmaceuticals, Inc.",SEC company_tickers_exchange,1.0,mapped_exact_normalized
USA,ATHENEX,,,,0.0,needs_review
USA,AVAYA HOLDINGS,,,,0.0,needs_review
USA,B RILEY FINANCIAL,,,,0.0,needs_review
USA,BANK MARIN,,,,0.0,needs_review
USA,BYLINE BANCORP,BY,"BYLINE BANCORP, INC.",SEC company_tickers_exchange,1.0,mapped_exact_normalized
USA,CACTUS A,WHD,"Cactus, Inc.",SEC company_tickers_exchange,1.0,mapped_exact_normalized
USA,CADENCE BANCORP A,,,,0.0,needs_review
USA,CAMBIUM LEARNING GROUP,,,,0.0,needs_review
USA,CIVEO CORPORATION,CVEO,Civeo Corp,SEC company_tickers_exchange,1.0,mapped_exact_normalized
USA,CLOUDERA,,,,0.0,needs_review
USA,COLONY NORTHSTAR CR A,,,,0.0,needs_review
USA,CRISPR THERAPEUTICS,,,,0.0,needs_review
USA,DECIPHERA PHARMA,,,,0.0,needs_review
USA,DENALI THERAPEUTICS,DNLI,Denali Therapeutics Inc.,SEC company_tickers_exchange,1.0,mapped_exact_normalized
USA,DICERNA PHARMACEUTICALS,,,,0.0,needs_review
USA,DOVA PHARMA,,,,0.0,needs_review
USA,EVOQUA WATER TECH,,,,0.0,needs_review
USA,FATE THERAPEUTICS,FATE,FATE THERAPEUTICS INC,SEC company_tickers_exchange,1.0,mapped_exact_normalized
USA,FGL HOLDINGS,,,,0.0,needs_review
USA,FORESCOUT TECHNOLOGIES,,,,0.0,needs_review
USA,FRP HOLDINGS INC,FRPH,"FRP HOLDINGS, INC.",SEC company_tickers_exchange,1.0,mapped_exact_normalized
USA,FTS INTERNATIONAL,,,,0.0,needs_review
USA,GATES INDUSTRIAL,GTES,Gates Industrial Corp plc,SEC company_tickers_exchange,1.0,mapped_exact_normalized
USA,GLYCOMIMETICS,,,,0.0,needs_review
USA,HERITAGE-CRYSTAL CLEAN,,,,0.0,needs_review
USA,INDEPENDENCE HOLDING CO,,,,0.0,needs_review
USA,INTREPID POTASH,IPI,"Intrepid Potash, Inc.",SEC company_tickers_exchange,1.0,mapped_exact_normalized
USA,KURA ONCOLOGY,KURA,"Kura Oncology, Inc.",SEC company_tickers_exchange,1.0,mapped_exact_normalized
USA,LUTHER BURBANK,,,,0.0,needs_review
USA,MERCHANTS BANCORP,MBIN,Merchants Bancorp,SEC company_tickers_exchange,1.0,mapped_exact_normalized
USA,MIRATI THERAPEUTICS,,,,0.0,needs_review
USA,MODEL N,,,,0.0,needs_review
USA,NATIONAL VISION HOLDINGS,EYE,"National Vision Holdings, Inc.",SEC company_tickers_exchange,1.0,mapped_exact_normalized
USA,NINE ENERGY SERVICE,NINE,"Nine Energy Service, Inc.",SEC company_tickers_exchange,1.0,mapped_exact_normalized
USA,OLD LINE BANCSHARES,,,,0.0,needs_review
USA,OPTINOSE,,,,0.0,needs_review
USA,PENN VIRGINIA,,,,0.0,needs_review
USA,PLAYAGS,,,,0.0,needs_review
USA,PQ GROUP HOLDINGS,,,,0.0,needs_review
USA,QUINSTREET,QNST,"QUINSTREET, INC",SEC company_tickers_exchange,1.0,mapped_exact_normalized
USA,R1 RCM,,,,0.0,needs_review
USA,REDFIN,,,,0.0,needs_review
USA,RHYTHM PHARMACEUTICALS,RYTM,"RHYTHM PHARMACEUTICALS, INC.",SEC company_tickers_exchange,1.0,mapped_exact_normalized
USA,SAILPOINT TECH HLDGS,,,,0.0,needs_review
USA,SENDGRID,,,,0.0,needs_review
USA,STERLING BANCORP (XNCM),,,,0.0,needs_review
USA,TABULA RASA HEALTHCARE,,,,0.0,needs_review
USA,TECHTARGET,TTGT,"TechTarget, Inc.",SEC company_tickers_exchange,1.0,mapped_exact_normalized
USA,TIDEWATER,TDW,TIDEWATER INC,SEC company_tickers_exchange,1.0,mapped_exact_normalized
USA,TPI COMPOSITES,TPICQ,"TPI COMPOSITES, INC",SEC company_tickers_exchange,1.0,mapped_exact_normalized
USA,UNIQURE (US),,,,0.0,needs_review
USA,UNITED COMMUNITY FINL,,,,0.0,needs_review
USA,UPLAND SOFTWARE,UPLD,"Upland Software, Inc.",SEC company_tickers_exchange,1.0,mapped_exact_normalized
USA,VERSO NEW,,,,0.0,needs_review
USA,VIEWRAY,,,,0.0,needs_review
USA,W&T OFFSHORE,WTI,W&T OFFSHORE INC,SEC company_tickers_exchange,1.0,mapped_exact_normalized
USA,WILLSCOT A,WSC,WillScot Holdings Corp,SEC company_tickers_exchange,1.0,mapped_exact_normalized
USA,AXOVANT SCIENCES,,,,0.0,needs_review
USA,CALITHERA BIOSCIENCES,,,,0.0,needs_review
USA,CELLDEX THERAPEUTICS,CLDX,"Celldex Therapeutics, Inc.",SEC company_tickers_exchange,1.0,mapped_exact_normalized
USA,CLEAN ENERGY FUELS,CLNE,Clean Energy Fuels Corp.,SEC company_tickers_exchange,1.0,mapped_exact_normalized
USA,FTD COMPANIES,,,,0.0,needs_review
USA,ICONIX BRAND GROUP,,,,0.0,needs_review
USA,IMPINJ,PI,IMPINJ INC,SEC company_tickers_exchange,1.0,mapped_exact_normalized
USA,PICO HOLDINGS,,,,0.0,needs_review
USA,PIER 1 IMPORTS,,,,0.0,needs_review
USA,REVLON A,,,,0.0,needs_review
USA,RIGNET,,,,0.0,needs_review
USA,ROADRUNNER TRANSPORT SYS,,,,0.0,needs_review
USA,SENECA FOODS CORP A,SENEB,Seneca Foods Corp,SEC company_tickers_exchange,1.0,mapped_exact_normalized
USA,TELIGENT,,,,0.0,needs_review
TAIWAN,CAREER TECHNOLOGY CO,6153,Career Tech.,FinLab company_basic_info:英文簡稱,0.9547,verified_tw_reference_fuzzy
TAIWAN,CHANG WAH TECHNOLOGY,8070,CHANG WAH,FinLab company_basic_info:英文簡稱,0.935,verified_tw_reference_fuzzy
TAIWAN,HSIN KUANG STEEL CO,2031,Hsin Kuang Steel Company Limited,Round7 current-code discovery: Yahoo Finance search matched `Hsin Kuang Steel Company Limited`/2031.TW; code exists in TWSE/TPEx/FinLab Taiwan reference universe. Local refs: Hkssteel | 新光鋼 | 新光鋼鐵股份有限公司,1.0000,verified_tw_current_round7
TAIWAN,MACHVISION,3563,MACHVISION,FinLab company_basic_info:英文簡稱,1.0,mapped_exact_normalized
TAIWAN,SWANCOR HOLDING CO,3708,Swancor,FinLab company_basic_info:英文簡稱,1.0,mapped_exact_normalized
TAIWAN,TANVEX BIOPHARMA,6541,Tanvex,FinLab company_basic_info:英文簡稱,0.9275,verified_tw_reference_fuzzy
TAIWAN,UNITECH PRINTED CIRCUIT,2367,UNITECH,FinLab company_basic_info:英文簡稱,0.9204,verified_tw_reference_fuzzy
TAIWAN,ACTRON TECHNOLOGY,8255,Actron Technology Corporation,Round7 current-code discovery: Yahoo Finance search matched `Actron Technology Corporation`/8255.TWO; code exists in TWSE/TPEx/FinLab Taiwan reference universe. Local refs: ATC | 朋程 | 朋程科技股份有限公司,1.0000,verified_tw_current_round7
TAIWAN,E-TON SOLAR TECH,3452,"E-Ton Solar Tech. Co., Ltd. / 益通",Round8 Yahoo/Google historical quote: E-Ton Solar Tech 3452.TW; delisted,0.99,verified_tw_historical_round8
TAIWAN,IRON FORCE INDUSTRIAL,2228,"Iron Force Industrial Co., Ltd.","Round7 current-code discovery: Yahoo Finance search matched `Iron Force Industrial Co., Ltd.`/2228.TW; code exists in TWSE/TPEx/FinLab Taiwan reference universe. Local refs: IRF | 劍麟 | 劍麟股份有限公司",1.0000,verified_tw_current_round7
TAIWAN,JOHNSON HEALTH TECH CO,1736,"Johnson Health Tech .Co., Ltd.","Round7 current-code discovery: Yahoo Finance search matched `Johnson Health Tech .Co., Ltd.`/1736.TW; code exists in TWSE/TPEx/FinLab Taiwan reference universe. Local refs: JHT | 喬山 | 喬山健康科技股份有限公司",1.0000,verified_tw_current_round7
TAIWAN,LI CHENG ENTERPRISE,4426,LI CHENG,FinLab company_basic_info:英文簡稱,0.9321,verified_tw_reference_fuzzy
TAIWAN,LI PENG ENTERPRISE CO,1447,"Li Peng Enterprise Co., Ltd.","Round7 current-code discovery: Yahoo Finance search matched `Li Peng Enterprise Co., Ltd.`/1447.TW; code exists in TWSE/TPEx/FinLab Taiwan reference universe. Local refs: LP | 力鵬 | 力鵬企業股份有限公司",1.0000,verified_tw_current_round7
TAIWAN,TAIWAN PCB TECHVEST CO,8213,"Taiwan Printed Circuit Board Techvest Co., Ltd. / 志超",Round8b Yahoo Finance search: Taiwan PCB Techvest -> 8213.TW.,0.98,verified_tw_yahoo_round8b
TAIWAN,TAIWAN SURFACE MOUNTING,6278,Taiwan Surface Mounting Technology Corp.,Round7 official historical delisted source: TPEx EN deListed official delist_date=2010-08-24,1.0000,verified_tw_historical_round7
TAIWAN,TOUNG LOONG TEXTILE,4401,"Toung Loong Textile Mfg.Co.,Ltd.","Round7 current-code discovery: Yahoo Finance search matched `Toung Loong Textile Mfg.Co.,Ltd.`/4401.TWO; code exists in TWSE/TPEx/FinLab Taiwan reference universe. Local refs: TLTM | 東隆興 | 東隆興業股份有限公司",1.0000,verified_tw_current_round7
USA,ADT,ADT,ADT Inc.,SEC company_tickers_exchange,1.0,mapped_exact_normalized
USA,ALTAIR ENGINEERING A,,,,0.0,needs_review
USA,ALTERYX A,,,,0.0,needs_review
USA,APPFOLIO A,APPF,APPFOLIO INC,SEC company_tickers_exchange,1.0,mapped_exact_normalized
USA,APPIAN A,APPN,APPIAN CORP,SEC company_tickers_exchange,1.0,mapped_exact_normalized
USA,ARES COMMERCIAL REAL EST,,,,0.0,needs_review
USA,ARVINAS,ARVN,"ARVINAS, INC.",SEC company_tickers_exchange,1.0,mapped_exact_normalized
USA,AXONICS MODULATION TECH,,,,0.0,needs_review
USA,AXSOME THERAPEUTICS,AXSM,"Axsome Therapeutics, Inc.",SEC company_tickers_exchange,1.0,mapped_exact_normalized
USA,BANDWIDTH A,BAND,Bandwidth Inc.,SEC company_tickers_exchange,1.0,mapped_exact_normalized
USA,CALYXT,,,,0.0,needs_review
USA,CARBON BLACK,,,,0.0,needs_review
USA,CARGURUS A,CARG,"CarGurus, Inc.",SEC company_tickers_exchange,1.0,mapped_exact_normalized
USA,CATALYST PHARMACEUTICAL,,,,0.0,needs_review
USA,CENTURY BANCORP A,,,,0.0,needs_review
USA,CONSTRUCTION PRTNRS A,,,,0.0,needs_review
USA,CONTURA ENERGY,,,,0.0,needs_review
USA,CORENERGY INFRASTRUCTURE,,,,0.0,needs_review
USA,CRINETICS PHARMA,,,,0.0,needs_review
USA,DOMO B,DOMO,"DOMO, INC.",SEC company_tickers_exchange,1.0,mapped_exact_normalized
USA,EIDOS THERAPEUTICS,,,,0.0,needs_review
USA,ELASTIC NV,,,,0.0,needs_review
USA,EVENTBRITE,,,,0.0,needs_review
USA,EVO PAYMENTS A,,,,0.0,needs_review
USA,EVOLUS,EOLS,"Evolus, Inc.",SEC company_tickers_exchange,1.0,mapped_exact_normalized
USA,FLUENT,FLNT,"Fluent, Inc.",SEC company_tickers_exchange,1.0,mapped_exact_normalized
USA,FORTY SEVEN,,,,0.0,needs_review
USA,GREENSKY A,,,,0.0,needs_review
USA,GUARDANT HEALTH,GH,"Guardant Health, Inc.",SEC company_tickers_exchange,1.0,mapped_exact_normalized
USA,HAMILTON LANE A,HLNE,Hamilton Lane INC,SEC company_tickers_exchange,1.0,mapped_exact_normalized
USA,HANGER,,,,0.0,needs_review
USA,INNOVATIVE INDL PPTYS A,,,,0.0,needs_review
USA,KINIKSA PHARMA A,,,,0.0,needs_review
USA,KRYSTAL BIOTECH,KRYS,"Krystal Biotech, Inc.",SEC company_tickers_exchange,1.0,mapped_exact_normalized
USA,LIBERTY OILFIELD SVCS A,,,,0.0,needs_review
USA,MAGNOLIA OIL & GAS A,MGY,Magnolia Oil & Gas Corp,SEC company_tickers_exchange,1.0,mapped_exact_normalized
USA,MALIBU BOATS A,MBUU,"MALIBU BOATS, INC.",SEC company_tickers_exchange,1.0,mapped_exact_normalized
USA,ODONATE THERAPEUTICS,,,,0.0,needs_review
USA,ORTHOPEDIATRICS,KIDS,ORTHOPEDIATRICS CORP,SEC company_tickers_exchange,1.0,mapped_exact_normalized
USA,OSIRIS THERAPEUTICS,,,,0.0,needs_review
USA,PENNYMAC FINL SERVICES,,,,0.0,needs_review
USA,PETIQ A,,,,0.0,needs_review
USA,PIVOTAL SOFTWARE A,,,,0.0,needs_review
USA,PLURALSIGHT A,,,,0.0,needs_review
USA,PRINCIPIA BIOPHARMA,,,,0.0,needs_review
USA,QUOTIENT,,,,0.0,needs_review
USA,ROAN RESOURCES A,,,,0.0,needs_review
USA,RUBIUS THERAPEUTICS,,,,0.0,needs_review
USA,SCHNEIDER NATIONAL B,SNDR,"Schneider National, Inc.",SEC company_tickers_exchange,1.0,mapped_exact_normalized
USA,SCHOLAR ROCK HOLDING,SRRK,Scholar Rock Holding Corp,SEC company_tickers_exchange,1.0,mapped_exact_normalized
USA,SECUREWORKS A,,,,0.0,needs_review
USA,SHOTSPOTTER,,,,0.0,needs_review
USA,SMARTSHEET A,,,,0.0,needs_review
USA,SOLARIS OILFIELD INFRA A,,,,0.0,needs_review
USA,STAR GROUP,STHO,Star Holdings,SEC company_tickers_exchange,1.0,mapped_exact_normalized
USA,STITCH FIX A,SFIX,"Stitch Fix, Inc.",SEC company_tickers_exchange,1.0,mapped_exact_normalized
USA,SVMK,,,,0.0,needs_review
USA,SWITCH,,,,0.0,needs_review
USA,TENABLE HOLDINGS,TENB,"Tenable Holdings, Inc.",SEC company_tickers_exchange,1.0,mapped_exact_normalized
USA,TILRAY SV 2,,,,0.0,needs_review
USA,TWIN RIVER WORLDWIDE,,,,0.0,needs_review
USA,TWIST BIOSCIENCE,TWST,Twist Bioscience Corp,SEC company_tickers_exchange,1.0,mapped_exact_normalized
USA,UPWORK,UPWK,"UPWORK, INC",SEC company_tickers_exchange,1.0,mapped_exact_normalized
USA,VERACYTE,VCYT,"VERACYTE, INC.",SEC company_tickers_exchange,1.0,mapped_exact_normalized
USA,VERRA MOBILITY A,VRRM,VERRA MOBILITY Corp,SEC company_tickers_exchange,1.0,mapped_exact_normalized
USA,VICTORY CAPITAL HOLDINGS,VCTR,"Victory Capital Holdings, Inc.",SEC company_tickers_exchange,1.0,mapped_exact_normalized
USA,VISHAY PRECISION GROUP,VPG,"Vishay Precision Group, Inc.",SEC company_tickers_exchange,1.0,mapped_exact_normalized
USA,WAITR HOLDINGS,,,,0.0,needs_review
USA,YETI HOLDINGS,YETI,"YETI Holdings, Inc.",SEC company_tickers_exchange,1.0,mapped_exact_normalized
USA,ZUORA A,,,,0.0,needs_review
USA,AGROFRESH SOLUTIONS,,,,0.0,needs_review
USA,AMERICAN RENAL HOLDINGS,,,,0.0,needs_review
USA,APTINYX,,,,0.0,needs_review
USA,ASCENA RETAIL GROUP,,,,0.0,needs_review
USA,BARNES & NOBLE EDUCATION,BNED,"Barnes & Noble Education, Inc.",SEC company_tickers_exchange,1.0,mapped_exact_normalized
USA,CBL & ASSOCIATES PPTYS,,,,0.0,needs_review
USA,CONCERT PHARMACEUTICALS,,,,0.0,needs_review
USA,CUTERA,CUTR,"Cutera, Inc.",Round4 conflict review: https://ir.cutera.com/news-releases/news-release-details/cutera-announces-voluntarily-delisting-nasdaq | https://www.sec.gov/Archives/edgar/data/1162461/000162828025011029/cutr-20250306.htm,0.98,verified_historical_round4
USA,GNC HOLDINGS A,,,,0.0,needs_review
USA,GP STRATEGIES CORP,,,,0.0,needs_review
USA,INNERWORKINGS,,,,0.0,needs_review
USA,INVACARE CORP,,,,0.0,needs_review
USA,LA JOLLA PHARMACEUTICAL,,,,0.0,needs_review
USA,LSC COMMUNICATIONS,,,,0.0,needs_review
USA,MAIDEN HOLDINGS,MHLA,"Maiden Holdings, Ltd.",SEC company_tickers_exchange,1.0,mapped_exact_normalized
USA,MONEYGRAM INTERNATIONAL,,,,0.0,needs_review
USA,NATURAL GAS SERVICES GRP,,,,0.0,needs_review
USA,NAUTILUS,,,,0.0,needs_review
USA,NCS MULTISTAGE HOLDINGS,NCSM,"NCS Multistage Holdings, Inc.",SEC company_tickers_exchange,1.0,mapped_exact_normalized
USA,NET 1 UEPS TECHNOLOGIES,,,,0.0,needs_review
USA,OWENS & MINOR,,,,0.0,needs_review
USA,PARATEK PHARMACEUTICALS,,,,0.0,needs_review
USA,POTBELLY,,,,0.0,needs_review
USA,SIENTRA,,,,0.0,needs_review
USA,SUPERIOR INDUSTRIES,,,,0.0,needs_review
USA,UBIQUITI NETWORKS,,,,0.0,needs_review
USA,ULTRA PETROLEUM,,,,0.0,needs_review
TAIWAN,FUSHENG PRECISION,6670,"FuSheng Precision Co., Ltd.","Round7 current-code discovery: Yahoo Finance search matched `FuSheng Precision Co., Ltd.`/6670.TW; code exists in TWSE/TPEx/FinLab Taiwan reference universe. Local refs: FSP | 復盛應用 | 復盛應用科技股份有限公司",1.0000,verified_tw_current_round7
TAIWAN,NAN PAO RESINS CHEMICAL,4766,NAN PAO,FinLab company_basic_info:英文簡稱,0.9204,verified_tw_reference_fuzzy
TAIWAN,NEWMAX TECHNOLOGY CO,3630,NEWMAX,FinLab company_basic_info:英文簡稱,0.9253,verified_tw_reference_fuzzy
TAIWAN,UNION BANK OF TAIWAN,2838,Union Bank of Taiwan,Round7 current-code discovery: Yahoo Finance search matched `Union Bank of Taiwan`/2838.TW; code exists in TWSE/TPEx/FinLab Taiwan reference universe. Local refs: UBOT | 聯邦商業銀行股份有限公司 | 聯邦銀,1.0000,verified_tw_current_round7
TAIWAN,CHUNG HSIN ELEC & MACH,1513,Chung-Hsin Electric & Machinery Mfg. Corp. / 中興電,Round8 Yahoo Finance query: Chung Hsin Electric Machinery -> 1513.TW,0.99,verified_tw_yahoo_google_round8
TAIWAN,LEXTAR ELECTRONICS CORP,3698,Lextar,Round7 official historical delisted source: TWSE EN suspendListing official delist_date=2021/01/06,1.0000,verified_tw_historical_round7
TAIWAN,SENAO INTERNATIONAL CO,2450,SENAO,FinLab company_basic_info:英文簡稱,0.9163,verified_tw_reference_fuzzy
TAIWAN,ZENG HSING INDUSTRIAL CO,1558,ZENG HSING,FinLab company_basic_info:英文簡稱,0.9376,verified_tw_reference_fuzzy
USA,1LIFE HEALTHCARE,,,,0.0,needs_review
USA,ACCEL ENTERTAINMENT A1,,,,0.0,needs_review
USA,ACM RESEARCH A,ACMR,"ACM Research, Inc.",SEC company_tickers_exchange,1.0,mapped_exact_normalized
USA,ADAPTIVE BIOTECHNOLOGIES,ADPT,Adaptive Biotechnologies Corp,SEC company_tickers_exchange,1.0,mapped_exact_normalized
USA,ADESTO TECHNOLOGIES,,,,0.0,needs_review
USA,AKERO THERAPEUTICS,,,,0.0,needs_review
USA,AMERANT BANCORP A,AMTB,Amerant Bancorp Inc.,SEC company_tickers_exchange,1.0,mapped_exact_normalized
USA,APREA THERAPEUTICS,APRE,"Aprea Therapeutics, Inc.",SEC company_tickers_exchange,1.0,mapped_exact_normalized
USA,ARCTURUS THERAPEUTIC(US),,,,0.0,needs_review
USA,ARCUTIS BIOTHERAPEUTICS,ARQT,"Arcutis Biotherapeutics, Inc.",SEC company_tickers_exchange,1.0,mapped_exact_normalized
USA,ATHERSYS,,,,0.0,needs_review
USA,ATRECA A,,,,0.0,needs_review
USA,BANK FIRST CORPORATION,BFC,Bank First Corp,SEC company_tickers_exchange,1.0,mapped_exact_normalized
USA,BEAM THERAPEUTICS,BEAM,Beam Therapeutics Inc.,SEC company_tickers_exchange,1.0,mapped_exact_normalized
USA,BELLRING BRANDS A,BRBR,"BELLRING BRANDS, INC.",SEC company_tickers_exchange,1.0,mapped_exact_normalized
USA,BIOXCEL THERAPEUTICS,BTAI,"BioXcel Therapeutics, Inc.",SEC company_tickers_exchange,1.0,mapped_exact_normalized
USA,BLACK DIAMOND THERAPEUT,,,,0.0,needs_review
USA,BROADMARK REALTY CAPITAL,,,,0.0,needs_review
USA,CADIZ INC,CDZI,CADIZ INC,SEC company_tickers_exchange,1.0,mapped_exact_normalized
USA,CALIX,CALX,"CALIX, INC",SEC company_tickers_exchange,1.0,mapped_exact_normalized
USA,CASTLE BIOSCIENCES,CSTL,CASTLE BIOSCIENCES INC,SEC company_tickers_exchange,1.0,mapped_exact_normalized
USA,CATASYS,,,,0.0,needs_review
USA,CEL-SCI CORP,CVM,CEL SCI CORP,SEC company_tickers_exchange,1.0,mapped_exact_normalized
USA,CINCINNATI BELL,,,,0.0,needs_review
USA,CO DIAGNOSTIC,,,,0.0,needs_review
USA,CONSTELLATION PHARMA,,,,0.0,needs_review
USA,CORBUS PHARMACEUTICALS,CRBP,"Corbus Pharmaceuticals Holdings, Inc.",SEC company_tickers_exchange,1.0,mapped_exact_normalized
USA,CORTEXYME,,,,0.0,needs_review
USA,CROSSFIRST BANKSHARES,,,,0.0,needs_review
USA,CUE BIOPHARMA,CUE,"Cue Biopharma, Inc.",SEC company_tickers_exchange,1.0,mapped_exact_normalized
USA,DORIAN LPG,LPG,DORIAN LPG LTD.,SEC company_tickers_exchange,1.0,mapped_exact_normalized
USA,FREEDOM HOLDING,FRHC,Freedom Holding Corp.,SEC company_tickers_exchange,1.0,mapped_exact_normalized
USA,IGM BIOSCIENCES,,,,0.0,needs_review
USA,IMMUNOVANT,IMVT,"Immunovant, Inc.",SEC company_tickers_exchange,1.0,mapped_exact_normalized
USA,INOVIO PHARMACEUTICALS,INO,"INOVIO PHARMACEUTICALS, INC.",SEC company_tickers_exchange,1.0,mapped_exact_normalized
USA,INSEEGO CORP,INSG,INSEEGO CORP.,SEC company_tickers_exchange,1.0,mapped_exact_normalized
USA,JETBLUE AIRWAYS CORP,JBLU,JETBLUE AIRWAYS CORP,SEC company_tickers_exchange,1.0,mapped_exact_normalized
USA,KADMON HOLDINGS,,,,0.0,needs_review
USA,KALA PHARMECUTICAL,,,,0.0,needs_review
USA,KARUNA THERAPEUTICS,,,,0.0,needs_review
USA,KORU MEDICAL SYSTEMS,KRMD,"KORU Medical Systems, Inc.",SEC company_tickers_exchange,1.0,mapped_exact_normalized
USA,MERSANA THERAPEUTICS,,,,0.0,needs_review
USA,MERUS BV (US),,,,0.0,needs_review
USA,MOLECULAR TEMPLATES,,,,0.0,needs_review
USA,NEOLEUKIN THERAPEUTICS,,,,0.0,needs_review
USA,NEOPHOTONICS,,,,0.0,needs_review
USA,NEXTCURE,NXTC,"NextCure, Inc.",SEC company_tickers_exchange,1.0,mapped_exact_normalized
USA,ORION ENGINEERED CARBONS,,,,0.0,needs_review
USA,PAE A,,,,0.0,needs_review
USA,PASSAGE BIO,PASG,"Passage BIO, Inc.",SEC company_tickers_exchange,1.0,mapped_exact_normalized
USA,PHATHOM PHARMACEUTICALS,PHAT,"Phathom Pharmaceuticals, Inc.",SEC company_tickers_exchange,1.0,mapped_exact_normalized
USA,PING IDENTITY HOLDING,,,,0.0,needs_review
USA,PRECISION BIOSCIENCES,DTIL,PRECISION BIOSCIENCES INC,SEC company_tickers_exchange,1.0,mapped_exact_normalized
USA,PROGYNY,PGNY,"Progyny, Inc.",SEC company_tickers_exchange,1.0,mapped_exact_normalized
USA,PROVENTION BIO,,,,0.0,needs_review
USA,RANPAK HOLDINGS A,PACK,Ranpak Holdings Corp.,SEC company_tickers_exchange,1.0,mapped_exact_normalized
USA,RELMADA THERAPEUTICS,RLMD,"RELMADA THERAPEUTICS, INC.",SEC company_tickers_exchange,1.0,mapped_exact_normalized
USA,REPLIMUNE GROUP,REPL,"Replimune Group, Inc.",SEC company_tickers_exchange,1.0,mapped_exact_normalized
USA,SCHRODINGER,SDGR,"Schrodinger, Inc.",SEC company_tickers_exchange,1.0,mapped_exact_normalized
USA,SI BONE INC,SIBN,"SI-BONE, Inc.",SEC company_tickers_exchange,1.0,mapped_exact_normalized
USA,SMILEDIRECTCLUB A,,,,0.0,needs_review
USA,SOLARWINDS CORP,,,,0.0,needs_review
USA,SPRINGWORKS THERAPEUTICS,,,,0.0,needs_review
USA,SPROUT SOCIAL A,SPT,"Sprout Social, Inc.",SEC company_tickers_exchange,1.0,mapped_exact_normalized
USA,THE MEET GROUP,,,,0.0,needs_review
USA,VAPOTHERM,,,,0.0,needs_review
USA,VERASTEM,VSTM,"Verastem, Inc.",SEC company_tickers_exchange,1.0,mapped_exact_normalized
USA,VIRGIN GALACTIC HLDGS,,,,0.0,needs_review
USA,VIRNETX HOLDING,VHC,VirnetX Holding Corp,SEC company_tickers_exchange,1.0,mapped_exact_normalized
USA,XBIOTECH,XBIT,XBiotech Inc.,SEC company_tickers_exchange,1.0,mapped_exact_normalized
USA,XENON PHARMACEUTICALS,XENE,Xenon Pharmaceuticals Inc.,SEC company_tickers_exchange,1.0,mapped_exact_normalized
USA,AKORN,,,,0.0,needs_review
USA,ALPHA & OMEGA SEMICONDUC,,,,0.0,needs_review
USA,ALTISOURCE PORTFOLIO SOL,,,,0.0,needs_review
USA,ANWORTH MORTGAGE ASSET,,,,0.0,needs_review
USA,ARLO TECHNOLOGIES,ARLO,"Arlo Technologies, Inc.",SEC company_tickers_exchange,1.0,mapped_exact_normalized
USA,ASHFORD HOSPITALITY TRST,,,,0.0,needs_review
USA,AT HOME GROUP,,,,0.0,needs_review
USA,BBX CAPITAL A,BBXIB,"BBX Capital, Inc.",SEC company_tickers_exchange,1.0,mapped_exact_normalized
USA,BEAZER HOMES USA,BZH,BEAZER HOMES USA INC,SEC company_tickers_exchange,1.0,mapped_exact_normalized
USA,BERRY CORP,,,,0.0,needs_review
USA,BRAEMAR HOTELS & RESORTS,BHR,Braemar Hotels & Resorts Inc.,SEC company_tickers_exchange,1.0,mapped_exact_normalized
USA,BRIGGS & STRATTON,,,,0.0,needs_review
USA,CALERES,CAL,CALERES INC,SEC company_tickers_exchange,1.0,mapped_exact_normalized
USA,CALIFORNIA RESOURCES,CRC,California Resources Corp,SEC company_tickers_exchange,1.0,mapped_exact_normalized
USA,CARTER BANK & TRUST,,,,0.0,needs_review
USA,CEDAR REALTY TRUST,CDR-PB,"CEDAR REALTY TRUST, INC.",SEC company_tickers_exchange,1.0,mapped_exact_normalized
USA,CHUY'S HOLDINGS,,,,0.0,needs_review
USA,CIRCOR INTERNATIONAL,,,,0.0,needs_review
USA,CONN'S,,,,0.0,needs_review
USA,CONSOL ENERGY (NEW),,,,0.0,needs_review
USA,COOPER STANDARD HOLDING,CPS,Cooper-Standard Holdings Inc.,SEC company_tickers_exchange,1.0,mapped_exact_normalized
USA,COREPOINT LODGING,,,,0.0,needs_review
USA,CURO GROUP HOLDINGS CORP,,,,0.0,needs_review
USA,CYCLERION THERAPEUTICS,CYCN,"Cyclerion Therapeutics, Inc.",SEC company_tickers_exchange,1.0,mapped_exact_normalized
USA,DEL TACO RESTAURANTS,,,,0.0,needs_review
USA,DONNELLEY FIN SOLUTIONS,,,,0.0,needs_review
USA,EMERALD HOLDING,EEX,"Emerald Holding, Inc.",SEC company_tickers_exchange,1.0,mapped_exact_normalized
USA,ENTERCOM COMMU CORP,,,,0.0,needs_review
USA,EXANTAS CAPITAL CORP,,,,0.0,needs_review
USA,EXTERRAN CORP,,,,0.0,needs_review
USA,FARMER BROS CO,,,,0.0,needs_review
USA,FUNKO A,FNKO,"Funko, Inc.",SEC company_tickers_exchange,1.0,mapped_exact_normalized
USA,GAMCO INVESTORS A,,,,0.0,needs_review
USA,GOGO INC,GOGO,Gogo Inc.,SEC company_tickers_exchange,1.0,mapped_exact_normalized
USA,GOLDEN ENTERTAINMENT,,,,0.0,needs_review
USA,GRAN TIERRA ENERGY,GTE,GRAN TIERRA ENERGY INC.,SEC company_tickers_exchange,1.0,mapped_exact_normalized
USA,GREEN PLAINS,GPRE,Green Plains Inc.,SEC company_tickers_exchange,1.0,mapped_exact_normalized
USA,GREENHILL & CO,,,,0.0,needs_review
USA,HAMILTON BEACH BRANDS A,HBB,Hamilton Beach Brands Holding Co,SEC company_tickers_exchange,1.0,mapped_exact_normalized
USA,HERSHA HOSPITALITY TRUST,,,,0.0,needs_review
USA,HOUGHTON MIFFLIN,,,,0.0,needs_review
USA,KOPPERS HOLDINGS INC,KOP,Koppers Holdings Inc.,SEC company_tickers_exchange,1.0,mapped_exact_normalized
USA,LAREDO PETROLEUM,,,,0.0,needs_review
USA,LUMBER LIQUIDATORS,,,,0.0,needs_review
USA,LYDALL,,,,0.0,needs_review
USA,MASTERCRAFT BOAT HLDGS,,,,0.0,needs_review
USA,MODINE MANUFACTURING CO,MOD,MODINE MANUFACTURING CO,SEC company_tickers_exchange,1.0,mapped_exact_normalized
USA,MOTORCAR PART OF AMERICA,,,,0.0,needs_review
USA,NABORS INDUSTRIES,NBR,NABORS INDUSTRIES LTD,SEC company_tickers_exchange,1.0,mapped_exact_normalized
USA,NACCO INDUSTRIES A (NEW),NC,NACCO INDUSTRIES INC,SEC company_tickers_exchange,1.0,mapped_exact_normalized
USA,NEW SENIOR INV GRP,,,,0.0,needs_review
USA,NEWPARK RESOURCES,,,,0.0,needs_review
USA,OASIS PETROLEUM,,,,0.0,needs_review
USA,ON DECK CAPITAL,,,,0.0,needs_review
USA,PARTY CITY HOLDCO,,,,0.0,needs_review
USA,PENNEY (J C) COMPANY,,,,0.0,needs_review
USA,PENNSYLVANIA REIT,,,,0.0,needs_review
USA,PZENA INVESTMENT MGMT A,,,,0.0,needs_review
USA,QUAD GRAPHICS A,QUAD,"Quad/Graphics, Inc.",SEC company_tickers_exchange,1.0,mapped_exact_normalized
USA,RAYONIER ADV MATERIALS,,,,0.0,needs_review
USA,RED ROBIN GOURMET BURGER,,,,0.0,needs_review
USA,RETAIL VALUE,,,,0.0,needs_review
USA,SM ENERGY,SM,SM Energy Co,SEC company_tickers_exchange,1.0,mapped_exact_normalized
USA,SOLID BIOSCIENCES INC,SLDB,Solid Biosciences Inc.,SEC company_tickers_exchange,1.0,mapped_exact_normalized
USA,TEAM,TISI,TEAM INC,SEC company_tickers_exchange,1.0,mapped_exact_normalized
USA,TIMKENSTEEL CORP,,,,0.0,needs_review
USA,TITAN MACHINERY,TITN,Titan Machinery Inc.,SEC company_tickers_exchange,1.0,mapped_exact_normalized
USA,UNIFI,UFI,UNIFI INC,SEC company_tickers_exchange,1.0,mapped_exact_normalized
USA,UNIVERSAL LOGIS HLDGS,,,,0.0,needs_review
USA,VALARIS A,VAL,Valaris Ltd,SEC company_tickers_exchange,1.0,mapped_exact_normalized
USA,VENATOR MATERIALS,,,,0.0,needs_review
USA,VERA BRADLEY,VRA,"Vera Bradley, Inc.",SEC company_tickers_exchange,1.0,mapped_exact_normalized
USA,VSE CORP,VSEC,VSE CORP,SEC company_tickers_exchange,1.0,mapped_exact_normalized
USA,WASHINGTON PRIME GROUP,,,,0.0,needs_review
USA,WESTERN ASSET MTG CPTL,,,,0.0,needs_review
TAIWAN,ADLINK TECHNOLOGY,6166,ADLINK,FinLab company_basic_info:英文簡稱,0.9253,verified_tw_reference_fuzzy
TAIWAN,ASROCK,3515,ASROCK,FinLab company_basic_info:英文簡稱,1.0,mapped_exact_normalized
TAIWAN,GLOBAL LIGHTING TECH,4935,Global Lighting Technologies Inc.,Round7 current-code discovery: Yahoo Finance search matched `Global Lighting Technologies Inc.`/4935.TW; code exists in TWSE/TPEx/FinLab Taiwan reference universe. Local refs: GLT | 茂林-KY | 茂林光電科技(開曼)股份有限公司,1.0000,verified_tw_current_round7
TAIWAN,HOTAI FINANCE,6592,HOTAI FINANCE,FinLab company_basic_info:英文簡稱,1.0,mapped_exact_normalized
TAIWAN,INNODISK CORP,5289,Innodisk,FinLab company_basic_info:英文簡稱,1.0,mapped_exact_normalized
TAIWAN,LITE-ON SEMICONDUCTOR,5305,Lite-On Semiconductor Corp. / 敦南,Round8 Yahoo/Google historical quote: Lite-On Semiconductor 5305.TW; delisted,0.99,verified_tw_historical_round8
TAIWAN,MARKETECH INTL CORP,6196,Marketech International Corp. / 帆宣,Round8 Yahoo Finance query: Marketech International -> 6196.TW,0.99,verified_tw_yahoo_google_round8
TAIWAN,TAISUN ENTERPRISE CO,1218,TAISUN,FinLab company_basic_info:英文簡稱,0.9253,verified_tw_reference_fuzzy
TAIWAN,QST INTERNATIONAL CORP,8349,QST International Corp.,Round7 current-code discovery: Yahoo Finance search matched `QST International Corp.`/8349.TWO; code exists in TWSE/TPEx/FinLab Taiwan reference universe. Local refs: QST | 恒耀國際 | 恒耀國際股份有限公司,1.0000,verified_tw_current_round7
USA,ACADEMY SPORTS & OUTDOOR,,,,0.0,needs_review
USA,ADAPTHEALTH A,AHCO,AdaptHealth Corp.,SEC company_tickers_exchange,1.0,mapped_exact_normalized
USA,ALIGOS THERAPEUTICS,ALGS,"Aligos Therapeutics, Inc.",SEC company_tickers_exchange,1.0,mapped_exact_normalized
USA,ALLEGRO MICROSYSTEMS,ALGM,"ALLEGRO MICROSYSTEMS, INC.",SEC company_tickers_exchange,1.0,mapped_exact_normalized
USA,AMERICAN WELL CORP,AMWL,American Well Corp,SEC company_tickers_exchange,1.0,mapped_exact_normalized
USA,APPHARVEST,,,,0.0,needs_review
USA,APRIA,,,,0.0,needs_review
USA,ARRAY TECHNOLOGIES,ARRY,"Array Technologies, Inc.",SEC company_tickers_exchange,1.0,mapped_exact_normalized
USA,ASPIRA WOMENS HEALTH,,,,0.0,needs_review
USA,ATEA PHARMACEUTICALS,AVIR,"Atea Pharmaceuticals, Inc.",SEC company_tickers_exchange,1.0,mapped_exact_normalized
USA,AUDACY,,,,0.0,needs_review
USA,AVID BIOSERVICES,,,,0.0,needs_review
USA,AVID TECHNOLOGY,,,,0.0,needs_review
USA,BIOATLA,BCAB,"BioAtla, Inc.",SEC company_tickers_exchange,1.0,mapped_exact_normalized
USA,BIONANO GENOMICS,BNGO,"Bionano Genomics, Inc.",SEC company_tickers_exchange,1.0,mapped_exact_normalized
USA,BLINK CHARGING,BLNK,Blink Charging Co.,SEC company_tickers_exchange,1.0,mapped_exact_normalized
USA,BOLT BIOTHERAPEUTICS,BOLT,"Bolt Biotherapeutics, Inc.",SEC company_tickers_exchange,1.0,mapped_exact_normalized
USA,BROADSTONE NET LEASE A,BNL,"Broadstone Net Lease, Inc.",SEC company_tickers_exchange,1.0,mapped_exact_normalized
USA,BTRS HOLDINGS,,,,0.0,needs_review
USA,C3 AI A,AI,"C3.ai, Inc.",SEC company_tickers_exchange,1.0,mapped_exact_normalized
USA,C4 THERAPEUTICS,CCCC,"C4 Therapeutics, Inc.",SEC company_tickers_exchange,1.0,mapped_exact_normalized
USA,CAMBIUM NETWORKS,CMBMF,Cambium Networks Corp,SEC company_tickers_exchange,1.0,mapped_exact_normalized
USA,CANOO,,,,0.0,needs_review
USA,CARLOTZ A,,,,0.0,needs_review
USA,CEREVEL THERAP HLDGS,,,,0.0,needs_review
USA,CERTARA,CERT,"Certara, Inc.",SEC company_tickers_exchange,1.0,mapped_exact_normalized
USA,CHIMERIX,CMRX,"Chimerix, Inc.",web_verified_round2:https://ir.chimerix.com/?field_nir_sec_form_group_target_id%5B476%5D=476&field_nir_sec_date_filed_value=&items_per_page=50&promote=All&mobile=1&field_nir_event_start_date_value_2=now&sort_order=ASC&field_nir_event_start_date_value_1=-8%20hours&field_nir_sec_cik_target_id=&items_per_page_toggle=1&order=field_nir_sec_description&sort=asc&&&page=2%2C0%2C0,0.98,verified_us_web_high_confidence
USA,CONTANGO OIL & GAS CO,,,,0.0,needs_review
USA,CORSAIR GAMING,CRSR,"Corsair Gaming, Inc.",SEC company_tickers_exchange,1.0,mapped_exact_normalized
USA,CULLINAN MANAGEMENT,,,,0.0,needs_review
USA,CURIOSITYSTREAM A,CURI,CuriosityStream Inc.,SEC company_tickers_exchange,1.0,mapped_exact_normalized
USA,DANIMER SCIENTIFIC INC A,,,,0.0,needs_review
USA,DENBURY,,,,0.0,needs_review
USA,DERMTECH,,,,0.0,needs_review
USA,DRIVEN BRANDS HOLDINGS,DRVN,Driven Brands Holdings Inc.,SEC company_tickers_exchange,1.0,mapped_exact_normalized
USA,DUCK CREEK TECHNOLOGIES,,,,0.0,needs_review
USA,DYNE THERAPEUTICS,DYN,"Dyne Therapeutics, Inc.",SEC company_tickers_exchange,1.0,mapped_exact_normalized
USA,E2OPEN PARENT HOLDINGS A,,,,0.0,needs_review
USA,EARGO,,,,0.0,needs_review
USA,EASTERN BANKSHARES,EBC,"Eastern Bankshares, Inc.",SEC company_tickers_exchange,1.0,mapped_exact_normalized
USA,ESSA PHARMA,,,,0.0,needs_review
USA,ESTABLISHMENT LABS HLDGS,,,,0.0,needs_review
USA,EXTRACTION OIL GAS,,,,0.0,needs_review
USA,GAN (US),,,,0.0,needs_review
USA,GRID DYNAMICS,GDYN,"GRID DYNAMICS HOLDINGS, INC.",SEC company_tickers_exchange,1.0,mapped_exact_normalized
USA,HARMONY BIOSCIENCES,HRMY,"Harmony Biosciences Holdings, Inc.",SEC company_tickers_exchange,1.0,mapped_exact_normalized
USA,HIMS & HERS HEALTH A,HIMS,"Hims & Hers Health, Inc.",SEC company_tickers_exchange,1.0,mapped_exact_normalized
USA,HUMANIGEN,,,,0.0,needs_review
USA,HYDROFARM HOLDINGS,HYFM,"HYDROFARM HOLDINGS GROUP, INC.",SEC company_tickers_exchange,1.0,mapped_exact_normalized
USA,HYLIION,HYLN,Hyliion Holdings Corp.,SEC company_tickers_exchange,1.0,mapped_exact_normalized
USA,I3 VERTICALS A,IIIV,"i3 Verticals, Inc.",SEC company_tickers_exchange,1.0,mapped_exact_normalized
USA,IDEANOMICS,,,,0.0,needs_review
USA,JAMF HOLDING CORP,,,,0.0,needs_review
USA,JFROG LTD,FROG,JFrog Ltd,SEC company_tickers_exchange,1.0,mapped_exact_normalized
USA,JOINT (THE),JYNT,JOINT Corp,SEC company_tickers_exchange,1.0,mapped_exact_normalized
USA,KINNATE BIOPHARMA,,,,0.0,needs_review
USA,KRONOS BIO,,,,0.0,needs_review
USA,LUMINAR TECHNOLOGIES A,,,,0.0,needs_review
USA,MARATHON DIGITAL HLDGS,,,,0.0,needs_review
USA,MARAVAI LIFESCIENCES A,MRVI,"MARAVAI LIFESCIENCES HOLDINGS, INC.",SEC company_tickers_exchange,1.0,mapped_exact_normalized
USA,MARCUS CORP (THE),MCS,MARCUS CORP,SEC company_tickers_exchange,1.0,mapped_exact_normalized
USA,MCAFEE A,,,,0.0,needs_review
USA,MEDIAALPHA A,MAX,"MediaAlpha, Inc.",SEC company_tickers_exchange,1.0,mapped_exact_normalized
USA,METROMILE,,,,0.0,needs_review
USA,MICROVISION,MVIS,"MICROVISION, INC.",SEC company_tickers_exchange,1.0,mapped_exact_normalized
USA,MIMEDX GROUP,MDXG,"MIMEDX GROUP, INC.",SEC company_tickers_exchange,1.0,mapped_exact_normalized
USA,MISSION PRODUCE,AVO,"Mission Produce, Inc.",SEC company_tickers_exchange,1.0,mapped_exact_normalized
USA,MOHAWK GROUP HOLDINGS,,,,0.0,needs_review
USA,MP MATERIALS A,MP,MP Materials Corp. Common Stock,NasdaqTrader otherlisted,1.0,mapped_exact_normalized
USA,NCINO,NCNO,"nCino, Inc.",SEC company_tickers_exchange,1.0,mapped_exact_normalized
USA,NETSTREIT,NTST,NETSTREIT Corp.,SEC company_tickers_exchange,1.0,mapped_exact_normalized
USA,NUVATION BIO A,NUVB,Nuvation Bio Inc.,SEC company_tickers_exchange,1.0,mapped_exact_normalized
USA,ON24,,,,0.0,needs_review
USA,OPENDOOR TECHNOLOGIES,OPEN,Opendoor Technologies Inc.,SEC company_tickers_exchange,1.0,mapped_exact_normalized
USA,ORTHO CLINICAL DIAG HLDG,,,,0.0,needs_review
USA,OUTSET MEDICAL,OM,"Outset Medical, Inc.",SEC company_tickers_exchange,1.0,mapped_exact_normalized
USA,PACTIV EVERGREEN,,,,0.0,needs_review
USA,PAYA HOLDINGS,,,,0.0,needs_review
USA,PETCO HEALTH A,,,,0.0,needs_review
USA,PLBY GROUP,,,,0.0,needs_review
USA,PMV PHARMACEUTICALS,PMVP,"PMV Pharmaceuticals, Inc.",SEC company_tickers_exchange,1.0,mapped_exact_normalized
USA,POSHMARK A,,,,0.0,needs_review
USA,PRAXIS PRECISION MED,,,,0.0,needs_review
USA,PRELUDE THERAPEUTICS,PRLD,Prelude Therapeutics Inc,SEC company_tickers_exchange,1.0,mapped_exact_normalized
USA,PUBMATIC A,PUBM,"PubMatic, Inc.",SEC company_tickers_exchange,1.0,mapped_exact_normalized
USA,PULMONX,LUNG,Pulmonx Corp,SEC company_tickers_exchange,1.0,mapped_exact_normalized
USA,RADIUS GLOBAL INFRA,,,,0.0,needs_review
USA,REKOR SYSTEMS,REKR,"Rekor Systems, Inc.",SEC company_tickers_exchange,1.0,mapped_exact_normalized
USA,REYNOLDS CONSUMER PRDCTS,,,,0.0,needs_review
USA,RIMINI STREET,RMNI,"Rimini Street, Inc.",SEC company_tickers_exchange,1.0,mapped_exact_normalized
USA,RIOT BLOCKCHAIN,,,,0.0,needs_review
USA,ROMEO POWER,,,,0.0,needs_review
USA,SEER A,SEER,"Seer, Inc.",SEC company_tickers_exchange,1.0,mapped_exact_normalized
USA,SENSEONICS HOLDINGS INC,SENS,"Senseonics Holdings, Inc.",SEC company_tickers_exchange,1.0,mapped_exact_normalized
USA,SHATTUCK LABS,STTK,"Shattuck Labs, Inc.",SEC company_tickers_exchange,1.0,mapped_exact_normalized
USA,SHOALS TECHNOLOGIES A,SHLS,"Shoals Technologies Group, Inc.",SEC company_tickers_exchange,1.0,mapped_exact_normalized
USA,SIGNIFY HEALTH A,,,,0.0,needs_review
USA,SILVERBACK THERAPEUTICS,,,,0.0,needs_review
USA,SILVERGATE CAPITAL A,,,,0.0,needs_review
USA,SOTERA HEALTH COMPANY,SHC,Sotera Health Co,SEC company_tickers_exchange,1.0,mapped_exact_normalized
USA,STEPSTONE GROUP A,STEP,StepStone Group Inc.,SEC company_tickers_exchange,1.0,mapped_exact_normalized
USA,SUTRO BIOPHARMA,STRO,"SUTRO BIOPHARMA, INC.",SEC company_tickers_exchange,1.0,mapped_exact_normalized
USA,TAYSHA GENE THERAPIES,TSHA,"Taysha Gene Therapies, Inc.",SEC company_tickers_exchange,1.0,mapped_exact_normalized
USA,TELOS CORP,TLS,TELOS CORP,SEC company_tickers_exchange,1.0,mapped_exact_normalized
USA,TRANSMEDICS GROUP,TMDX,"TransMedics Group, Inc.",SEC company_tickers_exchange,1.0,mapped_exact_normalized
USA,UWM HLDGS A,,,,0.0,needs_review
USA,VELODYNE LIDAR,,,,0.0,needs_review
USA,VERITIV,,,,0.0,needs_review
USA,VERITONE,VERI,"Veritone, Inc.",SEC company_tickers_exchange,1.0,mapped_exact_normalized
USA,VERU,VERU,VERU INC.,SEC company_tickers_exchange,1.0,mapped_exact_normalized
USA,VIR BIOTECHNOLOGY,VIR,"Vir Biotechnology, Inc.",SEC company_tickers_exchange,1.0,mapped_exact_normalized
USA,VIVINT SMART HOME A,,,,0.0,needs_review
USA,VUZIX CORP,VUZI,Vuzix Corp,SEC company_tickers_exchange,1.0,mapped_exact_normalized
USA,XL FLEET,,,,0.0,needs_review
USA,ZOMEDICA,ZOMDF,Zomedica Corp.,SEC company_tickers_exchange,1.0,mapped_exact_normalized
USA,ACUTUS MEDICAL,,,,0.0,needs_review
USA,ASSEMBLY BIOSCIENCES,ASMB,"ASSEMBLY BIOSCIENCES, INC.",SEC company_tickers_exchange,1.0,mapped_exact_normalized
USA,ASSOCIATED CAPITAL GRP A,,,,0.0,needs_review
USA,CITIZENS A,CIA,"CITIZENS, INC.",SEC company_tickers_exchange,1.0,mapped_exact_normalized
USA,GTT COMMUNICATIONS,,,,0.0,needs_review
USA,ITEOS THERAPEUTICS,,,,0.0,needs_review
USA,PROSIGHT GLOBAL,,,,0.0,needs_review
USA,TRICIDA,,,,0.0,needs_review
USA,VOYAGER THERAPEUTICS,VYGR,"Voyager Therapeutics, Inc.",SEC company_tickers_exchange,1.0,mapped_exact_normalized
USA,WAVE LIFE SCIENCES,WVE,Wave Life Sciences Ltd.,SEC company_tickers_exchange,1.0,mapped_exact_normalized
TAIWAN,AMPACS,6743,AMPACS,FinLab company_basic_info:英文簡稱,1.0,mapped_exact_normalized
TAIWAN,ASIA POLYMER,1308,Asia Polymer Corporation,Round7 current-code discovery: Yahoo Finance search matched `Asia Polymer Corporation`/1308.TW; code exists in TWSE/TPEx/FinLab Taiwan reference universe. Local refs: APC | 亞洲聚合股份有限公司 | 亞聚,1.0000,verified_tw_current_round7
TAIWAN,CHANG WAH ELECTROMTRLS,8070,CHANG WAH,FinLab company_basic_info:英文簡稱,0.9309,verified_tw_reference_fuzzy
TAIWAN,CHUN YUAN STEEL,2010,CHUN YUAN STEEL,FinLab company_basic_info:英文簡稱,1.0,mapped_exact_normalized
TAIWAN,DYNAPACK INTL TECH,3211,Dynapack,FinLab company_basic_info:英文簡稱,0.9344,verified_tw_reference_fuzzy
TAIWAN,EIRGENIX,6589,EirGenix,FinLab company_basic_info:英文簡稱,1.0,mapped_exact_normalized
TAIWAN,EPISIL TECHNOLOGIES,3707,EPISIL,FinLab company_basic_info:英文簡稱,0.9216,verified_tw_reference_fuzzy
TAIWAN,FITIPOWER INTEGRATED,4961,FITIPOWER,FinLab company_basic_info:英文簡稱,0.935,verified_tw_reference_fuzzy
TAIWAN,FOCALTECH SYSTEMS CO,3545,FocalTech,FinLab company_basic_info:英文簡稱,0.9429,verified_tw_reference_fuzzy
TAIWAN,GLOBAL BRANDS MANUFACT,6191,Global Brands Manufacture Ltd.,Round7 current-code discovery: Yahoo Finance search matched `Global Brands Manufacture Ltd.`/6191.TW; code exists in TWSE/TPEx/FinLab Taiwan reference universe. Local refs: GBM | 精成科 | 精成科技股份有限公司,1.0000,verified_tw_current_round7
TAIWAN,HIWIN MIKROSYSTEM CORP,2049,HIWIN,FinLab company_basic_info:英文簡稱,0.9194,verified_tw_reference_fuzzy
TAIWAN,ITE TECHNOLOGY,3014,ITE Tech. Inc. / 聯陽,Round8 Yahoo Finance query: ITE Technology Taiwan stock -> 3014.TW,0.99,verified_tw_yahoo_google_round8
TAIWAN,SONIX TECHNOLOGY CO,5471,SONIX,FinLab company_basic_info:英文簡稱,0.9213,verified_tw_reference_fuzzy
TAIWAN,SUNPLUS TECHNOLOGY CO,2401,SUNPLUS,FinLab company_basic_info:英文簡稱,0.9289,verified_tw_reference_fuzzy
TAIWAN,TAITA CHEMICAL,1309,"Taita Chemical Company, Limited","Round7 current-code discovery: Yahoo Finance search matched `Taita Chemical Company, Limited`/1309.TW; code exists in TWSE/TPEx/FinLab Taiwan reference universe. Local refs: TTC | 台達化 | 台達化學工業股份有限公司",1.0000,verified_tw_current_round7
TAIWAN,TUNG THIH ELECTRONIC CO,3552,TUNG THIH,FinLab company_basic_info:英文簡稱,0.935,verified_tw_reference_fuzzy
TAIWAN,UNIZYX HOLDING,3704,Unizyx Holding Corporation / 合勤控,Round8d web/Yahoo/Google evidence: Yahoo/CheckMan/CompanyInfoTW show Unizyx Holding Corporation stock symbol 3704.TW / code 3704.,0.95,verified_tw_yahoo_google_round8d
TAIWAN,VIA LABS,6756,"VIA Labs, Inc.","Round7 current-code discovery: Yahoo Finance search matched `VIA Labs, Inc.`/6756.TW; code exists in TWSE/TPEx/FinLab Taiwan reference universe. Local refs: VLI | 威鋒電子 | 威鋒電子股份有限公司",1.0000,verified_tw_current_round7
TAIWAN,NIDEC CHAUN CHOUNG TECH,6230,Nidec Chaun-Choung Technology Corporation,Round7 current-code discovery: Yahoo Finance search matched `Nidec Chaun-Choung Technology Corporation`/6230.TW; code exists in TWSE/TPEx/FinLab Taiwan reference universe. Local refs: NCCI | 尼得科超眾 | 尼得科超眾科技股份有限公司,1.0000,verified_tw_current_round7
USA,ADICET BIO,ACET,"Adicet Bio, Inc.",SEC company_tickers_exchange,1.0,mapped_exact_normalized
USA,ADTHEORENT HLDG CO A,,,,0.0,needs_review
USA,AERSALE CORP,ASLE,AerSale Corp,SEC company_tickers_exchange,1.0,mapped_exact_normalized
USA,AGILON HEALTH,AGL,"agilon health, inc.",SEC company_tickers_exchange,1.0,mapped_exact_normalized
USA,ALIGHT A,ALIT,"Alight, Inc. Class A Common Stock",NasdaqTrader otherlisted,1.0,mapped_exact_normalized
USA,ALLBIRDS A,BIRD,"Allbirds, Inc.",SEC company_tickers_exchange,1.0,mapped_exact_normalized
USA,ALTUS POWER A,,,,0.0,needs_review
USA,AMPLITUDE A,AMPL,"Amplitude, Inc.",SEC company_tickers_exchange,1.0,mapped_exact_normalized
USA,ARCHAEA ENERGY A,,,,0.0,needs_review
USA,ATAI LIFE SCIENCES,,,,0.0,needs_review
USA,AVIDXCHANGE HLDG,,,,0.0,needs_review
USA,BABCOCK & WILCOX ENT,,,,0.0,needs_review
USA,BENSON HILL,,,,0.0,needs_review
USA,BLADE AIR MOBILITY A,,,,0.0,needs_review
USA,BLUELINX HOLDINGS,BXC,BlueLinx Holdings Inc.,SEC company_tickers_exchange,1.0,mapped_exact_normalized
USA,BLUEROCK RESIDENTIAL A,,,,0.0,needs_review
USA,BOWLERO CORP A,,,,0.0,needs_review
USA,BOXED,,,,0.0,needs_review
USA,BRAZE A,BRZE,"Braze, Inc.",SEC company_tickers_exchange,1.0,mapped_exact_normalized
USA,BRC A,RILY,"BRC Group Holdings, Inc.",SEC company_tickers_exchange,1.0,mapped_exact_normalized
USA,CADRE HOLDINGS,CDRE,"Cadre Holdings, Inc.",SEC company_tickers_exchange,1.0,mapped_exact_normalized
USA,CAREMAX A,,,,0.0,needs_review
USA,CCC INTELLIGENT SOLUTION,,,,0.0,needs_review
USA,CHINOOK THERAPEUTICS,,,,0.0,needs_review
USA,CINCOR PHARMA,,,,0.0,needs_review
USA,CLEARWATER ANALYTICS,CWAN,"Clearwater Analytics Holdings, Inc.",SEC company_tickers_exchange,1.0,mapped_exact_normalized
USA,COMPASS A,COMP,"Compass, Inc.",SEC company_tickers_exchange,1.0,mapped_exact_normalized
USA,CYXTERA TECH A,,,,0.0,needs_review
USA,DATTO HOLDING,,,,0.0,needs_review
USA,DEFINITIVE HEALTHCARE A,DH,Definitive Healthcare Corp.,SEC company_tickers_exchange,1.0,mapped_exact_normalized
USA,DICE THERAPEUTICS,,,,0.0,needs_review
USA,DIVERSEY HOLDINGS,,,,0.0,needs_review
USA,DOCGO,DCGO,DocGo Inc.,SEC company_tickers_exchange,1.0,mapped_exact_normalized
USA,DOUBLEVERIFY HLDGS,,,,0.0,needs_review
USA,DUTCH BROS A,BROS,Dutch Bros Inc.,SEC company_tickers_exchange,1.0,mapped_exact_normalized
USA,EAGLE BULK SHIPPING,,,,0.0,needs_review
USA,EARTHSTONE ENERGY,,,,0.0,needs_review
USA,EMBARK TECHNOLOGY A,,,,0.0,needs_review
USA,ENACT HOLDINGS,ACT,"Enact Holdings, Inc.",SEC company_tickers_exchange,1.0,mapped_exact_normalized
USA,ENDEAVOR GROUP HLDGS,,,,0.0,needs_review
USA,ENFUSION A,,,,0.0,needs_review
USA,EQRX,,,,0.0,needs_review
USA,ESS TECH,GWH,"ESS Tech, Inc.",SEC company_tickers_exchange,1.0,mapped_exact_normalized
USA,EVERCOMMERCE,EVCM,EverCommerce Inc.,SEC company_tickers_exchange,1.0,mapped_exact_normalized
USA,EVGO A,EVGO,EVgo Inc.,SEC company_tickers_exchange,1.0,mapped_exact_normalized
USA,EXPENSIFY A,EXFY,"Expensify, Inc.",SEC company_tickers_exchange,1.0,mapped_exact_normalized
USA,FARMLAND PARTNERS,FPI,Farmland Partners Inc.,SEC company_tickers_exchange,1.0,mapped_exact_normalized
USA,FLYWIRE,FLYW,Flywire Corp,SEC company_tickers_exchange,1.0,mapped_exact_normalized
USA,FRESHWORKS A,FRSH,Freshworks Inc.,SEC company_tickers_exchange,1.0,mapped_exact_normalized
USA,GINKGO BIOWORKS A,DNA,"Ginkgo Bioworks Holdings, Inc.",SEC company_tickers_exchange,1.0,mapped_exact_normalized
USA,GITLAB A,GTLB,Gitlab Inc.,SEC company_tickers_exchange,1.0,mapped_exact_normalized
USA,GOODRX HOLDINGS A,GDRX,"GoodRx Holdings, Inc.",SEC company_tickers_exchange,1.0,mapped_exact_normalized
USA,HAGERTY A,HGTY,"Hagerty, Inc.",SEC company_tickers_exchange,1.0,mapped_exact_normalized
USA,HERTZ GLOBAL HOLDINGS,HTZ,"HERTZ GLOBAL HOLDINGS, INC",SEC company_tickers_exchange,1.0,mapped_exact_normalized
USA,INDUS REALTY TRUST,,,,0.0,needs_review
USA,INFORMATICA A,,,,0.0,needs_review
USA,INVENTRUST PROPERTIES,IVT,InvenTrust Properties Corp.,SEC company_tickers_exchange,1.0,mapped_exact_normalized
USA,JACKSON FINANCIAL,JXN,Jackson Financial Inc.,SEC company_tickers_exchange,1.0,mapped_exact_normalized
USA,KEZAR LIFE SCIENCES,KZR,"Kezar Life Sciences, Inc.",SEC company_tickers_exchange,1.0,mapped_exact_normalized
USA,KIMBELL ROYALTY PARTNERS,KRP,"Kimbell Royalty Partners, LP",SEC company_tickers_exchange,1.0,mapped_exact_normalized
USA,KINETIK HOLDINGS A,KNTK,Kinetik Holdings Inc.,SEC company_tickers_exchange,1.0,mapped_exact_normalized
USA,LIFE TIME GROUP HOLDINGS,LTH,"Life Time Group Holdings, Inc.",SEC company_tickers_exchange,1.0,mapped_exact_normalized
USA,LIGHTWAVE LOGIC,LWLG,"Lightwave Logic, Inc.",SEC company_tickers_exchange,1.0,mapped_exact_normalized
USA,LOCAL BOUNTI,LOCL,Local Bounti Corporation Common Stock,NasdaqTrader otherlisted,1.0,mapped_exact_normalized
USA,MARQETA A,MQ,"Marqeta, Inc.",SEC company_tickers_exchange,1.0,mapped_exact_normalized
USA,MATTERPORT A,,,,0.0,needs_review
USA,MIRION TECHNOLOGIES A,MIR,"Mirion Technologies, Inc.",SEC company_tickers_exchange,1.0,mapped_exact_normalized
USA,MIRUM PHARMACEUTICALS,MIRM,"Mirum Pharmaceuticals, Inc.",SEC company_tickers_exchange,1.0,mapped_exact_normalized
USA,MONTAUK RENEWABLES,MNTK,"Montauk Renewables, Inc.",SEC company_tickers_exchange,1.0,mapped_exact_normalized
USA,NEXTDECADE,NEXT,NextDecade Corp,SEC company_tickers_exchange,1.0,mapped_exact_normalized
USA,NEXTDOOR HOLDINGS A,NXDR,"Nextdoor Holdings, Inc.",SEC company_tickers_exchange,1.0,mapped_exact_normalized
USA,OFFERPAD SOLUTIONS A,OPAD,Offerpad Solutions Inc.,SEC company_tickers_exchange,1.0,mapped_exact_normalized
USA,OLD SECOND BANCORP,OSBC,OLD SECOND BANCORP INC,SEC company_tickers_exchange,1.0,mapped_exact_normalized
USA,PARAGON 28,,,,0.0,needs_review
USA,PAYCOR HCM,,,,0.0,needs_review
USA,PERIMETER SOLUTIONS,PRM,"Perimeter Solutions, Inc.",SEC company_tickers_exchange,1.0,mapped_exact_normalized
USA,PLANET LABS A,,,,0.0,needs_review
USA,PORTILLO'S A,PTLO,Portillo's Inc.,SEC company_tickers_exchange,1.0,mapped_exact_normalized
USA,PREFERRED APT CMNTY,,,,0.0,needs_review
USA,PROCEPT BIOROBOTICS,PRCT,PROCEPT BioRobotics Corp,SEC company_tickers_exchange,1.0,mapped_exact_normalized
USA,PROCORE TECHNOLOGIES,PCOR,"PROCORE TECHNOLOGIES, INC.",SEC company_tickers_exchange,1.0,mapped_exact_normalized
USA,RAMACO RESOURCES,METC,"Ramaco Resources, Inc.",SEC company_tickers_exchange,1.0,mapped_exact_normalized
USA,RANGER OIL A,,,,0.0,needs_review
USA,RCI HOSPITALITY HOLDINGS,RICK,"RCI HOSPITALITY HOLDINGS, INC.",SEC company_tickers_exchange,1.0,mapped_exact_normalized
USA,REMITLY GLOBAL,RELY,"Remitly Global, Inc.",SEC company_tickers_exchange,1.0,mapped_exact_normalized
USA,ROIVANT SCIENCES,ROIV,Roivant Sciences Ltd.,SEC company_tickers_exchange,1.0,mapped_exact_normalized
USA,SEMRUSH HOLDINGS A,,,,0.0,needs_review
USA,SES AI A,SES,SES AI Corp,SEC company_tickers_exchange,1.0,mapped_exact_normalized
USA,SIERRA ONCOLOGY,,,,0.0,needs_review
USA,SILVERBOW RESOURCES,,,,0.0,needs_review
USA,SMARTRENT A,SMRT,"SmartRent, Inc.",SEC company_tickers_exchange,1.0,mapped_exact_normalized
USA,SOLID POWER,SLDP,"Solid Power, Inc.",SEC company_tickers_exchange,1.0,mapped_exact_normalized
USA,SOMALOGIC A,,,,0.0,needs_review
USA,SOVOS BRANDS,,,,0.0,needs_review
USA,SQUARESPACE A,,,,0.0,needs_review
USA,STERLING CHECK CORP,,,,0.0,needs_review
USA,SUMO LOGIC,,,,0.0,needs_review
USA,TARGET HOSPITALITY CORP,TH,Target Hospitality Corp.,SEC company_tickers_exchange,1.0,mapped_exact_normalized
USA,TITAN INTERNATIONAL,TWI,TITAN INTERNATIONAL INC,SEC company_tickers_exchange,1.0,mapped_exact_normalized
USA,TPG A,TPG,TPG Inc.,SEC company_tickers_exchange,1.0,mapped_exact_normalized
USA,VELO3D,VELO,"Velo3D, Inc.",SEC company_tickers_exchange,1.0,mapped_exact_normalized
USA,VINTAGE WINE ESTATES,,,,0.0,needs_review
USA,VIRIDIAN THERAPEUTICS,VRDN,"Viridian Therapeutics, Inc.  - Common Stock",NasdaqTrader nasdaqlisted,1.0,mapped_exact_normalized
USA,VIVID SEATS A,SEAT,Vivid Seats Inc.,SEC company_tickers_exchange,1.0,mapped_exact_normalized
USA,WARBY PARKER A,WRBY,Warby Parker Inc.,SEC company_tickers_exchange,1.0,mapped_exact_normalized
USA,WEWORK A,,,,0.0,needs_review
USA,WHITESTONE REIT,WSR,Whitestone REIT,SEC company_tickers_exchange,1.0,mapped_exact_normalized
USA,ZETA GLOBAL HOLDINGS A,ZETA,Zeta Global Holdings Corp.,SEC company_tickers_exchange,1.0,mapped_exact_normalized
USA,ALAUNOS THERAPEUTICS,TCRT,"Alaunos Therapeutics, Inc.",SEC company_tickers_exchange,1.0,mapped_exact_normalized
USA,ALLAKOS,,,,0.0,needs_review
USA,APPLIED MOLECULAR TRANS,,,,0.0,needs_review
USA,BERKSHIRE GREY A,,,,0.0,needs_review
USA,BLUEBIRD BIO,,,,0.0,needs_review
USA,ELECTRIC LAST MILE SOLN,,,,0.0,needs_review
USA,EPIZYME INC,,,,0.0,needs_review
USA,G1 THERAPEUTICS,,,,0.0,needs_review
USA,GATOS SILVER,,,,0.0,needs_review
USA,GOHEALTH A,GOCO,"GoHealth, Inc.",SEC company_tickers_exchange,1.0,mapped_exact_normalized
USA,GOLDEN NUGGET ONLINE A,,,,0.0,needs_review
USA,HOMOLOGY MEDICINES,,,,0.0,needs_review
USA,KIMBALL INTERNATIONAL B,,,,0.0,needs_review
USA,MOMENTUS A,MNTS,Momentus Inc.,SEC company_tickers_exchange,1.0,mapped_exact_normalized
USA,OCULAR THERAPEUTIX,OCUL,"OCULAR THERAPEUTIX, INC",SEC company_tickers_exchange,1.0,mapped_exact_normalized
USA,OMEROS CORP,OMER,OMEROS CORP,SEC company_tickers_exchange,1.0,mapped_exact_normalized
USA,ORAMED PHARMACEUTICALS,ORMP,ORAMED PHARMACEUTICALS INC.,SEC company_tickers_exchange,1.0,mapped_exact_normalized
USA,PLIANT THERAPEUTICS,PLRX,"PLIANT THERAPEUTICS, INC.",SEC company_tickers_exchange,1.0,mapped_exact_normalized
USA,SKYWATER TECH,,,,0.0,needs_review
USA,SPIRE GLOBAL A,SPIR,"Spire Global, Inc.",SEC company_tickers_exchange,1.0,mapped_exact_normalized
USA,STANDARD BIOTOOLS,LAB,STANDARD BIOTOOLS INC.,SEC company_tickers_exchange,1.0,mapped_exact_normalized
USA,VIEW A,,,,0.0,needs_review
USA,VROOM,VRM,"Vroom, Inc.",SEC company_tickers_exchange,1.0,mapped_exact_normalized
TAIWAN,ALLIED SUPREME CORP,4702,ALLIED,FinLab company_basic_info:英文簡稱,0.9329,verified_tw_reference_fuzzy
TAIWAN,EVERGREEN STEEL,2211,Evergreen Steel Corp.,Round7 current-code discovery: Yahoo Finance search matched `Evergreen Steel Corp.`/2211.TW; code exists in TWSE/TPEx/FinLab Taiwan reference universe. Local refs: EGST | 長榮鋼 | 長榮鋼鐵股份有限公司,1.0000,verified_tw_current_round7
TAIWAN,GENESYS LOGIC,6104,"Genesys Logic, Inc.","Round7 current-code discovery: Yahoo Finance search matched `Genesys Logic, Inc.`/6104.TWO; code exists in TWSE/TPEx/FinLab Taiwan reference universe. Local refs: GLI | 創惟 | 創惟科技股份有限公司",1.0000,verified_tw_current_round7
TAIWAN,KINIK COMPANY,1560,KINIK,FinLab company_basic_info:英文簡稱,1.0,mapped_exact_normalized
TAIWAN,LIAN HWA FOODS,1231,Lian Hwa Foods,FinLab company_basic_info:英文簡稱,1.0,mapped_exact_normalized
TAIWAN,OPTOTECH CORP,2340,Opto Tech Corporation / 台亞,Round8 Yahoo Finance query: Opto Tech Corporation Taiwan stock -> 2340.TW,0.99,verified_tw_yahoo_google_round8
TAIWAN,RAYDIUM SEMICONDUCTOR,3592,Raydium,FinLab company_basic_info:英文簡稱,0.9233,verified_tw_reference_fuzzy
TAIWAN,RUENTEX ENGR & CONST,2597,"Ruentex Engineering & Construction Co., Ltd. / 潤弘",Round8b Yahoo Finance search: Ruentex Engineering Construction -> 2597.TW.,0.98,verified_tw_yahoo_round8b
TAIWAN,SAN FU CHEMICAL,4755,SAN FU,FinLab company_basic_info:英文簡稱,0.93,verified_tw_reference_fuzzy
TAIWAN,UPI SEMICONDUCTOR CORP,6719,uPI Semiconductor Corp.,Round7 current-code discovery: Yahoo Finance search matched `uPI Semiconductor Corp.`/6719.TW; code exists in TWSE/TPEx/FinLab Taiwan reference universe. Local refs: uPI | 力智 | 力智電子股份有限公司,1.0000,verified_tw_current_round7
TAIWAN,JIH SUN FINANCIAL,5820,"Jih Sun Financial Holding Co., Ltd. / 日盛金","Round8 TPEx official delisted table + Yahoo/Google: Jih Sun Financial 5820, delisted after Fubon merger",0.99,verified_tw_historical_round8
USA,89BIO,,,,0.0,needs_review
USA,ALDEYRA THERAPEUTICS,ALDX,"Aldeyra Therapeutics, Inc.",SEC company_tickers_exchange,1.0,mapped_exact_normalized
USA,ALVARIUM TIEDEMANN HLD A,,,,0.0,needs_review
USA,AMYLYX PHARMACEUTICALS,AMLX,"Amylyx Pharmaceuticals, Inc.",SEC company_tickers_exchange,1.0,mapped_exact_normalized
USA,ARS PHARMACEUTICALS,SPRY,"ARS Pharmaceuticals, Inc.",SEC company_tickers_exchange,1.0,mapped_exact_normalized
USA,ASTRONICS CORP,ATRO,ASTRONICS CORP,SEC company_tickers_exchange,1.0,mapped_exact_normalized
USA,CUSTOM TRUCK ONE SOURCE,CTOS,"Custom Truck One Source, Inc.",SEC company_tickers_exchange,1.0,mapped_exact_normalized
USA,DAY ONE BIOPHARMA,,,,0.0,needs_review
USA,ENGAGESMART,,,,0.0,needs_review
USA,ENLIVEN THERAPEUTICS,ELVN,"Enliven Therapeutics, Inc.",SEC company_tickers_exchange,1.0,mapped_exact_normalized
USA,ENTRAVISION COMMU A,,,,0.0,needs_review
USA,GARRETT MOTION,GTX,Garrett Motion Inc.,SEC company_tickers_exchange,1.0,mapped_exact_normalized
USA,HARROW HEALTH,,,,0.0,needs_review
USA,INTEGRAL AD SCIENCE HLDG,,,,0.0,needs_review
USA,LEGACY HOUSING,LEGH,Legacy Housing Corp,SEC company_tickers_exchange,1.0,mapped_exact_normalized
USA,LEGALZOOM.COM,LZ,"LEGALZOOM.COM, INC.",SEC company_tickers_exchange,1.0,mapped_exact_normalized
USA,LIFESTANCE HEALTH GROUP,LFST,"LifeStance Health Group, Inc.",SEC company_tickers_exchange,1.0,mapped_exact_normalized
USA,LYELL IMMUNOPHARMA,LYEL,"Lyell Immunopharma, Inc.",SEC company_tickers_exchange,1.0,mapped_exact_normalized
USA,NERDWALLET A,NRDS,"NERDWALLET, INC.",SEC company_tickers_exchange,1.0,mapped_exact_normalized
USA,NEXTRACKER A,,,,0.0,needs_review
USA,OLAPLEX HOLDINGS,OLPX,"OLAPLEX HOLDINGS, INC.",SEC company_tickers_exchange,1.0,mapped_exact_normalized
USA,PREFORMED LINE PRODUCTS,PLPC,PREFORMED LINE PRODUCTS CO,SEC company_tickers_exchange,1.0,mapped_exact_normalized
USA,RILEY EXPLORATION,,,,0.0,needs_review
USA,SHARECARE,,,,0.0,needs_review
USA,SKYWARD SPECIALTY INS,,,,0.0,needs_review
USA,SOUNDHOUND AI,SOUN,"SOUNDHOUND AI, INC.",SEC company_tickers_exchange,1.0,mapped_exact_normalized
USA,SUMMIT THERAPEUTICS (US),SMMT,Summit Therapeutics Inc.,SEC company_tickers_exchange,1.0,mapped_exact_normalized
USA,THOUGHTWORKS HOLDING,,,,0.0,needs_review
USA,UDEMY,UDMY,"Udemy, Inc.",SEC company_tickers_exchange,1.0,mapped_exact_normalized
USA,VIZIO HOLDING CORP A,,,,0.0,needs_review
USA,AMNEAL PHARMACEUTICALS,AMRX,"Amneal Pharmaceuticals, Inc.",SEC company_tickers_exchange,1.0,mapped_exact_normalized
USA,BIG LOTS,,,,0.0,needs_review
USA,BRIDGEWATER BANCSHARES,BWB,Bridgewater Bancshares Inc,SEC company_tickers_exchange,1.0,mapped_exact_normalized
USA,CARIBOU BIOSCIENCES,CRBU,"Caribou Biosciences, Inc.",SEC company_tickers_exchange,1.0,mapped_exact_normalized
USA,CARPARTS.COM,PRTS,"CarParts.com, Inc.",SEC company_tickers_exchange,1.0,mapped_exact_normalized
USA,CASA SYSTEMS,,,,0.0,needs_review
USA,CHARGE ENTERPRISES,,,,0.0,needs_review
USA,CITY OFFICE REIT,,,,0.0,needs_review
USA,COMTECH TELECOM,,,,0.0,needs_review
USA,CONTEXTLOGIC A,LOGC,ContextLogic Holdings Inc.,SEC company_tickers_exchange,1.0,mapped_exact_normalized
USA,DOUGLAS ELLIMAN,DOUG,Douglas Elliman Inc.,SEC company_tickers_exchange,1.0,mapped_exact_normalized
USA,ESPERION THERAPEUTICS,ESPR,"Esperion Therapeutics, Inc.",SEC company_tickers_exchange,1.0,mapped_exact_normalized
USA,FIRST OF LONG ISLAND,,,,0.0,needs_review
USA,FULCRUM THERAPEUTICS,FULC,"Fulcrum Therapeutics, Inc.",SEC company_tickers_exchange,1.0,mapped_exact_normalized
USA,GRANITE POINT MTG TRUST,,,,0.0,needs_review
USA,HERON THERAPEUTICS,HRTX,"Heron Therapeutics, Inc.   - Common Stock",NasdaqTrader nasdaqlisted,1.0,mapped_exact_normalized
USA,HYZON MOTORS A,,,,0.0,needs_review
USA,LATHAM GRP,,,,0.0,needs_review
USA,META MATERIALS,,,,0.0,needs_review
USA,PRECIGEN,PGEN,"PRECIGEN, INC.",SEC company_tickers_exchange,1.0,mapped_exact_normalized
USA,PROTERRA,,,,0.0,needs_review
USA,PURPLE INNOVATION A,PRPL,"Purple Innovation, Inc.",SEC company_tickers_exchange,1.0,mapped_exact_normalized
USA,SANGAMO THERAPEUTICS,SGMO,"SANGAMO THERAPEUTICS, INC",SEC company_tickers_exchange,1.0,mapped_exact_normalized
USA,SURMODICS,,,,0.0,needs_review
USA,TREDEGAR CORP,TG,TREDEGAR CORP,SEC company_tickers_exchange,1.0,mapped_exact_normalized
USA,TUTOR PERINI,TPC,TUTOR PERINI CORP,SEC company_tickers_exchange,1.0,mapped_exact_normalized
USA,WORKHOUSE GROUP,,,,0.0,needs_review
TAIWAN,PAN GERMAN UNIVERSAL,2247,Pan German Universal Motors Ltd.,Round7 current-code discovery: Yahoo Finance search matched `Pan German Universal Motors Ltd.`/2247.TW; code exists in TWSE/TPEx/FinLab Taiwan reference universe. Local refs: PGUM | 汎德永業 | 汎德永業汽車股份有限公司,1.0000,verified_tw_current_round7
TAIWAN,PHIHONG TECHNOLOGY CO,2457,PHIHONG,FinLab company_basic_info:英文簡稱,0.9289,verified_tw_reference_fuzzy
TAIWAN,WINWAY TECHNOLOGY,6515,WinWay,FinLab company_basic_info:英文簡稱,0.9253,verified_tw_reference_fuzzy
TAIWAN,WOWPRIME,2727,WOWPRIME,FinLab company_basic_info:英文簡稱,1.0,mapped_exact_normalized
TAIWAN,YANKEY ENGINEERING,6691,YANKEY,FinLab company_basic_info:英文簡稱,0.9233,verified_tw_reference_fuzzy
TAIWAN,AURORA CORP,2373,Aurora,FinLab company_basic_info:英文簡稱,1.0,mapped_exact_normalized
USA,AMERICAN HEALTHCARE REIT,AHR,"American Healthcare REIT, Inc.",SEC company_tickers_exchange,1.0,mapped_exact_normalized
USA,BRIGHTSPRING HLTH SRVICS,,,,0.0,needs_review
USA,CG ONCOLOGY,CGON,"CG Oncology, Inc.",SEC company_tickers_exchange,1.0,mapped_exact_normalized
USA,FTAI INFRASTRUCTURE,FIP,FTAI Infrastructure Inc.,SEC company_tickers_exchange,1.0,mapped_exact_normalized
USA,HUT 8 (US),HUT,Hut 8 Corp.,SEC company_tickers_exchange,1.0,mapped_exact_normalized
USA,LAZARD,LAZ,"Lazard, Inc.",SEC company_tickers_exchange,1.0,mapped_exact_normalized
USA,MAPLEBEAR,CART,Maplebear Inc.,SEC company_tickers_exchange,1.0,mapped_exact_normalized
USA,MIND MEDICINE,,,,0.0,needs_review
USA,MONEYLION A,,,,0.0,needs_review
USA,NEWAMSTERDAM PHARMA (US),,,,0.0,needs_review
USA,NURIX THERAPEUTICS,NRIX,"Nurix Therapeutics, Inc.",SEC company_tickers_exchange,1.0,mapped_exact_normalized
USA,ROOT A,ROOT,"Root, Inc.",SEC company_tickers_exchange,1.0,mapped_exact_normalized
USA,RUMBLE A,RUM,Rumble Inc.,SEC company_tickers_exchange,1.0,mapped_exact_normalized
USA,SABLE OFFSHORE,SOC,Sable Offshore Corp.,SEC company_tickers_exchange,1.0,mapped_exact_normalized
USA,SILK ROAD MEDICAL,,,,0.0,needs_review
USA,STOKE THERAPEUTICS,STOK,"Stoke Therapeutics, Inc.",SEC company_tickers_exchange,1.0,mapped_exact_normalized
USA,UNIVERSAL TECHNICAL INST,,,,0.0,needs_review
USA,23ANDME HOLDING A,,,,0.0,needs_review
USA,AEHR TEST SYSTEMS,AEHR,AEHR TEST SYSTEMS,SEC company_tickers_exchange,1.0,mapped_exact_normalized
USA,ALTI GLOBAL A,ALTI,"AlTi Global, Inc.",SEC company_tickers_exchange,1.0,mapped_exact_normalized
USA,AMERICAN SOFTWARE A,,,,0.0,needs_review
USA,ARTESIAN RESOURCES A,ARTNA,ARTESIAN RESOURCES CORP,SEC company_tickers_exchange,1.0,mapped_exact_normalized
USA,CONCRETE PUMPING HLDGS,,,,0.0,needs_review
USA,CONSENSUS CLOUD SOLUTION,,,,0.0,needs_review
USA,DIGITAL TURBINE,APPS,"Digital Turbine, Inc.",SEC company_tickers_exchange,1.0,mapped_exact_normalized
USA,DMC GLOBAL,BOOM,DMC Global Inc.,SEC company_tickers_exchange,1.0,mapped_exact_normalized
USA,FLUSHING FINANCIAL CORP,FFIC,FLUSHING FINANCIAL CORP,SEC company_tickers_exchange,1.0,mapped_exact_normalized
USA,FORGE GLOBAL HLDGS,,,,0.0,needs_review
USA,FORRESTER RESEARCH,FORR,"FORRESTER RESEARCH, INC.",SEC company_tickers_exchange,1.0,mapped_exact_normalized
USA,GENESCO,GCO,GENESCO INC,SEC company_tickers_exchange,1.0,mapped_exact_normalized
USA,GOPRO A,GPRO,"GoPro, Inc.",SEC company_tickers_exchange,1.0,mapped_exact_normalized
USA,HEALTH CATALYST,HCAT,"Health Catalyst, Inc.",SEC company_tickers_exchange,1.0,mapped_exact_normalized
USA,HINGHAM INSTITUTION,,,,0.0,needs_review
USA,IHEARTMEDIA A,IHRT,"iHeartMedia, Inc.",SEC company_tickers_exchange,1.0,mapped_exact_normalized
USA,IROBOT CORP,,,,0.0,needs_review
USA,JAMES RIVER GROUP HLDG,,,,0.0,needs_review
USA,MEDIFAST,MED,MEDIFAST INC,SEC company_tickers_exchange,1.0,mapped_exact_normalized
USA,MID PENN BANCORP,MPB,MID PENN BANCORP INC,SEC company_tickers_exchange,1.0,mapped_exact_normalized
USA,MIDWESTONE FIN GRP (NEW),,,,0.0,needs_review
USA,MODIVCARE,,,,0.0,needs_review
USA,PAM TRANSPORTATION SVCS,,,,0.0,needs_review
USA,PIEDMONT LITHIUM (US),,,,0.0,needs_review
USA,SHYFT GROUP (THE),,,,0.0,needs_review
USA,SMARTFINANCIAL,SMBK,SMARTFINANCIAL INC.,SEC company_tickers_exchange,1.0,mapped_exact_normalized
USA,SPIRIT AIRLINES,,,,0.0,needs_review
USA,STEM,STEM,"STEM, INC.",SEC company_tickers_exchange,1.0,mapped_exact_normalized
USA,TRUEBLUE,TBI,"TrueBlue, Inc.",SEC company_tickers_exchange,1.0,mapped_exact_normalized
USA,ZUMIEZ,ZUMZ,Zumiez Inc,SEC company_tickers_exchange,1.0,mapped_exact_normalized
TAIWAN,ADVANCETEK ENTERPRISE CO,1442,ADVANCETEK,FinLab company_basic_info:英文簡稱,0.9376,verified_tw_reference_fuzzy
TAIWAN,ALAR PHARMACEUTICALS,6785,Alar Pharmaceuticals Inc.,Round7 current-code discovery: Yahoo Finance search matched `Alar Pharmaceuticals Inc.`/6785.TWO; code exists in TWSE/TPEx/FinLab Taiwan reference universe. Local refs: Alar | 昱展新藥 | 昱展新藥生技股份有限公司,1.0000,verified_tw_current_round7
TAIWAN,C SUN MANUFACTURING,2467,C SUN,FinLab company_basic_info:英文簡稱,0.9163,verified_tw_reference_fuzzy
TAIWAN,CROWELL DEVELOPMENT,2528,CROWELL,FinLab company_basic_info:英文簡稱,0.9268,verified_tw_reference_fuzzy
TAIWAN,DA-LI CONSTRUCTION,6177,DA-LI CO.LTD.,FinLab company_basic_info:英文簡稱,0.9178,verified_tw_reference_fuzzy
TAIWAN,FOSITEK,6805,Fositek,FinLab company_basic_info:英文簡稱,1.0,mapped_exact_normalized
TAIWAN,GFC,4506,GFC,FinLab company_basic_info:英文簡稱,1.0,mapped_exact_normalized
TAIWAN,HD RENEWABLE ENERGY,6873,"HD Renewable Energy Co., Ltd.","Round7 current-code discovery: Yahoo Finance search matched `HD Renewable Energy Co., Ltd.`/6873.TW; code exists in TWSE/TPEx/FinLab Taiwan reference universe. Local refs: HDRE | 泓德能源 | 泓德能源科技股份有限公司",1.0000,verified_tw_current_round7
TAIWAN,HIYES INTERNATIONAL,2348,Hiyes,FinLab company_basic_info:英文簡稱,0.9163,verified_tw_reference_fuzzy
TAIWAN,HUA ENG WIRE & CABLE CO.,1608,"Hua Eng Wire & Cable Co., Ltd.","Round7 current-code discovery: Yahoo Finance search matched `Hua Eng Wire & Cable Co., Ltd.`/1608.TW; code exists in TWSE/TPEx/FinLab Taiwan reference universe. Local refs: HE | 華榮 | 華榮電線電纜股份有限公司",1.0000,verified_tw_current_round7
TAIWAN,MATERIALS ANALYSIS TECH,3587,Materials Analysis Technology Inc.,Round7 current-code discovery: Yahoo Finance search matched `Materials Analysis Technology Inc.`/3587.TWO; code exists in TWSE/TPEx/FinLab Taiwan reference universe. Local refs: MA-tek | 閎康 | 閎康科技股份有限公司,1.0000,verified_tw_current_round7
TAIWAN,PROMATE ELECTRONIC CO,6189,Promate,FinLab company_basic_info:英文簡稱,0.9289,verified_tw_reference_fuzzy
TAIWAN,SCIENTECH CORP,3583,Scientech,FinLab company_basic_info:英文簡稱,1.0,mapped_exact_normalized
TAIWAN,TAIWAN SAKURA CORP,9911,TAIWAN SAKURA,FinLab company_basic_info:英文簡稱,1.0,mapped_exact_normalized
TAIWAN,YUANTA FUTURES,6023,Yuanta Futures,FinLab company_basic_info:英文簡稱,1.0,mapped_exact_normalized
TAIWAN,AMAZING MICROELECTRONIC,6411,Amazing,FinLab company_basic_info:英文簡稱,0.9204,verified_tw_reference_fuzzy
TAIWAN,APEX INTERNATIONAL,4927,"Apex International Co., Ltd.",Round7 official historical delisted source: TPEx EN deListed official delist_date=2015-09-08,1.0000,verified_tw_historical_round7
TAIWAN,CHINA GENERAL PLASTICS,1305,China General Plastics Corporation,Round7 current-code discovery: Yahoo Finance search matched `China General Plastics Corporation`/1305.TW; code exists in TWSE/TPEx/FinLab Taiwan reference universe. Local refs: CGPC | 華夏 | 華夏海灣塑膠股份有限公司,1.0000,verified_tw_current_round7
TAIWAN,EVERLIGHT CHEMICAL,1711,Everlight Chemical Industrial Corporation,Round7 current-code discovery: Yahoo Finance search matched `Everlight Chemical Industrial Corporation`/1711.TW; code exists in TWSE/TPEx/FinLab Taiwan reference universe. Local refs: EVERLIGHT | 永光 | 臺灣永光化學工業股份有限公司,1.0000,verified_tw_current_round7
TAIWAN,SPEED TECH CORP,5457,SPEED TECH,FinLab company_basic_info:英文簡稱,1.0,mapped_exact_normalized
TAIWAN,ST SHINE OPTICAL CO LTD,1565,St.Shine,FinLab company_basic_info:英文簡稱,0.94,verified_tw_reference_fuzzy
TAIWAN,WEI CHUAN FOOD,1201,WEI CHUAN,FinLab company_basic_info:英文簡稱,0.9543,verified_tw_reference_fuzzy
USA,ABACUS GLOBAL MGMT A,,,,0.0,needs_review
USA,ACUREN CORP,,,,0.0,needs_review
USA,ALLY FINANCIAL,ALLY,Ally Financial Inc.,SEC company_tickers_exchange,1.0,mapped_exact_normalized
USA,BURFORD CAP (US),,,,0.0,needs_review
USA,CARMAX,KMX,CARMAX INC,SEC company_tickers_exchange,1.0,mapped_exact_normalized
USA,CONSTELLIUM SE (US),CSTM,CONSTELLIUM SE,SEC company_tickers_exchange,1.0,mapped_exact_normalized
USA,DAYFORCE,,,,0.0,needs_review
USA,FORTUNE BRANDS INNOV,,,,0.0,needs_review
USA,FRANKLIN RESOURCES,BEN,FRANKLIN RESOURCES INC,SEC company_tickers_exchange,1.0,mapped_exact_normalized
USA,GUARDIAN PHARMACY SVCS A,,,,0.0,needs_review
USA,HOST HOTELS & RESORTS,HST,"HOST HOTELS & RESORTS, INC.",SEC company_tickers_exchange,1.0,mapped_exact_normalized
USA,INTERPUBLIC GROUP OF COS,,,,0.0,needs_review
USA,KARMAN HLDGS,,,,0.0,needs_review
USA,METSERA,,,,0.0,needs_review
USA,MGM RESORTS INTL,,,,0.0,needs_review
USA,MINERALYS THERAPEUTICS,MLYS,"Mineralys Therapeutics, Inc.",SEC company_tickers_exchange,1.0,mapped_exact_normalized
USA,MOBILEYE GLOBAL,MBLY,Mobileye Global Inc.,SEC company_tickers_exchange,1.0,mapped_exact_normalized
USA,NUTEX HEALTH,NUTX,Nutex Health Inc.,SEC company_tickers_exchange,1.0,mapped_exact_normalized
USA,ORCHID ISLAND CAPITAL,ORC,"Orchid Island Capital, Inc.",SEC company_tickers_exchange,1.0,mapped_exact_normalized
USA,SEADRILL LTD (HAMILTON),SDRL,Seadrill Ltd,SEC company_tickers_exchange,1.0,mapped_exact_normalized
USA,STANLEY BLACK & DECKER,SWK,"STANLEY BLACK & DECKER, INC.",SEC company_tickers_exchange,1.0,mapped_exact_normalized
USA,TEMPUS AI A,TEM,"Tempus AI, Inc.",SEC company_tickers_exchange,1.0,mapped_exact_normalized
USA,VIATRIS,VTRS,Viatris Inc,SEC company_tickers_exchange,1.0,mapped_exact_normalized
USA,WALGREENS BOOTS ALLIANCE,,,,0.0,needs_review
USA,WYNN RESORTS,WYNN,WYNN RESORTS LTD,SEC company_tickers_exchange,1.0,mapped_exact_normalized
USA,ACCO BRANDS,ACCO,ACCO BRANDS Corp,SEC company_tickers_exchange,1.0,mapped_exact_normalized
USA,AMBAC FINANCIAL GRP,,,,0.0,needs_review
USA,BIGCOMMERCE HOLDINGS 1,,,,0.0,needs_review
USA,CHARGEPOINT HOLDINGS,CHPT,"ChargePoint Holdings, Inc.",SEC company_tickers_exchange,1.0,mapped_exact_normalized
USA,CLAROS MORTGAGE TRUST,CMTG,"Claros Mortgage Trust, Inc.",SEC company_tickers_exchange,1.0,mapped_exact_normalized
USA,CLEARFIELD,CLFD,"Clearfield, Inc.",SEC company_tickers_exchange,1.0,mapped_exact_normalized
USA,CLEARWATER PAPER,CLW,Clearwater Paper Corp,SEC company_tickers_exchange,1.0,mapped_exact_normalized
USA,COLUMBUS MCKINNON CORP,CMCO,COLUMBUS MCKINNON CORP,SEC company_tickers_exchange,1.0,mapped_exact_normalized
USA,CONDUENT,CNDT,CONDUENT Inc,SEC company_tickers_exchange,1.0,mapped_exact_normalized
USA,ENTRADA THERAPEUTICS,TRDA,"Entrada Therapeutics, Inc.",SEC company_tickers_exchange,1.0,mapped_exact_normalized
USA,GREEN DOT CORP A,GDOT,GREEN DOT CORP,SEC company_tickers_exchange,1.0,mapped_exact_normalized
USA,HARBORONE BANCORP,,,,0.0,needs_review
USA,INTL MONEY EXPRESS,,,,0.0,needs_review
USA,KEARNY FINANCIAL,KRNY,Kearny Financial Corp.,SEC company_tickers_exchange,1.0,mapped_exact_normalized
USA,KELLY SERVICES A,KELYA,KELLY SERVICES INC,SEC company_tickers_exchange,1.0,mapped_exact_normalized
USA,KIMBALL ELECTRONICS,KE,"Kimball Electronics, Inc.",SEC company_tickers_exchange,1.0,mapped_exact_normalized
USA,LUCKY STRIKE ENTMT A,,,,0.0,needs_review
USA,MATIV,MATV,"Mativ Holdings, Inc.",SEC company_tickers_exchange,1.0,mapped_exact_normalized
USA,OPEN LENDING,LPRO,Open Lending Corp,SEC company_tickers_exchange,1.0,mapped_exact_normalized
USA,RAPPORT THERAPEUTICS,RAPP,"Rapport Therapeutics, Inc.",SEC company_tickers_exchange,1.0,mapped_exact_normalized
USA,REPAY HOLDINGS A,RPAY,Repay Holdings Corp,SEC company_tickers_exchange,1.0,mapped_exact_normalized
USA,TETRA TECHNOLOGIES,TTI,TETRA TECHNOLOGIES INC,SEC company_tickers_exchange,1.0,mapped_exact_normalized
USA,VAALCO ENERGY,EGY,"VAALCO Energy, Inc.  Common Stock",NasdaqTrader otherlisted,1.0,mapped_exact_normalized
USA,VAREX IMAGING CORP,VREX,Varex Imaging Corp,SEC company_tickers_exchange,1.0,mapped_exact_normalized
TAIWAN,ECHEM SOLUTIONS,4749,"Advanced Echem Materials Co., formerly eChem Solutions Corp. / 泓德能源? AEMC","Round8c web/Yahoo/Google evidence: MarketScreener/CreditRiskMonitor say Advanced Echem Materials 4749, formerly eChem Solutions Corp.",0.95,verified_tw_yahoo_google_round8c
TAIWAN,EZCONN,6442,EZconn,FinLab company_basic_info:英文簡稱,1.0,mapped_exact_normalized
TAIWAN,TAIWAN SPECIALITY CHEM,4772,Taiwan Speciality Chemicals Corporation,Round7 current-code discovery: Yahoo Finance search matched `Taiwan Speciality Chemicals Corporation`/4772.TWO; code exists in TWSE/TPEx/FinLab Taiwan reference universe. Local refs: TSC | 台灣特品化學股份有限公司 | 台特化,1.0000,verified_tw_current_round7
TAIWAN,DIAMOND BIOFUND,6901,DIAMOND BIOFUND,FinLab company_basic_info:英文簡稱,1.0,mapped_exact_normalized
TAIWAN,DYNAMIC HOLDING,3715,Dynamic Holding,FinLab company_basic_info:英文簡稱,1.0,mapped_exact_normalized
TAIWAN,GALLANT PREC MACHINING,5443,"Gallant Precision Machining Co., Ltd. / 均豪",Round8b Yahoo Finance search: Gallant Precision Machining -> 5443.TWO.,0.98,verified_tw_yahoo_round8b
TAIWAN,KMC (KUEI MENG) INTL,5306,KMC (Kuei Meng) International Inc. / 桂盟,Round8 TPEx official delisted table/Yahoo: KMC 5306,0.99,verified_tw_historical_round8
TAIWAN,LONGCHEN PAPER & PAC CO,1909,"Longchen Paper & Packaging Co., Ltd.","Round7 current-code discovery: Yahoo Finance search matched `Longchen Paper & Packaging Co., Ltd.`/1909.TW; code exists in TWSE/TPEx/FinLab Taiwan reference universe. Local refs: Longchen P&P | 榮成 | 榮成紙業股份有限公司",1.0000,verified_tw_current_round7
TAIWAN,NAMCHOW HOLDINGS CO,1702,NAMCHOW,FinLab company_basic_info:英文簡稱,1.0,mapped_exact_normalized
TAIWAN,NANTEX INDUSTRY CO,2108,NANTEX,FinLab company_basic_info:英文簡稱,0.93,verified_tw_reference_fuzzy
TAIWAN,RICHWAVE TECHNOLOGY,4968,Richwave,FinLab company_basic_info:英文簡稱,0.9321,verified_tw_reference_fuzzy
TAIWAN,SDI CORPORATION,2351,SDI,FinLab company_basic_info:英文簡稱,1.0,mapped_exact_normalized
TAIWAN,SKYTECH,6937,Skytech,FinLab company_basic_info:英文簡稱,1.0,mapped_exact_normalized
TAIWAN,TAIWAN TEA CORP,2913,Taiwan Tea Corporation,Round7 current-code discovery: Yahoo Finance search matched `Taiwan Tea Corporation`/2913.TW; code exists in TWSE/TPEx/FinLab Taiwan reference universe. Local refs: TTC | 台灣農林股份有限公司 | 農林,1.0000,verified_tw_current_round7
TAIWAN,UNITED RENEWABLE ENERGY,3576,"United Renewable Energy Co., Ltd.","Round7 current-code discovery: Yahoo Finance search matched `United Renewable Energy Co., Ltd.`/3576.TW; code exists in TWSE/TPEx/FinLab Taiwan reference universe. Local refs: URE | 聯合再生 | 聯合再生能源股份有限公司",1.0000,verified_tw_current_round7
TAIWAN,ZYXEL GROUP CORP,3704,Zyxel Group,FinLab company_basic_info:英文簡稱,1.0,mapped_exact_normalized
USA,AMERICAN PUBLIC EDU,,,,0.0,needs_review
USA,ARTERIS,AIP,"Arteris, Inc.",SEC company_tickers_exchange,1.0,mapped_exact_normalized
USA,BEL FUSE A,BELFA,Bel Fuse Inc. - Class A Common Stock,NasdaqTrader nasdaqlisted,1.0,mapped_exact_normalized
USA,BETA TECHNOLOGIES,BETA,"BETA Technologies, Inc.",SEC company_tickers_exchange,1.0,mapped_exact_normalized
USA,BOB'S DISCOUNT FURN,,,,0.0,needs_review
USA,CHIME FINANCIAL A,CHYM,"Chime Financial, Inc.",SEC company_tickers_exchange,1.0,mapped_exact_normalized
USA,CNB FINANCIAL CORP,CCNE,CNB Financial Corporation - Common Stock,NasdaqTrader nasdaqlisted,1.0,mapped_exact_normalized
USA,CORVUS PHARMACEUTICALS,CRVS,"Corvus Pharmaceuticals, Inc.",SEC company_tickers_exchange,1.0,mapped_exact_normalized
USA,DAMORA THERAPEUTICS,DMRA,"Damora Therapeutics, Inc.",SEC company_tickers_exchange,1.0,mapped_exact_normalized
USA,EQUIPMENTSHARE.COM A,EQPT,EquipmentShare.com Inc,SEC company_tickers_exchange,1.0,mapped_exact_normalized
USA,EVOMMUNE,EVMN,"Evommune, Inc.",SEC company_tickers_exchange,1.0,mapped_exact_normalized
USA,FIGMA A,FIG,"Figma, Inc.",SEC company_tickers_exchange,1.0,mapped_exact_normalized
USA,FIGURE TECH SOLUTIONS A,,,,0.0,needs_review
USA,FLOWCO HOLDINGS A,FLOC,Flowco Holdings Inc.,SEC company_tickers_exchange,1.0,mapped_exact_normalized
USA,FORGENT POWER SOLN A,,,,0.0,needs_review
USA,GRAHAM CORP,GHC,Graham Holdings Co,SEC company_tickers_exchange,1.0,mapped_exact_normalized
USA,INFLEQTION,INFQ,"Infleqtion, Inc.",SEC company_tickers_exchange,1.0,mapped_exact_normalized
USA,JADE BIOSCIENCES,JBIO,"Jade Biosciences, Inc.",SEC company_tickers_exchange,1.0,mapped_exact_normalized
USA,LB PHARMACEUTICALS,LBRX,LB PHARMACEUTICALS INC,SEC company_tickers_exchange,1.0,mapped_exact_normalized
USA,MAZE THERAPEUTICS,MAZE,"Maze Therapeutics, Inc.",SEC company_tickers_exchange,1.0,mapped_exact_normalized
USA,NATIONAL ENER SVCS,,,,0.0,needs_review
USA,NEWSMAX B,NMAX,Newsmax Inc.,SEC company_tickers_exchange,1.0,mapped_exact_normalized
USA,OPPENHEIMER HOLDINGS A,OPY,OPPENHEIMER HOLDINGS INC,SEC company_tickers_exchange,1.0,mapped_exact_normalized
USA,PATTERN GRP A,,,,0.0,needs_review
USA,SATELLOGIC A,SATL,Satellogic Inc.,SEC company_tickers_exchange,1.0,mapped_exact_normalized
USA,SELLAS LIFE SCIENCES GRP,,,,0.0,needs_review
USA,SIONNA THERAPEUTICS,SION,"Sionna Therapeutics, Inc.",SEC company_tickers_exchange,1.0,mapped_exact_normalized
USA,SOLV ENERGY A,MWH,"SOLV Energy, Inc.",SEC company_tickers_exchange,1.0,mapped_exact_normalized
USA,TAMBORAN RESOURCES(US),TBN,Tamboran Resources Corp,SEC company_tickers_exchange,1.0,mapped_exact_normalized
USA,VERADERMICS,MANE,"Veradermics, Inc",SEC company_tickers_exchange,1.0,mapped_exact_normalized
USA,VIA TRANSPORTATION A,VIA,"Via Transportation, Inc.",SEC company_tickers_exchange,1.0,mapped_exact_normalized
USA,WEALTHFRONT,WLTH,WEALTHFRONT CORP,SEC company_tickers_exchange,1.0,mapped_exact_normalized
USA,DOLE,DOLE,Dole plc,SEC company_tickers_exchange,1.0,mapped_exact_normalized
USA,AH REALTY TRUST,AHRT,"AH Realty Trust, Inc.",SEC company_tickers_exchange,1.0,mapped_exact_normalized
USA,AMERICAN BATTERY TECH,,,,0.0,needs_review
USA,FUBOTV A,FUBO,FuboTV Inc.,SEC company_tickers_exchange,1.0,mapped_exact_normalized
USA,FULGENT GENETICS,FLGT,"Fulgent Genetics, Inc.",SEC company_tickers_exchange,1.0,mapped_exact_normalized
USA,HACKETT GROUP,HCKT,"HACKETT GROUP, INC.",SEC company_tickers_exchange,1.0,mapped_exact_normalized
USA,INSTEEL INDUSTRIES,IIIN,INSTEEL INDUSTRIES INC,SEC company_tickers_exchange,1.0,mapped_exact_normalized
USA,KKR REAL EST FIN TRUST,,,,0.0,needs_review
USA,LENZ THERAPEUTICS,LENZ,"LENZ Therapeutics, Inc.",SEC company_tickers_exchange,1.0,mapped_exact_normalized
USA,RAPID7,RPD,"Rapid7, Inc.",SEC company_tickers_exchange,1.0,mapped_exact_normalized
USA,WHITEFIBER,WYFI,"WhiteFiber, Inc.",SEC company_tickers_exchange,1.0,mapped_exact_normalized
USA,YEXT,YEXT,"Yext, Inc.",SEC company_tickers_exchange,1.0,mapped_exact_normalized
TAIWAN,GALLANT MICRO MACHINING,6640,"Gallant Micro. Machining Co., LTD.","Round7 current-code discovery: Yahoo Finance search matched `Gallant Micro. Machining Co., LTD.`/6640.TWO; code exists in TWSE/TPEx/FinLab Taiwan reference universe. Local refs: GMM | 均華 | 均華精密工業股份有限公司",1.0000,verified_tw_current_round7
TAIWAN,GROUP UP INDUSTRIAL,6664,"Group Up Industrial Co., Ltd.","Round7 current-code discovery: Yahoo Finance search matched `Group Up Industrial Co., Ltd.`/6664.TWO; code exists in TWSE/TPEx/FinLab Taiwan reference universe. Local refs: Group Up | 群翊 | 群翊工業股份有限公司",1.0000,verified_tw_current_round7
TAIWAN,LELON ELECTRONICS CORP,2472,LELON,FinLab company_basic_info:英文簡稱,0.9194,verified_tw_reference_fuzzy
TAIWAN,TAIFLEX SCIENTIFIC,8039,TAIFLEX,FinLab company_basic_info:英文簡稱,0.9289,verified_tw_reference_fuzzy
TAIWAN,TAIWAN MICROLOOPS,6831,MICROLOOPS,FinLab company_basic_info:英文簡稱,0.9188,verified_tw_reference_fuzzy
TAIWAN,FULGENT SUN INTL HLDG,9802,Fulgent Sun,FinLab company_basic_info:英文簡稱,0.9424,verified_tw_reference_fuzzy
TAIWAN,HOTA INDUSTRIAL MFG CO,1536,"Hota Industrial Mfg. Co., Ltd.","Round7 current-code discovery: Yahoo Finance search matched `Hota Industrial Mfg. Co., Ltd.`/1536.TW; code exists in TWSE/TPEx/FinLab Taiwan reference universe. Local refs: HOTA | 和大 | 和大工業股份有限公司",1.0000,verified_tw_current_round7
TAIWAN,LUNG YEN CO,5530,LUNG YEN,FinLab company_basic_info:英文簡稱,1.0,mapped_exact_normalized
TAIWAN,POLARIS GROUP,6550,Polaris Group,Round7 current-code discovery: Yahoo Finance search matched `Polaris Group`/6550.TW; code exists in TWSE/TPEx/FinLab Taiwan reference universe. Local refs: PG | 北極星藥業-KY | 北極星藥業集團股份有限公司,1.0000,verified_tw_current_round7
TAIWAN,TAIWAN PAIHO,9938,TAIWAN PAIHO,FinLab company_basic_info:英文簡稱,1.0,mapped_exact_normalized
USA,3PAR,,,,0.0,needs_review
USA,AAON,AAON,"AAON, INC.",SEC company_tickers_exchange,1.0,mapped_exact_normalized
USA,AMERICAN NATIONAL INS,,,,0.0,needs_review
USA,AMERISAFE INC,AMSF,AMERISAFE INC,SEC company_tickers_exchange,1.0,mapped_exact_normalized
USA,CADENCE PHARMACEUTICALS,,,,0.0,needs_review
USA,CASS INFORMATION SYSTEMS,CASS,CASS INFORMATION SYSTEMS INC,SEC company_tickers_exchange,1.0,mapped_exact_normalized
USA,CASTLEPOINT HLDGS,,,,0.0,needs_review
USA,COHERENT,COHR,COHERENT CORP.,SEC company_tickers_exchange,1.0,mapped_exact_normalized
USA,COLFAX CORP,,,,0.0,needs_review
USA,COMPELLENT TECHNOLOGIES,,,,0.0,needs_review
USA,COMPUTER PROGRAMS & SYS,,,,0.0,needs_review
USA,CORNELL COS,,,,0.0,needs_review
USA,DANA HLDG CORP,,,,0.0,needs_review
USA,DIAMOND FOODS INC,,,,0.0,needs_review
USA,DXP ENTERPRISES,DXPE,DXP ENTERPRISES INC,SEC company_tickers_exchange,1.0,mapped_exact_normalized
USA,EBIX,,,,0.0,needs_review
USA,ENER1,,,,0.0,needs_review
USA,ENSIGN GROUP (THE),ENSG,"ENSIGN GROUP, INC",SEC company_tickers_exchange,1.0,mapped_exact_normalized
USA,EXACTECH,,,,0.0,needs_review
USA,FEDERAL MOGUL CORP A,,,,0.0,needs_review
USA,FINISH LINE A,,,,0.0,needs_review
USA,FURMANITE CORP,,,,0.0,needs_review
USA,G III APPAREL GROUP,GIII,"G-III Apparel Group, LTD. - Common Stock",NasdaqTrader nasdaqlisted,1.0,mapped_exact_normalized
USA,GENOPTIX,,,,0.0,needs_review
USA,GREAT LAKES DREDGE DOCK,,,,0.0,needs_review
USA,GREENLIGHT CAPITAL A,,,,0.0,needs_review
USA,GT SOLAR INTERNATIONAL,,,,0.0,needs_review
USA,HANGER ORTHOPEDIC GROUP,,,,0.0,needs_review
USA,HATTERAS FINL CORP,,,,0.0,needs_review
USA,IDENIX PHARMACEUTICALS,,,,0.0,needs_review
USA,IDERA PHARMA,,,,0.0,needs_review
USA,INNOPHOS HOLDINGS,,,,0.0,needs_review
USA,INTEGRAL SYSTEMS,,,,0.0,needs_review
USA,INTERNET BRANDS-CL A,,,,0.0,needs_review
USA,IPC THE HOSPITALIST,,,,0.0,needs_review
USA,K12,,,,0.0,needs_review
USA,K-TRON INTERNATIONAL,,,,0.0,needs_review
USA,LIFE SCIENCES RESEARCH,,,,0.0,needs_review
USA,MAINSOURCE FINANCIAL GRP,,,,0.0,needs_review
USA,MARTEN TRANSPORT,MRTN,MARTEN TRANSPORT LTD,SEC company_tickers_exchange,1.0,mapped_exact_normalized
USA,NAVISTAR INTERNATIONAL,,,,0.0,needs_review
USA,NETEZZA,,,,0.0,needs_review
USA,NETSCOUT SYSTEMS,NTCT,NETSCOUT SYSTEMS INC,SEC company_tickers_exchange,1.0,mapped_exact_normalized
USA,NPS PHARMACEUTICALS,,,,0.0,needs_review
USA,QUESTCOR PHARMACEUTICALS,,,,0.0,needs_review
USA,REX ENERGY CORP,,,,0.0,needs_review
USA,SCBT FINANCIAL CORP,,,,0.0,needs_review
USA,SEQUENOM,,,,0.0,needs_review
USA,SMART BALANCE,,,,0.0,needs_review
USA,SOUTHSIDE BANCSHARES,SBSI,SOUTHSIDE BANCSHARES INC,SEC company_tickers_exchange,1.0,mapped_exact_normalized
USA,STANDEX INTERNATIONAL,SXI,Standex International Corporation Common Stock,NasdaqTrader otherlisted,1.0,mapped_exact_normalized
USA,STAR SCIENTIFIC,,,,0.0,needs_review
USA,STEC,,,,0.0,needs_review
USA,SUFFOLK BANCORP,,,,0.0,needs_review
USA,SY BANCORP,,,,0.0,needs_review
USA,SYNTA PHARMACEUTICALS,,,,0.0,needs_review
USA,TERCICA,,,,0.0,needs_review
USA,TERREMARK WORLDWIDE,,,,0.0,needs_review
USA,UNION BANKSHARES CORP,UNB,UNION BANKSHARES INC,SEC company_tickers_exchange,1.0,mapped_exact_normalized
USA,UNIVERSAL TRUCKLOAD,,,,0.0,needs_review
USA,VIVUS,,,,0.0,needs_review
USA,VNUS MEDICAL TECH,,,,0.0,needs_review
USA,WESTFIELD FINANCIAL,,,,0.0,needs_review
USA,WEYCO GROUP,WEYS,WEYCO GROUP INC,SEC company_tickers_exchange,1.0,mapped_exact_normalized
USA,ABITIBIBOWATER,,,,0.0,needs_review
USA,ACACIA RSCH-TECH,,,,0.0,needs_review
USA,AIR TRANSPORT SERVICES,,,,0.0,needs_review
USA,ALESCO FINANCIAL,,,,0.0,needs_review
USA,ASTA FUNDING,,,,0.0,needs_review
USA,ASYST TECHNOLOGIES,,,,0.0,needs_review
USA,AVANEX CORP,,,,0.0,needs_review
USA,BANKATLANTIC BANCORP A,,,,0.0,needs_review
USA,BEARINGPOINT,,,,0.0,needs_review
USA,BOK FINANCIAL CORP,BOKF,BOK FINANCIAL CORP,SEC company_tickers_exchange,1.0,mapped_exact_normalized
USA,CELL GENESYS,,,,0.0,needs_review
USA,CITADEL BROADCASTING,,,,0.0,needs_review
USA,COMMERCIAL VEHICLE GRP,,,,0.0,needs_review
USA,CRYSTAL RIVER CAPITAL,,,,0.0,needs_review
USA,CUMULUS MEDIA A,CMLS,CUMULUS MEDIA INC,SEC company_tickers_exchange,1.0,mapped_exact_normalized
USA,DOLLAR THRIFTY AUTOMOT.,,,,0.0,needs_review
USA,DOWNEY FINANCIAL CORP,,,,0.0,needs_review
USA,ENTERCOM COMMUNI. CORP,,,,0.0,needs_review
USA,EVERGREEN ENERGY,,,,0.0,needs_review
USA,FEDERAL AGRICULT. MTG C,,,,0.0,needs_review
USA,FIRST STATE BANCORP,,,,0.0,needs_review
USA,FLEETWOOD ENTERPRISES,,,,0.0,needs_review
USA,GATEHOUSE MEDIA,,,,0.0,needs_review
USA,GRAMERCY CAPITAL CORP,,,,0.0,needs_review
USA,GRAY TELEVISION B,,,,0.0,needs_review
USA,GREAT WOLF RESORTS,,,,0.0,needs_review
USA,GRUBB & ELLIS CO,,,,0.0,needs_review
USA,JER INVESTORS TRUST,,,,0.0,needs_review
USA,LADENBURG THALMANN,,,,0.0,needs_review
USA,LCA-VISION,,,,0.0,needs_review
USA,LITHIA MOTORS A,LAD,LITHIA MOTORS INC,SEC company_tickers_exchange,1.0,mapped_exact_normalized
USA,MEDIS TECHNOLOGIES,,,,0.0,needs_review
USA,MIDWEST BANC HOLDINGS,,,,0.0,needs_review
USA,MONACO COACH CORP,,,,0.0,needs_review
USA,MTR GAMING GROUP,,,,0.0,needs_review
USA,NEXCEN BRANDS,,,,0.0,needs_review
USA,NEXTWAVE WIRELESS,,,,0.0,needs_review
USA,OPENWAVE SYSTEMS,,,,0.0,needs_review
USA,PACIFIC ETHANOL INC,,,,0.0,needs_review
USA,PHARMANET DEVELOPMENT,,,,0.0,needs_review
USA,PHOTRONICS,PLAB,PHOTRONICS INC,SEC company_tickers_exchange,1.0,mapped_exact_normalized
USA,PLAYBOY ENTERPRISES B,,,,0.0,needs_review
USA,PRIMEDIA (US),,,,0.0,needs_review
USA,PRIMUS GUARANTY,,,,0.0,needs_review
USA,PROVIDENCE SERVICE CORP,,,,0.0,needs_review
USA,R.H. DONNELLEY CORP,,,,0.0,needs_review
USA,REDDY ICE HOLDINGS INC,,,,0.0,needs_review
USA,SELECT COMFORT CORP,,,,0.0,needs_review
USA,SONIC SOLUTIONS,,,,0.0,needs_review
USA,TERRESTAR,,,,0.0,needs_review
USA,THORNBURG MORTGAGE,,,,0.0,needs_review
USA,TIERONE CORP,,,,0.0,needs_review
USA,URANIUM RESOURCES,,,,0.0,needs_review
USA,VALUEVISION MEDIA A,,,,0.0,needs_review
USA,VERENIUM,,,,0.0,needs_review
USA,W HOLDING CO,,,,0.0,needs_review
USA,WESCO FINANCIAL CORP,,,,0.0,needs_review
USA,WESTWOOD ONE,,,,0.0,needs_review
USA,UNIVEST CORP OF PENNS.,,,,0.0,needs_review
USA,VILLAGE SUPER MARKET A,VLGEA,VILLAGE SUPER MARKET INC,SEC company_tickers_exchange,1.0,mapped_exact_normalized
USA,VOLTERRA SEMICONDUCTOR,,,,0.0,needs_review
USA,WASHINGTON TRUST BANCORP,WASH,WASHINGTON TRUST BANCORP INC,SEC company_tickers_exchange,1.0,mapped_exact_normalized
TAIWAN,ARCADYAN TECHNOLOGY CORP,3596,Arcadyan,FinLab company_basic_info:英文簡稱,0.9321,verified_tw_reference_fuzzy
TAIWAN,CHINA HI MENT,1103,Chia Hsin Cement Corporation / 嘉泥,Round8c web/Yahoo/Google evidence: Google/Yahoo/Cnyes show Chia Hsin Cement Corporation code 1103; MSCI name appears abbreviated/misparsed.,0.95,verified_tw_yahoo_google_round8c
TAIWAN,GENESIS PHOTONICS,6221,Genesis,FinLab company_basic_info:英文簡稱,0.9312,verified_tw_reference_fuzzy
TAIWAN,NEO SOLAR POWER CORP,1785,Solar,FinLab company_basic_info:英文簡稱,0.8933,verified_tw_reference_fuzzy
TAIWAN,SOLARTECH ENERGY CORP,3561,Solartech Energy Corp. / 昇陽光電,Round8d web/Yahoo/Google evidence: Yahoo Finance and MarketScreener show Solartech Energy Corp. 3561.TW; TWSE factbook delisting table lists Solartech Energy Corp. code 3561.,0.95,verified_tw_historical_round8d
TAIWAN,TAIWAN COGENERATION,8926,Taiwan Cogeneration Corporation,Round7 current-code discovery: Yahoo Finance search matched `Taiwan Cogeneration Corporation`/8926.TW; code exists in TWSE/TPEx/FinLab Taiwan reference universe. Local refs: TCC | 台汽電 | 台灣汽電共生股份有限公司,1.0000,verified_tw_current_round7
TAIWAN,WAYS TECHNICAL,3508,"Ways Technical Corp., Ltd.","Round7 current-code discovery: Yahoo Finance search matched `Ways Technical Corp., Ltd.`/3508.TWO; code exists in TWSE/TPEx/FinLab Taiwan reference universe. Local refs: Ways | 位速 | 位速科技股份有限公司",1.0000,verified_tw_current_round7
TAIWAN,CREATIVE SENSOR,7837,Creative,FinLab company_basic_info:英文簡稱,0.9433,verified_tw_reference_fuzzy
TAIWAN,GENESYS LOGIC INC,6104,"Genesys Logic, Inc.","Round7 current-code discovery: Yahoo Finance search matched `Genesys Logic, Inc.`/6104.TWO; code exists in TWSE/TPEx/FinLab Taiwan reference universe. Local refs: GLI | 創惟 | 創惟科技股份有限公司",1.0000,verified_tw_current_round7
TAIWAN,SOLOMON TECH CORP,2359,SOLOMON,FinLab company_basic_info:英文簡稱,0.9483,verified_tw_reference_fuzzy
TAIWAN,WONTEN TECHNOLOGY CO,6190,"Wontex/Wonten Technology Co., Ltd. / 萬泰科技",Round8d web/Yahoo/Google evidence: Company investor page says stock code 6190; Yahoo/Google name variant maps Wonten/Wontex Technology to 萬泰科技.,0.95,verified_tw_yahoo_google_round8d
TAIWAN,RALINK TECHNOLOGY CORP,3534,Ralink Technology Corporation / 雷凌,Round8 Yahoo/Google historical quote: Ralink Technology 3534.TW; acquired by MediaTek,0.99,verified_tw_historical_round8
TAIWAN,SAN SHING FASTECH CORP,5007,SAN SHING,FinLab company_basic_info:英文簡稱,0.9429,verified_tw_reference_fuzzy
USA,ABOVENET,,,,0.0,needs_review
USA,ALPHATEC HOLDINGS,ATEC,"Alphatec Holdings, Inc.",SEC company_tickers_exchange,1.0,mapped_exact_normalized
USA,BIOMIMETIC THERAPEUTICS,,,,0.0,needs_review
USA,BOISE,,,,0.0,needs_review
USA,BRIDGEPOINT EDUCATION,,,,0.0,needs_review
USA,BROADWIND ENERGY,,,,0.0,needs_review
USA,CARDTRONICS,,,,0.0,needs_review
USA,CHINA INFO SECURITY,,,,0.0,needs_review
USA,CYPRESS SHARPRIDGE INV,,,,0.0,needs_review
USA,DIGITALGLOBE,,,,0.0,needs_review
USA,DYAX CORP,,,,0.0,needs_review
USA,ENCORE CAPITAL GROUP,ECPG,ENCORE CAPITAL GROUP INC,SEC company_tickers_exchange,1.0,mapped_exact_normalized
USA,ENERGY XXI BERMUDA,,,,0.0,needs_review
USA,FRESH DEL MONTE PRODUCE,FDP,FRESH DEL MONTE PRODUCE INC,SEC company_tickers_exchange,1.0,mapped_exact_normalized
USA,FUQI INTERNATIONAL,,,,0.0,needs_review
USA,GASTAR EXPLORATION,,,,0.0,needs_review
USA,GLG PARTNERS,,,,0.0,needs_review
USA,GLOBE SPECIALTY METALS,,,,0.0,needs_review
USA,GOVERNMENT PPTYS INCOME,,,,0.0,needs_review
USA,HI-TECH PHARMACAL CO,,,,0.0,needs_review
USA,I2 TECHNOLOGIES,,,,0.0,needs_review
USA,INT'L SHIPHOLDING CORP,,,,0.0,needs_review
USA,KAPSTONE PAPER & PKG,,,,0.0,needs_review
USA,KODIAK OIL & GAS,,,,0.0,needs_review
USA,LOGMEIN,,,,0.0,needs_review
USA,MAP PHARMACEUTICALS,,,,0.0,needs_review
USA,MEDIDATA SOLUTIONS,,,,0.0,needs_review
USA,MERCURY COMPUTER SYS,,,,0.0,needs_review
USA,NXSTAGE MEDICAL INC,,,,0.0,needs_review
USA,OBAGI MEDICAL PRODUCTS,,,,0.0,needs_review
USA,OPENTABLE,,,,0.0,needs_review
USA,PENNYMAC MORTGAGE INV,,,,0.0,needs_review
USA,POWER INTEGRATIONS,POWI,POWER INTEGRATIONS INC,SEC company_tickers_exchange,1.0,mapped_exact_normalized
USA,RINO INTERNATIONAL CORP,,,,0.0,needs_review
USA,ROSETTA STONE,,,,0.0,needs_review
USA,SHOE CARNIVAL,SCVL,SHOE CARNIVAL INC,SEC company_tickers_exchange,1.0,mapped_exact_normalized
USA,SOLARWINDS,,,,0.0,needs_review
USA,STONERIDGE,SRI,STONERIDGE INC,SEC company_tickers_exchange,1.0,mapped_exact_normalized
USA,TECHWELL,,,,0.0,needs_review
USA,TREX CO,TREX,TREX CO INC,SEC company_tickers_exchange,1.0,mapped_exact_normalized
USA,VANDA PHARMACEUTICALS,VNDA,Vanda Pharmaceuticals Inc.,SEC company_tickers_exchange,1.0,mapped_exact_normalized
USA,VIRGIN MOBILE USA A,,,,0.0,needs_review
USA,CAPITOL BANCORP,,,,0.0,needs_review
USA,CPB,,,,0.0,needs_review
USA,EMCORE CORP,,,,0.0,needs_review
USA,FAIRPOINT COMM.,,,,0.0,needs_review
USA,FRONTIER FINANCIAL CORP,,,,0.0,needs_review
USA,GEOGLOBAL RESOURCES INC,,,,0.0,needs_review
USA,INNOVATIVE SOLUTIONS&SUP,,,,0.0,needs_review
USA,MANNATECH,MTEX,MANNATECH INC,SEC company_tickers_exchange,1.0,mapped_exact_normalized
USA,PACIFIC CAPITAL BANCORP,,,,0.0,needs_review
USA,PHOENIX TECHNOLOGIES,,,,0.0,needs_review
USA,RESOURCE AMERICA A,,,,0.0,needs_review
USA,STERLING FINL WASHINGTON,,,,0.0,needs_review
USA,SULPHCO INC,,,,0.0,needs_review
USA,VIRGINIA COMMERCE BNCORP,,,,0.0,needs_review
TAIWAN,APCB,6108,APCB INC.,FinLab company_basic_info:英文簡稱,1.0,mapped_exact_normalized
TAIWAN,ENE TECHNOLOGY CO,6243,ENE Technology Inc.,Round7 official historical delisted source: TPEx EN deListed official delist_date=2009-12-17,1.0000,verified_tw_historical_round7
TAIWAN,EXCELSIOR MEDICAL CO,4104,"Excelsior Medical Co., Ltd.","Round7 current-code discovery: Yahoo Finance search matched `Excelsior Medical Co., Ltd.`/4104.TW; code exists in TWSE/TPEx/FinLab Taiwan reference universe. Local refs: EXCELSIOR | 佳醫 | 佳醫健康事業股份有限公司",1.0000,verified_tw_current_round7
TAIWAN,FLEXIUM INTERCONNECT,6269,FLEXIUM,FinLab company_basic_info:英文簡稱,0.925,verified_tw_reference_fuzzy
TAIWAN,HOLDKEY ELECTRIC WIRE,1618,"Hold-Key Electric Wire & Cable Co., Ltd. / 合機",Round8b Yahoo Finance search: Hold-Key Electric Wire -> 1618.TW.,0.98,verified_tw_yahoo_round8b
TAIWAN,LEADTREND TECH CORP,3588,Leadtrend Technology Corporation,Round7 current-code discovery: Yahoo Finance search matched `Leadtrend Technology Corporation`/3588.TW; code exists in TWSE/TPEx/FinLab Taiwan reference universe. Local refs: LD | 通嘉 | 通嘉科技股份有限公司,1.0000,verified_tw_current_round7
TAIWAN,LES ENPHANTS CO,2911,Les enphants,FinLab company_basic_info:英文簡稱,1.0,mapped_exact_normalized
TAIWAN,NAMCHOW CHEMICAL INDUST,1702,NAMCHOW,FinLab company_basic_info:英文簡稱,0.9204,verified_tw_reference_fuzzy
TAIWAN,NETRONIX,6143,"Netronix, Inc.","Round7 current-code discovery: Yahoo Finance search matched `Netronix, Inc.`/6143.TWO; code exists in TWSE/TPEx/FinLab Taiwan reference universe. Local refs: NETRONIXINC. | 振曜 | 振曜科技股份有限公司",1.0000,verified_tw_current_round7
TAIWAN,OCEAN PLASTICS CO,1321,"Ocean Plastics Co., Ltd.","Round7 current-code discovery: Yahoo Finance search matched `Ocean Plastics Co., Ltd.`/1321.TW; code exists in TWSE/TPEx/FinLab Taiwan reference universe. Local refs: OPC | 大洋 | 大洋塑膠工業股份有限公司",1.0000,verified_tw_current_round7
TAIWAN,P-TWO INDUSTRIES,6158,P-TWO,FinLab company_basic_info:英文簡稱,0.9213,verified_tw_reference_fuzzy
TAIWAN,SHINKONG INSURANCE CO,2850,"Shinkong Insurance Co., Ltd.","Round7 current-code discovery: Yahoo Finance search matched `Shinkong Insurance Co., Ltd.`/2850.TW; code exists in TWSE/TPEx/FinLab Taiwan reference universe. Local refs: SK Insurance | 新光產物保險股份有限公司 | 新產",1.0000,verified_tw_current_round7
TAIWAN,SIGURD MICROELECTRONICS,6257,SIGURD,FinLab company_basic_info:英文簡稱,0.9161,verified_tw_reference_fuzzy
TAIWAN,TAIWAN SECOM,9917,TAIWAN SECOM,FinLab company_basic_info:英文簡稱,1.0,mapped_exact_normalized
TAIWAN,THINKING ELECTRONIC IND,2428,THINKING,FinLab company_basic_info:英文簡稱,0.9248,verified_tw_reference_fuzzy
TAIWAN,USERJOY TECHNOLOGY CO,3546,USERJOY,FinLab company_basic_info:英文簡稱,0.9289,verified_tw_reference_fuzzy
TAIWAN,VE WONG CORP,1203,VE WONG,FinLab company_basic_info:英文簡稱,1.0,mapped_exact_normalized
TAIWAN,VISUAL PHOTONICS EPITAXY,2455,"Visual Photonics Epitaxy Co., Ltd.","Round7 current-code discovery: Yahoo Finance search matched `Visual Photonics Epitaxy Co., Ltd.`/2455.TW; code exists in TWSE/TPEx/FinLab Taiwan reference universe. Local refs: VPEC | 全新 | 全新光電科技股份有限公司",1.0000,verified_tw_current_round7
TAIWAN,WELL SHIN TECHNOLOGY CO,3501,Well Shin,FinLab company_basic_info:英文簡稱,0.935,verified_tw_reference_fuzzy
TAIWAN,YEH-CHIANG TECH,6124,Yeh Chiang Technology Corporation,Round7 current-code discovery: Yahoo Finance search matched `Yeh Chiang Technology Corporation`/6124.TWO; code exists in TWSE/TPEx/FinLab Taiwan reference universe. Local refs: YCTC | 業強 | 業強科技股份有限公司,1.0000,verified_tw_current_round7
TAIWAN,ZIG SHENG INDUSTRIAL CO,1455,ZIG SHENG,FinLab company_basic_info:英文簡稱,0.935,verified_tw_reference_fuzzy
TAIWAN,CATHAY NO 1 REIT,01002T,Cathay No.1 REIT / 國泰一號,Round8 Yahoo/Google/TWSE REIT query: Cathay No.1 REIT -> 01002T,0.99,verified_tw_reit_round8
TAIWAN,YUNGSHIN CONSTR & DEVLPT,5508,"Yungshin Construction & Development Co., Ltd. / 永信建",Round8b Same issuer abbreviation as YUNGSHIN CONST & DEV -> 5508.TWO.,0.98,verified_tw_yahoo_round8b
USA,3D SYSTEMS CORP,DDD,3D SYSTEMS CORP,SEC company_tickers_exchange,1.0,mapped_exact_normalized
USA,ACCRETIVE HEALTH,,,,0.0,needs_review
USA,AGREE REALTY CORP,ADC,AGREE REALTY CORP,SEC company_tickers_exchange,1.0,mapped_exact_normalized
USA,AMERICAN OIL & GAS INC,,,,0.0,needs_review
USA,ANCESTRY.COM,,,,0.0,needs_review
USA,APOLLO COMM REAL ESTAT,,,,0.0,needs_review
USA,APPROACH RESOURCES,,,,0.0,needs_review
USA,ARTHROCARE CORP,,,,0.0,needs_review
USA,AVANIR PHARMACEUTICALS A,,,,0.0,needs_review
USA,BMP SUNSTONE,,,,0.0,needs_review
USA,CAI INT'L,,,,0.0,needs_review
USA,CELLU TISSUE HOLDINGS,,,,0.0,needs_review
USA,CHESAPEAKE LODGING TRUST,,,,0.0,needs_review
USA,CLARIENT,,,,0.0,needs_review
USA,CONTINUCARE CORP,,,,0.0,needs_review
USA,DEPOMED,,,,0.0,needs_review
USA,DEX ONE CORP,,,,0.0,needs_review
USA,DOUGLAS DYNAMICS,PLOW,"DOUGLAS DYNAMICS, INC",SEC company_tickers_exchange,1.0,mapped_exact_normalized
USA,ENDOLOGIX,,,,0.0,needs_review
USA,ENVESTNET,,,,0.0,needs_review
USA,EXPRESS,,,,0.0,needs_review
USA,FINANCIAL ENGINES,,,,0.0,needs_review
USA,FIRST INTERSTATE BANC A,,,,0.0,needs_review
USA,AMERICAN APPAREL,,,,0.0,needs_review
USA,BORDERS GROUP,,,,0.0,needs_review
USA,CARACO PHARM LABS,,,,0.0,needs_review
USA,HANSEN MEDICAL,,,,0.0,needs_review
USA,MYREXIS,,,,0.0,needs_review
TAIWAN,ABLEREX ELECTRONICS CO,3628,ABLEREX,FinLab company_basic_info:英文簡稱,0.9268,verified_tw_reference_fuzzy
TAIWAN,ACHEM TECHNOLOGY,1715,ACHEM,Round7 official historical delisted source: TWSE EN suspendListing official delist_date=2017/10/25,1.0000,verified_tw_historical_round7
TAIWAN,CHINA GLAZE CO,1809,China Glaze,FinLab company_basic_info:英文簡稱,1.0,mapped_exact_normalized
TAIWAN,FORMOSAN UNION CHEMICAL,1709,Formosan Union Chemical Corp.,Round7 current-code discovery: Yahoo Finance search matched `Formosan Union Chemical Corp.`/1709.TW; code exists in TWSE/TPEx/FinLab Taiwan reference universe. Local refs: FUCC | 和益 | 和益化學工業股份有限公司,1.0000,verified_tw_current_round7
TAIWAN,INTEGRATED MEMORY LOGIC,3638,Integrated Memory Logic Limited / F-IML,Round8d web/Yahoo/Google evidence: PRNewswire/SEC acquisition release identifies Integrated Memory Logic Limited as iML TW:3638; later ceased trading after Exar acquisition.,0.95,verified_tw_historical_round8d
TAIWAN,KAULIN MANUFACTURING CO,1531,KAULIN,FinLab company_basic_info:英文簡稱,0.92,verified_tw_reference_fuzzy
TAIWAN,LAN FA TEXTILE,1459,LAN FA,FinLab company_basic_info:英文簡稱,0.9329,verified_tw_reference_fuzzy
TAIWAN,PACIFIC HOSPITAL SUPPLY,4126,"Pacific Hospital Supply Co., Ltd","Round7 current-code discovery: Yahoo Finance search matched `Pacific Hospital Supply Co., Ltd`/4126.TWO; code exists in TWSE/TPEx/FinLab Taiwan reference universe. Local refs: PAHSCO | 太平洋醫材股份有限公司 | 太醫",1.0000,verified_tw_current_round7
TAIWAN,PC HOME ONLINE,8044,PChome Online Inc. / 網家,Round8 Yahoo Finance query: PChome Online -> 8044.TWO,0.99,verified_tw_yahoo_google_round8
TAIWAN,PROSPERITY DIELECT CO LT,6173,"Prosperity Dielectrics Co., Ltd. / 信昌電",Round8b Yahoo Finance search: Prosperity Dielectrics -> 6173.TWO.,0.98,verified_tw_yahoo_round8b
TAIWAN,RUENTEX ENGIN & CONST,2597,"Ruentex Engineering & Construction Co., Ltd. / 潤弘",Round8b Same issuer abbreviation as Ruentex Engineering & Construction -> 2597.TW.,0.98,verified_tw_yahoo_round8b
TAIWAN,SIRTEC INTERNATIONAL CO,5356,SIRTEC,FinLab company_basic_info:英文簡稱,0.92,verified_tw_reference_fuzzy
TAIWAN,SPORTON INTERNATIONAL,6146,SPORTON,FinLab company_basic_info:英文簡稱,0.9233,verified_tw_reference_fuzzy
TAIWAN,STANDARD CHEMICAL&PHARM,1720,"Standard Chemical & Pharmaceutical Co., Ltd.","Round7 current-code discovery: Yahoo Finance search matched `Standard Chemical & Pharmaceutical Co., Ltd.`/1720.TW; code exists in TWSE/TPEx/FinLab Taiwan reference universe. Local refs: S.C.P.C | 生達 | 生達化學製藥股份有限公司",1.0000,verified_tw_current_round7
TAIWAN,TA YIH INDUSTRIAL CO,1521,TA YIH,FinLab company_basic_info:英文簡稱,0.9253,verified_tw_reference_fuzzy
TAIWAN,WAN HWA ENTERPRISE,2701,Wan Hwa Enterprise Company Ltd.,Round7 current-code discovery: Yahoo Finance search matched `Wan Hwa Enterprise Company Ltd.`/2701.TW; code exists in TWSE/TPEx/FinLab Taiwan reference universe. Local refs: WANHWA | 萬企 | 萬華企業股份有限公司,1.0000,verified_tw_current_round7
TAIWAN,WEIKENG INDUSTRIAL CO,3033,Weikeng,FinLab company_basic_info:英文簡稱,0.9289,verified_tw_reference_fuzzy
TAIWAN,PRINCO CORP,8053,PRINCO CORP.,Round7 official historical delisted source: TPEx EN deListed official delist_date=2016-05-11,1.0000,verified_tw_historical_round7
USA,8X8,EGHT,8x8 Inc - Common stock,NasdaqTrader nasdaqlisted,1.0,mapped_exact_normalized
USA,ACHILLION PHARMACEUT.,,,,0.0,needs_review
USA,ACTIVE NETWORK (THE),,,,0.0,needs_review
USA,AIR LEASE CORP A,,,,0.0,needs_review
USA,AVEO PHARMACEUTICALS,,,,0.0,needs_review
USA,C AND J ENERGY SERVICES,,,,0.0,needs_review
USA,CALIPER LIFE SCIENCES,,,,0.0,needs_review
USA,CARIBOU COFFEE CO INC,,,,0.0,needs_review
USA,CENTRAL PACIFIC FIN,,,,0.0,needs_review
USA,CHEFS WAREHOUSE HLDGS,,,,0.0,needs_review
USA,CLEARWIRE CORP A,,,,0.0,needs_review
USA,CORNERSTONE ONDEMAND,,,,0.0,needs_review
USA,DEMAND MEDIA,,,,0.0,needs_review
USA,DUNKIN BRANDS,,,,0.0,needs_review
USA,ENTERPRISE FINAN. SVCS,,,,0.0,needs_review
USA,EXCEL TRUST,,,,0.0,needs_review
USA,ALLIANCE HEALTHCARE SERV,,,,0.0,needs_review
USA,AMBASSADORS GROUP,,,,0.0,needs_review
USA,ASSET ACCEPTANCE CAPITAL,,,,0.0,needs_review
USA,CHRISTOPHER & BANKS CORP,,,,0.0,needs_review
USA,COLDWATER CREEK,,,,0.0,needs_review
USA,COURIER CORP,,,,0.0,needs_review
USA,DELTA PETROLEUM CORP,,,,0.0,needs_review
USA,ENZO BIOCHEM,,,,0.0,needs_review
USA,FURNITURE BRANDS INTL,,,,0.0,needs_review
USA,GAIAM A,,,,0.0,needs_review
USA,GENERAL MARITIME (NEW),,,,0.0,needs_review
USA,HEADWATERS,,,,0.0,needs_review
TAIWAN,ARIMA COMMUNICATION CORP,8101,Arima Comm.,FinLab company_basic_info:英文簡稱,0.9426,verified_tw_reference_fuzzy
TAIWAN,ASIA PLASTIC RECYCLE,1337,Asia Plastic,FinLab company_basic_info:英文簡稱,0.95,verified_tw_reference_fuzzy
TAIWAN,CHINA STEEL STRUCTURE CO,2013,"China Steel Structure Co., Ltd.","Round7 current-code discovery: Yahoo Finance search matched `China Steel Structure Co., Ltd.`/2013.TW; code exists in TWSE/TPEx/FinLab Taiwan reference universe. Local refs: CSSC | 中國鋼鐵結構股份有限公司 | 中鋼構",1.0000,verified_tw_current_round7
TAIWAN,KD HOLDING CORP,6655,KD,FinLab company_basic_info:英文簡稱,1.0,mapped_exact_normalized
TAIWAN,TAIWAN PROSPERITY CHEMIC,4725,Taiwan Prosperity Chemical Corporation / 台灣神隆? TPC,Round8c web/Yahoo/Google evidence: TWSE factbook delisting table shows Taiwan Prosperity Chemical Corporation code 4725.,0.95,verified_tw_historical_round8c
TAIWAN,ANPEC ELECTRONICS CORP,6138,ANPEC,FinLab company_basic_info:英文簡稱,0.9194,verified_tw_reference_fuzzy
TAIWAN,CONTREL TECHNOLOGY,8064,CONTREL,FinLab company_basic_info:英文簡稱,0.9289,verified_tw_reference_fuzzy
TAIWAN,DIAMOND FLOWER ELE INSTR,6815,Diamond,FinLab company_basic_info:英文簡稱,0.9192,verified_tw_reference_fuzzy
TAIWAN,EFUN TECHNOLOGY,3523,"EFUN Technology Co.,Ltd","Round7 current-code discovery: Yahoo Finance search matched `EFUN Technology Co.,Ltd`/3523.TWO; code exists in TWSE/TPEx/FinLab Taiwan reference universe. Local refs: EFUN | 迎輝 | 迎輝科技股份有限公司",1.0000,verified_tw_current_round7
TAIWAN,HONG TAI ELECTRIC IND'L,1612,HONG TAI,FinLab company_basic_info:英文簡稱,0.9248,verified_tw_reference_fuzzy
TAIWAN,HORIZON SECURITIES CO,6015,HORIZON Sec.,FinLab company_basic_info:英文簡稱,0.9511,verified_tw_reference_fuzzy
TAIWAN,MAGLAYERS SCIENTIFIC TE,3068,"MAG.LAYERS Scientific-Technics Co., Ltd. / 美磊",Round8 TPEx official delisted table + Yahoo/Google: Mag.Layers 3068,0.99,verified_tw_historical_round8
TAIWAN,MICROELECTRONICS TECH,2314,Microelectronics Technology Inc.,Round7 current-code discovery: Yahoo Finance search matched `Microelectronics Technology Inc.`/2314.TW; code exists in TWSE/TPEx/FinLab Taiwan reference universe. Local refs: MTI | 台揚 | 台揚科技股份有限公司,1.0000,verified_tw_current_round7
TAIWAN,O-TA PRECISION INDUSTRY,8924,"O-TA Precision Industry Co., Ltd.","Round7 current-code discovery: Yahoo Finance search matched `O-TA Precision Industry Co., Ltd.`/8924.TWO; code exists in TWSE/TPEx/FinLab Taiwan reference universe. Local refs: O-TA | 大田 | 大田精密工業股份有限公司",1.0000,verified_tw_current_round7
TAIWAN,PARAGON TECHNOLOGIES CO,3518,"Paragon Technologies Co., Ltd.","Round7 current-code discovery: Yahoo Finance search matched `Paragon Technologies Co., Ltd.`/3518.TW; code exists in TWSE/TPEx/FinLab Taiwan reference universe. Local refs: PT TECH. | 柏騰 | 柏騰科技股份有限公司",1.0000,verified_tw_current_round7
TAIWAN,PLOTECH CO,6141,PLOTECH,FinLab company_basic_info:英文簡稱,1.0,mapped_exact_normalized
TAIWAN,PORTWELL INC,6105,"Portwell, Inc.",Round7 official historical delisted source: TPEx EN deListed official delist_date=2017-10-17,1.0000,verified_tw_historical_round7
TAIWAN,SEA SONIC ELECTRONICS CO,6203,Sea Sonic,FinLab company_basic_info:英文簡稱,0.9329,verified_tw_reference_fuzzy
TAIWAN,SOLELYTEX INDUSTRIAL,1471,Solytech Enterprise Corporation / 首利,Round8c web/Yahoo/Google evidence: Solytech annual report says Stock Code 1471; company profile confirms Solytech Enterprise Corp.,0.95,verified_tw_yahoo_google_round8c
TAIWAN,TAIWAN CHI CHENG ENT.,3095,"Chi Cheng Enterprise Co., Ltd.","Round7 current-code discovery: Yahoo Finance search matched `Chi Cheng Enterprise Co., Ltd.`/3095.TWO; code exists in TWSE/TPEx/FinLab Taiwan reference universe. Local refs: CCC | 及成 | 及成企業股份有限公司",1.0000,verified_tw_current_round7
TAIWAN,TATUNG FINE CHEMICAL CO,2371,TATUNG COMPANY,FinLab company_basic_info:英文簡稱,0.92,verified_tw_reference_fuzzy
TAIWAN,THAILIN SEMICONDUCTOR,5466,ThaiLin Semiconductor Corp.,Round7 official historical delisted source: TPEx EN deListed official delist_date=2015-06-17,1.0000,verified_tw_historical_round7
TAIWAN,WELLYPOWER OPTRONICS,3080,Wellypower Optronics Corp. / 威力盟,Round8c web/Yahoo/Google evidence: PatSnap/Discovery and Taipei Times show Wellypower Optronics stock symbol 3080; historical OTC/TSE transfer.,0.95,verified_tw_historical_round8c
USA,ALLISON TRANSMISSION HLD,,,,0.0,needs_review
USA,AMERICAN REALTY CAP TRU,,,,0.0,needs_review
USA,ANNIES,,,,0.0,needs_review
USA,ARLINGTON ASSET INV A,,,,0.0,needs_review
USA,BANKRATE,,,,0.0,needs_review
USA,BLACK DIAMOND,,,,0.0,needs_review
USA,BOFI HOLDING,,,,0.0,needs_review
USA,DEL FRISCO'S RESTAURANT,,,,0.0,needs_review
USA,DEMANDWARE,,,,0.0,needs_review
USA,E2OPEN,,,,0.0,needs_review
USA,EDGEN GROUP A,,,,0.0,needs_review
USA,ELOQUA,,,,0.0,needs_review
USA,EVERBANK FINANCIAL CORP,,,,0.0,needs_review
USA,EXACTTARGET,,,,0.0,needs_review
USA,FIESTA RESTAURANT GRP,,,,0.0,needs_review
USA,FIVE STAR QUALITY CARE,,,,0.0,needs_review
USA,FORUM ENERGY TECH IN,,,,0.0,needs_review
USA,GROUPON A,GRPN,"Groupon, Inc.",SEC company_tickers_exchange,1.0,mapped_exact_normalized
USA,HEALTHCARE TRUST OF AMER,,,,0.0,needs_review
USA,HOME LOAN SERVICING SOL,,,,0.0,needs_review
USA,HOMETRUST BANCSHARES,HTB,"HomeTrust Bancshares, Inc.",SEC company_tickers_exchange,1.0,mapped_exact_normalized
USA,INCONTACT,,,,0.0,needs_review
USA,INFINITY PHARMACEUTICALS,,,,0.0,needs_review
USA,INFOBLOX,,,,0.0,needs_review
USA,KAYAK SOFTWARE CORP A,,,,0.0,needs_review
USA,MA COM TECHNOLOGY SOLTN,,,,0.0,needs_review
USA,MAGNACHIP SEMICONDUCTER,,,,0.0,needs_review
USA,MERRIMACK PHARMACEUTICAL,,,,0.0,needs_review
USA,MIDSTATES PETROLEUM CO,,,,0.0,needs_review
USA,MILLENNIAL MEDIA,,,,0.0,needs_review
USA,NATIONSTAR MORTGAGE HLD,,,,0.0,needs_review
USA,NEW YORK MORTGAGE TRUST,,,,0.0,needs_review
USA,OPKO HEALTH,OPK,"OPKO HEALTH, INC.",SEC company_tickers_exchange,1.0,mapped_exact_normalized
USA,OREXIGEN THERAPEUTICS,,,,0.0,needs_review
USA,PEREGRINE SEMICONDUCTOR,,,,0.0,needs_review
USA,PROOFPOINT,,,,0.0,needs_review
USA,REXNORD CORP,,,,0.0,needs_review
USA,RLJ LODGING TRUST,RLJ,RLJ Lodging Trust,SEC company_tickers_exchange,1.0,mapped_exact_normalized
USA,SELECT INCOME REIT,,,,0.0,needs_review
USA,STAG INDUSTRIAL,STAG,"STAG Industrial, Inc.",SEC company_tickers_exchange,1.0,mapped_exact_normalized
USA,ANADIGICS,,,,0.0,needs_review
USA,AVIAT NEWORKS,,,,0.0,needs_review
USA,CAL DIVE INTERNATIONAL,,,,0.0,needs_review
USA,CENVEO,,,,0.0,needs_review
USA,DOLAN,,,,0.0,needs_review
USA,ECHELON CORP,,,,0.0,needs_review
USA,FALCONSTOR SOFTWARE,,,,0.0,needs_review
USA,GENCO SHIPPING & TRADING,GNK,GENCO SHIPPING & TRADING LTD,SEC company_tickers_exchange,1.0,mapped_exact_normalized
USA,HURCO COMPANIES INC,HURC,HURCO COMPANIES INC,SEC company_tickers_exchange,1.0,mapped_exact_normalized
USA,HYPERDYNAMICS CORP,,,,0.0,needs_review
USA,INTEVAC,,,,0.0,needs_review
USA,KIT DIGITAL,,,,0.0,needs_review
USA,LONE PINE RESOURCES,,,,0.0,needs_review
USA,MODUSLINK GLOBAL SOLN,,,,0.0,needs_review
USA,MONARCH CASINO & RESORT,MCRI,MONARCH CASINO & RESORT INC,SEC company_tickers_exchange,1.0,mapped_exact_normalized
USA,OVERSEAS SHIPHOLDING GRP,,,,0.0,needs_review
USA,PACER INTERNATIONAL,,,,0.0,needs_review
USA,PMFG,,,,0.0,needs_review
USA,PROGENICS PHARM,,,,0.0,needs_review
USA,SAVIENT PHARMACEUTICALS,,,,0.0,needs_review
USA,SEACOAST BANKING CORP A,,,,0.0,needs_review
USA,STR HOLDINGS,,,,0.0,needs_review
USA,TARGACEPT,,,,0.0,needs_review
USA,TOWER INTERNATIONAL,,,,0.0,needs_review
USA,ZAZA ENERGY,,,,0.0,needs_review
TAIWAN,CLEANAWAY,8422,Cleanaway,FinLab company_basic_info:英文簡稱,1.0,mapped_exact_normalized
TAIWAN,ENTIE COMMERCIAL BANK,2849,EnTie Bank,FinLab company_basic_info:英文簡稱,0.83,verified_tw_reference_fuzzy
TAIWAN,ILI TECHNOLOGY CORP,3598,ILI Technology Corp. / 奕力科技,Round8c web/Yahoo/Google evidence: TEDC stock table lists ILI TECHNOLOGY CORP. as S3598 / 3598; company registry confirms English name.,0.95,verified_tw_historical_round8c
TAIWAN,POYA,5904,Poya,FinLab company_basic_info:英文簡稱,1.0,mapped_exact_normalized
TAIWAN,ROTAM GLOBAL AGROSCIE,4141,ROTAM,Round7 official historical delisted source: TWSE EN suspendListing official delist_date=2022/05/03,1.0000,verified_tw_historical_round7
TAIWAN,TRANSASIA AIRWAYS,6702,TransAsia Airways Corporation / 復興航空,Round8 Yahoo/Google historical quote: TransAsia Airways 6702.TW; delisted after shutdown,0.99,verified_tw_historical_round8
TAIWAN,ALCOR MICRO CORP,8054,Alcor Micro,FinLab company_basic_info:英文簡稱,1.0,mapped_exact_normalized
TAIWAN,AVERMEDIA TECHNOLOGIES,2417,AVERMEDIA,FinLab company_basic_info:英文簡稱,0.9309,verified_tw_reference_fuzzy
TAIWAN,BRIGHT LED ELECTRONICS,3031,BRIGHT,FinLab company_basic_info:英文簡稱,0.9173,verified_tw_reference_fuzzy
TAIWAN,EPISIL TECHNOLOGIES INC,3707,EPISIL,FinLab company_basic_info:英文簡稱,0.9216,verified_tw_reference_fuzzy
TAIWAN,HARVATEK CORP,6168,HARVATEK CORPOR,FinLab company_basic_info:英文簡稱,0.9433,verified_tw_reference_fuzzy
TAIWAN,J TOUCH CORP,3584,JTouch Corporation / 介面,Round8 TWSE official delisted table + Yahoo/Google: JTouch 3584,0.99,verified_tw_historical_round8
TAIWAN,KYE SYSTEMS CORP,2365,KYE Systems Corp.,Round7 current-code discovery: Yahoo Finance search matched `KYE Systems Corp.`/2365.TW; code exists in TWSE/TPEx/FinLab Taiwan reference universe. Local refs: KYE | 昆盈 | 昆盈企業股份有限公司,1.0000,verified_tw_current_round7
TAIWAN,MIRLE AUTOMATION CORP,2464,Mirle,FinLab company_basic_info:英文簡稱,0.9213,verified_tw_reference_fuzzy
TAIWAN,SAN CHIH SEMICONDUCTOR,3579,"San Chih Semiconductor Co., Ltd. / 尚志半導體",Round8c web/Yahoo/Google evidence: TEDC stock table lists San Chih Semiconductor as S3579; company site/EMIS confirm name.,0.95,verified_tw_historical_round8c
TAIWAN,STAR COMGISTIC CAPITAL,4930,Star Comgistic,FinLab company_basic_info:英文簡稱,0.9536,verified_tw_reference_fuzzy
USA,ADVANCED EMISSIONS SOL,,,,0.0,needs_review
USA,AGIOS PHARMACEUTICALS,AGIO,"AGIOS PHARMACEUTICALS, INC.",SEC company_tickers_exchange,1.0,mapped_exact_normalized
USA,ALTISOURCE RESIDENTIAL,,,,0.0,needs_review
USA,AMERICAN RESIDENTIAL PRP,,,,0.0,needs_review
USA,ANIKA THERAPEUTICS,ANIK,"Anika Therapeutics, Inc.",SEC company_tickers_exchange,1.0,mapped_exact_normalized
USA,ARATANA THERAPEUTICS,,,,0.0,needs_review
USA,ARTISAN PARTNERS ASSET,,,,0.0,needs_review
USA,ATHLON ENERGY,,,,0.0,needs_review
USA,AVIV REIT,,,,0.0,needs_review
USA,CALLIDUS SOFTWARE,,,,0.0,needs_review
USA,CARBONITE,,,,0.0,needs_review
USA,CARMIKE CINEMAS A,,,,0.0,needs_review
USA,CHANNELADVISOR CORP,,,,0.0,needs_review
USA,DIAMOND RESORTS INTNL,,,,0.0,needs_review
USA,ENANTA PHARMACEUT,,,,0.0,needs_review
USA,EVERTEC,EVTC,"EVERTEC, Inc.",SEC company_tickers_exchange,1.0,mapped_exact_normalized
USA,FOX FACTORY HOLDING CORP,FOXF,FOX FACTORY HOLDING CORP,SEC company_tickers_exchange,1.0,mapped_exact_normalized
USA,FRANKS INTERNATIONAL,,,,0.0,needs_review
USA,FUTUREFUEL CORP,FF,FutureFuel Corp.,SEC company_tickers_exchange,1.0,mapped_exact_normalized
USA,GIGAMON,,,,0.0,needs_review
USA,GLOBAL BRASS & COPPER,,,,0.0,needs_review
USA,HCI GROUP,HCI,"HCI Group, Inc.",SEC company_tickers_exchange,1.0,mapped_exact_normalized
USA,IMMERSION CORP,IMMR,IMMERSION CORP,SEC company_tickers_exchange,1.0,mapped_exact_normalized
USA,INDEPENDENT BANK GROUP,INDB,INDEPENDENT BANK CORP,SEC company_tickers_exchange,1.0,mapped_exact_normalized
USA,INSYS THERAPEUTICS INC,,,,0.0,needs_review
USA,INTREXON CORP,,,,0.0,needs_review
USA,MARKETO,,,,0.0,needs_review
USA,MILLER ENERGY RESOURCES,,,,0.0,needs_review
USA,MRC GLOBAL,,,,0.0,needs_review
USA,NOODLES & CO A,NDLS,NOODLES & Co,SEC company_tickers_exchange,1.0,mapped_exact_normalized
USA,NRG YIELD A,,,,0.0,needs_review
USA,ORGANOVO HOLDINGS,,,,0.0,needs_review
USA,PGT,,,,0.0,needs_review
USA,PINNACLE FOODS,,,,0.0,needs_review
USA,PLY GEM HOLDINGS,,,,0.0,needs_review
USA,PORTOLA PHARMACEUTICALS,,,,0.0,needs_review
USA,PTC THERAPEUTICS,PTCT,"PTC THERAPEUTICS, INC.",SEC company_tickers_exchange,1.0,mapped_exact_normalized
USA,RALLY SOFTWARE DEV,,,,0.0,needs_review
USA,RECEPTOS INC,,,,0.0,needs_review
USA,RENEWABLE ENERGY GROUP,,,,0.0,needs_review
USA,RESTORATION HARDWARE HLD,,,,0.0,needs_review
USA,RETAIL PROP OF AME A,,,,0.0,needs_review
USA,RETAILMENOT SERIES 1,,,,0.0,needs_review
USA,ROCKWELL MEDICAL,RMTI,"ROCKWELL MEDICAL, INC.",SEC company_tickers_exchange,1.0,mapped_exact_normalized
USA,RUCKUS WIRELESS,,,,0.0,needs_review
USA,SILVER SPRING NETWORKS,,,,0.0,needs_review
USA,STEMLINE THERAPEUTICS,,,,0.0,needs_review
USA,AMPCO-PITTSBURGH CORP,AP,AMPCO PITTSBURGH CORP,SEC company_tickers_exchange,1.0,mapped_exact_normalized
USA,CHEMICAL FINANCIAL CORP,,,,0.0,needs_review
USA,CRA INTL,,,,0.0,needs_review
USA,GLADSTONE CAP CO,,,,0.0,needs_review
USA,GORMAN-RUPP CO (THE),GRC,GORMAN RUPP CO,SEC company_tickers_exchange,1.0,mapped_exact_normalized
USA,JAKKS PACIFIC,JAKK,JAKKS PACIFIC INC,SEC company_tickers_exchange,1.0,mapped_exact_normalized
USA,LIMELIGHT NETWORKS,,,,0.0,needs_review
USA,NAT'L WESTERN LIFE INS A,,,,0.0,needs_review
USA,NEWSTAR FINANCIAL,,,,0.0,needs_review
USA,NORANDA ALUMINUM HOLDING,,,,0.0,needs_review
USA,PARK NATIONAL CORP,PRK,Park National Corporation Common Stock,NasdaqTrader otherlisted,1.0,mapped_exact_normalized
USA,SANDY SPRING BANCORP,,,,0.0,needs_review
USA,SKILLED HC GRP A,,,,0.0,needs_review
USA,SPEEDWAY MOTORSPORTS,,,,0.0,needs_review
USA,SWISHER HYGIENE (US),,,,0.0,needs_review
USA,SWS GROUP,,,,0.0,needs_review
USA,TOMPKIN FINANCIAL,,,,0.0,needs_review
USA,VANTAGE DRILLING CO,,,,0.0,needs_review
USA,VICAL,,,,0.0,needs_review
USA,ZAGG,,,,0.0,needs_review
TAIWAN,CENTER LABORATORIES,4123,Center Lab.,FinLab company_basic_info:英文簡稱,0.9426,verified_tw_reference_fuzzy
TAIWAN,FIRST STEAMSHIP,2601,"First Steamship Co., Ltd.","Round7 current-code discovery: Yahoo Finance search matched `First Steamship Co., Ltd.`/2601.TW; code exists in TWSE/TPEx/FinLab Taiwan reference universe. Local refs: FSC | 益航 | 益航股份有限公司",1.0000,verified_tw_current_round7
TAIWAN,GLYCONEX,4168,GlycoNex Inc.,FinLab company_basic_info:英文簡稱,1.0,mapped_exact_normalized
TAIWAN,KINGCAN HOLDINGS,8411,KINGCAN,FinLab company_basic_info:英文簡稱,1.0,mapped_exact_normalized
TAIWAN,NAN LIU ENTERPRISE,6504,NAN LIU,FinLab company_basic_info:英文簡稱,0.9289,verified_tw_reference_fuzzy
TAIWAN,ORIENT EUROPHARMA CO,4120,"Orient EuroPharma Co., Ltd.","Round7 current-code discovery: Yahoo Finance search matched `Orient EuroPharma Co., Ltd.`/4120.TWO; code exists in TWSE/TPEx/FinLab Taiwan reference universe. Local refs: OEP | 友華 | 友華生技醫藥股份有限公司",1.0000,verified_tw_current_round7
TAIWAN,SINPHAR PHARMACEUT CO,1734,SINPHAR,FinLab company_basic_info:英文簡稱,0.9289,verified_tw_reference_fuzzy
TAIWAN,YEONG GUAN ENERGY GROUP,1589,"Yeong Guan Energy Technology Group Co., Ltd. / 永冠-KY",Round8c web/Yahoo/Google evidence: Reuters/ISIN pages show Yeong Guan Energy Technology Group code 1589 / 1589.TW.,0.95,verified_tw_yahoo_google_round8c
TAIWAN,ADVANCED INT'L MULTITECH,8938,"Advanced International Multitech Co., Ltd. / 明安",Round8b Yahoo Finance search: Advanced International Multitech -> 8938.TWO.,0.98,verified_tw_yahoo_round8b
TAIWAN,LEOFOO DEVELOPMENT CORP,2705,LEOFOO,FinLab company_basic_info:英文簡稱,0.9233,verified_tw_reference_fuzzy
TAIWAN,SUNREX TECHNOLOGY CORP,2387,SUNREX,FinLab company_basic_info:英文簡稱,0.9253,verified_tw_reference_fuzzy
TAIWAN,TANG ENG IRON WORKS CO,2035,"Tang Eng Iron Works Co., Ltd.","Round7 current-code discovery: Yahoo Finance search matched `Tang Eng Iron Works Co., Ltd.`/2035.TWO; code exists in TWSE/TPEx/FinLab Taiwan reference universe. Local refs: TE | 唐榮公司 | 唐榮鐵工廠股份有限公司",1.0000,verified_tw_current_round7
USA,2U,,,,0.0,needs_review
USA,ADVANCED DRAINAGE SYSTEM,,,,0.0,needs_review
USA,AERIE PHARMACEUTICALS,,,,0.0,needs_review
USA,AMERICAN REALTY CAP HEA,,,,0.0,needs_review
USA,AMERIS BANCORP,ABCB,Ameris Bancorp,SEC company_tickers_exchange,1.0,mapped_exact_normalized
USA,AVALANCHE BIOTECHNOLOG,,,,0.0,needs_review
USA,BIODELIVERY SCIENCES INT,,,,0.0,needs_review
USA,BLACKHAWK NETWORK HLDG A,,,,0.0,needs_review
USA,BLACKSTONE MORTGAGE TRST,,,,0.0,needs_review
USA,BLUE HILLS BANCORP,,,,0.0,needs_review
USA,CASTLIGHT HEALTH B,,,,0.0,needs_review
USA,ALLIANCE ONE INTL,,,,0.0,needs_review
USA,BEBE STORES,,,,0.0,needs_review
USA,BPZ ENERGY,,,,0.0,needs_review
USA,CASTLE (A.M.) & CO,,,,0.0,needs_review
USA,CENTRAL GARDEN & PET,CENT,CENTRAL GARDEN & PET CO,SEC company_tickers_exchange,1.0,mapped_exact_normalized
USA,DAWSON GEOPHYSICAL CO,DWSN,DAWSON GEOPHYSICAL CO,SEC company_tickers_exchange,1.0,mapped_exact_normalized
USA,DENDREON CORP,,,,0.0,needs_review
TAIWAN,CHIPMOS TECHNOLOGIES,8150,ChipMOS,FinLab company_basic_info:英文簡稱,0.925,verified_tw_reference_fuzzy
TAIWAN,ENNOCONN CORP,6414,ENNOCONN,FinLab company_basic_info:英文簡稱,1.0,mapped_exact_normalized
TAIWAN,SWANCOR IND CO,3708,Swancor,FinLab company_basic_info:英文簡稱,0.9536,verified_tw_reference_fuzzy
TAIWAN,VOLTRONIC POWER TECHNO,6409,VOLTRONIC,FinLab company_basic_info:英文簡稱,0.9309,verified_tw_reference_fuzzy
TAIWAN,XPEC ENTERTAINMENT,3662,XPEC Entertainment Inc.,Round7 official historical delisted source: TPEx EN deListed official delist_date=2017-10-19,1.0000,verified_tw_historical_round7
TAIWAN,AV TECH CORP,8072,AV TECH,FinLab company_basic_info:英文簡稱,1.0,mapped_exact_normalized
TAIWAN,CHINA CHEM & PHARM CO,1701,"China Chemical & Pharmaceutical Co., Ltd. / 中化",Round8 Yahoo/Google query: China Chemical Pharmaceutical Taiwan stock -> 1701.TW,0.99,verified_tw_yahoo_google_round8
TAIWAN,E-LIFE MALL CORPORATION,6281,E-LIFE,FinLab company_basic_info:英文簡稱,0.9445,verified_tw_reference_fuzzy
TAIWAN,FSP TECHNOLOGY,3015,FSP Technology Inc.,Round7 current-code discovery: Yahoo Finance search matched `FSP Technology Inc.`/3015.TW; code exists in TWSE/TPEx/FinLab Taiwan reference universe. Local refs: FSP | 全漢 | 全漢企業股份有限公司,1.0000,verified_tw_current_round7
TAIWAN,GREAT TAIPEI GAS,9908,The Great Taipei Gas Corporation,Round7 current-code discovery: Yahoo Finance search matched `The Great Taipei Gas Corporation`/9908.TW; code exists in TWSE/TPEx/FinLab Taiwan reference universe. Local refs: GTG | 大台北 | 大台北區瓦斯股份有限公司,1.0000,verified_tw_current_round7
TAIWAN,INFORTREND TECHNOLOGY,2495,Infortrend,FinLab company_basic_info:英文簡稱,0.9376,verified_tw_reference_fuzzy
TAIWAN,KWONG FONG INDUSTRIES,1416,Kwong Fong Industries Corporation,Round7 current-code discovery: Yahoo Finance search matched `Kwong Fong Industries Corporation`/1416.TW; code exists in TWSE/TPEx/FinLab Taiwan reference universe. Local refs: KFIC | 廣豐 | 廣豐實業股份有限公司,1.0000,verified_tw_current_round7
TAIWAN,LINGSEN PRECISION IND,2369,"Lingsen Precision Industries, Ltd.","Round7 current-code discovery: Yahoo Finance search matched `Lingsen Precision Industries, Ltd.`/2369.TW; code exists in TWSE/TPEx/FinLab Taiwan reference universe. Local refs: LPI | 菱生 | 菱生精密工業股份有限公司",1.0000,verified_tw_current_round7
TAIWAN,SILICON INTEGRATED SYS,2363,Silicon Integrated Systems Corp.,Round7 current-code discovery: Yahoo Finance search matched `Silicon Integrated Systems Corp.`/2363.TW; code exists in TWSE/TPEx/FinLab Taiwan reference universe. Local refs: SiS | 矽統 | 矽統科技股份有限公司,1.0000,verified_tw_current_round7
TAIWAN,SILITECH TECHNOLOGY CORP,3311,Silitech,FinLab company_basic_info:英文簡稱,0.9321,verified_tw_reference_fuzzy
TAIWAN,TAH HSIN INDUSTRIAL CO,1315,TAH HSIN,FinLab company_basic_info:英文簡稱,0.9321,verified_tw_reference_fuzzy
TAIWAN,TSANN KUEN ENTERPRISE CO,2430,"Tsann Kuen Enterprise Co.,Ltd","Round7 current-code discovery: Yahoo Finance search matched `Tsann Kuen Enterprise Co.,Ltd`/2430.TW; code exists in TWSE/TPEx/FinLab Taiwan reference universe. Local refs: TKE | 燦坤 | 燦坤實業股份有限公司",1.0000,verified_tw_current_round7
TAIWAN,USUN TECHNOLOGY,3498,"Usun Technology Co., Ltd.","Round7 current-code discovery: Yahoo Finance search matched `Usun Technology Co., Ltd.`/3498.TWO; code exists in TWSE/TPEx/FinLab Taiwan reference universe. Local refs: USUN | 陽程 | 陽程科技股份有限公司",1.0000,verified_tw_current_round7
USA,8POINT3 ENERGY PRTNRS A,,,,0.0,needs_review
USA,A10 NETWORKS,ATEN,"A10 Networks, Inc.",SEC company_tickers_exchange,1.0,mapped_exact_normalized
USA,ADURO BIOTECH,,,,0.0,needs_review
USA,AIMMUNE THERAPEUTICS,,,,0.0,needs_review
USA,AMPLIFY SNACK BRANDS,,,,0.0,needs_review
USA,APPLE HOSPITALITY REIT,APLE,"Apple Hospitality REIT, Inc.",SEC company_tickers_exchange,1.0,mapped_exact_normalized
USA,BLACK KNIGHT FINL A,,,,0.0,needs_review
USA,BLUE BUFFALO PET PRDCTS,,,,0.0,needs_review
USA,BLUEPRINT MEDICINES,,,,0.0,needs_review
USA,BNC BANCORP,,,,0.0,needs_review
USA,BOJANGLES,,,,0.0,needs_review
USA,BRIDGE BANCORP,,,,0.0,needs_review
USA,CENTURY COMMUNITIES,CCS,"Century Communities, Inc.",SEC company_tickers_exchange,1.0,mapped_exact_normalized
USA,CHAMBERS STREET PROP,,,,0.0,needs_review
USA,CHIASMA,,,,0.0,needs_review
USA,CONFORMIS,,,,0.0,needs_review
USA,DERMIRA,,,,0.0,needs_review
USA,EASTERLY GOVERNMENT PPTY,,,,0.0,needs_review
USA,FIDELITY SOUTHERN CORP,,,,0.0,needs_review
USA,GENER8 MARITIME,,,,0.0,needs_review
USA,GERMAN AMERICAN BANCORP,GABC,"GERMAN AMERICAN BANCORP, INC.",SEC company_tickers_exchange,1.0,mapped_exact_normalized
USA,GLAUKOS,GKOS,GLAUKOS Corp,SEC company_tickers_exchange,1.0,mapped_exact_normalized
USA,GLOBAL BLOOD THERAPEUTIC,,,,0.0,needs_review
USA,GLOBAL NET LEASE,GNL,"Global Net Lease, Inc.",SEC company_tickers_exchange,1.0,mapped_exact_normalized
USA,ABRAXAS PETROLEUM,,,,0.0,needs_review
USA,AEROPOSTALE INC,,,,0.0,needs_review
USA,CAI INTERNATIONAL,,,,0.0,needs_review
USA,CALAMOS ASSET MGMT A,,,,0.0,needs_review
USA,CDI CORP,,,,0.0,needs_review
USA,ENERGY XXI,,,,0.0,needs_review
USA,FOSTER (L.B.) CO A,,,,0.0,needs_review
USA,GLOBAL PAYMENTS,GPN,GLOBAL PAYMENTS INC,SEC company_tickers_exchange,1.0,mapped_exact_normalized
USA,HCC INSURANCE HOLDINGS,,,,0.0,needs_review
USA,HORIZON GLOBAL CORP,,,,0.0,needs_review
USA,HORSEHEAD HOLDING,,,,0.0,needs_review
USA,ION GEOPHYSICAL CORP,,,,0.0,needs_review
USA,PENDRELL,,,,0.0,needs_review
USA,PENN VIRGINIA CORP,,,,0.0,needs_review
USA,PIONEER ENERGY SERVICES,,,,0.0,needs_review
USA,RCS CAPITAL CORP A,,,,0.0,needs_review
USA,REALNETWORKS,,,,0.0,needs_review
USA,RENTECH,,,,0.0,needs_review
USA,ROCKET FUEL,,,,0.0,needs_review
USA,SEVENTY SEVEN ENERGY,,,,0.0,needs_review
USA,SFX ENTERTAINMENT,,,,0.0,needs_review
USA,SILICON GRAPHICS INTL,,,,0.0,needs_review
USA,TILLY'S INC A,TLYS,"TILLY'S, INC.",SEC company_tickers_exchange,1.0,mapped_exact_normalized
TAIWAN,ADV WIRELESS SC,8086,Advanced Wireless Semiconductor Company / 宏捷科,Round8 Same issuer abbreviation as ADV WIRELESS SEMICONDUC -> 8086.TWO,0.99,verified_tw_yahoo_google_round8
TAIWAN,LAND MARK OPTOELECTRS,3081,LandMark Optoelectronics Corporation / 聯亞,Round8b Yahoo Finance search: LandMark Optoelectronics -> 3081.TWO.,0.98,verified_tw_yahoo_round8b
TAIWAN,LION TRAVEL SERVICE,2731,"Lion Travel Service Co., Ltd.","Round7 current-code discovery: Yahoo Finance search matched `Lion Travel Service Co., Ltd.`/2731.TW; code exists in TWSE/TPEx/FinLab Taiwan reference universe. Local refs: Liontravel | 雄獅 | 雄獅旅行社股份有限公司",1.0000,verified_tw_current_round7
TAIWAN,PHARMALLY INTL HLDG,6452,Pharmally International Holding Company Limited / 康友-KY,Round8c web/Yahoo/Google evidence: TWSE factbook delisting table and GBI/Twincn show Pharmally code 6452.,0.95,verified_tw_historical_round8c
TAIWAN,SUNNY FRIEND ENV TECH,8341,"Sunny Friend Environmental Technology Co., Ltd. / 日友",Round8b Yahoo Finance search: Sunny Friend Environmental -> 8341.TW.,0.98,verified_tw_yahoo_round8b
TAIWAN,TRUELIGHT CORP,3234,TrueLight,FinLab company_basic_info:英文簡稱,1.0,mapped_exact_normalized
TAIWAN,ADV LITHIUM ELECTROCHEM,5227,"Advanced Lithium Electrochemistry Co., Ltd. / 立凱-KY",Round8 Same issuer abbreviation as Advanced Lithium Electrochemistry -> 5227.TWO,0.99,verified_tw_yahoo_google_round8
TAIWAN,ALI CORP,3041,ALi,FinLab company_basic_info:英文簡稱,1.0,mapped_exact_normalized
TAIWAN,ASIA PLASTIC RECYCLING,1337,Asia Plastic,FinLab company_basic_info:英文簡稱,0.9445,verified_tw_reference_fuzzy
TAIWAN,CYBERTAN TECHNOLOGY,3062,CyberTAN,FinLab company_basic_info:英文簡稱,0.9321,verified_tw_reference_fuzzy
TAIWAN,EASTERN MEDIA INTL,2614,Eastern Media International Corporation / 東森,Round8b Yahoo Finance search: Eastern Media International -> 2614.TW.,0.98,verified_tw_yahoo_round8b
TAIWAN,GEMTEK TECHNOLOGY CORP,4906,GEMTEK,FinLab company_basic_info:英文簡稱,0.9253,verified_tw_reference_fuzzy
TAIWAN,GEOVISION,3356,GeoVision,FinLab company_basic_info:英文簡稱,1.0,mapped_exact_normalized
TAIWAN,GLOBAL MIXED-MODE TECH,8081,GLOBAL MIXED-MODE TECHNOLOGY INC,Round7 official historical delisted source: TPEx EN deListed official delist_date=2008-12-30,1.0000,verified_tw_historical_round7
TAIWAN,HANNSTOUCH SOLUTION,3049,HannsTouch,FinLab company_basic_info:英文簡稱,0.9426,verified_tw_reference_fuzzy
TAIWAN,KINGS TOWN CONSTRUCTION,2524,"King's Town Construction Co., Ltd.","Round7 current-code discovery: Yahoo Finance search matched `King's Town Construction Co., Ltd.`/2524.TW; code exists in TWSE/TPEx/FinLab Taiwan reference universe. Local refs: KTC | 京城 | 京城建設股份有限公司",0.9787,verified_tw_current_round7
USA,ADVANCEPIERRE FOODS,,,,0.0,needs_review
USA,APIGEE CORP,,,,0.0,needs_review
USA,ARMADA HOFFLER PROP,,,,0.0,needs_review
USA,ATKORE INTERNATIONAL,,,,0.0,needs_review
USA,AVEXIS INC,,,,0.0,needs_review
USA,BIOTELEMETRY,,,,0.0,needs_review
USA,CLAYTON WILLIAMS ENERGY,,,,0.0,needs_review
USA,COLUCID PHARMACEUTICALS,,,,0.0,needs_review
USA,CU BANCORP,,,,0.0,needs_review
USA,FIRST HAWAIIAN,FHB,"FIRST HAWAIIAN, INC.",SEC company_tickers_exchange,1.0,mapped_exact_normalized
USA,FLEXION THERAPEUTICS,,,,0.0,needs_review
USA,GLADSTONE COMM CORP,,,,0.0,needs_review
USA,GMS,,,,0.0,needs_review
USA,HORIZON BANCORP INDIANA,,,,0.0,needs_review
USA,QUORUM HEALTH CORP,,,,0.0,needs_review
USA,REGULUS THERAPEUTICS,,,,0.0,needs_review
USA,STAGE STORES,,,,0.0,needs_review
TAIWAN,CHAROEN POKPHAND ENT,1215,"Charoen Pokphand Enterprise (Taiwan) Co., Ltd.","Round7 current-code discovery: Yahoo Finance search matched `Charoen Pokphand Enterprise (Taiwan) Co., Ltd.`/1215.TW; code exists in TWSE/TPEx/FinLab Taiwan reference universe. Local refs: CPE | 卜蜂 | 台灣卜蜂企業股份有限公司",1.0000,verified_tw_current_round7
TAIWAN,CHUNGHWA PRECISION TEST,6510,"Chunghwa Precision Test Tech. Co., Ltd.","Round7 current-code discovery: Yahoo Finance search matched `Chunghwa Precision Test Tech. Co., Ltd.`/6510.TWO; code exists in TWSE/TPEx/FinLab Taiwan reference universe. Local refs: CHPT | 中華精測科技股份有限公司 | 精測",1.0000,verified_tw_current_round7
TAIWAN,ALTEK CORP,3059,Altek,FinLab company_basic_info:英文簡稱,1.0,mapped_exact_normalized
TAIWAN,COXON PRECISE INDUSTRIAL,3607,Coxon,FinLab company_basic_info:英文簡稱,0.9108,verified_tw_reference_fuzzy
TAIWAN,CYBERLINK CORP,5203,CyberLink,FinLab company_basic_info:英文簡稱,1.0,mapped_exact_normalized
TAIWAN,FEDERAL CORP,2102,FEDERAL CORP,FinLab company_basic_info:英文簡稱,1.0,mapped_exact_normalized
TAIWAN,FIRST HOTEL,2706,FIRST HOTEL,FinLab company_basic_info:英文簡稱,1.0,mapped_exact_normalized
TAIWAN,KEE TAI PROPERTIES CO,2538,"Kee Tai Properties Co., Ltd.","Round7 current-code discovery: Yahoo Finance search matched `Kee Tai Properties Co., Ltd.`/2538.TW; code exists in TWSE/TPEx/FinLab Taiwan reference universe. Local refs: KeeTai | 基泰 | 基泰建設股份有限公司",1.0000,verified_tw_current_round7
TAIWAN,MIN AIK TECHNOLOGY CO,3060,MIN AIK,FinLab company_basic_info:英文簡稱,0.9289,verified_tw_reference_fuzzy
TAIWAN,RICH DEVELOPMENT CO,5512,"Rich Development Co., Ltd.","Round7 current-code discovery: Yahoo Finance search matched `Rich Development Co., Ltd.`/5512.TWO; code exists in TWSE/TPEx/FinLab Taiwan reference universe. Local refs: RICH | 力麒 | 力麒建設股份有限公司",1.0000,verified_tw_current_round7
TAIWAN,SOLAR APPLIED MATRLS,1785,Solar,FinLab company_basic_info:英文簡稱,0.915,verified_tw_reference_fuzzy
USA,ABEONA THERAPEUTICS,ABEO,ABEONA THERAPEUTICS INC.,SEC company_tickers_exchange,1.0,mapped_exact_normalized
USA,AKCEA THERAPEUTICS,,,,0.0,needs_review
USA,ANTERO RES MIDSTREAM,,,,0.0,needs_review
USA,AUDENTES THERAPEUTICS,,,,0.0,needs_review
USA,BIOHAVEN PHARMA HLDG,,,,0.0,needs_review
USA,C&J ENERGY SERVICES,,,,0.0,needs_review
USA,CAROLINA FINANCIAL CORP,,,,0.0,needs_review
USA,CISION,,,,0.0,needs_review
USA,COMMUNITY HEALTHCARE,,,,0.0,needs_review
USA,DASEKE,,,,0.0,needs_review
USA,ELECTRO SCIENTIFIC IND,,,,0.0,needs_review
USA,EMERALD EXPOSITIONS,,,,0.0,needs_review
USA,EVERBRIDGE,,,,0.0,needs_review
USA,EVERI HOLDINGS,,,,0.0,needs_review
USA,FIRST MID ILLINOIS,,,,0.0,needs_review
USA,FIVE POINT HOLDINGS A,,,,0.0,needs_review
USA,FLOOR & DECOR HOLDINGS A,FND,"Floor & Decor Holdings, Inc.",SEC company_tickers_exchange,1.0,mapped_exact_normalized
USA,GARDNER DENVER HOLDINGS,,,,0.0,needs_review
USA,ICHOR HOLDINGS,ICHR,"ICHOR HOLDINGS, LTD.",SEC company_tickers_exchange,1.0,mapped_exact_normalized
USA,IGNYTA,,,,0.0,needs_review
USA,MADRIGAL PHARMACEUTICALS,MDGL,"MADRIGAL PHARMACEUTICALS, INC.",SEC company_tickers_exchange,1.0,mapped_exact_normalized
USA,NATIONAL COMMERCE,,,,0.0,needs_review
USA,NICOLET BANKSHARES,NIC,NICOLET BANKSHARES INC,SEC company_tickers_exchange,1.0,mapped_exact_normalized
USA,NV5 HOLDINGS,,,,0.0,needs_review
USA,PEABODY ENERGY,BTU,PEABODY ENERGY CORP,SEC company_tickers_exchange,1.0,mapped_exact_normalized
USA,PLAYA HOTELS & RESORTS,,,,0.0,needs_review
USA,PRESIDIO INC,,,,0.0,needs_review
USA,PROPETRO HOLDING CORP,PUMP,ProPetro Holding Corp.,SEC company_tickers_exchange,1.0,mapped_exact_normalized
USA,RADNET,RDNT,"RadNet, Inc.",SEC company_tickers_exchange,1.0,mapped_exact_normalized
USA,RIGEL PHARMACEUTICALS,RIGL,RIGEL PHARMACEUTICALS INC,SEC company_tickers_exchange,1.0,mapped_exact_normalized
USA,SIMPLY GOOD FOODS,SMPL,Simply Good Foods Co,SEC company_tickers_exchange,1.0,mapped_exact_normalized
USA,SMART GLOBAL HLDGS,,,,0.0,needs_review
USA,STONE ENERGY CORP,,,,0.0,needs_review
USA,TPG RE FINANCE TRUST,TRTX,"TPG RE Finance Trust, Inc.",SEC company_tickers_exchange,1.0,mapped_exact_normalized
USA,TRIUMPH BANCORP,,,,0.0,needs_review
USA,VERITEX HOLDINGS,,,,0.0,needs_review
USA,WARRIOR MET COAL,HCC,"WARRIOR MET COAL, INC.",SEC company_tickers_exchange,1.0,mapped_exact_normalized
USA,ZOGENIX,,,,0.0,needs_review
USA,BIG 5 SPORTING GOODS,,,,0.0,needs_review
USA,BRISTOW GROUP,VTOL,Bristow Group Inc.,SEC company_tickers_exchange,1.0,mapped_exact_normalized
USA,CARBO CERAMICS,,,,0.0,needs_review
USA,CEMPRA,,,,0.0,needs_review
USA,CSS INDUSTRIES,,,,0.0,needs_review
USA,DRIVE SHACK,,,,0.0,needs_review
USA,FEDERATED NATIONAL HLDG,,,,0.0,needs_review
USA,FLOTEK INDUSTRIES,FTK,"Flotek Industries, Inc. Common Stock",NasdaqTrader otherlisted,1.0,mapped_exact_normalized
USA,FRANCESCAS HOLDINGS CORP,,,,0.0,needs_review
USA,FREDS,,,,0.0,needs_review
USA,GLOBAL EAGLE ENTMT,,,,0.0,needs_review
USA,HARMONIC,HLIT,HARMONIC INC.,SEC company_tickers_exchange,1.0,mapped_exact_normalized
USA,LIBERTY FORMULA ONE A,,,,0.0,needs_review
USA,NATURAL HEALTH TRENDS,NHTC,NATURAL HEALTH TRENDS CORP,SEC company_tickers_exchange,1.0,mapped_exact_normalized
USA,OTONOMY,,,,0.0,needs_review
USA,PARKER DRILLING CO,,,,0.0,needs_review
USA,RAIT FINANCIAL TRUST,,,,0.0,needs_review
USA,RUBICON PROJECT,,,,0.0,needs_review
USA,SAFEGUARD SCIENTIFICS,SFES,SAFEGUARD SCIENTIFICS INC,SEC company_tickers_exchange,1.0,mapped_exact_normalized
USA,SEACOR MARINE HOLDINGS,SMHI,SEACOR Marine Holdings Inc.,SEC company_tickers_exchange,1.0,mapped_exact_normalized
USA,SEQUENTIAL BRANDS GRP,,,,0.0,needs_review
USA,TESCO CORP,,,,0.0,needs_review
USA,TRAVELCENTERS OF AMERICA,,,,0.0,needs_review
USA,VERSARTIS,,,,0.0,needs_review
USA,VITAMIN SHOPPE,,,,0.0,needs_review
USA,WMIH,,,,0.0,needs_review
USA,ZOES KITCHEN,,,,0.0,needs_review
TAIWAN,CHILISIN ELECTRS CORP,2456,CHILISIN,Round7 official historical delisted source: TWSE EN suspendListing official delist_date=2022/01/05,1.0000,verified_tw_historical_round7
TAIWAN,FOXSEMICON INTGR TECH,3413,Foxsemicon Integrated Technology Inc. / 京鼎,Round8b Yahoo Finance search: Foxsemicon Integrated Technology -> 3413.TW.,0.98,verified_tw_yahoo_round8b
TAIWAN,KS TERMINALS,3003,K.S. Terminals Inc.,Round7 current-code discovery: Yahoo Finance search matched `K.S. Terminals Inc.`/3003.TW; code exists in TWSE/TPEx/FinLab Taiwan reference universe. Local refs: KST | 健和興 | 健和興端子股份有限公司,0.9600,verified_tw_current_round7
TAIWAN,NUVOTON TECHNOLOGY,4919,Nuvoton Technology Corporation,Round7 current-code discovery: Yahoo Finance search matched `Nuvoton Technology Corporation`/4919.TW; code exists in TWSE/TPEx/FinLab Taiwan reference universe. Local refs: NTC | 新唐 | 新唐科技股份有限公司,1.0000,verified_tw_current_round7
TAIWAN,O-BANK,2897,O-Bank,FinLab company_basic_info:英文簡稱,1.0,mapped_exact_normalized
TAIWAN,PAIHO SHIH HOLDINGS,8404,PAIHO SHIH,FinLab company_basic_info:英文簡稱,1.0,mapped_exact_normalized
TAIWAN,QUANG VIET ENTERPRISE,4438,"Quang Viet Enterprise Co., Ltd.","Round7 current-code discovery: Yahoo Finance search matched `Quang Viet Enterprise Co., Ltd.`/4438.TW; code exists in TWSE/TPEx/FinLab Taiwan reference universe. Local refs: QVE | 廣越 | 廣越企業股份有限公司",1.0000,verified_tw_current_round7
TAIWAN,ROO HSING,4414,ROO HSING,FinLab company_basic_info:英文簡稱,1.0,mapped_exact_normalized
TAIWAN,THINKING ELECTRONIC INDL,2428,THINKING,FinLab company_basic_info:英文簡稱,0.9233,verified_tw_reference_fuzzy
TAIWAN,FORMOSAN RUBBER GROUP,2107,Formosan Rubber Group Inc.,Round7 current-code discovery: Yahoo Finance search matched `Formosan Rubber Group Inc.`/2107.TW; code exists in TWSE/TPEx/FinLab Taiwan reference universe. Local refs: FRG | 厚生 | 厚生股份有限公司,1.0000,verified_tw_current_round7
TAIWAN,HUNG POO REAL ESTATE DEV,2536,"Hong Pu / Hung Poo Real Estate Development Co., Ltd. / 宏普",Round8c web/Yahoo/Google evidence: Yahoo/MarketScreener/TradingView show Hong Pu/Hung Poo Real Estate Development code 2536.,0.95,verified_tw_yahoo_google_round8c
TAIWAN,KUOYANG CONSTRUCTION,2505,"Kuo Yang Construction Co., Ltd.","Round7 current-code discovery: Yahoo Finance search matched `Kuo Yang Construction Co., Ltd.`/2505.TW; code exists in TWSE/TPEx/FinLab Taiwan reference universe. Local refs: ky | 國揚 | 國揚實業股份有限公司",0.9756,verified_tw_current_round7
TAIWAN,LONG BON DEVELOPMENT CO,2514,LONG BON,FinLab company_basic_info:英文簡稱,0.93,verified_tw_reference_fuzzy
TAIWAN,SAMPO CORP,1604,SAMPO,FinLab company_basic_info:英文簡稱,1.0,mapped_exact_normalized
TAIWAN,SUNSPRING METAL,2062,Sunspring Metal Corporation,Round7 current-code discovery: Yahoo Finance search matched `Sunspring Metal Corporation`/2062.TW; code exists in TWSE/TPEx/FinLab Taiwan reference universe. Local refs: SSM | 橋椿 | 橋椿金屬股份有限公司,1.0000,verified_tw_current_round7
TAIWAN,TAIWAN FIRE & MARINE INS,2832,"Taiwan Fire & Marine Insurance Co., Ltd.","Round7 current-code discovery: Yahoo Finance search matched `Taiwan Fire & Marine Insurance Co., Ltd.`/2832.TW; code exists in TWSE/TPEx/FinLab Taiwan reference universe. Local refs: TFMI | 台灣產物保險股份有限公司 | 台產",1.0000,verified_tw_current_round7
USA,AMALGAMATED BANK A,,,,0.0,needs_review
USA,AMERICAN FINANCE TRUST A,,,,0.0,needs_review
USA,APOLLO MEDICAL HLDGS,,,,0.0,needs_review
USA,APPTIO A,,,,0.0,needs_review
USA,ARCUS BIOSCIENCES,RCUS,"Arcus Biosciences, Inc.",SEC company_tickers_exchange,1.0,mapped_exact_normalized
USA,ARES MANAGEMENT,ARES,Ares Management Corp,SEC company_tickers_exchange,1.0,mapped_exact_normalized
USA,AVROBIO,,,,0.0,needs_review
USA,BERRY PETROLEUM,,,,0.0,needs_review
USA,BIOSPECIFICS TECH,,,,0.0,needs_review
USA,BJS WHOLESALE CLUB HLDGS,,,,0.0,needs_review
USA,BRIGHTVIEW HOLDINGS,BV,"BrightView Holdings, Inc.",SEC company_tickers_exchange,1.0,mapped_exact_normalized
USA,CARE.COM,,,,0.0,needs_review
USA,CBTX,,,,0.0,needs_review
USA,CHAPARRAL ENERGY A,,,,0.0,needs_review
USA,COLUMBIA FINANCIAL,CLBK,"Columbia Financial, Inc.",SEC company_tickers_exchange,1.0,mapped_exact_normalized
USA,COMSCORE,SCOR,"COMSCORE, INC.",SEC company_tickers_exchange,1.0,mapped_exact_normalized
USA,CONVERGEONE HOLDINGS,,,,0.0,needs_review
USA,CUSHMAN & WAKEFIELD,CWK,Cushman & Wakefield Ltd.,SEC company_tickers_exchange,1.0,mapped_exact_normalized
USA,EQUITY BANCSHARES,EQBK,EQUITY BANCSHARES INC,SEC company_tickers_exchange,1.0,mapped_exact_normalized
USA,ESSENTIAL PROP RLTY TR,,,,0.0,needs_review
USA,EXELA TECHNOLOGIES,,,,0.0,needs_review
USA,EXP WORLD HOLDINGS,AGNT,"eXp World Holdings, Inc.",SEC company_tickers_exchange,1.0,mapped_exact_normalized
USA,FIRST BANCSHARES (THE),,,,0.0,needs_review
USA,GENCO SHIPPING & TRDNG,,,,0.0,needs_review
USA,INSPIRE MEDICAL SYSTEMS,INSP,"Inspire Medical Systems, Inc.",SEC company_tickers_exchange,1.0,mapped_exact_normalized
USA,MCBC HOLDINGS,,,,0.0,needs_review
USA,MIMECAST,,,,0.0,needs_review
USA,MR COOPER GROUP,,,,0.0,needs_review
USA,ORIGIN BANCORP,OBK,"Origin Bancorp, Inc.",SEC company_tickers_exchange,1.0,mapped_exact_normalized
USA,PILGRIM'S PRIDE CORP,PPC,Pilgrim's Pride Corporation - Common Stock,NasdaqTrader nasdaqlisted,1.0,mapped_exact_normalized
USA,SKYLINE CHAMPION CORP,,,,0.0,needs_review
USA,SONOS,SONO,Sonos Inc,SEC company_tickers_exchange,1.0,mapped_exact_normalized
USA,TANDEM DIABETES CARE,TNDM,TANDEM DIABETES CARE INC,SEC company_tickers_exchange,1.0,mapped_exact_normalized
USA,TURNING POINT BRANDS,TPB,"Turning Point Brands, Inc.",SEC company_tickers_exchange,1.0,mapped_exact_normalized
USA,VERICEL CORP,VCEL,Vericel Corp,SEC company_tickers_exchange,1.0,mapped_exact_normalized
USA,VIVINT SOLAR,,,,0.0,needs_review
USA,BIGLARI HOLDINGS A,BH-A,Biglari Holdings Inc.,SEC company_tickers_exchange,1.0,mapped_exact_normalized
USA,LANNETT CO,,,,0.0,needs_review
USA,MDC PARTNERS A,,,,0.0,needs_review
USA,MITEL NETWORKS CORP,,,,0.0,needs_review
USA,SVCSOURCE INTERNATIONAL,,,,0.0,needs_review
USA,WINDSTREAM HOLDINGS(NEW),,,,0.0,needs_review
TAIWAN,BRIGHTON-BEST INTL,8415,Brighton-Best,FinLab company_basic_info:英文簡稱,0.9622,verified_tw_reference_fuzzy
TAIWAN,CENTURY IRON & STEEL,9958,"Century Iron and Steel Industrial Co.,Ltd.","Round7 current-code discovery: Yahoo Finance search matched `Century Iron and Steel Industrial Co.,Ltd.`/9958.TW; code exists in TWSE/TPEx/FinLab Taiwan reference universe. Local refs: CIS | 世紀鋼 | 世紀鋼鐵結構股份有限公司",1.0000,verified_tw_current_round7
TAIWAN,SHINY CHEMICAL INDL,1773,SHINY CHEMICAL,FinLab company_basic_info:英文簡稱,0.9637,verified_tw_reference_fuzzy
TAIWAN,ALPHA NETWORKS,3380,Alpha Networks Inc.,Round7 current-code discovery: Yahoo Finance search matched `Alpha Networks Inc.`/3380.TW; code exists in TWSE/TPEx/FinLab Taiwan reference universe. Local refs: Alpha | 明泰 | 明泰科技股份有限公司,1.0000,verified_tw_current_round7
TAIWAN,GIGASOLAR MATERIALS CORP,3691,GIGASOLAR,FinLab company_basic_info:英文簡稱,0.9374,verified_tw_reference_fuzzy
TAIWAN,GLORIA MATERIAL TECH,5009,Gloria Material Technology Corp.,Round7 current-code discovery: Yahoo Finance search matched `Gloria Material Technology Corp.`/5009.TWO; code exists in TWSE/TPEx/FinLab Taiwan reference universe. Local refs: GMTC | 榮剛 | 榮剛材料科技股份有限公司,1.0000,verified_tw_current_round7
TAIWAN,HO TUNG CHEMICAL CORP,1714,HO TUNG,FinLab company_basic_info:英文簡稱,0.9337,verified_tw_reference_fuzzy
TAIWAN,MACAUTO INDUSTRIAL,9951,MACAUTO,FinLab company_basic_info:英文簡稱,0.9289,verified_tw_reference_fuzzy
TAIWAN,SAN FANG CHEMICAL,1307,SAN FANG,FinLab company_basic_info:英文簡稱,0.9371,verified_tw_reference_fuzzy
TAIWAN,TSC AUTO ID TECHNOLOGY,3611,TSC AUTO ID,FinLab company_basic_info:英文簡稱,0.94,verified_tw_reference_fuzzy
TAIWAN,TWI PHARMACEUTICALS,4180,"TWi Pharmaceuticals, Inc.",Round7 official historical delisted source: TPEx EN deListed official delist_date=2019-08-05,1.0000,verified_tw_historical_round7
TAIWAN,YUNG CHI PAINT & VARNISH,1726,"Yung Chi Paint & Varnish Mfg.Co.,Ltd","Round7 current-code discovery: Yahoo Finance search matched `Yung Chi Paint & Varnish Mfg.Co.,Ltd`/1726.TW; code exists in TWSE/TPEx/FinLab Taiwan reference universe. Local refs: Y.C.P. | 永記 | 永記造漆工業股份有限公司",1.0000,verified_tw_current_round7
USA,ADVERUM BIOTECHNOLOG,,,,0.0,needs_review
USA,ANAPLAN,,,,0.0,needs_review
USA,ASSETMARK FINANCIAL HLDG,,,,0.0,needs_review
USA,BRIGHAM MINERALS A,,,,0.0,needs_review
USA,CHANGE HEALTHCARE,,,,0.0,needs_review
USA,CORINDUS VASCULAR,,,,0.0,needs_review
USA,CRYOPORT,CYRX,"Cryoport, Inc.",SEC company_tickers_exchange,1.0,mapped_exact_normalized
USA,DIAMOND S SHIPPING,,,,0.0,needs_review
USA,ELLINGTON FINANCIAL,EFC,Ellington Financial Inc.,SEC company_tickers_exchange,1.0,mapped_exact_normalized
USA,FASTLY A,FSLY,"Fastly, Inc.",SEC company_tickers_exchange,1.0,mapped_exact_normalized
USA,FOCUS FINANCIAL PRTNRS A,,,,0.0,needs_review
USA,GLOBAL MEDICAL REIT,,,,0.0,needs_review
USA,GOOSEHEAD INSURANCE A,GSHD,"Goosehead Insurance, Inc.",SEC company_tickers_exchange,1.0,mapped_exact_normalized
USA,GROCERY OUTLET HOLDING,GO,Grocery Outlet Holding Corp.,SEC company_tickers_exchange,1.0,mapped_exact_normalized
USA,IES HOLDINGS,IESC,"IES Holdings, Inc.",SEC company_tickers_exchange,1.0,mapped_exact_normalized
USA,JERNIGAN CAPITAL,,,,0.0,needs_review
USA,LEVI STRAUSS A,,,,0.0,needs_review
USA,LUXFER HOLDINGS (US),LXFR,LUXFER HOLDINGS PLC,SEC company_tickers_exchange,1.0,mapped_exact_normalized
USA,MAXAR TECHNOLOGIES(US),,,,0.0,needs_review
USA,MEDALLIA,,,,0.0,needs_review
USA,NAPCO SECURITY TECH,,,,0.0,needs_review
USA,ONESPAWORLD HOLDINGS,OSW,ONESPAWORLD HOLDINGS Ltd,SEC company_tickers_exchange,1.0,mapped_exact_normalized
USA,OPTION CARE HEALTH,OPCH,"Option Care Health, Inc.",SEC company_tickers_exchange,1.0,mapped_exact_normalized
USA,PAGERDUTY,PD,"PagerDuty, Inc.",SEC company_tickers_exchange,1.0,mapped_exact_normalized
USA,PALOMAR HOLDINGS,PLMR,"Palomar Holdings, Inc.",SEC company_tickers_exchange,1.0,mapped_exact_normalized
USA,PARSONS CORP,PSN,PARSONS CORP,SEC company_tickers_exchange,1.0,mapped_exact_normalized
USA,PAYSIGN,PAYS,"Paysign, Inc.",SEC company_tickers_exchange,1.0,mapped_exact_normalized
USA,PHREESIA,PHR,"Phreesia, Inc.",SEC company_tickers_exchange,1.0,mapped_exact_normalized
USA,RATTLER MIDSTREAM,,,,0.0,needs_review
USA,REVOLVE GROUP A,RVLV,"Revolve Group, Inc.",SEC company_tickers_exchange,1.0,mapped_exact_normalized
USA,SAFETY INCOME & GROWTH,,,,0.0,needs_review
USA,SHOCKWAVE MEDICAL,,,,0.0,needs_review
USA,TRANSLATE BIO,,,,0.0,needs_review
USA,TURNING POINT,,,,0.0,needs_review
USA,VECTRUS,,,,0.0,needs_review
USA,VIPER ENERGY PARTNERS A,,,,0.0,needs_review
USA,WATFORD HOLDINGS,,,,0.0,needs_review
USA,ACCURAY,ARAY,ACCURAY INC,SEC company_tickers_exchange,1.0,mapped_exact_normalized
USA,ACORDA THERAPEUTICS,,,,0.0,needs_review
USA,ARMSTRONG FLOORING,,,,0.0,needs_review
USA,ASSERTIO THERAPEUTICS,,,,0.0,needs_review
USA,COVIA HOLDINGS CORP,,,,0.0,needs_review
USA,FORUM ENERGY TECH INC,,,,0.0,needs_review
USA,HIGHPOINT RESOURCES CORP,,,,0.0,needs_review
USA,KLX ENERGY SERVICES,KLXE,"KLX Energy Services Holdings, Inc.",SEC company_tickers_exchange,1.0,mapped_exact_normalized
USA,MINERVA NEUROSCIENCES,NERV,"Minerva Neurosciences, Inc.",SEC company_tickers_exchange,1.0,mapped_exact_normalized
USA,MONTAGE RESOURCES CORP,,,,0.0,needs_review
USA,PROTECTIVE INS CORP B,,,,0.0,needs_review
USA,RESOLUTE FOREST PRODUCTS,,,,0.0,needs_review
USA,RING ENERGY,REI,"RING ENERGY, INC.",SEC company_tickers_exchange,1.0,mapped_exact_normalized
USA,SPOK HOLDINGS,SPOK,"Spok Holdings, Inc",SEC company_tickers_exchange,1.0,mapped_exact_normalized
USA,TAILORED BRANDS,,,,0.0,needs_review
USA,TILE SHOP HLDGS,,,,0.0,needs_review
USA,UNIT CORP,,,,0.0,needs_review
TAIWAN,AURAS TECHNOLOGY,3324,AURAS,FinLab company_basic_info:英文簡稱,0.9213,verified_tw_reference_fuzzy
TAIWAN,CHIEF TELECOM,6561,Chief,FinLab company_basic_info:英文簡稱,0.9285,verified_tw_reference_fuzzy
TAIWAN,POWER WIND HEALTH IND,8462,Power Wind,FinLab company_basic_info:英文簡稱,0.9376,verified_tw_reference_fuzzy
TAIWAN,REXON INDUSTRIAL,1515,REXON,FinLab company_basic_info:英文簡稱,0.9213,verified_tw_reference_fuzzy
TAIWAN,UNIVERSAL CEMENT,1104,Universal Cement Corporation,Round7 current-code discovery: Yahoo Finance search matched `Universal Cement Corporation`/1104.TW; code exists in TWSE/TPEx/FinLab Taiwan reference universe. Local refs: UCC | 環泥 | 環球水泥股份有限公司,1.0000,verified_tw_current_round7
USA,AKOUOS,,,,0.0,needs_review
USA,ALBIREO PHARMA,,,,0.0,needs_review
USA,ALLOVIR INC,,,,0.0,needs_review
USA,API GROUP,APG,APi Group Corp,SEC company_tickers_exchange,1.0,mapped_exact_normalized
USA,AVIDITY BIOSCIENCES,,,,0.0,needs_review
USA,AZEK A,,,,0.0,needs_review
USA,BIOLIFE SOLUTIONS,BLFS,BIOLIFE SOLUTIONS INC,SEC company_tickers_exchange,1.0,mapped_exact_normalized
USA,BRISTOW GROUP INC,VTOL,Bristow Group Inc.,SEC company_tickers_exchange,1.0,mapped_exact_normalized
USA,BRP GROUP A,DOO,BRP Inc.,SEC company_tickers_exchange,1.0,mapped_exact_normalized
USA,COLLECTORS UNIVERSE,,,,0.0,needs_review
USA,EGAIN CORPORATION,EGAN,EGAIN Corp,SEC company_tickers_exchange,1.0,mapped_exact_normalized
USA,FORMA THERAPEUTICS HLDGS,,,,0.0,needs_review
USA,FRANCHISE GROUP,,,,0.0,needs_review
USA,FREQUENCY THERAPEUTICS,,,,0.0,needs_review
USA,GROWGENERATION CORP,GRWG,GrowGeneration Corp.,SEC company_tickers_exchange,1.0,mapped_exact_normalized
USA,INARI MEDICAL,,,,0.0,needs_review
USA,INHIBRX,,,,0.0,needs_review
USA,IVERIC BIO,,,,0.0,needs_review
USA,KYMERA THERAPEUTICS,KYMR,"Kymera Therapeutics, Inc.",SEC company_tickers_exchange,1.0,mapped_exact_normalized
USA,LEMONADE,LMND,"Lemonade, Inc.",SEC company_tickers_exchange,1.0,mapped_exact_normalized
USA,LOVESAC,LOVE,Lovesac Co,SEC company_tickers_exchange,1.0,mapped_exact_normalized
USA,MONTROSE ENV GROUP,,,,0.0,needs_review
USA,MORPHIC HOLDING,,,,0.0,needs_review
USA,NIKOLA,,,,0.0,needs_review
USA,PAR TECHNOLOGY CORP,PAR,PAR TECHNOLOGY CORP,SEC company_tickers_exchange,1.0,mapped_exact_normalized
USA,PROTAGONIST THERAPEUTICS,PTGX,"Protagonist Therapeutics, Inc",SEC company_tickers_exchange,1.0,mapped_exact_normalized
USA,RACKSPACE TECHNOLOGY,RXT,"Rackspace Technology, Inc.",SEC company_tickers_exchange,1.0,mapped_exact_normalized
USA,RELAY THERAPEUTICS,RLAY,"Relay Therapeutics, Inc.",SEC company_tickers_exchange,1.0,mapped_exact_normalized
USA,REPARE THERAPEUTICS,,,,0.0,needs_review
USA,SERES THERAPEUTICS,MCRB,"Seres Therapeutics, Inc.",SEC company_tickers_exchange,1.0,mapped_exact_normalized
USA,SHIFT4 PAYMENTS A,FOUR,"Shift4 Payments, Inc.",SEC company_tickers_exchange,1.0,mapped_exact_normalized
USA,SITIME,SITM,SITIME Corp,SEC company_tickers_exchange,1.0,mapped_exact_normalized
USA,SYNDAX PHARMACEUTICALS,SNDX,Syndax Pharmaceuticals Inc,SEC company_tickers_exchange,1.0,mapped_exact_normalized
USA,TCR2 THERAPEUTICS,,,,0.0,needs_review
USA,UTZ BRANDS A,UTZ,"Utz Brands, Inc.",SEC company_tickers_exchange,1.0,mapped_exact_normalized
USA,VAXART,VXRT,"Vaxart, Inc.",SEC company_tickers_exchange,1.0,mapped_exact_normalized
USA,VAXCYTE,PCVX,"Vaxcyte, Inc.",SEC company_tickers_exchange,1.0,mapped_exact_normalized
USA,VBI VACCINES (US),,,,0.0,needs_review
USA,VERTEX A,VERX,"Vertex, Inc.",SEC company_tickers_exchange,1.0,mapped_exact_normalized
USA,VITAL FARMS,VITL,"Vital Farms, Inc.",SEC company_tickers_exchange,1.0,mapped_exact_normalized
USA,XPEL,XPEL,"XPEL, Inc.",SEC company_tickers_exchange,1.0,mapped_exact_normalized
USA,AMERICAN OUTDOOR BRANDS,AOUT,"American Outdoor Brands, Inc.",SEC company_tickers_exchange,1.0,mapped_exact_normalized
USA,CATO CORP (THE) A,CATO,CATO CORP,SEC company_tickers_exchange,1.0,mapped_exact_normalized
USA,EZCORP,EZPW,EZCORP INC,SEC company_tickers_exchange,1.0,mapped_exact_normalized
USA,FINANCIAL INSTITUTIONS,FISI,FINANCIAL INSTITUTIONS INC,SEC company_tickers_exchange,1.0,mapped_exact_normalized
USA,GLOBAL INDEMNITY,,,,0.0,needs_review
USA,GULFPORT ENERGY CORP,GPOR,GULFPORT ENERGY CORP,SEC company_tickers_exchange,1.0,mapped_exact_normalized
USA,HAYNES INTERNATIONAL,,,,0.0,needs_review
USA,LIBERTY TRIPADVISOR A,,,,0.0,needs_review
USA,MATRIX SERVICE CO,MTRX,MATRIX SERVICE CO,SEC company_tickers_exchange,1.0,mapped_exact_normalized
USA,NATIONAL CINEMEDIA,NCMI,"National CineMedia, Inc.",SEC company_tickers_exchange,1.0,mapped_exact_normalized
USA,PARK ELECTROCHEMICAL,,,,0.0,needs_review
USA,REGIS CORP,RGS,REGIS CORP,SEC company_tickers_exchange,1.0,mapped_exact_normalized
USA,UNITED INSURANCE HLDGS,,,,0.0,needs_review
TAIWAN,AP MEMORY TECH,6531,AP Memory,FinLab company_basic_info:英文簡稱,0.9543,verified_tw_reference_fuzzy
TAIWAN,DYACO INTERNATIONAL,1598,Dyaco,FinLab company_basic_info:英文簡稱,0.9163,verified_tw_reference_fuzzy
TAIWAN,GUDENG PRECISION INDL,3680,Gudeng,FinLab company_basic_info:英文簡稱,0.9186,verified_tw_reference_fuzzy
TAIWAN,MEDIGEN VACCINE,3176,MEDIGEN,FinLab company_basic_info:英文簡稱,0.9367,verified_tw_reference_fuzzy
TAIWAN,PEGAVISION,6491,PEGAVISION,FinLab company_basic_info:英文簡稱,1.0,mapped_exact_normalized
TAIWAN,TSEC CORP,6443,TSEC,FinLab company_basic_info:英文簡稱,1.0,mapped_exact_normalized
TAIWAN,UNIVERSAL VISION BIOTECH,3218,"Universal Vision Biotechnology Co., Ltd.","Round7 current-code discovery: Yahoo Finance search matched `Universal Vision Biotechnology Co., Ltd.`/3218.TWO; code exists in TWSE/TPEx/FinLab Taiwan reference universe. Local refs: UNIVERSAL | 大學光 | 大學光學科技股份有限公司",1.0000,verified_tw_current_round7
USA,A MARK PRECIOUS METALS,,,,0.0,needs_review
USA,ACV AUCTIONS A,ACVA,ACV Auctions Inc.,SEC company_tickers_exchange,1.0,mapped_exact_normalized
USA,AEYE A,LIDR,"AEye, Inc.",SEC company_tickers_exchange,1.0,mapped_exact_normalized
USA,AGILITI,,,,0.0,needs_review
USA,ALIGNMENT HEALTHCARE,ALHC,"Alignment Healthcare, Inc.",SEC company_tickers_exchange,1.0,mapped_exact_normalized
USA,ALKAMI TECHNOLOGY,ALKT,"ALKAMI TECHNOLOGY, INC.",SEC company_tickers_exchange,1.0,mapped_exact_normalized
USA,ASTRA SPACE A,,,,0.0,needs_review
USA,AVEANNA HEALTHCARE HLDGS,,,,0.0,needs_review
USA,AVEPOINT,AVPT,"AvePoint, Inc.",SEC company_tickers_exchange,1.0,mapped_exact_normalized
USA,BLUE OWL CAPITAL A,OWL,BLUE OWL CAPITAL INC.,SEC company_tickers_exchange,1.0,mapped_exact_normalized
USA,CANO HEALTH A,,,,0.0,needs_review
USA,CENTRUS ENERGY CORP A,LEU,CENTRUS ENERGY CORP,SEC company_tickers_exchange,1.0,mapped_exact_normalized
USA,CLARUS CORPORATION,CLAR,Clarus Corp,SEC company_tickers_exchange,1.0,mapped_exact_normalized
USA,CLEAR SECURE A,YOU,"Clear Secure, Inc.",SEC company_tickers_exchange,1.0,mapped_exact_normalized
USA,CORE & MAIN A,CNM,"Core & Main, Inc.",SEC company_tickers_exchange,1.0,mapped_exact_normalized
USA,COUCHBASE,,,,0.0,needs_review
USA,COURSERA,COUR,"Coursera, Inc.",SEC company_tickers_exchange,1.0,mapped_exact_normalized
USA,CRA INTERNATIONAL,CRAI,"CRA INTERNATIONAL, INC.",SEC company_tickers_exchange,1.0,mapped_exact_normalized
USA,CRICUT A,CRCT,"Cricut, Inc.",SEC company_tickers_exchange,1.0,mapped_exact_normalized
USA,DIGITALOCEAN HOLDINGS,DOCN,"DigitalOcean Holdings, Inc.",SEC company_tickers_exchange,1.0,mapped_exact_normalized
USA,DOMA HOLDINGS,,,,0.0,needs_review
USA,DREAM FINDERS HOMES A,DFH,"Dream Finders Homes, Inc.",SEC company_tickers_exchange,1.0,mapped_exact_normalized
USA,DUCKHORN PORTFOLIO,,,,0.0,needs_review
USA,DUN & BRADSTREET HLDGS,,,,0.0,needs_review
USA,DUOLINGO A,DUOL,"Duolingo, Inc.",SEC company_tickers_exchange,1.0,mapped_exact_normalized
USA,ENOVIX,ENVX,Enovix Corp,SEC company_tickers_exchange,1.0,mapped_exact_normalized
USA,EUROPEAN WAX CENTER A,EWCZ,"European Wax Center, Inc.",SEC company_tickers_exchange,1.0,mapped_exact_normalized
USA,EVOLV TECH HLDGS A,,,,0.0,needs_review
USA,FARADAY A,,,,0.0,needs_review
USA,FIGS A,FIGS,"FIGS, Inc.",SEC company_tickers_exchange,1.0,mapped_exact_normalized
USA,FIRST ADVANTAGE,FA,FIRST ADVANTAGE CORP,SEC company_tickers_exchange,1.0,mapped_exact_normalized
USA,FRONTIER GROUP HOLDINGS,ULCC,"Frontier Group Holdings, Inc.",SEC company_tickers_exchange,1.0,mapped_exact_normalized
USA,GULFPORT ENERGY,GPOR,GULFPORT ENERGY CORP,SEC company_tickers_exchange,1.0,mapped_exact_normalized
USA,HAYWARD HLDGS,,,,0.0,needs_review
USA,HESS MIDSTREAM A,HESM,Hess Midstream LP,SEC company_tickers_exchange,1.0,mapped_exact_normalized
USA,HILLMAN SOLUTIONS,HLMN,Hillman Solutions Corp.,SEC company_tickers_exchange,1.0,mapped_exact_normalized
USA,HIPPO HOLDINGS,HIPO,Hippo Holdings Inc.,SEC company_tickers_exchange,1.0,mapped_exact_normalized
USA,IDEAYA BIOSCIENCES,IDYA,"IDEAYA Biosciences, Inc.",SEC company_tickers_exchange,1.0,mapped_exact_normalized
USA,IMAGO BIOSCIENCES,,,,0.0,needs_review
USA,INTAPP,INTA,"Intapp, Inc.",SEC company_tickers_exchange,1.0,mapped_exact_normalized
USA,JANUS INTERNATIONAL A,JBI,"Janus International Group, Inc.",SEC company_tickers_exchange,1.0,mapped_exact_normalized
USA,KNOWBE4 A,,,,0.0,needs_review
USA,KRISPY KREME,DNUT,"Krispy Kreme, Inc.",SEC company_tickers_exchange,1.0,mapped_exact_normalized
USA,LATCH A,LTCH,"Latch, Inc.",SEC company_tickers_exchange,1.0,mapped_exact_normalized
USA,LIQUIDITY SERVICES INC,LQDT,LIQUIDITY SERVICES INC,SEC company_tickers_exchange,1.0,mapped_exact_normalized
USA,MAXCYTE (US),MXCT,"MAXCYTE, INC.",SEC company_tickers_exchange,1.0,mapped_exact_normalized
USA,MEMBERSHIP CLTV GRP A,,,,0.0,needs_review
USA,MERIDIANLINK,,,,0.0,needs_review
USA,METROPOLITAN BANK HLDG,,,,0.0,needs_review
USA,MISTER CAR WASH,MCW,"Mister Car Wash, Inc.",SEC company_tickers_exchange,1.0,mapped_exact_normalized
USA,NOBLE,NE,Noble Corp plc,SEC company_tickers_exchange,1.0,mapped_exact_normalized
USA,OLO A,,,,0.0,needs_review
USA,OPORTUN FINANCIAL,OPRT,Oportun Financial Corp,SEC company_tickers_exchange,1.0,mapped_exact_normalized
USA,ORIGIN MATERIALS,ORGN,"Origin Materials, Inc.",SEC company_tickers_exchange,1.0,mapped_exact_normalized
USA,ORIGINAL BARK CO (THE) A,,,,0.0,needs_review
USA,OSCAR HEALTH A,OSCR,"Oscar Health, Inc.",SEC company_tickers_exchange,1.0,mapped_exact_normalized
USA,PAYMENTUS HOLDINGS A,PAY,"Paymentus Holdings, Inc.",SEC company_tickers_exchange,1.0,mapped_exact_normalized
USA,PAYONEER GLOBAL,PAYO,Payoneer Global Inc.,SEC company_tickers_exchange,1.0,mapped_exact_normalized
USA,PERELLA WEINBERG A,,,,0.0,needs_review
USA,PHILLIPS EDISON & CO,PECO,"Phillips Edison & Company, Inc.",SEC company_tickers_exchange,1.0,mapped_exact_normalized
USA,PLYMOUTH INDL REIT,,,,0.0,needs_review
USA,POINT BIOPHARMA GLOBAL,,,,0.0,needs_review
USA,POWERSCHOOL HOLDINGS A,,,,0.0,needs_review
USA,PRIVIA HEALTH GRP,,,,0.0,needs_review
USA,PROMETHEUS BIOSCIENCES,,,,0.0,needs_review
USA,PURECYCLE TECHNOLOGIES A,PCT,"PureCycle Technologies, Inc.",SEC company_tickers_exchange,1.0,mapped_exact_normalized
USA,RECURSION PHARMA A,,,,0.0,needs_review
USA,ROCKET LAB USA,,,,0.0,needs_review
USA,ROCKLEY PHOTONICS HLDGS,,,,0.0,needs_review
USA,ROVER GROUP A,,,,0.0,needs_review
USA,RYAN SPECIALTY GROUP A,RYAN,"RYAN SPECIALTY HOLDINGS, INC.",SEC company_tickers_exchange,1.0,mapped_exact_normalized
USA,SEMA4 HOLDINGS A,,,,0.0,needs_review
USA,SNAP ONE HOLDINGS,,,,0.0,needs_review
USA,SPRINKLR A,CXM,"Sprinklr, Inc.",SEC company_tickers_exchange,1.0,mapped_exact_normalized
USA,STAGWELL A,STGW,Stagwell Inc,SEC company_tickers_exchange,1.0,mapped_exact_normalized
USA,SUN COUNTRY AIRLINES,,,,0.0,needs_review
USA,THRYV HOLDINGS,THRY,"Thryv Holdings, Inc.",SEC company_tickers_exchange,1.0,mapped_exact_normalized
USA,TREACE MEDICAL CONCEPTS,TMCI,"TREACE MEDICAL CONCEPTS, INC.",SEC company_tickers_exchange,1.0,mapped_exact_normalized
USA,TUSIMPLE HOLDINGS A,TSPH,TuSimple Holdings Inc.,SEC company_tickers_exchange,1.0,mapped_exact_normalized
USA,URANIUM ENERGY,UEC,URANIUM ENERGY CORP,SEC company_tickers_exchange,1.0,mapped_exact_normalized
USA,VALARIS,VAL,Valaris Ltd,SEC company_tickers_exchange,1.0,mapped_exact_normalized
USA,VERVE THERAPEUTICS,,,,0.0,needs_review
USA,VINCO VENTURES,,,,0.0,needs_review
USA,VINE ENERGY A,,,,0.0,needs_review
USA,VOLTA A,,,,0.0,needs_review
USA,WEBER A,,,,0.0,needs_review
USA,WHEELS UP EXPERIENCE A,UP,Wheels Up Experience Inc.,SEC company_tickers_exchange,1.0,mapped_exact_normalized
USA,WM TECHNOLOGY A,MAPS,"WM TECHNOLOGY, INC.",SEC company_tickers_exchange,1.0,mapped_exact_normalized
USA,XOMETRY A,XMTR,"Xometry, Inc.",SEC company_tickers_exchange,1.0,mapped_exact_normalized
USA,ATERIAN,ATER,"Aterian, Inc.",SEC company_tickers_exchange,1.0,mapped_exact_normalized
USA,ONTRAK,,,,0.0,needs_review
USA,SPECTRUM PHARMACEUTICALS,,,,0.0,needs_review
USA,THERAPEUTICSMD,TXMD,"TherapeuticsMD, Inc.",SEC company_tickers_exchange,1.0,mapped_exact_normalized
TAIWAN,91APP,6741,91APP Inc.,FinLab company_basic_info:公司名稱,1.0,mapped_exact_normalized
TAIWAN,ADVANCED ENERGY SOLUTION,6781,"Advanced Energy Solution Holding Co., Ltd.","Round7 current-code discovery: Yahoo Finance search matched `Advanced Energy Solution Holding Co., Ltd.`/6781.TW; code exists in TWSE/TPEx/FinLab Taiwan reference universe. Local refs: AES Holding Co. Ltd. | AES Holding Co., Ltd. | AES-KY",1.0000,verified_tw_current_round7
TAIWAN,T3EX GLOBAL HOLDINGS,2636,T3EX Global Holdings Corp.,Round7 official historical delisted source: TPEx EN deListed official delist_date=2016-12-22,1.0000,verified_tw_historical_round7
TAIWAN,ATEN INTERNATIONAL,6277,"Aten International Co., Ltd","Round7 current-code discovery: Yahoo Finance search matched `Aten International Co., Ltd`/6277.TW; code exists in TWSE/TPEx/FinLab Taiwan reference universe. Local refs: ATEN | 宏正 | 宏正自動科技股份有限公司",1.0000,verified_tw_current_round7
TAIWAN,CHC RESOURCES CORP,9930,CHC Resources Corporation,Round7 current-code discovery: Yahoo Finance search matched `CHC Resources Corporation`/9930.TW; code exists in TWSE/TPEx/FinLab Taiwan reference universe. Local refs: CHC | 中聯資源 | 中聯資源股份有限公司,1.0000,verified_tw_current_round7
TAIWAN,DARWIN PRECISIONS CORP,6120,DARWIN,FinLab company_basic_info:英文簡稱,0.9253,verified_tw_reference_fuzzy
TAIWAN,FLYTECH TECHNOLOGY CO,6206,FLYTECH,FinLab company_basic_info:英文簡稱,0.9289,verified_tw_reference_fuzzy
TAIWAN,HUNG SHENG CONSTRUCTION,2534,"Hung Sheng Construction Co., Ltd.","Round7 current-code discovery: Yahoo Finance search matched `Hung Sheng Construction Co., Ltd.`/2534.TW; code exists in TWSE/TPEx/FinLab Taiwan reference universe. Local refs: HSC | 宏盛 | 宏盛建設股份有限公司",1.0000,verified_tw_current_round7
TAIWAN,IEI INTEGRATION CORP,3022,IEI Integration Corp.,Round7 current-code discovery: Yahoo Finance search matched `IEI Integration Corp.`/3022.TW; code exists in TWSE/TPEx/FinLab Taiwan reference universe. Local refs: IEI | 威強電 | 威強電工業電腦股份有限公司,1.0000,verified_tw_current_round7
TAIWAN,LEALEA ENTERPRISE,1444,LEALEA,FinLab company_basic_info:英文簡稱,0.9253,verified_tw_reference_fuzzy
TAIWAN,RADIUM LIFE TECH CORP,2547,RADIUM,FinLab company_basic_info:英文簡稱,0.9275,verified_tw_reference_fuzzy
TAIWAN,RECHI PRECISION CO,4532,RECHI,FinLab company_basic_info:英文簡稱,0.9233,verified_tw_reference_fuzzy
TAIWAN,SHINING BLDG BUSINESS,5531,Shining,FinLab company_basic_info:英文簡稱,0.9233,verified_tw_reference_fuzzy
TAIWAN,TEST-RITE INTERNATIONAL,2908,Test Rite,FinLab company_basic_info:英文簡稱,0.9291,verified_tw_reference_fuzzy
USA,ADMA BIOLOGICS,ADMA,"ADMA BIOLOGICS, INC.",SEC company_tickers_exchange,1.0,mapped_exact_normalized
USA,AEROVATE THERAPEUTICS,,,,0.0,needs_review
USA,ALLIED MOTION TECH,,,,0.0,needs_review
USA,ARCELLX,,,,0.0,needs_review
USA,AURORA INNOVATION A,AUR,"Aurora Innovation, Inc.",SEC company_tickers_exchange,1.0,mapped_exact_normalized
USA,BUSINESS FIRST BANCSHS,,,,0.0,needs_review
USA,CAMBRIDGE BANCORP,,,,0.0,needs_review
USA,COASTAL FINANCIAL,CCB,COASTAL FINANCIAL CORP,SEC company_tickers_exchange,1.0,mapped_exact_normalized
USA,COGENT BIOSCIENCES,COGT,"Cogent Biosciences, Inc.",SEC company_tickers_exchange,1.0,mapped_exact_normalized
USA,COVENANT LOGISTICS GRP A,,,,0.0,needs_review
USA,CTI BIOPHARMA CORP,,,,0.0,needs_review
USA,DIAMOND OFFSHORE,,,,0.0,needs_review
USA,DOXIMITY A,DOCS,"Doximity, Inc.",SEC company_tickers_exchange,1.0,mapped_exact_normalized
USA,EXCELERATE ENERGY A,EE,"Excelerate Energy, Inc.",SEC company_tickers_exchange,1.0,mapped_exact_normalized
USA,FIRST WATCH RESTAURANT,FWRG,"First Watch Restaurant Group, Inc.",SEC company_tickers_exchange,1.0,mapped_exact_normalized
USA,FIVE STAR BANCORP,FSBC,FIVE STAR BANCORP,SEC company_tickers_exchange,1.0,mapped_exact_normalized
USA,FLUENCE ENERGY A,FLNC,"Fluence Energy, Inc.",SEC company_tickers_exchange,1.0,mapped_exact_normalized
USA,FORGEROCK A,,,,0.0,needs_review
USA,HBT FINANCIAL,HBT,"HBT Financial, Inc.",SEC company_tickers_exchange,1.0,mapped_exact_normalized
USA,JOBY AVIATION,JOBY,"Joby Aviation, Inc.",SEC company_tickers_exchange,1.0,mapped_exact_normalized
USA,KURA SUSHI USA A,KRUS,"KURA SUSHI USA, INC.",SEC company_tickers_exchange,1.0,mapped_exact_normalized
USA,METROCITY BANKSHARES,MCBS,"MetroCity Bankshares, Inc.",SEC company_tickers_exchange,1.0,mapped_exact_normalized
USA,NUVALENT A,NUVL,"Nuvalent, Inc.",SEC company_tickers_exchange,1.0,mapped_exact_normalized
USA,PROKIDNEY A,PROK,PROKIDNEY CORP.,SEC company_tickers_exchange,1.0,mapped_exact_normalized
USA,QUANTUMSCAPE CORP A,QS,QuantumScape Corp,SEC company_tickers_exchange,1.0,mapped_exact_normalized
USA,SOUTH PLAINS FINANCIAL,SPFI,"SOUTH PLAINS FINANCIAL, INC.",SEC company_tickers_exchange,1.0,mapped_exact_normalized
USA,STH MISSOURI BANCORP,,,,0.0,needs_review
USA,SWEETGREEN A,SG,"Sweetgreen, Inc.",SEC company_tickers_exchange,1.0,mapped_exact_normalized
USA,TARSUS PHARMA,,,,0.0,needs_review
USA,TRANSCAT,TRNS,TRANSCAT INC,SEC company_tickers_exchange,1.0,mapped_exact_normalized
USA,UFP TECHNOLOGIES,UFPT,UFP TECHNOLOGIES INC,SEC company_tickers_exchange,1.0,mapped_exact_normalized
USA,VITA COCO,COCO,"Vita Coco Company, Inc.",SEC company_tickers_exchange,1.0,mapped_exact_normalized
USA,WESTROCK COFFEE,WEST,Westrock Coffee Co,SEC company_tickers_exchange,1.0,mapped_exact_normalized
USA,XPONENTIAL FITNESS A,XPOF,"Xponential Fitness, Inc.",SEC company_tickers_exchange,1.0,mapped_exact_normalized
USA,FRANKLIN STREET PPTYS,,,,0.0,needs_review
USA,GLATFELTER,,,,0.0,needs_review
USA,LATCH,LTCH,"Latch, Inc.",SEC company_tickers_exchange,1.0,mapped_exact_normalized
USA,LL FLOORING,,,,0.0,needs_review
USA,LOYALTY VENTURES,,,,0.0,needs_review
USA,MCEWEN MINING,,,,0.0,needs_review
USA,QUOTIENT TECHNOLOGY,,,,0.0,needs_review
USA,TRUECAR,,,,0.0,needs_review
USA,UNIVERSAL ELECTRONICS,UEIC,UNIVERSAL ELECTRONICS INC,SEC company_tickers_exchange,1.0,mapped_exact_normalized
USA,ZIMVIE,,,,0.0,needs_review
TAIWAN,BORA PHARMACEUTICALS,6472,"Bora Pharmaceuticals Co., Ltd.",Round7 official historical delisted source: TPEx EN deListed official delist_date=2023-12-19,1.0000,verified_tw_historical_round7
TAIWAN,DELPHA CONSTRUCTION,2530,DELPHA,FinLab company_basic_info:英文簡稱,0.9216,verified_tw_reference_fuzzy
TAIWAN,SAKURA DEVELOPMENT,2539,"Sakura Development Co.,Ltd","Round7 current-code discovery: Yahoo Finance search matched `Sakura Development Co.,Ltd`/2539.TW; code exists in TWSE/TPEx/FinLab Taiwan reference universe. Local refs: SAKURAD | 櫻花建 | 櫻花建設股份有限公司",1.0000,verified_tw_current_round7
TAIWAN,VISERA TECHNOLOGIES,6789,VisEra,FinLab company_basic_info:英文簡稱,0.9216,verified_tw_reference_fuzzy
TAIWAN,AMTRAN TECHNOLOGY CO,2489,AMTRAN,FinLab company_basic_info:英文簡稱,0.9253,verified_tw_reference_fuzzy
USA,APOGEE THERAPEUTICS,APGE,"Apogee Therapeutics, Inc.",SEC company_tickers_exchange,1.0,mapped_exact_normalized
USA,CAVA GROUP,CAVA,"CAVA GROUP, INC.",SEC company_tickers_exchange,1.0,mapped_exact_normalized
USA,DAILY JOURNAL CORP,DJCO,DAILY JOURNAL CORP,SEC company_tickers_exchange,1.0,mapped_exact_normalized
USA,EDGEWISE THERAPEUTICS,EWTX,"Edgewise Therapeutics, Inc.",SEC company_tickers_exchange,1.0,mapped_exact_normalized
USA,HIGHPEAK ENERGY,HPK,"HighPeak Energy, Inc.",SEC company_tickers_exchange,1.0,mapped_exact_normalized
USA,HUDSON TECHNOLOGIES,HDSN,"Hudson Technologies, Inc. - Common Stock",NasdaqTrader nasdaqlisted,1.0,mapped_exact_normalized
USA,KODIAK GAS SERVICES,KGS,"Kodiak Gas Services, Inc.",SEC company_tickers_exchange,1.0,mapped_exact_normalized
USA,LIBERTY LIVE A,LLYVA,"Liberty Live Holdings, Inc.",SEC company_tickers_exchange,1.0,mapped_exact_normalized
USA,LSI INDUSTRIES,LYTS,LSI INDUSTRIES INC,SEC company_tickers_exchange,1.0,mapped_exact_normalized
USA,SOLENO THERAPEUTICS,SLNO,SOLENO THERAPEUTICS INC,SEC company_tickers_exchange,1.0,mapped_exact_normalized
USA,TABOOLA.COM,TBLA,Taboola.com Ltd.,SEC company_tickers_exchange,1.0,mapped_exact_normalized
USA,2SEVENTY BIO,,,,0.0,needs_review
USA,AARONS COMPANY (THE),,,,0.0,needs_review
USA,AMERICAN VANGUARD CORP,AVD,AMERICAN VANGUARD CORP,SEC company_tickers_exchange,1.0,mapped_exact_normalized
USA,ANGIODYNAMICS,ANGO,ANGIODYNAMICS INC,SEC company_tickers_exchange,1.0,mapped_exact_normalized
USA,EL POLLO LOCO HOLDINGS,LOCO,"El Pollo Loco Holdings, Inc.",SEC company_tickers_exchange,1.0,mapped_exact_normalized
USA,ENANTA PHARMACEUTICALS,ENTA,ENANTA PHARMACEUTICALS INC,SEC company_tickers_exchange,1.0,mapped_exact_normalized
USA,OFFICE PPTYS INCOME,,,,0.0,needs_review
USA,ORION OFFICE REIT,,,,0.0,needs_review
USA,PETMED EXPRESS,PETS,PETMED EXPRESS INC,SEC company_tickers_exchange,1.0,mapped_exact_normalized
USA,RE MAX HOLDINGS A,RMAX,"RE/MAX Holdings, Inc.",SEC company_tickers_exchange,1.0,mapped_exact_normalized
USA,SOUNDTHINKING,SSTI,"SOUNDTHINKING, INC.",SEC company_tickers_exchange,1.0,mapped_exact_normalized
USA,TRINSEO,TSEOF,Trinseo PLC,SEC company_tickers_exchange,1.0,mapped_exact_normalized
TAIWAN,JSL CONSTRUCTION & DEV,2540,"JSL Construction & Development Co., Ltd.","Round7 current-code discovery: Yahoo Finance search matched `JSL Construction & Development Co., Ltd.`/2540.TW; code exists in TWSE/TPEx/FinLab Taiwan reference universe. Local refs: JSL | 愛山林 | 愛山林建設開發股份有限公司",1.0000,verified_tw_current_round7
TAIWAN,NORTH STAR INTERNATIONAL,8927,"North-Star International Co., LTD.","Round7 current-code discovery: Yahoo Finance search matched `North-Star International Co., LTD.`/8927.TWO; code exists in TWSE/TPEx/FinLab Taiwan reference universe. Local refs: Pei Chi | 北基 | 北基國際股份有限公司",1.0000,verified_tw_current_round7
USA,ARRIVENT BIOPHARMA,AVBP,"ArriVent BioPharma, Inc.",SEC company_tickers_exchange,1.0,mapped_exact_normalized
USA,CALUMET,CLMT,"Calumet, Inc - Common Stock",NasdaqTrader nasdaqlisted,1.0,mapped_exact_normalized
USA,COMPOSECURE A,,,,0.0,needs_review
USA,CONCENTRA GRP HLDGS,,,,0.0,needs_review
USA,EOS ENERGY ENTERPRISES A,EOSE,"Eos Energy Enterprises, Inc.",SEC company_tickers_exchange,1.0,mapped_exact_normalized
USA,GRINDR,GRND,Grindr Inc.,SEC company_tickers_exchange,1.0,mapped_exact_normalized
USA,LANDBRIDGE CO LLC,LB,LandBridge Co LLC,SEC company_tickers_exchange,1.0,mapped_exact_normalized
USA,LIFE360 (US),LIF,"Life360, Inc.",SEC company_tickers_exchange,1.0,mapped_exact_normalized
USA,NORTHEAST BANK,NBN,Northeast Bank - Common Stock,NasdaqTrader nasdaqlisted,1.0,mapped_exact_normalized
USA,ONESTREAM A,,,,0.0,needs_review
USA,ORRSTOWN FINL SERVICES,,,,0.0,needs_review
USA,QXO,QXO,"QXO, Inc.",SEC company_tickers_exchange,1.0,mapped_exact_normalized
USA,SEZZLE (US),SEZL,Sezzle Inc.,SEC company_tickers_exchange,1.0,mapped_exact_normalized
USA,TALEN ENERGY,TLN,Talen Energy Corp,SEC company_tickers_exchange,1.0,mapped_exact_normalized
USA,WAYSTAR HOLDING CORP,WAY,Waystar Holding Corp.,SEC company_tickers_exchange,1.0,mapped_exact_normalized
USA,WILLIS LEASE FINANCE,WLFC,WILLIS LEASE FINANCE CORP,SEC company_tickers_exchange,1.0,mapped_exact_normalized
USA,WNS HOLDINGS,,,,0.0,needs_review
USA,ALLIENT,ALNT,ALLIENT INC,SEC company_tickers_exchange,1.0,mapped_exact_normalized
USA,AMC NETWORKS A,,,,0.0,needs_review
USA,DENNY'S CORP,,,,0.0,needs_review
USA,DSW,,,,0.0,needs_review
USA,ENHABIT,EHAB,"Enhabit, Inc.",SEC company_tickers_exchange,1.0,mapped_exact_normalized
USA,MANITOWOC CO (NEW),MTW,MANITOWOC CO INC,SEC company_tickers_exchange,1.0,mapped_exact_normalized
USA,METHODE ELECTRONICS,MEI,METHODE ELECTRONICS INC,SEC company_tickers_exchange,1.0,mapped_exact_normalized
USA,NU SKIN ENTERPRISES A,NUS,"NU SKIN ENTERPRISES, INC.",SEC company_tickers_exchange,1.0,mapped_exact_normalized
TAIWAN,APEX DYNAMICS,4583,"Apex Dynamics, Inc.","Round7 current-code discovery: Yahoo Finance search matched `Apex Dynamics, Inc.`/4583.TW; code exists in TWSE/TPEx/FinLab Taiwan reference universe. Local refs: APEXDYNA | 台灣精銳 | 台灣精銳科技股份有限公司",1.0000,verified_tw_current_round7
TAIWAN,DAXIN MATERIALS,5234,DAXIN,FinLab company_basic_info:英文簡稱,0.9233,verified_tw_reference_fuzzy
TAIWAN,LAI YIH FOOTWARE,6890,Lai Yih,FinLab company_basic_info:英文簡稱,0.9337,verified_tw_reference_fuzzy
TAIWAN,BAFANG YUNJI INTL,2753,Bafang,FinLab company_basic_info:英文簡稱,0.9253,verified_tw_reference_fuzzy
TAIWAN,HOLTEK SEMICONDUCTOR,6202,HOLTEK,FinLab company_basic_info:英文簡稱,0.92,verified_tw_reference_fuzzy
TAIWAN,TAIGEN BIOPHARMACEUTICAL,4157,TAIGEN,FinLab company_basic_info:英文簡稱,0.915,verified_tw_reference_fuzzy
TAIWAN,YC INOX CO,2034,"YC Inox Co.,Ltd","Round7 current-code discovery: Yahoo Finance search matched `YC Inox Co.,Ltd`/2034.TW; code exists in TWSE/TPEx/FinLab Taiwan reference universe. Local refs: YC | 允強 | 允強實業股份有限公司",1.0000,verified_tw_current_round7
USA,ACCELERANT HLDNGS A,,,,0.0,needs_review
USA,ASP ISOTOPES,ASPI,ASP Isotopes Inc.,SEC company_tickers_exchange,1.0,mapped_exact_normalized
USA,BETTER HOME & FIN HLDG A,,,,0.0,needs_review
USA,BICARA THERAPEUTICS,BCAX,Bicara Therapeutics Inc.,SEC company_tickers_exchange,1.0,mapped_exact_normalized
USA,CELCUITY,CELC,Celcuity Inc.,SEC company_tickers_exchange,1.0,mapped_exact_normalized
USA,EIGHTCO HLDG,,,,0.0,needs_review
USA,HEARTFLOW,HTFL,"Heartflow, Inc.",SEC company_tickers_exchange,1.0,mapped_exact_normalized
USA,KESTRA MEDICAL TECH,,,,0.0,needs_review
USA,MCEWEN,MUX,McEwen Inc.,SEC company_tickers_exchange,1.0,mapped_exact_normalized
USA,MIAMI INTL HLDGS,,,,0.0,needs_review
USA,NIOCORP DEVELOPMENTS(US),NB,NIOCORP DEVELOPMENTS LTD,SEC company_tickers_exchange,1.0,mapped_exact_normalized
USA,NIQ GLOBAL INTELLIGENCE,NIQ,NIQ Global Intelligence plc,SEC company_tickers_exchange,1.0,mapped_exact_normalized
USA,ONDAS HOLDINGS,ONDS,Ondas Inc.,SEC company_tickers_exchange,1.0,mapped_exact_normalized
USA,ORUKA THERAPEUTICS,ORKA,"Oruka Therapeutics, Inc.",SEC company_tickers_exchange,1.0,mapped_exact_normalized
USA,PALVELLA THERAPEUTICS,PVLA,"PALVELLA THERAPEUTICS, INC.",SEC company_tickers_exchange,1.0,mapped_exact_normalized
USA,RICHTECH ROBOTICS B,RR,RICHTECH ROBOTICS INC.,SEC company_tickers_exchange,1.0,mapped_exact_normalized
USA,SERVICETITAN A,TTAN,"ServiceTitan, Inc.",SEC company_tickers_exchange,1.0,mapped_exact_normalized
USA,SLIDE INSURANCE HOLDINGS,SLDE,"Slide Insurance Holdings, Inc.",SEC company_tickers_exchange,1.0,mapped_exact_normalized
USA,T1 ENERGY,TE,T1 Energy Inc.,SEC company_tickers_exchange,1.0,mapped_exact_normalized
USA,TRILOGY METALS(US),TMQ,Trilogy Metals Inc.,SEC company_tickers_exchange,1.0,mapped_exact_normalized
USA,U-HAUL HOLDING,UHAL,U-Haul Holding Co /NV/,SEC company_tickers_exchange,1.0,mapped_exact_normalized
USA,UNITED STATES ANTIMONY,UAMY,UNITED STATES ANTIMONY CORP,SEC company_tickers_exchange,1.0,mapped_exact_normalized
USA,UPSTREAM BIO,UPB,"Upstream Bio, Inc.",SEC company_tickers_exchange,1.0,mapped_exact_normalized
USA,VOYAGER TECH,,,,0.0,needs_review
USA,ZENAS BIOPHARMA,ZBIO,"Zenas BioPharma, Inc.",SEC company_tickers_exchange,1.0,mapped_exact_normalized
USA,ARKO CORP,ARKO,ARKO Corp.,SEC company_tickers_exchange,1.0,mapped_exact_normalized
USA,ENNIS,EBF,"ENNIS, INC.",SEC company_tickers_exchange,1.0,mapped_exact_normalized
USA,HELEN OF TROY,HELE,HELEN OF TROY LTD,SEC company_tickers_exchange,1.0,mapped_exact_normalized
USA,MAGNERA,MAGN,Magnera Corp,SEC company_tickers_exchange,1.0,mapped_exact_normalized
USA,NORTHFIELD BANCORP,NFBK,"Northfield Bancorp, Inc.",SEC company_tickers_exchange,1.0,mapped_exact_normalized
USA,ONE LIBERTY PROPERTIES,OLP,ONE LIBERTY PROPERTIES INC,SEC company_tickers_exchange,1.0,mapped_exact_normalized
USA,ORION,ORN,Orion Group Holdings Inc,SEC company_tickers_exchange,1.0,mapped_exact_normalized
USA,SITE CENTERS CORP,SITC,SITE Centers Corp.,SEC company_tickers_exchange,1.0,mapped_exact_normalized
USA,UNIVERSAL HEALTH REALTY,,,,0.0,needs_review
USA,USANA HEALTH SCIENCES,USNA,USANA HEALTH SCIENCES INC,SEC company_tickers_exchange,1.0,mapped_exact_normalized
USA,A,,,,0.0,needs_review
TAIWAN,INTELLIGO TECHNOLOGY,7749,INTELLIGO TECHNOLOGY INC,Round7 current-code discovery: Yahoo Finance search matched `INTELLIGO TECHNOLOGY INC`/7749.TW; code exists in TWSE/TPEx/FinLab Taiwan reference universe. Local refs: iGo-KY | 意騰-KY | 意騰科技股份有限公司,1.0000,verified_tw_current_round7
TAIWAN,MERCURIES & ASSOCIATES,2905,MERCURIES,FinLab company_basic_info:英文簡稱,0.9275,verified_tw_reference_fuzzy
TAIWAN,PRINCE HOUSING DEV,2511,Prince Housing & Development Corp. / 太子,Round8 Yahoo Finance query: Prince Housing Development -> 2511.TW,0.99,verified_tw_yahoo_google_round8
TAIWAN,SINYI REALTY CO,9940,Sinyi,FinLab company_basic_info:英文簡稱,0.9317,verified_tw_reference_fuzzy
TAIWAN,SOFT-WORLD INTL CORP,5478,SOFT-WORLD,FinLab company_basic_info:英文簡稱,0.9567,verified_tw_reference_fuzzy
