country,company_name,stock_code,mapping_status,matched_name,evidence_type,source_1,source_2,source_3,confidence_or_score,notes
USA,DYNEGY A,,needs_review,,current_mapping_row,,,,0.0,
USA,FIRST SOLAR,FSLR,mapped_exact_normalized,"FIRST SOLAR, INC.",current_mapping_row,SEC company_tickers_exchange,,,1.0,
USA,FOSTER WHEELER CORP,,needs_review,,current_mapping_row,,,,0.0,
USA,MCDERMOTT INTERNATIONAL,,needs_review,,current_mapping_row,,,,0.0,
USA,CIRCUIT CITY,,needs_review,,current_mapping_row,,,,0.0,
USA,CONVERGYS CORP,,needs_review,,current_mapping_row,,,,0.0,
USA,CORP EXECUTIVE BOARD CO,,needs_review,,current_mapping_row,,,,0.0,
USA,TENET HEALTHCARE CORP,THC,mapped_exact_normalized,TENET HEALTHCARE CORP,current_mapping_row,SEC company_tickers_exchange,,,1.0,
USA,TIME WARNER CABLE-A,,needs_review,,current_mapping_row,,,,0.0,
USA,ALPHA NAT RESOURCES,ANR,verified_us_web_high_confidence,"Alpha Natural Resources, Inc.",current_mapping_row,web_verified_round2:https://www.sec.gov/Archives/edgar/data/1301063/000130106315000048/anr8-k07x17x2015.htm,,,0.97,
USA,PETROHAWK ENERGY CORP,,needs_review,,current_mapping_row,,,,0.0,
USA,AUTONATION,AN,mapped_exact_normalized,"AUTONATION, INC.",current_mapping_row,SEC company_tickers_exchange,,,1.0,
USA,OSHKOSH CORP,OSK,mapped_exact_normalized,OSHKOSH CORP,current_mapping_row,SEC company_tickers_exchange,,,1.0,
USA,LUBRIZOL CORP,,needs_review,,current_mapping_row,,,,0.0,
USA,XL CAPITAL,,needs_review,,current_mapping_row,,,,0.0,
USA,ASSOCIATED BANC-CORP,ASB,mapped_exact_normalized,ASSOCIATED BANC-CORP,current_mapping_row,SEC company_tickers_exchange,,,1.0,
USA,CAMDEN PROPERTY TRUST,CPT,mapped_exact_normalized,CAMDEN PROPERTY TRUST,current_mapping_row,SEC company_tickers_exchange,,,1.0,
USA,REALTY INCOME CORP,O,mapped_exact_normalized,REALTY INCOME CORP,current_mapping_row,SEC company_tickers_exchange,,,1.0,
USA,NII HOLDINGS B,,needs_review,,current_mapping_row,,,,0.0,
USA,MICHAEL KORS HOLDINGS,,needs_review,,current_mapping_row,,,,0.0,
USA,TESLA MOTORS,,needs_review,,current_mapping_row,,,,0.0,
USA,ULTRA PETROLEUM CORP,,needs_review,,current_mapping_row,,,,0.0,
TAIWAN,ECLAT TEXTILE COMPANY,1476,verified_tw_reference_fuzzy,ECLAT,current_mapping_row,FinLab company_basic_info:英文簡稱,,,0.9285,
TAIWAN,TUNG HO STEEL ENTERPRISE,2006,verified_tw_reference_fuzzy,Tung Ho Steel,current_mapping_row,FinLab company_basic_info:英文簡稱,,,0.9442,
USA,TABLEAU SOFTWARE A,,needs_review,,current_mapping_row,,,,0.0,
USA,DIAMOND OFFSHORE DRILL,,needs_review,,current_mapping_row,,,,0.0,
USA,LIBERTY BROADBAND C,LBRDA,mapped_exact_normalized,Liberty Broadband Corp,current_mapping_row,SEC company_tickers_exchange,,,1.0,
USA,IONIS PHARMACEUTICALS,IONS,mapped_exact_normalized,IONIS PHARMACEUTICALS INC,current_mapping_row,SEC company_tickers_exchange,,,1.0,
TAIWAN,GENERAL INTERFACE SOLN,6456,verified_tw_official_round3,GIS Holding Limited / GIS-KY,current_mapping_row,Round3 official audit: FinLab company_basic_info + TWSE official reference,,,0.99,
TAIWAN,OBI PHARMA,4174,verified_tw_official_round3,台灣浩鼎生技股份有限公司 / OBI,current_mapping_row,Round3 official audit: FinLab company_basic_info + TPEx official reference,,,0.99,
USA,ROKU A,ROKU,mapped_exact_normalized,"ROKU, INC",current_mapping_row,SEC company_tickers_exchange,,,1.0,
USA,SAREPTA THERAPEUTICS,SRPT,mapped_exact_normalized,"Sarepta Therapeutics, Inc.",current_mapping_row,SEC company_tickers_exchange,,,1.0,
USA,CHEMOURS CO,CC,mapped_exact_normalized,Chemours Co,current_mapping_row,SEC company_tickers_exchange,,,1.0,
USA,COMMSCOPE HOLDING CO,COMM,verified_us_web_high_confidence,"CommScope Holding Company, Inc.",current_mapping_row,web_verified_round2:https://commscopeholdingcompanyinc.gcs-web.com/news-releases/news-release-details/commscope-reports-fourth-quarter-and-full-year-2024-results,,,0.98,
USA,P G & E CORP,,needs_review,,current_mapping_row,,,,0.0,
USA,PELOTON INTERACTIVE A,PTON,mapped_exact_normalized,"PELOTON INTERACTIVE, INC.",current_mapping_row,SEC company_tickers_exchange,,,1.0,
USA,ZSCALER,ZS,mapped_exact_normalized,"Zscaler, Inc.",current_mapping_row,SEC company_tickers_exchange,,,1.0,
USA,HOLLYFRONTIER,,needs_review,,current_mapping_row,,,,0.0,
TAIWAN,ASMEDIA TECHNOLOGY,5269,verified_tw_reference_fuzzy,Asmedia,current_mapping_row,FinLab company_basic_info:英文簡稱,,,0.9289,
TAIWAN,CHINA AIRLINES,2610,verified_tw_official_round3,中華航空股份有限公司 / CAL,current_mapping_row,Round3 official audit: FinLab company_basic_info + TWSE official reference,,,0.99,
TAIWAN,TATUNG,2371,mapped_exact_normalized,TATUNG COMPANY,current_mapping_row,FinLab company_basic_info:英文簡稱,,,1.0,
USA,AMC ENTERTAINMENT HLDG A,,needs_review,,current_mapping_row,,,,0.0,
USA,DOORDASH A,DASH,mapped_exact_normalized,"DoorDash, Inc.",current_mapping_row,SEC company_tickers_exchange,,,1.0,
USA,REINSURANCE GRP AMERICA,,needs_review,,current_mapping_row,,,,0.0,
TAIWAN,MOMO.COM,8454,mapped_exact_normalized,momo,current_mapping_row,FinLab company_basic_info:英文簡稱,,,1.0,
TAIWAN,TAIWAN BUSINESS BANK,2834,verified_tw_official_round3,臺灣中小企業銀行股份有限公司 / TBB,current_mapping_row,Round3 official audit: FinLab company_basic_info + TWSE official reference,,,0.99,
USA,CARLISLE COS,,needs_review,,current_mapping_row,,,,0.0,
USA,GAMING & LEISURE PPTYS,,needs_review,,current_mapping_row,,,,0.0,
USA,TEXAS PACIFIC LAND,TPL,mapped_exact_normalized,Texas Pacific Land Corp,current_mapping_row,SEC company_tickers_exchange,,,1.0,
USA,CARVANA A,CVNA,mapped_exact_normalized,CARVANA CO.,current_mapping_row,SEC company_tickers_exchange,,,1.0,
USA,UPSTART HOLDINGS,UPST,mapped_exact_normalized,"Upstart Holdings, Inc.",current_mapping_row,SEC company_tickers_exchange,,,1.0,
USA,CONFLUENT A,,needs_review,,current_mapping_row,,,,0.0,
USA,DRAFTKINGS A,DKNG,mapped_exact_normalized,DraftKings Inc.,current_mapping_row,SEC company_tickers_exchange,,,1.0,
USA,JABIL CIRCUIT,,needs_review,,current_mapping_row,,,,0.0,
USA,MANHATTAN ASSOCIATES,MANH,mapped_exact_normalized,MANHATTAN ASSOCIATES INC,current_mapping_row,SEC company_tickers_exchange,,,1.0,
USA,ROBINHOOD MARKETS A,HOOD,mapped_exact_normalized,"Robinhood Markets, Inc.",current_mapping_row,SEC company_tickers_exchange,,,1.0,
USA,SUPER MICRO COMPUTER,SMCI,mapped_exact_normalized,"Super Micro Computer, Inc.",current_mapping_row,SEC company_tickers_exchange,,,1.0,
USA,ADVANCE AUTO PARTS,AAP,mapped_exact_normalized,ADVANCE AUTO PARTS INC,current_mapping_row,SEC company_tickers_exchange,,,1.0,
USA,ALCOA (NEW),AA,mapped_exact_normalized,Alcoa Corp,current_mapping_row,SEC company_tickers_exchange,,,1.0,
USA,LIBERTY GLOBAL A,LBTYA,mapped_exact_normalized,Liberty Global Ltd.,current_mapping_row,SEC company_tickers_exchange,,,1.0,
USA,MASIMO,MASI,mapped_exact_normalized,MASIMO CORP,current_mapping_row,SEC company_tickers_exchange,,,1.0,
USA,NOVOCURE,NVCR,mapped_exact_normalized,NovoCure Ltd,current_mapping_row,SEC company_tickers_exchange,,,1.0,
USA,UGI CORP,UGI,mapped_exact_normalized,UGI Corporation Common Stock,current_mapping_row,NasdaqTrader otherlisted,,,1.0,
TAIWAN,GIGABYTE TECHNOLOGY CO,2376,verified_tw_reference_fuzzy,GIGABYTE,current_mapping_row,FinLab company_basic_info:英文簡稱,,,0.9321,
TAIWAN,WIN SEMICONDUCTORS,3105,verified_tw_official_round3,穩懋半導體股份有限公司 / WIN,current_mapping_row,Round3 official audit: FinLab company_basic_info + TPEx official reference,,,0.99,
USA,FLUTTER ENTMT(US),,needs_review,,current_mapping_row,,,,0.0,
USA,CAESARS ENT INC,,needs_review,,current_mapping_row,,,,0.0,
USA,CLEVELAND CLIFFS,CLF,mapped_exact_normalized,CLEVELAND-CLIFFS INC.,current_mapping_row,SEC company_tickers_exchange,,,1.0,
USA,ETSY,ETSY,mapped_exact_normalized,ETSY INC,current_mapping_row,SEC company_tickers_exchange,,,1.0,
USA,LATTICE SEMICONDUCTOR,LSCC,mapped_exact_normalized,LATTICE SEMICONDUCTOR CORP,current_mapping_row,SEC company_tickers_exchange,,,1.0,
USA,PAYLOCITY HOLDING CORP,PCTY,mapped_exact_normalized,Paylocity Holding Corp,current_mapping_row,SEC company_tickers_exchange,,,1.0,
USA,REPLIGEN CORP,RGEN,mapped_exact_normalized,REPLIGEN CORP,current_mapping_row,SEC company_tickers_exchange,,,1.0,
USA,UIPATH A,PATH,mapped_exact_normalized,"UiPath, Inc.",current_mapping_row,SEC company_tickers_exchange,,,1.0,
USA,UNITY SOFTWARE,U,mapped_exact_normalized,Unity Software Inc.,current_mapping_row,SEC company_tickers_exchange,,,1.0,
USA,AFFIRM HOLDINGS A,AFRM,mapped_exact_normalized,"Affirm Holdings, Inc.",current_mapping_row,SEC company_tickers_exchange,,,1.0,
USA,ROCKET LAB CORP,RKLB,mapped_exact_normalized,Rocket Lab Corp,current_mapping_row,SEC company_tickers_exchange,,,1.0,
USA,SOFI TECHNOLOGIES,SOFI,mapped_exact_normalized,"SoFi Technologies, Inc.",current_mapping_row,SEC company_tickers_exchange,,,1.0,
USA,TAPESTRY,TPR,mapped_exact_normalized,"TAPESTRY, INC.",current_mapping_row,SEC company_tickers_exchange,,,1.0,
USA,AVANTOR,AVTR,mapped_exact_normalized,"Avantor, Inc.",current_mapping_row,SEC company_tickers_exchange,,,1.0,
USA,CONAGRA BRANDS,CAG,mapped_exact_normalized,CONAGRA BRANDS INC.,current_mapping_row,SEC company_tickers_exchange,,,1.0,
USA,LKQ CORP,LKQ,mapped_exact_normalized,LKQ CORP,current_mapping_row,SEC company_tickers_exchange,,,1.0,
USA,THE CAMPBELL'S,CPB,mapped_exact_normalized,CAMPBELL'S Co,current_mapping_row,SEC company_tickers_exchange,,,1.0,
TAIWAN,CALIWAY BIOPHARMA,6919,verified_tw_reference_fuzzy,Caliway,current_mapping_row,FinLab company_basic_info:英文簡稱,,,0.9312,
TAIWAN,KING SLIDE WORKS CO,2059,verified_tw_reference_fuzzy,king slide,current_mapping_row,FinLab company_basic_info:英文簡稱,,,0.9525,
TAIWAN,POU CHEN CORP,9904,verified_tw_official_round3,寶成工業股份有限公司 / PCC,current_mapping_row,Round3 official audit: FinLab company_basic_info + TWSE official reference,,,0.99,
TAIWAN,RUENTEX DEVELOPMENT CO,9945,verified_tw_reference_fuzzy,RUENTEX DEVELOP,current_mapping_row,FinLab company_basic_info:英文簡稱,,,0.9689,
USA,ANNALY CAPITAL MGMT,,needs_review,,current_mapping_row,,,,0.0,
USA,HENRY SCHEIN,HSIC,mapped_exact_normalized,HENRY SCHEIN INC,current_mapping_row,SEC company_tickers_exchange,,,1.0,
USA,NASDAQ STOCK MARKET,,needs_review,,current_mapping_row,,,,0.0,
USA,AMBAC FINANCIAL GROUP,,needs_review,,current_mapping_row,,,,0.0,
USA,E*TRADE GROUP,,needs_review,,current_mapping_row,,,,0.0,
USA,MBIA,MBI,mapped_exact_normalized,MBIA INC,current_mapping_row,SEC company_tickers_exchange,,,1.0,
USA,PHARMACEUTICAL PRDCT DEV,,needs_review,,current_mapping_row,,,,0.0,
USA,DELTA AIR LINES,DAL,mapped_exact_normalized,"DELTA AIR LINES, INC.",current_mapping_row,SEC company_tickers_exchange,,,1.0,
USA,DEVRY,,needs_review,,current_mapping_row,,,,0.0,
USA,ITT EDUCATIONAL SERVICES,,needs_review,,current_mapping_row,,,,0.0,
USA,MYLAN,,needs_review,,current_mapping_row,,,,0.0,
USA,NORTHEAST UTILITIES,,needs_review,,current_mapping_row,,,,0.0,
USA,NSTAR,,needs_review,,current_mapping_row,,,,0.0,
USA,OMNICARE,,needs_review,,current_mapping_row,,,,0.0,
USA,O'REILLY AUTOMOTIVE,ORLY,mapped_exact_normalized,O REILLY AUTOMOTIVE INC,current_mapping_row,SEC company_tickers_exchange,,,1.0,
USA,PUGET ENERGY,,needs_review,,current_mapping_row,,,,0.0,
USA,AMERICAN CAPITAL,,needs_review,,current_mapping_row,,,,0.0,
USA,APARTMENT INVEST & MGMT,,needs_review,,current_mapping_row,,,,0.0,
USA,DEVELOPERS DIVERS REALTY,,needs_review,,current_mapping_row,,,,0.0,
USA,FOREST CITY ENT. A,,needs_review,,current_mapping_row,,,,0.0,
USA,GENWORTH FINANCIAL A,GNW,mapped_exact_normalized,GENWORTH FINANCIAL INC,current_mapping_row,SEC company_tickers_exchange,,,1.0,
USA,HUNTSMAN CORP,HUN,mapped_exact_normalized,Huntsman CORP,current_mapping_row,SEC company_tickers_exchange,,,1.0,
USA,JANUS CAPITAL GROUP,,needs_review,,current_mapping_row,,,,0.0,
USA,LAMAR ADVERTISING CO A,LAMR,mapped_exact_normalized,LAMAR ADVERTISING CO/NEW,current_mapping_row,SEC company_tickers_exchange,,,1.0,
USA,SL GREEN REALTY CORP,SLG,mapped_exact_normalized,SL GREEN REALTY CORP,current_mapping_row,SEC company_tickers_exchange,,,1.0,
USA,COBALT INTERNATIONAL,CIE,verified_historical_round4,"Cobalt International Energy, Inc.",current_mapping_row,Round4 conflict review: https://www.sec.gov/Archives/edgar/data/1471261/000119312517062754/d259399dex991.htm | https://www.sec.gov/Archives/edgar/data/876661/000087666118000002/ruleprovisionnotice.htm,,,0.98,
USA,DONNELLEY (RR) & SONS,,needs_review,,current_mapping_row,,,,0.0,
USA,ALKERMES,ALKS,mapped_exact_normalized,Alkermes plc.,current_mapping_row,SEC company_tickers_exchange,,,1.0,
USA,ISIS PHARMACEUTICALS,,needs_review,,current_mapping_row,,,,0.0,
USA,DENBURY RESOURCES,,needs_review,,current_mapping_row,,,,0.0,
USA,HERBALIFE,HLF,mapped_exact_normalized,HERBALIFE LTD.,current_mapping_row,SEC company_tickers_exchange,,,1.0,
TAIWAN,WAN HAI LINES,2615,verified_tw_official_round3,萬海航運股份有限公司 / WANHAI,current_mapping_row,Round3 official audit: FinLab company_basic_info + TWSE official reference,,,0.99,
TAIWAN,TSRC CORP,2103,mapped_exact_normalized,TSRC,current_mapping_row,FinLab company_basic_info:英文簡稱,,,1.0,
USA,ATMOS ENERGY CORP,ATO,mapped_exact_normalized,ATMOS ENERGY CORP,current_mapping_row,SEC company_tickers_exchange,,,1.0,
USA,MID-AMERICA APARTMENT,,needs_review,,current_mapping_row,,,,0.0,
USA,MSCI,MSCI,mapped_exact_normalized,MSCI Inc.,current_mapping_row,SEC company_tickers_exchange,,,1.0,
USA,TECO ENERGY,,needs_review,,current_mapping_row,,,,0.0,
USA,WASTE CONNECTIONS,WCN,mapped_exact_normalized,"Waste Connections, Inc.",current_mapping_row,SEC company_tickers_exchange,,,1.0,
USA,WR GRACE & CO,,needs_review,,current_mapping_row,,,,0.0,
USA,CHESAPEAKE ENERGY CORP,CHK,verified_us_web_high_confidence,Chesapeake Energy Corporation,current_mapping_row,web_verified_round2:https://www.sec.gov/Archives/edgar/data/895126/000110465924052466/tm244499d2_ars.pdf,,,0.98,
USA,ENERGEN CORP,,needs_review,,current_mapping_row,,,,0.0,
USA,ENSCO A,,needs_review,,current_mapping_row,,,,0.0,
USA,FIREEYE,,needs_review,,current_mapping_row,,,,0.0,
USA,WHITING PETROLEUM,,needs_review,,current_mapping_row,,,,0.0,
USA,ADVANCED MICRO DEVICES,AMD,mapped_exact_normalized,ADVANCED MICRO DEVICES INC,current_mapping_row,SEC company_tickers_exchange,,,1.0,
USA,ENDO INTERNATIONAL,,needs_review,,current_mapping_row,,,,0.0,
USA,ALTICE USA A,,needs_review,,current_mapping_row,,,,0.0,
USA,KKR & CO,KKR,mapped_exact_normalized,KKR & Co. Inc.,current_mapping_row,SEC company_tickers_exchange,,,1.0,
USA,ANTERO RESOURCES,AR,mapped_exact_normalized,ANTERO RESOURCES Corp,current_mapping_row,SEC company_tickers_exchange,,,1.0,
USA,AIRBNB A,ABNB,mapped_exact_normalized,"Airbnb, Inc.",current_mapping_row,SEC company_tickers_exchange,,,1.0,
USA,PLUG POWER,PLUG,mapped_exact_normalized,PLUG POWER INC,current_mapping_row,SEC company_tickers_exchange,,,1.0,
USA,PERRIGO,PRGO,mapped_exact_normalized,PERRIGO Co plc,current_mapping_row,SEC company_tickers_exchange,,,1.0,
TAIWAN,NAN YA PRINTED CIRCUIT,8046,verified_tw_official_round3,南亞電路板股份有限公司 / N.P.C,current_mapping_row,Round3 official audit: FinLab company_basic_info + TWSE official reference,,,0.99,
TAIWAN,STANDARD FOODS CORP,1227,verified_tw_official_round3,佳格食品股份有限公司 / SFC,current_mapping_row,Round3 official audit: FinLab company_basic_info + TWSE official reference,,,0.99,
USA,KIMCO REALTY CORP,KIM,mapped_exact_normalized,KIMCO REALTY CORP,current_mapping_row,SEC company_tickers_exchange,,,1.0,
USA,OAK STREET HEALTH,,needs_review,,current_mapping_row,,,,0.0,
TAIWAN,E INK HOLDINGS,8069,verified_tw_official_round3,元太科技工業股份有限公司 / EIH,current_mapping_row,Round3 official audit: FinLab company_basic_info + TPEx official reference,,,0.99,
TAIWAN,WISTRON CORP,3231,mapped_exact_normalized,Wistron,current_mapping_row,FinLab company_basic_info:英文簡稱,,,1.0,
USA,AECOM,ACM,mapped_exact_normalized,AECOM,current_mapping_row,SEC company_tickers_exchange,,,1.0,
USA,ATLASSIAN (US),TEAM,mapped_exact_normalized,Atlassian Corp,current_mapping_row,SEC company_tickers_exchange,,,1.0,
USA,AXON ENTERPRISE,AXON,mapped_exact_normalized,"AXON ENTERPRISE, INC.",current_mapping_row,SEC company_tickers_exchange,,,1.0,
USA,GRACO,GGG,mapped_exact_normalized,GRACO INC,current_mapping_row,SEC company_tickers_exchange,,,1.0,
USA,RELIANCE STEEL & ALUM,,needs_review,,current_mapping_row,,,,0.0,
USA,TORO CO,TTC,mapped_exact_normalized,TORO CO,current_mapping_row,SEC company_tickers_exchange,,,1.0,
USA,UNITED THERAPEUTICS CORP,UTHR,mapped_exact_normalized,UNITED THERAPEUTICS Corp,current_mapping_row,SEC company_tickers_exchange,,,1.0,
USA,LINCOLN NATIONAL CORP,LNC,mapped_exact_normalized,LINCOLN NATIONAL CORP,current_mapping_row,SEC company_tickers_exchange,,,1.0,
USA,LUMEN TECHNOLOGIES,LUMN,mapped_exact_normalized,"Lumen Technologies, Inc.",current_mapping_row,SEC company_tickers_exchange,,,1.0,
USA,WESTERN UNION,WU,mapped_exact_normalized,Western Union CO,current_mapping_row,SEC company_tickers_exchange,,,1.0,
USA,APPLOVIN CORP A,APP,mapped_exact_normalized,AppLovin Corp,current_mapping_row,SEC company_tickers_exchange,,,1.0,
USA,COREBRIDGE FINANCIAL,CRBG,mapped_exact_normalized,"Corebridge Financial, Inc.",current_mapping_row,SEC company_tickers_exchange,,,1.0,
USA,SAMSARA A,IOT,mapped_exact_normalized,Samsara Inc.,current_mapping_row,SEC company_tickers_exchange,,,1.0,
USA,WILLIAMS-SONOMA,WSM,mapped_exact_normalized,WILLIAMS SONOMA INC,current_mapping_row,SEC company_tickers_exchange,,,1.0,
USA,LUCID GROUP A,LCID,mapped_exact_normalized,"Lucid Group, Inc.",current_mapping_row,SEC company_tickers_exchange,,,1.0,
USA,VF CORP,,needs_review,,current_mapping_row,,,,0.0,
USA,INTERACTIVE BKRS GRP A,,needs_review,,current_mapping_row,,,,0.0,
USA,NATERA,NTRA,mapped_exact_normalized,"Natera, Inc.",current_mapping_row,SEC company_tickers_exchange,,,1.0,
USA,REDDIT A,RDDT,mapped_exact_normalized,"Reddit, Inc.",current_mapping_row,SEC company_tickers_exchange,,,1.0,
USA,UNITED AIRLINES HOLDINGS,UAL,mapped_exact_normalized,"United Airlines Holdings, Inc.",current_mapping_row,SEC company_tickers_exchange,,,1.0,
USA,AES CORP,AES,mapped_exact_normalized,AES CORP,current_mapping_row,SEC company_tickers_exchange,,,1.0,
USA,APA CORPORATION,APA,mapped_exact_normalized,APA Corp,current_mapping_row,SEC company_tickers_exchange,,,1.0,
USA,CELANESE CORP,CE,mapped_exact_normalized,Celanese Corp,current_mapping_row,SEC company_tickers_exchange,,,1.0,
USA,CHARLES RIVER LABS INTL,CRL,verified_us_web_high_confidence,"Charles River Laboratories International, Inc.",current_mapping_row,web_verified_round2:https://ir.criver.com/shareholder-services/investor-faqs,,,0.99,
USA,ENPHASE ENERGY,ENPH,mapped_exact_normalized,"Enphase Energy, Inc.",current_mapping_row,SEC company_tickers_exchange,,,1.0,
USA,HF SINCLAIR,DINO,mapped_exact_normalized,HF Sinclair Corp,current_mapping_row,SEC company_tickers_exchange,,,1.0,
USA,HUNTINGTON INGALLS IND,,needs_review,,current_mapping_row,,,,0.0,
USA,KNIGHT-SWIFT TRANSPORT,,needs_review,,current_mapping_row,,,,0.0,
USA,LAMB WESTON HOLDINGS,LW,mapped_exact_normalized,"Lamb Weston Holdings, Inc.",current_mapping_row,SEC company_tickers_exchange,,,1.0,
USA,MARKETAXESS HLDGS,,needs_review,,current_mapping_row,,,,0.0,
USA,MATCH GROUP(NEW),MTCH,mapped_exact_normalized,"Match Group, Inc.",current_mapping_row,SEC company_tickers_exchange,,,1.0,
USA,MOSAIC CO (THE),MOS,mapped_exact_normalized,MOSAIC CO,current_mapping_row,SEC company_tickers_exchange,,,1.0,
USA,QORVO,QRVO,mapped_exact_normalized,"Qorvo, Inc.",current_mapping_row,SEC company_tickers_exchange,,,1.0,
USA,TELEFLEX,TFX,mapped_exact_normalized,TELEFLEX INC,current_mapping_row,SEC company_tickers_exchange,,,1.0,
TAIWAN,ELITE MATERIAL CO,2383,verified_tw_official_round3,台光電子材料股份有限公司 / EMC,current_mapping_row,Round3 official audit: FinLab company_basic_info + TWSE official reference,,,0.99,
TAIWAN,LOTES CO,3533,mapped_exact_normalized,LOTES,current_mapping_row,FinLab company_basic_info:英文簡稱,,,1.0,
TAIWAN,NANYA TECHNOLOGY,2408,verified_tw_official_round3,南亞科技股份有限公司 / NTC,current_mapping_row,Round3 official audit: FinLab company_basic_info + TWSE official reference,,,0.99,
TAIWAN,WALSIN LIHWA CORP,1605,verified_tw_reference_fuzzy,WALSIN,current_mapping_row,FinLab company_basic_info:英文簡稱,,,0.94,
USA,AST SPACEMOBILE A,ASTS,mapped_exact_normalized,"AST SpaceMobile, Inc.",current_mapping_row,SEC company_tickers_exchange,,,1.0,
USA,CASEYS GENERAL STORES,CASY,mapped_exact_normalized,CASEYS GENERAL STORES INC,current_mapping_row,SEC company_tickers_exchange,,,1.0,
USA,COHERENT CORP,COHR,mapped_exact_normalized,COHERENT CORP.,current_mapping_row,SEC company_tickers_exchange,,,1.0,
USA,CURTISS-WRIGHT CORP,CW,mapped_exact_normalized,CURTISS WRIGHT CORP,current_mapping_row,SEC company_tickers_exchange,,,1.0,
USA,FTAI AVIATION,FTAI,mapped_exact_normalized,FTAI Aviation Ltd.,current_mapping_row,SEC company_tickers_exchange,,,1.0,
USA,IREN,IREN,mapped_exact_normalized,IREN Ltd,current_mapping_row,SEC company_tickers_exchange,,,1.0,
USA,LUMENTUM HOLDINGS,LITE,mapped_exact_normalized,Lumentum Holdings Inc.,current_mapping_row,SEC company_tickers_exchange,,,1.0,
USA,REVOLUTION MEDICINES,RVMD,mapped_exact_normalized,"Revolution Medicines, Inc.",current_mapping_row,SEC company_tickers_exchange,,,1.0,
USA,ALEXANDRIA REAL ESTATE,,needs_review,,current_mapping_row,,,,0.0,
USA,AMERICAN FINANCIAL GROUP,AFG,mapped_exact_normalized,AMERICAN FINANCIAL GROUP INC,current_mapping_row,SEC company_tickers_exchange,,,1.0,
USA,AMERICAN HOMES 4 RENT A,AMH,mapped_exact_normalized,American Homes 4 Rent,current_mapping_row,SEC company_tickers_exchange,,,1.0,
USA,BAXTER INTERNATIONAL,BAX,mapped_exact_normalized,BAXTER INTERNATIONAL INC,current_mapping_row,SEC company_tickers_exchange,,,1.0,
USA,BENTLEY SYSTEMS B,BSY,mapped_exact_normalized,BENTLEY SYSTEMS INC,current_mapping_row,SEC company_tickers_exchange,,,1.0,
USA,BOOZ ALLEN HAMILTON A,BAH,mapped_exact_normalized,Booz Allen Hamilton Holding Corp,current_mapping_row,SEC company_tickers_exchange,,,1.0,
USA,BROWN-FORMAN CORP B,BF-A,mapped_exact_normalized,BROWN FORMAN CORP,current_mapping_row,SEC company_tickers_exchange,,,1.0,
USA,BXP,BXP,mapped_exact_normalized,"BXP, Inc.",current_mapping_row,SEC company_tickers_exchange,,,1.0,
USA,DOCUSIGN,DOCU,mapped_exact_normalized,"DOCUSIGN, INC.",current_mapping_row,SEC company_tickers_exchange,,,1.0,
USA,DYNATRACE,DT,mapped_exact_normalized,"Dynatrace, Inc.",current_mapping_row,SEC company_tickers_exchange,,,1.0,
USA,EQUITY LIFESTYLE PPTYS,,needs_review,,current_mapping_row,,,,0.0,
USA,ESSENTIAL UTILITIES,WTRG,mapped_exact_normalized,"Essential Utilities, Inc.",current_mapping_row,SEC company_tickers_exchange,,,1.0,
USA,JM SMUCKER CO,,needs_review,,current_mapping_row,,,,0.0,
USA,NUTANIX A,NTNX,mapped_exact_normalized,"Nutanix, Inc.",current_mapping_row,SEC company_tickers_exchange,,,1.0,
USA,PAYCOM SOFTWARE,PAYC,mapped_exact_normalized,"Paycom Software, Inc.",current_mapping_row,SEC company_tickers_exchange,,,1.0,
TAIWAN,HONPRECISION,2317,verified_tw_official_round3,鴻海精密工業股份有限公司 / HON HAI,current_mapping_row,Round3 official audit: FinLab company_basic_info + TWSE official reference,,,0.99,
TAIWAN,CHENG SHIN RUBBER IND,2105,verified_tw_official_round3,正新橡膠工業股份有限公司 / CST,current_mapping_row,Round3 official audit: FinLab company_basic_info + TWSE official reference,,,0.99,
TAIWAN,FENG TAY ENTERPRISE CO,9910,verified_tw_official_round3,豐泰企業股份有限公司 / FT,current_mapping_row,Round3 official audit: FinLab company_basic_info + TWSE official reference,,,0.99,
TAIWAN,NIEN MADE ENTERPRISE CO,8464,verified_tw_reference_fuzzy,Nien Made,current_mapping_row,FinLab company_basic_info:英文簡稱,,,0.935,
TAIWAN,CATCHER TECH CO,2474,verified_tw_reference_fuzzy,CATCHER,current_mapping_row,FinLab company_basic_info:英文簡稱,,,0.9483,
TAIWAN,CHENG UEI PRECISION IND,2392,verified_tw_official_round3,正崴精密工業股份有限公司 / FOXLINK,current_mapping_row,Round3 official audit: FinLab company_basic_info + TWSE official reference,,,0.99,
TAIWAN,COMPAL COMMUNICATIONS,2324,verified_tw_reference_fuzzy,Compal,current_mapping_row,FinLab company_basic_info:英文簡稱,,,0.9186,
TAIWAN,INVENTEC APPLIANCES,2356,verified_tw_reference_fuzzy,INVENTEC,current_mapping_row,FinLab company_basic_info:英文簡稱,,,0.9321,
TAIWAN,NOVATEK MICROELECTRS,3034,verified_tw_reference_fuzzy,NOVATEK,current_mapping_row,FinLab company_basic_info:英文簡稱,,,0.925,
TAIWAN,PHOENIX PRECISION TECH,8021,verified_tw_official_round3,尖點科技股份有限公司 / Topoint,current_mapping_row,Round3 official audit: FinLab company_basic_info + TWSE official reference,,,0.99,
TAIWAN,ELITEGROUP COMPUTER SYS,2331,verified_tw_official_round3,精英電腦股份有限公司 / ECS,current_mapping_row,Round3 official audit: FinLab company_basic_info + TWSE official reference,,,0.99,
TAIWAN,NIEN HSING TEXTILE CORP,1451,verified_tw_reference_fuzzy,NIEN HSING,current_mapping_row,FinLab company_basic_info:英文簡稱,,,0.9456,
TAIWAN,SHIHLIN ELECTR. & ENG,1503,verified_tw_official_round3,士林電機廠股份有限公司 / SEEC,current_mapping_row,Round3 official audit: FinLab company_basic_info + TWSE official reference,,,0.99,
TAIWAN,SYSTEX CORP,6214,mapped_exact_normalized,SYSTEX,current_mapping_row,FinLab company_basic_info:英文簡稱,,,1.0,
TAIWAN,TAIWAN STYRENE MONOMER,1310,verified_tw_official_round3,台灣苯乙烯工業股份有限公司 / T.S.M.C.,current_mapping_row,Round3 official audit: FinLab company_basic_info + TWSE official reference,,,0.99,
TAIWAN,EPISTAR CORP,2448,verified_historical_round4,Epistar Corporation,current_mapping_row,Round4 conflict review: https://www.ennostar.com/en/news/news/2 | https://www.ledinside.com/node/31791,,,0.97,
TAIWAN,INOTERA MEMORIES,3474,verified_historical_round4,"Inotera Memories, Inc.",current_mapping_row,Round4 conflict review: https://www.digitimes.com/news/a20161011VL201.html | https://en.ctimes.com.tw/DispNews.asp%3FO%3DHJZCE96HQKMSAA00NO,,,0.97,
TAIWAN,KINSUS INTERCONNECT TECH,3189,verified_tw_official_round3,景碩科技股份有限公司 / KINSUS,current_mapping_row,Round3 official audit: FinLab company_basic_info + TWSE official reference,,,0.99,
TAIWAN,MOSEL VITELIC,2342,verified_tw_official_round3,台灣茂矽電子股份有限公司 / MVI,current_mapping_row,Round3 official audit: FinLab company_basic_info + TWSE official reference,,,0.99,
TAIWAN,MOTECH INDUSTRIES,6244,verified_tw_reference_fuzzy,MOTECH,current_mapping_row,FinLab company_basic_info:英文簡稱,,,0.9253,
TAIWAN,ACCTON TECHNOLOGY CORP,2345,verified_tw_reference_fuzzy,ACCTON,current_mapping_row,FinLab company_basic_info:英文簡稱,,,0.9253,
TAIWAN,GIANT MANUFACTURING CO.,9921,verified_tw_official_round3,巨大機械工業股份有限公司 / GIANT,current_mapping_row,Round3 official audit: FinLab company_basic_info + TWSE official reference,,,0.99,
TAIWAN,OPTIMAX TECHNOLOGY CORP,3051,verified_tw_reference_fuzzy,Optimax,current_mapping_row,FinLab company_basic_info:英文簡稱,,,0.9289,
TAIWAN,PHOENIXTEC POWER CO,2411,verified_tw_historical_round8d,"Phoenixtec Power Co., Ltd. / 飛瑞",current_mapping_row,Round8d web/Yahoo/Google evidence: MBAlib Taiwan Mid-Cap 100 table lists 2411 飛瑞 Phoenixtec Power; Eaton acquisition/delisting pages confirm Phoenixtec Power was listed and then acquired/delisted by Eaton.,,,0.95,
TAIWAN,NANYA TECHNOLOGY CORP,2408,verified_tw_official_round3,南亞科技股份有限公司 / NTC,current_mapping_row,Round3 official audit: FinLab company_basic_info + TWSE official reference,,,0.99,
TAIWAN,POWERTECH TECHNOLOGY,3296,verified_tw_reference_fuzzy,POWERTECH,current_mapping_row,FinLab company_basic_info:英文簡稱,,,0.935,
TAIWAN,PRO MOS TECHNOLOGIES,5387,verified_historical_round4,ProMOS Technologies Inc.,current_mapping_row,Round4 conflict review: https://focustaiwan.tw/business/201202170035 | https://www.marketscreener.com/quote/stock/PROMOS-TECHNOLOGIES-INC-6491683/,,,0.97,
TAIWAN,TRIPOD TECHNOLOGY CORP,3044,verified_tw_reference_fuzzy,Tripod,current_mapping_row,FinLab company_basic_info:英文簡稱,,,0.9253,
TAIWAN,UNIMICRON TECHNOLOGY,3037,verified_tw_reference_fuzzy,UNIMICRON,current_mapping_row,FinLab company_basic_info:英文簡稱,,,0.935,
TAIWAN,VANGUARD INT'L SEMICON,5347,verified_tw_official_round3,世界先進積體電路股份有限公司 / VIS,current_mapping_row,Round3 official audit: FinLab company_basic_info + TPEx official reference,,,0.99,
USA,AGCO CORP,AGCO,mapped_exact_normalized,AGCO Corporation Common Stock,current_mapping_row,NasdaqTrader otherlisted,,,1.0,
USA,AK STEEL HOLDING CORP,,needs_review,,current_mapping_row,,,,0.0,
USA,BERKSHIRE HATHAWAY B,BRK-B,mapped_exact_normalized,BERKSHIRE HATHAWAY INC,current_mapping_row,SEC company_tickers_exchange,,,1.0,
USA,BORGWARNER,BWA,mapped_exact_normalized,BORGWARNER INC,current_mapping_row,SEC company_tickers_exchange,,,1.0,
USA,CABOT OIL & GAS CORP,,needs_review,,current_mapping_row,,,,0.0,
USA,CF INDUSTRIES HOLDINGS,CF,mapped_exact_normalized,"CF Industries Holdings, Inc.",current_mapping_row,SEC company_tickers_exchange,,,1.0,
USA,CLEVELAND-CLIFFS,CLF,mapped_exact_normalized,CLEVELAND-CLIFFS INC.,current_mapping_row,SEC company_tickers_exchange,,,1.0,
USA,FLOWSERVE CORP,FLS,mapped_exact_normalized,FLOWSERVE CORP,current_mapping_row,SEC company_tickers_exchange,,,1.0,
USA,FOREST OIL,,needs_review,,current_mapping_row,,,,0.0,
USA,HELMERICH & PAYNE,HP,mapped_exact_normalized,"Helmerich & Payne, Inc.",current_mapping_row,SEC company_tickers_exchange,,,1.0,
USA,HORMEL FOODS CORP,HRL,mapped_exact_normalized,Hormel Foods Corporation Common Stock,current_mapping_row,NasdaqTrader otherlisted,,,1.0,
USA,MDU RESOURCES GROUP,MDU,mapped_exact_normalized,MDU RESOURCES GROUP INC,current_mapping_row,SEC company_tickers_exchange,,,1.0,
USA,ONEOK,OKE,mapped_exact_normalized,ONEOK INC /NEW/,current_mapping_row,SEC company_tickers_exchange,,,1.0,
USA,PRICELINE.COM,,needs_review,,current_mapping_row,,,,0.0,
USA,QUICKSILVER RESOURCES,,needs_review,,current_mapping_row,,,,0.0,
USA,SANDRIDGE ENERGY,SD,mapped_exact_normalized,SANDRIDGE ENERGY INC,current_mapping_row,SEC company_tickers_exchange,,,1.0,
USA,STEEL DYNAMICS,STLD,mapped_exact_normalized,STEEL DYNAMICS INC,current_mapping_row,SEC company_tickers_exchange,,,1.0,
USA,URBAN OUTFITTERS,URBN,mapped_exact_normalized,URBAN OUTFITTERS INC,current_mapping_row,SEC company_tickers_exchange,,,1.0,
USA,VMWARE A,,needs_review,,current_mapping_row,,,,0.0,
USA,WHITE MOUNTAIN INSURANCE,,needs_review,,current_mapping_row,,,,0.0,
USA,ADC TELECOMMUNICATIONS,,needs_review,,current_mapping_row,,,,0.0,
USA,BEAR STEARNS COS,,needs_review,,current_mapping_row,,,,0.0,
USA,BROADRIDGE FINANCIAL,,needs_review,,current_mapping_row,,,,0.0,
USA,BROWN & BROWN,BRO,mapped_exact_normalized,"BROWN & BROWN, INC.",current_mapping_row,SEC company_tickers_exchange,,,1.0,
USA,BRUNSWICK CORP,BC,mapped_exact_normalized,BRUNSWICK CORP,current_mapping_row,SEC company_tickers_exchange,,,1.0,
USA,CAREER EDUCATION CORP,,needs_review,,current_mapping_row,,,,0.0,
USA,CIT GROUP,,needs_review,,current_mapping_row,,,,0.0,
USA,COLONIAL BANCGROUP,,needs_review,,current_mapping_row,,,,0.0,
USA,COOPER COS,,needs_review,,current_mapping_row,,,,0.0,
USA,FIRST HORIZON NATIONAL,FHN,verified_us_web_high_confidence,First Horizon National Corp. / First Horizon Corporation,current_mapping_row,web_verified_round2:https://www.nasdaq.com/press-release/first-horizon-announces-parent-company-name-change-2020-11-20,,,0.98,
USA,HANESBRANDS,,needs_review,,current_mapping_row,,,,0.0,
USA,HARMAN INTERNATIONAL IND,,needs_review,,current_mapping_row,,,,0.0,
USA,HEALTH MANAGEMENT ASSO.,,needs_review,,current_mapping_row,,,,0.0,
USA,IDEARC,,needs_review,,current_mapping_row,,,,0.0,
USA,ISTAR FINANCIAL,,needs_review,,current_mapping_row,,,,0.0,
USA,LEAR CORP,LEA,mapped_exact_normalized,LEAR CORP,current_mapping_row,SEC company_tickers_exchange,,,1.0,
USA,LINCARE HOLDINGS,,needs_review,,current_mapping_row,,,,0.0,
USA,LIZ CLAIBORNE,,needs_review,,current_mapping_row,,,,0.0,
USA,MASSEY ENERGY CO,,needs_review,,current_mapping_row,,,,0.0,
USA,MCCLATCHY CO A,,needs_review,,current_mapping_row,,,,0.0,
USA,NOVELLUS SYSTEMS,,needs_review,,current_mapping_row,,,,0.0,
USA,PDL BIOPHARMA,,needs_review,,current_mapping_row,,,,0.0,
USA,QLOGIC CORP,,needs_review,,current_mapping_row,,,,0.0,
USA,RADIOSHACK CORP,,needs_review,,current_mapping_row,,,,0.0,
USA,SANMINA - SCI CORP,,needs_review,,current_mapping_row,,,,0.0,
USA,SMURFIT-STONE CONTAINER,,needs_review,,current_mapping_row,,,,0.0,
USA,TCF FINANCIAL CORP,,needs_review,,current_mapping_row,,,,0.0,
USA,TELEPHONE & DATA SYS SPC,,needs_review,,current_mapping_row,,,,0.0,
USA,TELLABS,,needs_review,,current_mapping_row,,,,0.0,
USA,WENDY'S INTERNATIONAL,,needs_review,,current_mapping_row,,,,0.0,
TAIWAN,FARGLORY DEVELOPERS CO,5522,verified_tw_reference_fuzzy,Farglory,current_mapping_row,FinLab company_basic_info:英文簡稱,,,0.9321,
TAIWAN,FENG HSIN IRON & STEEL,2015,verified_tw_official_round3,豐興鋼鐵股份有限公司 / FH,current_mapping_row,Round3 official audit: FinLab company_basic_info + TWSE official reference,,,0.99,
TAIWAN,COMPEQ MANUFACTURING CO,2313,verified_tw_reference_fuzzy,COMPEQ,current_mapping_row,FinLab company_basic_info:英文簡稱,,,0.92,
TAIWAN,KINPO ELECTRONICS,2312,verified_tw_reference_fuzzy,KINPO,current_mapping_row,FinLab company_basic_info:英文簡稱,,,0.9194,
TAIWAN,MICRO-STAR INTERNATIONAL,2377,verified_tw_official_round3,微星科技股份有限公司 / MSI,current_mapping_row,Round3 official audit: FinLab company_basic_info + TWSE official reference,,,0.99,
TAIWAN,ORIENTAL UNION CHEMICAL,1710,verified_tw_official_round3,東聯化學股份有限公司 / OUCC,current_mapping_row,Round3 official audit: FinLab company_basic_info + TWSE official reference,,,0.99,
TAIWAN,RITEK CORP,2349,mapped_exact_normalized,RITEK,current_mapping_row,FinLab company_basic_info:英文簡稱,,,1.0,
TAIWAN,TAIWAN NAVIGATION CO,2617,verified_tw_official_round3,台灣航業股份有限公司 / TNC,current_mapping_row,Round3 official audit: FinLab company_basic_info + TWSE official reference,,,0.99,
TAIWAN,WATERLAND FINANCIAL,2889,verified_historical_round4,"IBF Financial Holdings Co., Ltd., formerly Waterland Financial Holdings",current_mapping_row,Round4 conflict review: https://markets.ft.com/data/equities/tearsheet/profile?s=2889%3ATAI | https://uk.marketscreener.com/quote/stock/IBF-FINANCIAL-HOLDINGS-CO-6495205/,,,0.97,
TAIWAN,YIEH PHUI ENTERPRISE,2023,verified_tw_official_round3,燁輝企業股份有限公司 / YP,current_mapping_row,Round3 official audit: FinLab company_basic_info + TWSE official reference,,,0.99,
TAIWAN,YUEN FOONG YU PAPER MFG,1907,verified_tw_official_round3,永豐餘投資控股股份有限公司 / YFY,current_mapping_row,Round3 official audit: FinLab company_basic_info + TWSE official reference,,,0.99,
TAIWAN,ZYXEL COMMUNICATIONS,3704,verified_tw_reference_fuzzy,Zyxel Group,current_mapping_row,FinLab company_basic_info:英文簡稱,,,0.915,
USA,AIRGAS,,needs_review,,current_mapping_row,,,,0.0,
USA,BLACKROCK A,BLK,mapped_exact_normalized,"BlackRock, Inc.",current_mapping_row,SEC company_tickers_exchange,,,1.0,
USA,CALPINE CORP,,needs_review,,current_mapping_row,,,,0.0,
USA,CERNER CORP,,needs_review,,current_mapping_row,,,,0.0,
USA,CROWN HOLDINGS,CCK,mapped_exact_normalized,"CROWN HOLDINGS, INC.",current_mapping_row,SEC company_tickers_exchange,,,1.0,
USA,EATON VANCE CORP NV,,needs_review,,current_mapping_row,,,,0.0,
USA,EDWARDS LIFESCIENCES,EW,mapped_exact_normalized,Edwards Lifesciences Corp,current_mapping_row,SEC company_tickers_exchange,,,1.0,
USA,FMC CORP,FMC,mapped_exact_normalized,FMC CORP,current_mapping_row,SEC company_tickers_exchange,,,1.0,
USA,IHS INC A,IHS,mapped_exact_normalized,IHS Holding Ltd,current_mapping_row,SEC company_tickers_exchange,,,1.0,
USA,JEFFERIES GROUP,,needs_review,,current_mapping_row,,,,0.0,
USA,LENDER PROCESSING SVCS,,needs_review,,current_mapping_row,,,,0.0,
USA,MAXIM INTEGRATED PRDCTS,,needs_review,,current_mapping_row,,,,0.0,
USA,METAVANTE HOLDING,,needs_review,,current_mapping_row,,,,0.0,
USA,MYRIAD GENETICS,MYGN,mapped_exact_normalized,MYRIAD GENETICS INC,current_mapping_row,SEC company_tickers_exchange,,,1.0,
USA,NUANCE COMMUNICATIONS,NUAN,verified_us_web_high_confidence,"Nuance Communications, Inc.",current_mapping_row,web_verified_round2:https://www.sec.gov/Archives/edgar/data/1002517/000114036121017650/nt10023637x2_defm14a.htm,,,0.98,
USA,PEPSIAMERICAS,,needs_review,,current_mapping_row,,,,0.0,
USA,RAYONIER,RYN,mapped_exact_normalized,RAYONIER INC,current_mapping_row,SEC company_tickers_exchange,,,1.0,
USA,RED HAT,,needs_review,,current_mapping_row,,,,0.0,
USA,SBA COMMUNICATIONS A,SBAC,mapped_exact_normalized,SBA COMMUNICATIONS CORP,current_mapping_row,SEC company_tickers_exchange,,,1.0,
USA,URS CORP,,needs_review,,current_mapping_row,,,,0.0,
USA,WATSON PHARMACEUTICALS,,needs_review,,current_mapping_row,,,,0.0,
USA,AMYLIN PHARMACEUTICALS,,needs_review,,current_mapping_row,,,,0.0,
USA,EASTMAN KODAK CO,KODK,mapped_exact_normalized,EASTMAN KODAK CO,current_mapping_row,SEC company_tickers_exchange,,,1.0,
USA,GANNETT CO,GCI,verified_us_web_high_confidence,"Gannett Co., Inc.",current_mapping_row,web_verified_round2:https://www.sec.gov/cgi-bin/browse-edgar?CIK=GCI&action=getcompany&owner=exclude,,,0.95,
USA,GENERAL MOTORS CORP,GM,mapped_exact_normalized,General Motors Co,current_mapping_row,SEC company_tickers_exchange,,,1.0,
USA,HEALTH NET,,needs_review,,current_mapping_row,,,,0.0,
USA,HUNTINGTON BANCSHARES,HBAN,mapped_exact_normalized,Huntington Bancshares Incorporated - Common Stock,current_mapping_row,NasdaqTrader nasdaqlisted,,,1.0,
USA,LEXMARK INTERNATIONAL A,,needs_review,,current_mapping_row,,,,0.0,
USA,MACERICH CO,MAC,mapped_exact_normalized,MACERICH CO,current_mapping_row,SEC company_tickers_exchange,,,1.0,
USA,MGM MIRAGE,,needs_review,,current_mapping_row,,,,0.0,
USA,RELIANT ENERGY,,needs_review,,current_mapping_row,,,,0.0,
USA,SYNOVUS FINANCIAL CORP,,needs_review,,current_mapping_row,,,,0.0,
USA,TEREX CORP,TEX,mapped_exact_normalized,TEREX CORP,current_mapping_row,SEC company_tickers_exchange,,,1.0,
USA,UDR,UDR,mapped_exact_normalized,"UDR, Inc.",current_mapping_row,SEC company_tickers_exchange,,,1.0,
USA,ZIONS BANCORP,ZION,verified_us_web_high_confidence,"Zions Bancorporation, N.A.",current_mapping_row,web_verified_round2:https://www.sec.gov/cgi-bin/browse-edgar?CIK=ZION&action=getcompany&owner=exclude,,,0.95,
TAIWAN,CAPITAL SECURITIES CORP,6005,verified_tw_official_round3,群益金鼎證券股份有限公司 / CSC,current_mapping_row,Round3 official audit: FinLab company_basic_info + TWSE official reference,,,0.99,
TAIWAN,CHICONY ELECTRONICS CO,2385,verified_tw_reference_fuzzy,CHICONY,current_mapping_row,FinLab company_basic_info:英文簡稱,,,0.9268,
TAIWAN,CLEVO COMPANY,2362,mapped_exact_normalized,CLEVO CO.,current_mapping_row,FinLab company_basic_info:英文簡稱,,,1.0,
TAIWAN,CORETRONIC CORPORATION,5371,mapped_exact_normalized,Coretronic,current_mapping_row,FinLab company_basic_info:英文簡稱,,,1.0,
TAIWAN,CSBC CORP,2208,mapped_exact_normalized,CSBC,current_mapping_row,FinLab company_basic_info:英文簡稱,,,1.0,
TAIWAN,EVERGREEN INTERNATIONAL,2607,verified_historical_round4,Evergreen International Storage & Transport Corp,current_mapping_row,Round4 conflict review: https://markets.ft.com/data/equities/tearsheet/profile?s=2607%3ATAI | https://stockanalysis.com/quote/tpe/2607/,,,0.97,
TAIWAN,FORMOSA INT'L HOTELS,2707,verified_tw_official_round3,晶華國際酒店股份有限公司 / GFRT,current_mapping_row,Round3 official audit: FinLab company_basic_info + TWSE official reference,,,0.99,
TAIWAN,GLOBAL UNICHIP CORP,3443,verified_tw_official_round3,創意電子股份有限公司 / GUC,current_mapping_row,Round3 official audit: FinLab company_basic_info + TWSE official reference,,,0.99,
TAIWAN,PHISON ELECTRONICS CORP,8299,verified_tw_reference_fuzzy,Phison,current_mapping_row,FinLab company_basic_info:英文簡稱,,,0.9233,
TAIWAN,PIXART IMAGING,3227,verified_tw_official_round3,原相科技股份有限公司 / PXI,current_mapping_row,Round3 official audit: FinLab company_basic_info + TPEx official reference,,,0.99,
TAIWAN,RUENTEX INDUSTRIES,2915,verified_tw_reference_fuzzy,RUENTEX IND.LTD,current_mapping_row,FinLab company_basic_info:英文簡稱,,,0.9511,
TAIWAN,SIMPLO TECHNOLOGY CO,6121,verified_tw_official_round3,新普科技股份有限公司 / SMP,current_mapping_row,Round3 official audit: FinLab company_basic_info + TPEx official reference,,,0.99,
TAIWAN,SINCERE NAVIGATION,2605,verified_conflict_round4,Sincere Navigation Corporation / 新興航運,current_mapping_row,Round4 conflict review: https://www.snc.com.tw/en/investors/ | https://ca.marketscreener.com/quote/stock/SINCERE-NAVIGATION-CORPOR-6495337/,,,0.97,
TAIWAN,VIA TECHNOLOGIES,2388,verified_tw_official_round3,威盛電子股份有限公司 / VIA,current_mapping_row,Round3 official audit: FinLab company_basic_info + TWSE official reference,,,0.99,
TAIWAN,WINBOND ELECTRONICS CORP,2344,verified_tw_official_round3,華邦電子股份有限公司 / WEC,current_mapping_row,Round3 official audit: FinLab company_basic_info + TWSE official reference,,,0.99,
TAIWAN,WINTEK,2384,verified_historical_round4,Wintek Corporation / 勝華科技,current_mapping_row,Round4 conflict review: https://www.twse.com.tw/downloads/zh/about/company/factbook/2016/1.07.html | https://in.marketscreener.com/quote/stock/WINTEK-CORPORATION-6491707/,,,0.97,
TAIWAN,WPG HOLDINGS CO,3702,mapped_exact_normalized,WPG,current_mapping_row,FinLab company_basic_info:英文簡稱,,,1.0,
TAIWAN,YOUNG FAST OPTOELECTRONI,3622,verified_tw_official_round3,洋華光電股份有限公司 / YFO,current_mapping_row,Round3 official audit: FinLab company_basic_info + TWSE official reference,,,0.99,
USA,BUCYRUS INT'L,,needs_review,,current_mapping_row,,,,0.0,
USA,DOLLAR GENERAL CORP,DG,mapped_exact_normalized,DOLLAR GENERAL CORP,current_mapping_row,SEC company_tickers_exchange,,,1.0,
USA,F5 NETWORKS,,needs_review,,current_mapping_row,,,,0.0,
USA,HUMAN GENOME SCIENCES,,needs_review,,current_mapping_row,,,,0.0,
USA,NETFLIX,NFLX,mapped_exact_normalized,NETFLIX INC,current_mapping_row,SEC company_tickers_exchange,,,1.0,
USA,VERISK ANALYTICS A,VRSK,mapped_exact_normalized,"Verisk Analytics, Inc.",current_mapping_row,SEC company_tickers_exchange,,,1.0,
USA,DST SYSTEMS,,needs_review,,current_mapping_row,,,,0.0,
USA,MIRANT CORP,,needs_review,,current_mapping_row,,,,0.0,
USA,PATTERSON-UTI ENERGY,PTEN,mapped_exact_normalized,PATTERSON UTI ENERGY INC,current_mapping_row,SEC company_tickers_exchange,,,1.0,
USA,SUNPOWER CORP A,SPWR,mapped_exact_normalized,SunPower Inc.,current_mapping_row,SEC company_tickers_exchange,,,1.0,
USA,SUNPOWER CORP B,SPWR,mapped_exact_normalized,SunPower Inc.,current_mapping_row,SEC company_tickers_exchange,,,1.0,
TAIWAN,CHINA LIFE INSURANCE CO,2823,verified_historical_round4,China Life Insurance (Taiwan) / KGI Life predecessor,current_mapping_row,Round4 conflict review: https://service.kgilife.com.tw/wps/portal/kgilife/investor-relations-en/about-chinalife/Company-profile | https://cbonds.com/stocks/TW0002823002/,,,0.97,
TAIWAN,FORMOSA SUMCO TECHNOLOGY,3532,verified_tw_official_round3,台塑勝高科技股份有限公司 / FST,current_mapping_row,Round3 official audit: FinLab company_basic_info + TWSE official reference,,,0.99,
USA,CONTINENTAL RESOURCES,CLR,verified_us_web_high_confidence,"Continental Resources, Inc.",current_mapping_row,web_verified_round2:https://www.sec.gov/Archives/edgar/data/732834/000095017023018882/R18.htm,,,0.94,
USA,GREEN MOUNT COF ROASTERS,,needs_review,,current_mapping_row,,,,0.0,
USA,HCA HOLDINGS,,needs_review,,current_mapping_row,,,,0.0,
USA,HERTZ GLOBAL HOLDING,HTZ,mapped_exact_normalized,"HERTZ GLOBAL HOLDINGS, INC",current_mapping_row,SEC company_tickers_exchange,,,1.0,
USA,KINDER MORGAN,KMI,mapped_exact_normalized,"KINDER MORGAN, INC.",current_mapping_row,SEC company_tickers_exchange,,,1.0,
USA,LULULEMON ATHLETICA,LULU,mapped_exact_normalized,lululemon athletica inc.,current_mapping_row,SEC company_tickers_exchange,,,1.0,
USA,NIELSEN HOLDINGS,,needs_review,,current_mapping_row,,,,0.0,
USA,SIRIUS XM RADIO,,needs_review,,current_mapping_row,,,,0.0,
USA,WALTER ENERGY,,needs_review,,current_mapping_row,,,,0.0,
USA,AMERICAN EAGLE OUTF.,,needs_review,,current_mapping_row,,,,0.0,
USA,MEMC ELECTRONIC MATRLS,,needs_review,,current_mapping_row,,,,0.0,
USA,TELEPHONE & DATA SYSTEMS,,needs_review,,current_mapping_row,,,,0.0,
USA,TRANSATLANTIC HOLDINGS,,needs_review,,current_mapping_row,,,,0.0,
USA,VALIDUS HOLDINGS,,needs_review,,current_mapping_row,,,,0.0,
USA,AFFILIATED MANAGERS GRP,,needs_review,,current_mapping_row,,,,0.0,
USA,ALBEMARLE CORP,ALB,mapped_exact_normalized,ALBEMARLE CORP,current_mapping_row,SEC company_tickers_exchange,,,1.0,
USA,AMERICAN CAPITAL AGENCY,,needs_review,,current_mapping_row,,,,0.0,
USA,ANSYS,,needs_review,,current_mapping_row,,,,0.0,
USA,CHARTER COMMUNICATION A,,needs_review,,current_mapping_row,,,,0.0,
USA,CMS ENERGY CORP,CMS,mapped_exact_normalized,CMS ENERGY CORP,current_mapping_row,SEC company_tickers_exchange,,,1.0,
USA,CORE LABORATORIES,CLB,mapped_exact_normalized,Core Laboratories Inc. Common Stock,current_mapping_row,NasdaqTrader otherlisted,,,1.0,
USA,DELPHI AUTOMOTIVE PLC,,needs_review,,current_mapping_row,,,,0.0,
USA,DICKS SPORTING GOODS,DKS,verified_us_web_high_confidence,"DICK'S Sporting Goods, Inc.",current_mapping_row,web_verified_round2:https://investors.dicks.com/resources/investor-faqs/default.aspx,,,0.99,
USA,EQUINIX,EQIX,mapped_exact_normalized,EQUINIX INC,current_mapping_row,SEC company_tickers_exchange,,,1.0,
USA,FIRST REPUBLIC BANK,,needs_review,,current_mapping_row,,,,0.0,
USA,LINKEDIN CORP A,,needs_review,,current_mapping_row,,,,0.0,
USA,PVH CORP,PVH,mapped_exact_normalized,PVH Corp. Common Stock,current_mapping_row,NasdaqTrader otherlisted,,,1.0,
USA,RACKSPACE HOSTING,,needs_review,,current_mapping_row,,,,0.0,
USA,REGENERON PHARMACEUTICAL,,needs_review,,current_mapping_row,,,,0.0,
USA,SENSATA TECH HLDG,,needs_review,,current_mapping_row,,,,0.0,
USA,TRACTOR SUPPLY CO,TSCO,mapped_exact_normalized,Tractor Supply Company - Common Stock,current_mapping_row,NasdaqTrader nasdaqlisted,,,1.0,
USA,TRANSDIGM GROUP INC,TDG,mapped_exact_normalized,TransDigm Group INC,current_mapping_row,SEC company_tickers_exchange,,,1.0,
USA,TRIMBLE NAVIGATION,,needs_review,,current_mapping_row,,,,0.0,
USA,ULTA SALON COSME & FRAGR,,needs_review,,current_mapping_row,,,,0.0,
USA,VERIFONE SYSTEMS,,needs_review,,current_mapping_row,,,,0.0,
USA,WYNDHAM WORLDWIDE,,needs_review,,current_mapping_row,,,,0.0,
USA,ARCH COAL,,needs_review,,current_mapping_row,,,,0.0,
USA,COVANCE,,needs_review,,current_mapping_row,,,,0.0,
TAIWAN,AIRTAC INTERNATIONAL,1590,verified_tw_reference_fuzzy,AIRTAC,current_mapping_row,FinLab company_basic_info:英文簡稱,,,0.92,
TAIWAN,CTCI CORP,9933,mapped_exact_normalized,CTCI,current_mapping_row,FinLab company_basic_info:英文簡稱,,,1.0,
TAIWAN,ZHEN DING TECHNOLOGY,4958,verified_tw_official_round3,臻鼎科技控股股份有限公司 / ZDT,current_mapping_row,Round3 official audit: FinLab company_basic_info + TWSE official reference,,,0.99,
USA,ASHLAND,ASH,mapped_exact_normalized,ASHLAND INC.,current_mapping_row,SEC company_tickers_exchange,,,1.0,
USA,BIOMARIN PHARMACEUTICAL,BMRN,mapped_exact_normalized,BIOMARIN PHARMACEUTICAL INC,current_mapping_row,SEC company_tickers_exchange,,,1.0,
USA,CHENIERE ENERGY,LNG,mapped_exact_normalized,"Cheniere Energy, Inc.",current_mapping_row,SEC company_tickers_exchange,,,1.0,
USA,ONYX PHARMACEUTICALS,,needs_review,,current_mapping_row,,,,0.0,
USA,RAYMOND JAMES FINANCIAL,RJF,mapped_exact_normalized,RAYMOND JAMES FINANCIAL INC,current_mapping_row,SEC company_tickers_exchange,,,1.0,
USA,REALOGY HOLDINGS CORP,,needs_review,,current_mapping_row,,,,0.0,
USA,TESORO CORP,,needs_review,,current_mapping_row,,,,0.0,
USA,TRIPADVISOR,TRIP,mapped_exact_normalized,"TripAdvisor, Inc.",current_mapping_row,SEC company_tickers_exchange,,,1.0,
USA,ZOETIS A,ZTS,mapped_exact_normalized,Zoetis Inc.,current_mapping_row,SEC company_tickers_exchange,,,1.0,
USA,ALLEGHENY TECHNOLOGIES,,needs_review,,current_mapping_row,,,,0.0,
USA,CLIFFS NATURAL RESOURCES,,needs_review,,current_mapping_row,,,,0.0,
USA,DOLBY LABORATORIES A,DLB,mapped_exact_normalized,"Dolby Laboratories, Inc.",current_mapping_row,SEC company_tickers_exchange,,,1.0,
USA,GOODYEAR TIRE & RUBBER,GT,mapped_exact_normalized,The Goodyear Tire & Rubber Company - Common Stock,current_mapping_row,NasdaqTrader nasdaqlisted,,,1.0,
USA,NEWFIELD EXPLORATION CO,,needs_review,,current_mapping_row,,,,0.0,
USA,PITNEY BOWES,PBI,mapped_exact_normalized,Pitney Bowes Inc. Common Stock,current_mapping_row,NasdaqTrader otherlisted,,,1.0,
USA,US STEEL CORP,,needs_review,,current_mapping_row,,,,0.0,
TAIWAN,ETERNAL CHEMICAL CO,1717,verified_tw_reference_fuzzy,ETERNAL,current_mapping_row,FinLab company_basic_info:英文簡稱,,,0.9337,
TAIWAN,MACRONIX INTERNATIONAL,2337,verified_tw_reference_fuzzy,Macronix,current_mapping_row,FinLab company_basic_info:英文簡稱,,,0.9264,
TAIWAN,RICHTEK TECHNOLOGY CORP,6286,verified_historical_round4,Richtek Technology Corporation,current_mapping_row,Round4 conflict review: https://www.mediatek.com/press-room/mediatek-announces-tender-offer-for-richtek | https://www.digitimes.com/news/a20160120PD204.html,,,0.97,
USA,AMERICAN AIRLINES GROUP,AAL,mapped_exact_normalized,American Airlines Group Inc.,current_mapping_row,SEC company_tickers_exchange,,,1.0,
USA,INT'L GAME TECHNOLOGY,,needs_review,,current_mapping_row,,,,0.0,
USA,LEIDOS HOLDINGS,LDOS,mapped_exact_normalized,"Leidos Holdings, Inc.",current_mapping_row,SEC company_tickers_exchange,,,1.0,
USA,ROWAN COS,,needs_review,,current_mapping_row,,,,0.0,
TAIWAN,INOTERA MEMORIES (ATM),3474,verified_tw_historical_round7,"Inotera Memories, Inc. / 華亞科技",current_mapping_row,Same issuer as INOTERA MEMORIES; ATM line mapped to historical ticker 3474 for MSCI event identity.,,,0.99,
TAIWAN,CHINA PETROCHEMICAL DEV,1314,verified_tw_current_round7,China Petrochemical Development Corporation,current_mapping_row,Round7 current-code discovery: Yahoo Finance search matched `China Petrochemical Development Corporation`/1314.TW; code exists in TWSE/TPEx/FinLab Taiwan reference universe. Local refs: CPDC | 中國石油化學工業開發(股)公司 | 中石化,,,1.0000,
TAIWAN,LEE CHANG YUNG CHEM IND,1704,verified_tw_current_round7b,LCY Chemical Corp. / 李長榮化學,current_mapping_row,Round7b Manual high-confidence: LCY Chemical Corp. is TWSE 1704; MSCI abbreviation Lee Chang Yung Chem Ind.,,,0.99,
TAIWAN,NAN KANG RUBBER TIRE CO,2101,verified_tw_current_round7b,"Nankang Rubber Tire Corp.,Ltd.",current_mapping_row,"Round7b variant current-code discovery: Yahoo Finance search matched `Nankang Rubber Tire Corp.,Ltd.`/2101.TW; code exists in TWSE/TPEx/FinLab Taiwan reference universe. Local refs: NK | 南港 | 南港輪胎股份有限公司",,,0.9744,
USA,ACUITY BRANDS,,needs_review,,current_mapping_row,,,,0.0,
USA,ALNYLAM PHARMACEUTICALS,ALNY,mapped_exact_normalized,"ALNYLAM PHARMACEUTICALS, INC.",current_mapping_row,SEC company_tickers_exchange,,,1.0,
USA,ARAMARK,ARMK,mapped_exact_normalized,Aramark,current_mapping_row,SEC company_tickers_exchange,,,1.0,
USA,AXALTA COATING SYSTEMS,AXTA,mapped_exact_normalized,Axalta Coating Systems Ltd.,current_mapping_row,SEC company_tickers_exchange,,,1.0,
USA,BRIXMOR PROPERTY GROUP,BRX,mapped_exact_normalized,Brixmor Property Group Inc.,current_mapping_row,SEC company_tickers_exchange,,,1.0,
USA,CDK GLOBAL HOLDINGS,,needs_review,,current_mapping_row,,,,0.0,
USA,CENTENE CORP,CNC,mapped_exact_normalized,CENTENE CORP,current_mapping_row,SEC company_tickers_exchange,,,1.0,
USA,CITIZENS FINANCIAL GROUP,CFG,mapped_exact_normalized,"Citizens Financial Group, Inc. Common Stock",current_mapping_row,NasdaqTrader otherlisted,,,1.0,
USA,ENVISION HEALTHCARE,,needs_review,,current_mapping_row,,,,0.0,
USA,EXTRA SPACE STORAGE,EXR,mapped_exact_normalized,Extra Space Storage Inc.,current_mapping_row,SEC company_tickers_exchange,,,1.0,
USA,FORTUNE BRANDS HOME & SE,,needs_review,,current_mapping_row,,,,0.0,
USA,FREESCALE SEMICONDUCTOR,,needs_review,,current_mapping_row,,,,0.0,
USA,GALLAGHER (ARTHUR J.),,needs_review,,current_mapping_row,,,,0.0,
USA,GARTNER,IT,mapped_exact_normalized,GARTNER INC,current_mapping_row,SEC company_tickers_exchange,,,1.0,
USA,JONES LANG LASALLE,JLL,mapped_exact_normalized,JONES LANG LASALLE INC,current_mapping_row,SEC company_tickers_exchange,,,1.0,
USA,PACKAGING CORP OF AMER,,needs_review,,current_mapping_row,,,,0.0,
USA,PUMA BIOTECHNOLOGY,PBYI,mapped_exact_normalized,"PUMA BIOTECHNOLOGY, INC.",current_mapping_row,SEC company_tickers_exchange,,,1.0,
USA,RITE AID CORP,,needs_review,,current_mapping_row,,,,0.0,
USA,SPLUNK,,needs_review,,current_mapping_row,,,,0.0,
USA,SUNEDISON,,needs_review,,current_mapping_row,,,,0.0,
USA,WABCO,,needs_review,,current_mapping_row,,,,0.0,
USA,WHITEWAVE FOODS CO A,,needs_review,,current_mapping_row,,,,0.0,
USA,AVON PRODUCTS,,needs_review,,current_mapping_row,,,,0.0,
USA,CREE INC,,needs_review,,current_mapping_row,,,,0.0,
USA,FOSSIL GROUP,FOSL,mapped_exact_normalized,"Fossil Group, Inc.",current_mapping_row,SEC company_tickers_exchange,,,1.0,
USA,JOY GLOBAL,,needs_review,,current_mapping_row,,,,0.0,
USA,NOBLE CORP PLC,NE,mapped_exact_normalized,Noble Corp plc,current_mapping_row,SEC company_tickers_exchange,,,1.0,
USA,OWENS-ILLINOIS,,needs_review,,current_mapping_row,,,,0.0,
USA,QEP RESOURCES,,needs_review,,current_mapping_row,,,,0.0,
USA,SPX CORP,,needs_review,,current_mapping_row,,,,0.0,
USA,SUPERIOR ENERGY SERVICES,,needs_review,,current_mapping_row,,,,0.0,
TAIWAN,CASETEK HOLDINGS,5264,verified_tw_historical_round7,Casetek Holdings Limited,current_mapping_row,Round7 official historical delisted source: TWSE EN suspendListing official delist_date=2021/01/15,,,1.0000,
TAIWAN,FAR EAST DEPT STORES,2903,verified_tw_yahoo_google_round8,"Far Eastern Department Stores, Ltd. / 遠東百貨",current_mapping_row,Round8 Yahoo Finance/Google query: Far Eastern Department Stores Taiwan stock -> 2903.TW,,,0.99,
TAIWAN,FARGLORY LAND DEV,5522,verified_tw_reference_fuzzy,Farglory,current_mapping_row,FinLab company_basic_info:英文簡稱,,,0.9371,
TAIWAN,FORMOSA INTL HOTELS,2707,verified_tw_yahoo_google_round8,Formosa International Hotels Corporation / 晶華,current_mapping_row,Round8 Yahoo Finance query: Formosa International Hotels -> 2707.TW,,,0.99,
TAIWAN,SCINOPHARM TAIWAN,1789,verified_tw_current_round7,"ScinoPharm Taiwan, Ltd.",current_mapping_row,"Round7 current-code discovery: Yahoo Finance search matched `ScinoPharm Taiwan, Ltd.`/1789.TW; code exists in TWSE/TPEx/FinLab Taiwan reference universe. Local refs: SPT | 台灣神隆股份有限公司 | 神隆",,,1.0000,
USA,CADENCE DESIGN SYSTEMS,CDNS,mapped_exact_normalized,CADENCE DESIGN SYSTEMS INC,current_mapping_row,SEC company_tickers_exchange,,,1.0,
USA,DOMINOS PIZZA,DPZ,mapped_exact_normalized,DOMINOS PIZZA INC,current_mapping_row,SEC company_tickers_exchange,,,1.0,
USA,IDEXX LABORATORIES,IDXX,mapped_exact_normalized,"IDEXX Laboratories, Inc. - Common Stock",current_mapping_row,NasdaqTrader nasdaqlisted,,,1.0,
USA,INGREDION INC,INGR,mapped_exact_normalized,Ingredion Inc,current_mapping_row,SEC company_tickers_exchange,,,1.0,
USA,NISOURCE (NEW),NI,mapped_exact_normalized,NISOURCE INC.,current_mapping_row,SEC company_tickers_exchange,,,1.0,
USA,SMITH (A.O.) CORP,,needs_review,,current_mapping_row,,,,0.0,
USA,VALSPAR CORP,,needs_review,,current_mapping_row,,,,0.0,
USA,WESTAR ENERGY,,needs_review,,current_mapping_row,,,,0.0,
USA,CHICAGO BRIDGE AND IRON,,needs_review,,current_mapping_row,,,,0.0,
USA,GAMESTOP CORP A,GME,mapped_exact_normalized,GameStop Corp.,current_mapping_row,SEC company_tickers_exchange,,,1.0,
USA,LEGG MASON,,needs_review,,current_mapping_row,,,,0.0,
USA,OCEANEERING INTL,,needs_review,,current_mapping_row,,,,0.0,
USA,QUANTA SERVICES,PWR,mapped_exact_normalized,"QUANTA SERVICES, INC.",current_mapping_row,SEC company_tickers_exchange,,,1.0,
USA,TERADATA,TDC,mapped_exact_normalized,Teradata Corporation Common Stock,current_mapping_row,NasdaqTrader otherlisted,,,1.0,
USA,WESTLAKE CHEMICAL CORP,,needs_review,,current_mapping_row,,,,0.0,
TAIWAN,TAIMED BIOLOGICS,4147,verified_tw_current_round7,TaiMed Biologics Inc.,current_mapping_row,Round7 current-code discovery: Yahoo Finance search matched `TaiMed Biologics Inc.`/4147.TWO; code exists in TWSE/TPEx/FinLab Taiwan reference universe. Local refs: TMB | 中裕 | 中裕新藥股份有限公司,,,1.0000,
TAIWAN,RADIANT OPTO-ELECTRONICS,3373,verified_tw_reference_fuzzy,Radiant,current_mapping_row,FinLab company_basic_info:英文簡稱,,,0.9192,
USA,ALLEGION,ALLE,mapped_exact_normalized,Allegion plc,current_mapping_row,SEC company_tickers_exchange,,,1.0,
USA,ARISTA NETWORKS,ANET,mapped_exact_normalized,"Arista Networks, Inc.",current_mapping_row,SEC company_tickers_exchange,,,1.0,
USA,ATHENE HLDG LTD CLASS A,,needs_review,,current_mapping_row,,,,0.0,
USA,CBOE HOLDINGS,,needs_review,,current_mapping_row,,,,0.0,
USA,EAST WEST BANCORP,EWBC,mapped_exact_normalized,EAST WEST BANCORP INC,current_mapping_row,SEC company_tickers_exchange,,,1.0,
USA,HD SUPPLY HOLDINGS,,needs_review,,current_mapping_row,,,,0.0,
USA,HENRY (JACK) & ASSOCIATE,,needs_review,,current_mapping_row,,,,0.0,
USA,IDEX CORP,IEX,mapped_exact_normalized,IDEX Corporation Common Stock,current_mapping_row,NasdaqTrader otherlisted,,,1.0,
USA,LENNOX INTERNATIONAL,LII,mapped_exact_normalized,LENNOX INTERNATIONAL INC,current_mapping_row,SEC company_tickers_exchange,,,1.0,
USA,NVR,NVR,mapped_exact_normalized,NVR INC,current_mapping_row,SEC company_tickers_exchange,,,1.0,
USA,ROLLINS,ROL,mapped_exact_normalized,ROLLINS INC,current_mapping_row,SEC company_tickers_exchange,,,1.0,
USA,SS&C TECHNOLOGIES HLDGS,,needs_review,,current_mapping_row,,,,0.0,
USA,SVB FINANCIAL GROUP,,needs_review,,current_mapping_row,,,,0.0,
USA,TESARO,,needs_review,,current_mapping_row,,,,0.0,
USA,VAIL RESORTS,MTN,mapped_exact_normalized,VAIL RESORTS INC,current_mapping_row,SEC company_tickers_exchange,,,1.0,
USA,VCA,,needs_review,,current_mapping_row,,,,0.0,
USA,VEEVA SYSTEMS A,VEEV,mapped_exact_normalized,VEEVA SYSTEMS INC,current_mapping_row,SEC company_tickers_exchange,,,1.0,
USA,DUN & BRADSTREET CORP,,needs_review,,current_mapping_row,,,,0.0,
USA,EDGEWELL PERSONAL CARE,EPC,mapped_exact_normalized,EDGEWELL PERSONAL CARE Co,current_mapping_row,SEC company_tickers_exchange,,,1.0,
USA,FRONTIER COMMUNICATIONS,,needs_review,,current_mapping_row,,,,0.0,
USA,LIBERTY LILAC C,,needs_review,,current_mapping_row,,,,0.0,
USA,SOUTHWESTERN ENERGY CO,,needs_review,,current_mapping_row,,,,0.0,
TAIWAN,GLOBALWAFERS,6488,verified_tw_current_round7,"GlobalWafers Co., Ltd.",current_mapping_row,"Round7 current-code discovery: Yahoo Finance search matched `GlobalWafers Co., Ltd.`/6488.TWO; code exists in TWSE/TPEx/FinLab Taiwan reference universe. Local refs: GWC | 環球晶 | 環球晶圓股份有限公司",,,1.0000,
TAIWAN,TAIWAN HIGH SPEED RAIL,2633,verified_tw_current_round7,Taiwan High Speed Rail Corporation,current_mapping_row,Round7 current-code discovery: Yahoo Finance search matched `Taiwan High Speed Rail Corporation`/2633.TW; code exists in TWSE/TPEx/FinLab Taiwan reference universe. Local refs: THSRC | 台灣高速鐵路股份有限公司 | 台灣高鐵,,,1.0000,
USA,ABIOMED,,needs_review,,current_mapping_row,,,,0.0,
USA,COPART,CPRT,mapped_exact_normalized,COPART INC,current_mapping_row,SEC company_tickers_exchange,,,1.0,
USA,GODADDY A,GDDY,mapped_exact_normalized,GoDaddy Inc.,current_mapping_row,SEC company_tickers_exchange,,,1.0,
USA,KEYSIGHT TECHNOLOGIES,KEYS,mapped_exact_normalized,"Keysight Technologies, Inc.",current_mapping_row,SEC company_tickers_exchange,,,1.0,
USA,NEKTAR THERAPEUTICS,NKTR,mapped_exact_normalized,NEKTAR THERAPEUTICS,current_mapping_row,SEC company_tickers_exchange,,,1.0,
USA,ON SEMICONDUCTOR CORP,ON,mapped_exact_normalized,ON SEMICONDUCTOR CORP,current_mapping_row,SEC company_tickers_exchange,,,1.0,
USA,XPO LOGISTICS,,needs_review,,current_mapping_row,,,,0.0,
USA,COLONY NORTHSTAR A,,needs_review,,current_mapping_row,,,,0.0,
USA,ENVISION HEALTHCARE CORP,,needs_review,,current_mapping_row,,,,0.0,
USA,MACQUARIE INFRA CORP,,needs_review,,current_mapping_row,,,,0.0,
USA,RANGE RESOURCES CORP,RRC,mapped_exact_normalized,RANGE RESOURCES CORP,current_mapping_row,SEC company_tickers_exchange,,,1.0,
USA,SPECTRUM BRANDS,SPB,mapped_exact_normalized,"Spectrum Brands Holdings, Inc.",current_mapping_row,SEC company_tickers_exchange,,,1.0,
TAIWAN,WALSIN TECHNOLOGY CORP,1605,verified_tw_reference_fuzzy,WALSIN,current_mapping_row,FinLab company_basic_info:英文簡稱,,,0.9253,
TAIWAN,ASIA PACIFIC TELECOM CO,3682,verified_tw_historical_round7b,"Asia Pacific Telecom Co., Ltd. / 亞太電信",current_mapping_row,Round7b Manual high-confidence: TWSE delisted data lists 3682 亞太電; MSCI name Asia Pacific Telecom Co.,,,0.99,
USA,DROPBOX A,DBX,mapped_exact_normalized,"DROPBOX, INC.",current_mapping_row,SEC company_tickers_exchange,,,1.0,
USA,EPAM SYSTEMS,EPAM,mapped_exact_normalized,"EPAM Systems, Inc.",current_mapping_row,SEC company_tickers_exchange,,,1.0,
USA,ERIE INDEMNITY CO A,ERIE,mapped_exact_normalized,ERIE INDEMNITY CO,current_mapping_row,SEC company_tickers_exchange,,,1.0,
USA,EXACT SCIENCES CORP,,needs_review,,current_mapping_row,,,,0.0,
USA,FACTSET RESEARCH SYSTEMS,FDS,mapped_exact_normalized,FACTSET RESEARCH SYSTEMS INC,current_mapping_row,SEC company_tickers_exchange,,,1.0,
USA,HEICO CORP,HEI,mapped_exact_normalized,HEICO CORP,current_mapping_row,SEC company_tickers_exchange,,,1.0,
USA,HEICO CORP A,HEI,mapped_exact_normalized,HEICO CORP,current_mapping_row,SEC company_tickers_exchange,,,1.0,
USA,MONGODB A,MDB,mapped_exact_normalized,"MongoDB, Inc.",current_mapping_row,SEC company_tickers_exchange,,,1.0,
USA,OKTA,OKTA,mapped_exact_normalized,"Okta, Inc.",current_mapping_row,SEC company_tickers_exchange,,,1.0,
USA,PERKINELMER,,needs_review,,current_mapping_row,,,,0.0,
USA,SNAP A,SNAP,mapped_exact_normalized,Snap Inc,current_mapping_row,SEC company_tickers_exchange,,,1.0,
USA,STERIS,STE,mapped_exact_normalized,STERIS plc,current_mapping_row,SEC company_tickers_exchange,,,1.0,
USA,SUN COMMUNITIES,SUI,mapped_exact_normalized,SUN COMMUNITIES INC,current_mapping_row,SEC company_tickers_exchange,,,1.0,
USA,TWILIO A,TWLO,mapped_exact_normalized,TWILIO INC,current_mapping_row,SEC company_tickers_exchange,,,1.0,
USA,ULTIMATE SOFTWARE GROUP,,needs_review,,current_mapping_row,,,,0.0,
USA,ZEBRA TECHNOLOGIES A,ZBRA,mapped_exact_normalized,ZEBRA TECHNOLOGIES CORP,current_mapping_row,SEC company_tickers_exchange,,,1.0,
USA,BROOKFIELD PPTY REIT A,,needs_review,,current_mapping_row,,,,0.0,
USA,MATTEL,MAT,mapped_exact_normalized,"Mattel, Inc. - Common Stock",current_mapping_row,NasdaqTrader nasdaqlisted,,,1.0,
USA,APOLLO GLOBAL MGMT A,,needs_review,,current_mapping_row,,,,0.0,
USA,AVALARA,,needs_review,,current_mapping_row,,,,0.0,
USA,CABLE ONE,CABO,mapped_exact_normalized,"Cable One, Inc.",current_mapping_row,SEC company_tickers_exchange,,,1.0,
USA,CARLYLE GROUP,CG,mapped_exact_normalized,Carlyle Group Inc.,current_mapping_row,SEC company_tickers_exchange,,,1.0,
USA,CATALENT,,needs_review,,current_mapping_row,,,,0.0,
USA,COUPA SOFTWARE,COUP,verified_us_web_high_confidence,Coupa Software Incorporated,current_mapping_row,web_verified_round2:https://www.sec.gov/Archives/edgar/data/1385867/000119312523054081/d455192d8k.htm,,,0.99,
USA,CROWDSTRIKE HLDGS A,,needs_review,,current_mapping_row,,,,0.0,
USA,DATADOG A,DDOG,mapped_exact_normalized,"Datadog, Inc.",current_mapping_row,SEC company_tickers_exchange,,,1.0,
USA,FAIR ISAAC CORP,FICO,mapped_exact_normalized,FAIR ISAAC CORP,current_mapping_row,SEC company_tickers_exchange,,,1.0,
USA,KEURIG DR PEPPER,KDP,mapped_exact_normalized,Keurig Dr Pepper Inc.,current_mapping_row,SEC company_tickers_exchange,,,1.0,
USA,LIBERTY BROADBAND A,LBRDA,mapped_exact_normalized,Liberty Broadband Corp,current_mapping_row,SEC company_tickers_exchange,,,1.0,
USA,MODERNA,MRNA,mapped_exact_normalized,"Moderna, Inc.",current_mapping_row,SEC company_tickers_exchange,,,1.0,
USA,MOLINA HEALTHCARE,MOH,mapped_exact_normalized,"MOLINA HEALTHCARE, INC.",current_mapping_row,SEC company_tickers_exchange,,,1.0,
USA,NORDSON CORP,NDSN,mapped_exact_normalized,NORDSON CORP,current_mapping_row,SEC company_tickers_exchange,,,1.0,
USA,NXP SEMICONDUCTORS (US),,needs_review,,current_mapping_row,,,,0.0,
USA,SLACK TECHNOLOGIES A,,needs_review,,current_mapping_row,,,,0.0,
USA,TELADOC HEALTH,TDOC,mapped_exact_normalized,"Teladoc Health, Inc.",current_mapping_row,SEC company_tickers_exchange,,,1.0,
USA,TRADE DESK A,TTD,mapped_exact_normalized,"Trade Desk, Inc.",current_mapping_row,SEC company_tickers_exchange,,,1.0,
USA,TRADEWEB MARKETS A,TW,mapped_exact_normalized,Tradeweb Markets Inc.,current_mapping_row,SEC company_tickers_exchange,,,1.0,
USA,ZOOM VIDEO COMM A,,needs_review,,current_mapping_row,,,,0.0,
USA,ALLIANCE DATA SYSTEMS,,needs_review,,current_mapping_row,,,,0.0,
USA,APACHE CORP,,needs_review,,current_mapping_row,,,,0.0,
USA,CAPRI HOLDINGS,CPRI,mapped_exact_normalized,Capri Holdings Ltd,current_mapping_row,SEC company_tickers_exchange,,,1.0,
USA,COTY A,COTY,mapped_exact_normalized,COTY INC.,current_mapping_row,SEC company_tickers_exchange,,,1.0,
USA,DEVON ENERGY CORP,DVN,mapped_exact_normalized,Devon Energy Corporation Common Stock,current_mapping_row,NasdaqTrader otherlisted,,,1.0,
USA,DXC TECHNOLOGY,DXC,mapped_exact_normalized,DXC Technology Co,current_mapping_row,SEC company_tickers_exchange,,,1.0,
USA,FLEX,FLEX,mapped_exact_normalized,FLEX LTD.,current_mapping_row,SEC company_tickers_exchange,,,1.0,
USA,GAP,GAP,mapped_exact_normalized,GAP INC,current_mapping_row,SEC company_tickers_exchange,,,1.0,
USA,GRUBHUB,,needs_review,,current_mapping_row,,,,0.0,
USA,HARLEY-DAVIDSON,HOG,mapped_exact_normalized,"HARLEY-DAVIDSON, INC.",current_mapping_row,SEC company_tickers_exchange,,,1.0,
USA,JEFFERIES FINANCIAL GRP,,needs_review,,current_mapping_row,,,,0.0,
USA,KOHLS CORP,KSS,mapped_exact_normalized,KOHLS Corp,current_mapping_row,SEC company_tickers_exchange,,,1.0,
USA,LEGGETT & PLATT,LEG,mapped_exact_normalized,LEGGETT & PLATT INC,current_mapping_row,SEC company_tickers_exchange,,,1.0,
USA,MANPOWERGROUP,MAN,mapped_exact_normalized,ManpowerGroup Inc.,current_mapping_row,SEC company_tickers_exchange,,,1.0,
USA,MARATHON OIL CORP,,needs_review,,current_mapping_row,,,,0.0,
USA,MIDDLEBY CORP,MIDD,mapped_exact_normalized,MIDDLEBY Corp,current_mapping_row,SEC company_tickers_exchange,,,1.0,
USA,NOBLE ENERGY,,needs_review,,current_mapping_row,,,,0.0,
USA,NORDSTROM,,needs_review,,current_mapping_row,,,,0.0,
USA,NORWEGIAN CRUISE LINE,NCLH,mapped_exact_normalized,Norwegian Cruise Line Holdings Ltd.,current_mapping_row,SEC company_tickers_exchange,,,1.0,
USA,POLARIS INDUSTRIES,,needs_review,,current_mapping_row,,,,0.0,
USA,SABRE,SABR,mapped_exact_normalized,Sabre Corp,current_mapping_row,SEC company_tickers_exchange,,,1.0,
USA,SPIRIT AEROSYSTEMS A,,needs_review,,current_mapping_row,,,,0.0,
USA,TARGA RESOURCES CORP,TRGP,mapped_exact_normalized,Targa Resources Corp.,current_mapping_row,SEC company_tickers_exchange,,,1.0,
USA,TECHNIPFMC,FTI,mapped_exact_normalized,TechnipFMC plc,current_mapping_row,SEC company_tickers_exchange,,,1.0,
USA,UNDER ARMOUR A,UAA,mapped_exact_normalized,"Under Armour, Inc.",current_mapping_row,SEC company_tickers_exchange,,,1.0,
USA,UNDER ARMOUR C,UAA,mapped_exact_normalized,"Under Armour, Inc.",current_mapping_row,SEC company_tickers_exchange,,,1.0,
USA,UNUM GROUP,UNM,mapped_exact_normalized,Unum Group,current_mapping_row,SEC company_tickers_exchange,,,1.0,
USA,XEROX CORP,XRX,mapped_exact_normalized,Xerox Holdings Corp,current_mapping_row,SEC company_tickers_exchange,,,1.0,
TAIWAN,SILERGY CORP,6415,mapped_exact_normalized,Silergy,current_mapping_row,FinLab company_basic_info:英文簡稱,,,1.0,
USA,BIO-TECHNE CORP,TECH,mapped_exact_normalized,BIO-TECHNE Corp,current_mapping_row,SEC company_tickers_exchange,,,1.0,
USA,BOSTON BEER A,SAM,mapped_exact_normalized,BOSTON BEER CO INC,current_mapping_row,SEC company_tickers_exchange,,,1.0,
USA,CLARIVATE,CLVT,mapped_exact_normalized,CLARIVATE PLC,current_mapping_row,SEC company_tickers_exchange,,,1.0,
USA,L BRANDS,,needs_review,,current_mapping_row,,,,0.0,
USA,LYFT A,LYFT,mapped_exact_normalized,"Lyft, Inc.",current_mapping_row,SEC company_tickers_exchange,,,1.0,
USA,NOVAVAX,NVAX,mapped_exact_normalized,NOVAVAX INC,current_mapping_row,SEC company_tickers_exchange,,,1.0,
USA,PALANTIR TECHNOLOGIES A,PLTR,mapped_exact_normalized,Palantir Technologies Inc.,current_mapping_row,SEC company_tickers_exchange,,,1.0,
USA,OGE ENERGY CORP,OGE,mapped_exact_normalized,OGE ENERGY CORP.,current_mapping_row,SEC company_tickers_exchange,,,1.0,
TAIWAN,YANG MING MARINE TRANSP,2609,verified_tw_current_round7,Yang Ming Marine Transport Corporation,current_mapping_row,Round7 current-code discovery: Yahoo Finance search matched `Yang Ming Marine Transport Corporation`/2609.TW; code exists in TWSE/TPEx/FinLab Taiwan reference universe. Local refs: YMTC | 陽明 | 陽明海運股份有限公司,,,1.0000,
TAIWAN,HIGHWEALTH CONSTRUCTION,2542,verified_tw_reference_fuzzy,Highwealth,current_mapping_row,FinLab company_basic_info:英文簡稱,,,0.9335,
USA,EQT,EQT,mapped_exact_normalized,EQT Corp,current_mapping_row,SEC company_tickers_exchange,,,1.0,
USA,LPL FINANCIAL HOLDINGS,LPLA,mapped_exact_normalized,LPL Financial Holdings Inc.,current_mapping_row,SEC company_tickers_exchange,,,1.0,
USA,ROBLOX CORP A,RBLX,mapped_exact_normalized,Roblox Corp,current_mapping_row,SEC company_tickers_exchange,,,1.0,
USA,WESTLAKE CORPORATION,WLK,mapped_exact_normalized,WESTLAKE CORP,current_mapping_row,SEC company_tickers_exchange,,,1.0,
USA,10X GENOMICS A,TXG,mapped_exact_normalized,"10x Genomics, Inc.",current_mapping_row,SEC company_tickers_exchange,,,1.0,
USA,AGNC INVESTMENT CORP,AGNC,mapped_exact_normalized,AGNC Investment Corp.,current_mapping_row,SEC company_tickers_exchange,,,1.0,
USA,ASANA A,ASAN,mapped_exact_normalized,"Asana, Inc.",current_mapping_row,SEC company_tickers_exchange,,,1.0,
USA,IPG PHOTONICS,IPGP,mapped_exact_normalized,IPG PHOTONICS CORP,current_mapping_row,SEC company_tickers_exchange,,,1.0,
USA,SUNRUN,RUN,mapped_exact_normalized,Sunrun Inc.,current_mapping_row,SEC company_tickers_exchange,,,1.0,
USA,ZILLOW GROUP A,ZG,mapped_exact_normalized,"ZILLOW GROUP, INC.",current_mapping_row,SEC company_tickers_exchange,,,1.0,
TAIWAN,EVA AIRWAYS CORP,2618,verified_tw_current_round7,EVA Airways Corp.,current_mapping_row,Round7 current-code discovery: Yahoo Finance search matched `EVA Airways Corp.`/2618.TW; code exists in TWSE/TPEx/FinLab Taiwan reference universe. Local refs: EVAAIR | 長榮航 | 長榮航空股份有限公司,,,1.0000,
TAIWAN,POWERCHIP SEMICONDUCTOR,6770,verified_tw_current_round7,Powerchip Semiconductor Manufacturing Corp.,current_mapping_row,Round7 current-code discovery: Yahoo Finance search matched `Powerchip Semiconductor Manufacturing Corp.`/6770.TW; code exists in TWSE/TPEx/FinLab Taiwan reference universe. Local refs: PSMC | 力晶積成電子製造股份有限公司 | 力積電,,,1.0000,
TAIWAN,FOXCONN TECHNOLOGY CO,2354,verified_tw_current_round7,"Foxconn Technology Co., Ltd.",current_mapping_row,"Round7 current-code discovery: Yahoo Finance search matched `Foxconn Technology Co., Ltd.`/2354.TW; code exists in TWSE/TPEx/FinLab Taiwan reference universe. Local refs: FTC | 鴻準 | 鴻準精密工業股份有限公司",,,1.0000,
TAIWAN,HIWIN TECHNOLOGIES CORP,2049,verified_tw_reference_fuzzy,HIWIN,current_mapping_row,FinLab company_basic_info:英文簡稱,,,0.9178,
TAIWAN,ONENESS BIOTECH,4743,mapped_exact_normalized,ONENESS BIOTECH,current_mapping_row,FinLab company_basic_info:英文簡稱,,,1.0,
USA,ALBERTSONS COMPANIES A,ACI,mapped_exact_normalized,"Albertsons Companies, Inc.",current_mapping_row,SEC company_tickers_exchange,,,1.0,
USA,BUILDERS FIRSTSOURCE,BLDR,mapped_exact_normalized,"Builders FirstSource, Inc.",current_mapping_row,SEC company_tickers_exchange,,,1.0,
USA,DECKERS OUTDOOR CORP,DECK,mapped_exact_normalized,DECKERS OUTDOOR CORP,current_mapping_row,SEC company_tickers_exchange,,,1.0,
USA,HYATT HOTELS A,H,mapped_exact_normalized,Hyatt Hotels Corp,current_mapping_row,SEC company_tickers_exchange,,,1.0,
USA,WATSCO,WSO,mapped_exact_normalized,WATSCO INC,current_mapping_row,SEC company_tickers_exchange,,,1.0,
USA,DISH NETWORK A,,needs_review,,current_mapping_row,,,,0.0,
USA,ELANCO ANIMAL HEALTH,ELAN,mapped_exact_normalized,Elanco Animal Health Inc,current_mapping_row,SEC company_tickers_exchange,,,1.0,
USA,LIBERTY SIRIUSXM A,,needs_review,,current_mapping_row,,,,0.0,
USA,MEDICAL PROPERTIES TRUST,MPT,mapped_exact_normalized,MEDICAL PROPERTIES TRUST INC,current_mapping_row,SEC company_tickers_exchange,,,1.0,
USA,NEWELL BRANDS,NWL,mapped_exact_normalized,NEWELL BRANDS INC.,current_mapping_row,SEC company_tickers_exchange,,,1.0,
USA,CRH,,needs_review,,current_mapping_row,,,,0.0,
USA,EMCOR GROUP,EME,mapped_exact_normalized,"EMCOR Group, Inc.",current_mapping_row,SEC company_tickers_exchange,,,1.0,
USA,MICROSTRATEGY,,needs_review,,current_mapping_row,,,,0.0,
USA,PURE STORAGE,,needs_review,,current_mapping_row,,,,0.0,
USA,BILL HOLDINGS,BILL,mapped_exact_normalized,"BILL Holdings, Inc.",current_mapping_row,SEC company_tickers_exchange,,,1.0,
USA,DARLING INGREDIENTS,DAR,mapped_exact_normalized,DARLING INGREDIENTS INC.,current_mapping_row,SEC company_tickers_exchange,,,1.0,
USA,GLOBE LIFE,GL,mapped_exact_normalized,GLOBE LIFE INC.,current_mapping_row,SEC company_tickers_exchange,,,1.0,
USA,HASBRO,HAS,mapped_exact_normalized,"HASBRO, INC.",current_mapping_row,SEC company_tickers_exchange,,,1.0,
USA,JAZZ PHARMACEUTICALS,JAZZ,mapped_exact_normalized,Jazz Pharmaceuticals plc,current_mapping_row,SEC company_tickers_exchange,,,1.0,
USA,LIBERTY GLOBAL C,LBTYA,mapped_exact_normalized,Liberty Global Ltd.,current_mapping_row,SEC company_tickers_exchange,,,1.0,
USA,LIBERTY SIRIUSXM C,,needs_review,,current_mapping_row,,,,0.0,
USA,ROBERT HALF,RHI,mapped_exact_normalized,ROBERT HALF INC.,current_mapping_row,SEC company_tickers_exchange,,,1.0,
USA,SIRIUS XM HOLDINGS,SIRI,mapped_exact_normalized,SIRIUS XM HOLDINGS INC.,current_mapping_row,SEC company_tickers_exchange,,,1.0,
TAIWAN,ASIA VITAL COMPONENTS,3017,verified_tw_current_round7,"Asia Vital Components Co., Ltd.",current_mapping_row,"Round7 current-code discovery: Yahoo Finance search matched `Asia Vital Components Co., Ltd.`/3017.TW; code exists in TWSE/TPEx/FinLab Taiwan reference universe. Local refs: AVC | 奇鋐 | 奇鋐科技股份有限公司",,,1.0000,
TAIWAN,FORTUNE ELECTRIC CO,1519,verified_tw_current_round7,"Fortune Electric Co., Ltd.",current_mapping_row,"Round7 current-code discovery: Yahoo Finance search matched `Fortune Electric Co., Ltd.`/1519.TW; code exists in TWSE/TPEx/FinLab Taiwan reference universe. Local refs: FE | 華城 | 華城電機股份有限公司",,,1.0000,
TAIWAN,PARADE TECHNOLOGIES,4966,verified_tw_reference_fuzzy,Parade,current_mapping_row,FinLab company_basic_info:英文簡稱,,,0.9216,
USA,CIRCLE INTERNET GROUP,CRCL,mapped_exact_normalized,"Circle Internet Group, Inc.",current_mapping_row,SEC company_tickers_exchange,,,1.0,
USA,FABRINET,FN,mapped_exact_normalized,Fabrinet,current_mapping_row,SEC company_tickers_exchange,,,1.0,
USA,MASTEC,MTZ,mapped_exact_normalized,MASTEC INC,current_mapping_row,SEC company_tickers_exchange,,,1.0,
USA,MEDLINE A,MDLN,mapped_exact_normalized,Medline Inc.,current_mapping_row,SEC company_tickers_exchange,,,1.0,
USA,SHARKNINJA,SN,mapped_exact_normalized,"SharkNinja, Inc.",current_mapping_row,SEC company_tickers_exchange,,,1.0,
USA,XPO,XPO,mapped_exact_normalized,"XPO, Inc.",current_mapping_row,SEC company_tickers_exchange,,,1.0,
USA,EQUITABLE HOLDINGS,EQH,mapped_exact_normalized,"Equitable Holdings, Inc.",current_mapping_row,SEC company_tickers_exchange,,,1.0,
USA,HEALTHPEAK PROPERTIES,DOC,mapped_exact_normalized,"HEALTHPEAK PROPERTIES, INC.",current_mapping_row,SEC company_tickers_exchange,,,1.0,
USA,HUBSPOT,HUBS,mapped_exact_normalized,HUBSPOT INC,current_mapping_row,SEC company_tickers_exchange,,,1.0,
USA,OKLO A,OKLO,mapped_exact_normalized,Oklo Inc.,current_mapping_row,SEC company_tickers_exchange,,,1.0,
USA,PINTEREST A,PINS,mapped_exact_normalized,"PINTEREST, INC.",current_mapping_row,SEC company_tickers_exchange,,,1.0,
USA,SOLVENTUM CORP,SOLV,mapped_exact_normalized,Solventum Corp,current_mapping_row,SEC company_tickers_exchange,,,1.0,
USA,UNIVERSAL HEALTH SVCS B,,needs_review,,current_mapping_row,,,,0.0,
USA,ZILLOW GROUP C,ZG,mapped_exact_normalized,"ZILLOW GROUP, INC.",current_mapping_row,SEC company_tickers_exchange,,,1.0,
TAIWAN,MPI CORP,6223,mapped_exact_normalized,MPI,current_mapping_row,FinLab company_basic_info:英文簡稱,,,1.0,
TAIWAN,ASIA CEMENT CORP,1102,verified_tw_current_round7,Asia Cement Corporation,current_mapping_row,Round7 current-code discovery: Yahoo Finance search matched `Asia Cement Corporation`/1102.TW; code exists in TWSE/TPEx/FinLab Taiwan reference universe. Local refs: ACC | 亞泥 | 亞洲水泥股份有限公司,,,1.0000,
TAIWAN,COMPAL ELECTRONICS,2324,verified_tw_reference_fuzzy,Compal,current_mapping_row,FinLab company_basic_info:英文簡稱,,,0.9233,
TAIWAN,FAR EASTERN NEW CENTURY,1402,verified_tw_current_round7,Far Eastern New Century Corporation,current_mapping_row,Round7 current-code discovery: Yahoo Finance search matched `Far Eastern New Century Corporation`/1402.TW; code exists in TWSE/TPEx/FinLab Taiwan reference universe. Local refs: FENC | 遠東新 | 遠東新世紀股份有限公司,,,1.0000,
TAIWAN,TECO ELECTRIC & MACH,1504,verified_tw_current_round7,"TECO Electric & Machinery Co., Ltd.",current_mapping_row,"Round7 current-code discovery: Yahoo Finance search matched `TECO Electric & Machinery Co., Ltd.`/1504.TW; code exists in TWSE/TPEx/FinLab Taiwan reference universe. Local refs: TECO | 東元 | 東元電機股份有限公司",,,1.0000,
USA,ALLEGHENY ENERGY,,needs_review,,current_mapping_row,,,,0.0,
USA,ALLERGAN,,needs_review,,current_mapping_row,,,,0.0,
USA,ASSURANT,AIZ,mapped_exact_normalized,"ASSURANT, INC.",current_mapping_row,SEC company_tickers_exchange,,,1.0,
USA,BARR PHARMACEUTICALS,,needs_review,,current_mapping_row,,,,0.0,
USA,CH ROBINSON WORLDWIDE,,needs_review,,current_mapping_row,,,,0.0,
USA,COCA-COLA ENTERPRISES,,needs_review,,current_mapping_row,,,,0.0,
USA,COLGATE-PALMOLIVE,CL,mapped_exact_normalized,COLGATE PALMOLIVE CO,current_mapping_row,SEC company_tickers_exchange,,,1.0,
USA,CONOCOPHILLIPS,COP,mapped_exact_normalized,CONOCOPHILLIPS,current_mapping_row,SEC company_tickers_exchange,,,1.0,
USA,EASTMAN CHEMICAL CO,EMN,mapped_exact_normalized,EASTMAN CHEMICAL CO,current_mapping_row,SEC company_tickers_exchange,,,1.0,
USA,FOREST LABORATORIES,,needs_review,,current_mapping_row,,,,0.0,
USA,GOODRICH CORP,,needs_review,,current_mapping_row,,,,0.0,
USA,HANSEN NATURAL CORP,,needs_review,,current_mapping_row,,,,0.0,
USA,HARRIS CORP,,needs_review,,current_mapping_row,,,,0.0,
USA,HUMANA,HUM,mapped_exact_normalized,HUMANA INC,current_mapping_row,SEC company_tickers_exchange,,,1.0,
USA,INTUITIVE SURGICAL,ISRG,mapped_exact_normalized,INTUITIVE SURGICAL INC,current_mapping_row,SEC company_tickers_exchange,,,1.0,
USA,KBR,KBR,mapped_exact_normalized,"KBR, INC.",current_mapping_row,SEC company_tickers_exchange,,,1.0,
USA,LOEWS CORP,L,mapped_exact_normalized,LOEWS CORP,current_mapping_row,SEC company_tickers_exchange,,,1.0,
USA,MANITOWOC CO,MTW,mapped_exact_normalized,MANITOWOC CO INC,current_mapping_row,SEC company_tickers_exchange,,,1.0,
USA,MCAFEE,,needs_review,,current_mapping_row,,,,0.0,
USA,MURPHY OIL CORP,MUR,mapped_exact_normalized,MURPHY OIL CORP,current_mapping_row,SEC company_tickers_exchange,,,1.0,
USA,NRG ENERGY,NRG,mapped_exact_normalized,"NRG ENERGY, INC.",current_mapping_row,SEC company_tickers_exchange,,,1.0,
USA,PEPSI BOTTLING GROUP,,needs_review,,current_mapping_row,,,,0.0,
USA,REYNOLDS AMERICAN,,needs_review,,current_mapping_row,,,,0.0,
USA,SALESFORCE.COM,CRM,mapped_exact_normalized,"Salesforce, Inc.",current_mapping_row,SEC company_tickers_exchange,,,1.0,
USA,SCHERING-PLOUGH CORP,,needs_review,,current_mapping_row,,,,0.0,
USA,SCRIPPS CO (E.W.) A,,needs_review,,current_mapping_row,,,,0.0,
USA,SEI INVESTMENTS CO,SEIC,mapped_exact_normalized,SEI INVESTMENTS CO,current_mapping_row,SEC company_tickers_exchange,,,1.0,
USA,SYMANTEC CORP,,needs_review,,current_mapping_row,,,,0.0,
USA,UST,,needs_review,,current_mapping_row,,,,0.0,
USA,VENTAS,VTR,mapped_exact_normalized,"Ventas, Inc.",current_mapping_row,SEC company_tickers_exchange,,,1.0,
USA,WINDSTREAM CORP,,needs_review,,current_mapping_row,,,,0.0,
USA,AVIS BUDGET GROUP,CAR,mapped_exact_normalized,"AVIS BUDGET GROUP, INC.",current_mapping_row,SEC company_tickers_exchange,,,1.0,
USA,BRINKER INTERNATIONAL,EAT,mapped_exact_normalized,"BRINKER INTERNATIONAL, INC",current_mapping_row,SEC company_tickers_exchange,,,1.0,
USA,CHICO'S FAS,,needs_review,,current_mapping_row,,,,0.0,
USA,COMMUNITY HEALTH SYSTEMS,CYH,mapped_exact_normalized,COMMUNITY HEALTH SYSTEMS INC,current_mapping_row,SEC company_tickers_exchange,,,1.0,
USA,COMPUWARE CORP,,needs_review,,current_mapping_row,,,,0.0,
USA,FOOT LOCKER,,needs_review,,current_mapping_row,,,,0.0,
USA,GETTY IMAGES,GETY,mapped_exact_normalized,"Getty Images Holdings, Inc.",current_mapping_row,SEC company_tickers_exchange,,,1.0,
USA,JONES APPAREL CORP,,needs_review,,current_mapping_row,,,,0.0,
USA,KB HOME,KBH,mapped_exact_normalized,KB HOME,current_mapping_row,SEC company_tickers_exchange,,,1.0,
USA,MGIC INVESTMENT,MTG,mapped_exact_normalized,MGIC INVESTMENT CORP,current_mapping_row,SEC company_tickers_exchange,,,1.0,
USA,NEW YORK TIMES CO A,NYT,mapped_exact_normalized,NEW YORK TIMES CO,current_mapping_row,SEC company_tickers_exchange,,,1.0,
USA,PMI GROUP,,needs_review,,current_mapping_row,,,,0.0,
USA,RADIAN GROUP,RDN,mapped_exact_normalized,RADIAN GROUP INC,current_mapping_row,SEC company_tickers_exchange,,,1.0,
USA,ST JOE CO (THE),JOE,mapped_exact_normalized,ST JOE Co,current_mapping_row,SEC company_tickers_exchange,,,1.0,
USA,TERADYNE,TER,mapped_exact_normalized,"TERADYNE, INC",current_mapping_row,SEC company_tickers_exchange,,,1.0,
USA,UNISYS CORP,UIS,mapped_exact_normalized,UNISYS CORP,current_mapping_row,SEC company_tickers_exchange,,,1.0,
USA,LOEWS CORP(CAROLINA GRP),L,mapped_exact_normalized,LOEWS CORP,current_mapping_row,SEC company_tickers_exchange,,,1.0,
USA,METROPCS COMMUNICATIONS,,needs_review,,current_mapping_row,,,,0.0,
USA,MOLSON COORS BREWING B,,needs_review,,current_mapping_row,,,,0.0,
USA,NATIONWIDE FINL SERV A,,needs_review,,current_mapping_row,,,,0.0,
USA,PRECISION CASTPARTS CORP,,needs_review,,current_mapping_row,,,,0.0,
USA,TD AMERITRADE HOLDING CO,,needs_review,,current_mapping_row,,,,0.0,
USA,ALLIED WASTE INDUSTRIES,,needs_review,,current_mapping_row,,,,0.0,
USA,AMETEK,AME,mapped_exact_normalized,AMETEK INC/,current_mapping_row,SEC company_tickers_exchange,,,1.0,
USA,ARCH CAPITAL GROUP,ACGL,mapped_exact_normalized,ARCH CAPITAL GROUP LTD.,current_mapping_row,SEC company_tickers_exchange,,,1.0,
USA,CENTURYTEL,,needs_review,,current_mapping_row,,,,0.0,
USA,CHURCH & DWIGHT CO,CHD,mapped_exact_normalized,"Church & Dwight Company, Inc. Common Stock",current_mapping_row,NasdaqTrader otherlisted,,,1.0,
USA,DOLLAR TREE,DLTR,mapped_exact_normalized,"DOLLAR TREE, INC.",current_mapping_row,SEC company_tickers_exchange,,,1.0,
USA,DRS TECHNOLOGIES,,needs_review,,current_mapping_row,,,,0.0,
USA,FLIR SYSTEMS,,needs_review,,current_mapping_row,,,,0.0,
USA,FTI CONSULTING,FCN,mapped_exact_normalized,"FTI CONSULTING, INC",current_mapping_row,SEC company_tickers_exchange,,,1.0,
USA,HEALTH CARE REIT,,needs_review,,current_mapping_row,,,,0.0,
USA,HUNT (J.B.) TRANSPORT,,needs_review,,current_mapping_row,,,,0.0,
USA,ILLUMINA,ILMN,mapped_exact_normalized,"ILLUMINA, INC.",current_mapping_row,SEC company_tickers_exchange,,,1.0,
USA,IMCLONE SYSTEMS,,needs_review,,current_mapping_row,,,,0.0,
USA,INTEGRYS ENERGY GROUP,,needs_review,,current_mapping_row,,,,0.0,
USA,KINDER MORGAN MANAGEMENT,,needs_review,,current_mapping_row,,,,0.0,
USA,PERRIGO CO,PRGO,mapped_exact_normalized,PERRIGO Co plc,current_mapping_row,SEC company_tickers_exchange,,,1.0,
USA,PHILADELPHIA CONS HLDG,,needs_review,,current_mapping_row,,,,0.0,
USA,RALCORP HOLDING,,needs_review,,current_mapping_row,,,,0.0,
USA,SAIC,,needs_review,,current_mapping_row,,,,0.0,
USA,STERICYCLE,,needs_review,,current_mapping_row,,,,0.0,
USA,TFS FINANCIAL,TFSL,mapped_exact_normalized,TFS Financial CORP,current_mapping_row,SEC company_tickers_exchange,,,1.0,
USA,WARNER CHILCOTT,,needs_review,,current_mapping_row,,,,0.0,
USA,ALLIED CAPITAL CORP,,needs_review,,current_mapping_row,,,,0.0,
USA,CB RICHARD ELLIS GROUP,,needs_review,,current_mapping_row,,,,0.0,
USA,CENTEX CORP,,needs_review,,current_mapping_row,,,,0.0,
USA,DOMTAR (NEW),,needs_review,,current_mapping_row,,,,0.0,
USA,EXTERRAN,,needs_review,,current_mapping_row,,,,0.0,
USA,FANNIE MAE,,needs_review,,current_mapping_row,,,,0.0,
USA,FREDDIE MAC,,needs_review,,current_mapping_row,,,,0.0,
USA,GENERAL GROWTH PPTYS,,needs_review,,current_mapping_row,,,,0.0,
USA,INTERSIL CORP A,,needs_review,,current_mapping_row,,,,0.0,
USA,JDS UNIPHASE CORP,,needs_review,,current_mapping_row,,,,0.0,
USA,LENNAR CORP A,LEN,mapped_exact_normalized,LENNAR CORP /NEW/,current_mapping_row,SEC company_tickers_exchange,,,1.0,
USA,MONSTER WORLDWIDE,,needs_review,,current_mapping_row,,,,0.0,
USA,OFFICE DEPOT,,needs_review,,current_mapping_row,,,,0.0,
TAIWAN,ASIA OPTICAL,3019,verified_tw_current_round7,"Asia Optical Co., Inc.",current_mapping_row,"Round7 current-code discovery: Yahoo Finance search matched `Asia Optical Co., Inc.`/3019.TW; code exists in TWSE/TPEx/FinLab Taiwan reference universe. Local refs: ASIA | 亞光 | 亞洲光學股份有限公司",,,1.0000,
TAIWAN,CATHAY REAL ESTATE DEV,2501,verified_tw_current_round7,"Cathay Real Estate Development Co., Ltd.",current_mapping_row,"Round7 current-code discovery: Yahoo Finance search matched `Cathay Real Estate Development Co., Ltd.`/2501.TW; code exists in TWSE/TPEx/FinLab Taiwan reference universe. Local refs: CATHAY RED | 國建 | 國泰建設股份有限公司",,,1.0000,
TAIWAN,CHINA MOTOR CORP,2204,verified_tw_current_round7,China Motor Corporation,current_mapping_row,Round7 current-code discovery: Yahoo Finance search matched `China Motor Corporation`/2204.TW; code exists in TWSE/TPEx/FinLab Taiwan reference universe. Local refs: CMC | 中華 | 中華汽車工業股份有限公司,,,1.0000,
TAIWAN,D-LINK CORP,2332,mapped_exact_normalized,D-LINK,current_mapping_row,FinLab company_basic_info:英文簡稱,,,1.0,
TAIWAN,FIRICH ENTERPRISES CO,8076,verified_tw_reference_fuzzy,FIRICH,current_mapping_row,FinLab company_basic_info:英文簡稱,,,0.9233,
TAIWAN,PAN-INTERNATIONAL IND,2328,verified_tw_current_round7,Pan-International Industrial Corp.,current_mapping_row,Round7 current-code discovery: Yahoo Finance search matched `Pan-International Industrial Corp.`/2328.TW; code exists in TWSE/TPEx/FinLab Taiwan reference universe. Local refs: PI | 廣宇 | 廣宇科技股份有限公司,,,1.0000,
TAIWAN,WAFER WORKS CORP,6182,mapped_exact_normalized,WAFER WORKS,current_mapping_row,FinLab company_basic_info:英文簡稱,,,1.0,
TAIWAN,YAGEO CORP,2327,mapped_exact_normalized,YAGEO,current_mapping_row,FinLab company_basic_info:英文簡稱,,,1.0,
TAIWAN,ZINWELL CORPORATION,2485,mapped_exact_normalized,ZINWELL,current_mapping_row,FinLab company_basic_info:英文簡稱,,,1.0,
USA,AMERICAN WATER WORKS CO,AWK,mapped_exact_normalized,"American Water Works Company, Inc.",current_mapping_row,SEC company_tickers_exchange,,,1.0,
USA,AQUA AMERICA,,needs_review,,current_mapping_row,,,,0.0,
USA,TIM HORTONS,,needs_review,,current_mapping_row,,,,0.0,
USA,ALEXION PHARMACEUTICALS,,needs_review,,current_mapping_row,,,,0.0,
USA,AUTOLIV,ALV,mapped_exact_normalized,AUTOLIV INC,current_mapping_row,SEC company_tickers_exchange,,,1.0,
USA,AVAGO TECHNOLOGIES,,needs_review,,current_mapping_row,,,,0.0,
USA,CHIPOTLE MEXICAN GRILL,CMG,mapped_exact_normalized,CHIPOTLE MEXICAN GRILL INC,current_mapping_row,SEC company_tickers_exchange,,,1.0,
USA,CONCHO RESOURCES,,needs_review,,current_mapping_row,,,,0.0,
USA,TRW AUTOMOTIVE,,needs_review,,current_mapping_row,,,,0.0,
USA,DEAN FOODS CORP,,needs_review,,current_mapping_row,,,,0.0,
USA,HARSCO CORP,,needs_review,,current_mapping_row,,,,0.0,
USA,LEVEL 3 COMMUNICATIONS,,needs_review,,current_mapping_row,,,,0.0,
USA,SUPERVALU,,needs_review,,current_mapping_row,,,,0.0,
USA,TRANSOCEAN (NEW),RIG,mapped_exact_normalized,Transocean Ltd.,current_mapping_row,SEC company_tickers_exchange,,,1.0,
TAIWAN,SINOAMERICAN SILICON PRO,5483,verified_tw_yahoo_google_round8,Sino-American Silicon Products Inc. / 中美晶,current_mapping_row,Round8 Yahoo Finance query: Sino American Silicon Products -> 5483.TWO,,,0.99,
TAIWAN,TAINAN SPINNING,1440,mapped_exact_normalized,TAINAN SPINNING,current_mapping_row,FinLab company_basic_info:英文簡稱,,,1.0,
TAIWAN,CHINESE GAMER INT'L,3083,verified_tw_yahoo_google_round8,Chinese Gamer International Corporation / 網龍,current_mapping_row,Round8 Yahoo Finance query: Chinese Gamer International -> 3083.TWO,,,0.99,
USA,DIGITAL REALTY TRUST,DLR,mapped_exact_normalized,"DIGITAL REALTY TRUST, INC.",current_mapping_row,SEC company_tickers_exchange,,,1.0,
USA,KANSAS CITY SOUTHERN,,needs_review,,current_mapping_row,,,,0.0,
USA,LIBERTY CAPITAL A,,needs_review,,current_mapping_row,,,,0.0,
USA,PHARMASSET,,needs_review,,current_mapping_row,,,,0.0,
USA,OLD REPUBLIC INTL CORP,,needs_review,,current_mapping_row,,,,0.0,
USA,PULTE HOMES,,needs_review,,current_mapping_row,,,,0.0,
TAIWAN,HOTAI MOTOR COMPANY,2207,mapped_exact_normalized,HOTAI MOTOR,current_mapping_row,FinLab company_basic_info:英文簡稱,,,1.0,
TAIWAN,CHUNGHWA PICTURE TUBES,2475,verified_tw_historical_round7b,"Chunghwa Picture Tubes, Ltd. / 中華映管",current_mapping_row,Round7b Manual high-confidence: historical TWSE ticker 2475 for Chunghwa Picture Tubes; delisted.,,,0.99,
TAIWAN,CMC MAGNETICS CORP,2323,verified_tw_current_round7,CMC Magnetics Corporation,current_mapping_row,Round7 current-code discovery: Yahoo Finance search matched `CMC Magnetics Corporation`/2323.TW; code exists in TWSE/TPEx/FinLab Taiwan reference universe. Local refs: CMC | 中環 | 中環股份有限公司,,,1.0000,
TAIWAN,HANNSTAR DISPLAY,6116,verified_tw_reference_fuzzy,Hannstar,current_mapping_row,FinLab company_basic_info:英文簡稱,,,0.94,
TAIWAN,POWERCHIP TECHNOLOGY,5346,verified_tw_historical_round7,Powerchip Technology Corporation,current_mapping_row,Round7 official historical delisted source: TPEx EN deListed official delist_date=2012-12-11,,,1.0000,
TAIWAN,QISDA CORP,2352,mapped_exact_normalized,Qisda,current_mapping_row,FinLab company_basic_info:英文簡稱,,,1.0,
USA,RESMED,RMD,mapped_exact_normalized,RESMED INC,current_mapping_row,SEC company_tickers_exchange,,,1.0,
USA,ABERCROMBIE & FITCH CO A,ANF,mapped_exact_normalized,Abercrombie & Fitch Company Common Stock,current_mapping_row,NasdaqTrader otherlisted,,,1.0,
USA,APOLLO GROUP A,,needs_review,,current_mapping_row,,,,0.0,
USA,WASHINGTON POST CO B,,needs_review,,current_mapping_row,,,,0.0,
TAIWAN,CHAILEASE HOLDING,5871,mapped_exact_normalized,Chailease,current_mapping_row,FinLab company_basic_info:英文簡稱,,,1.0,
TAIWAN,HERMES MICROVISION,3658,verified_tw_historical_round7,Hermes Microvision Inc.,current_mapping_row,Round7 official historical delisted source: TPEx EN deListed official delist_date=2016-11-22,,,1.0000,
TAIWAN,MERIDA INDUSTRY CO,9914,verified_tw_current_round7,"Merida Industry Co., Ltd.",current_mapping_row,"Round7 current-code discovery: Yahoo Finance search matched `Merida Industry Co., Ltd.`/9914.TW; code exists in TWSE/TPEx/FinLab Taiwan reference universe. Local refs: MIC | 美利達 | 美利達工業股份有限公司",,,1.0000,
TAIWAN,EVERLIGHT ELECTRONICS CO,2393,verified_tw_current_round7,"Everlight Electronics Co., Ltd.",current_mapping_row,"Round7 current-code discovery: Yahoo Finance search matched `Everlight Electronics Co., Ltd.`/2393.TW; code exists in TWSE/TPEx/FinLab Taiwan reference universe. Local refs: EVERLIGHT | 億光 | 億光電子工業股份有限公司",,,1.0000,
USA,BE AEROSPACE,,needs_review,,current_mapping_row,,,,0.0,
USA,COLE REAL ESTATE INV,,needs_review,,current_mapping_row,,,,0.0,
USA,FLEETCOR TECHNOLOGIES,,needs_review,,current_mapping_row,,,,0.0,
USA,METTLER-TOLEDO INT'L,,needs_review,,current_mapping_row,,,,0.0,
USA,NETSUITE,,needs_review,,current_mapping_row,,,,0.0,
USA,OCWEN FINANCIAL CORP,,needs_review,,current_mapping_row,,,,0.0,
USA,PHARMACYCLICS,,needs_review,,current_mapping_row,,,,0.0,
USA,SERVICENOW,NOW,mapped_exact_normalized,"ServiceNow, Inc.",current_mapping_row,SEC company_tickers_exchange,,,1.0,
USA,TOWERS WATSON,,needs_review,,current_mapping_row,,,,0.0,
USA,PENNEY (J.C) CO,,needs_review,,current_mapping_row,,,,0.0,
USA,CONCUR TECHNOLOGIES,,needs_review,,current_mapping_row,,,,0.0,
USA,INCYTE CORP,INCY,mapped_exact_normalized,INCYTE CORP,current_mapping_row,SEC company_tickers_exchange,,,1.0,
USA,JARDEN CORP,,needs_review,,current_mapping_row,,,,0.0,
USA,JAZZ PHARM,,needs_review,,current_mapping_row,,,,0.0,
USA,MEDIVATION,,needs_review,,current_mapping_row,,,,0.0,
USA,PALO ALTO NETWORKS,PANW,mapped_exact_normalized,Palo Alto Networks Inc,current_mapping_row,SEC company_tickers_exchange,,,1.0,
USA,SALIX PHARMACEUTICALS,,needs_review,,current_mapping_row,,,,0.0,
USA,SIGNET JEWELERS (US),SIG,mapped_exact_normalized,SIGNET JEWELERS LTD,current_mapping_row,SEC company_tickers_exchange,,,1.0,
USA,SKYWORKS SOLUTIONS,SWKS,mapped_exact_normalized,"SKYWORKS SOLUTIONS, INC.",current_mapping_row,SEC company_tickers_exchange,,,1.0,
USA,SNAP-ON,SNA,mapped_exact_normalized,Snap-on Inc,current_mapping_row,SEC company_tickers_exchange,,,1.0,
USA,SYNCHRONY FINANCIAL,SYF,mapped_exact_normalized,Synchrony Financial,current_mapping_row,SEC company_tickers_exchange,,,1.0,
USA,WABTEC CORP,,needs_review,,current_mapping_row,,,,0.0,
USA,PEABODY ENERGY CORP,BTU,mapped_exact_normalized,PEABODY ENERGY CORP,current_mapping_row,SEC company_tickers_exchange,,,1.0,
USA,SEARS HOLDINGS CORP,,needs_review,,current_mapping_row,,,,0.0,
USA,AGL RESOURCES,,needs_review,,current_mapping_row,,,,0.0,
USA,AMERCO,,needs_review,,current_mapping_row,,,,0.0,
USA,CDW CORP,CDW,mapped_exact_normalized,CDW Corp,current_mapping_row,SEC company_tickers_exchange,,,1.0,
USA,FORTINET,FTNT,mapped_exact_normalized,"Fortinet, Inc.",current_mapping_row,SEC company_tickers_exchange,,,1.0,
USA,COMM SALES & LEASING,,needs_review,,current_mapping_row,,,,0.0,
USA,CONSOL ENERGY,,needs_review,,current_mapping_row,,,,0.0,
TAIWAN,TAIWAN GLASS INDL CORP,1802,verified_tw_current_round7b,Taiwan Glass Ind. Corp.,current_mapping_row,Round7b variant current-code discovery: Yahoo Finance search matched `Taiwan Glass Ind. Corp.`/1802.TW; code exists in TWSE/TPEx/FinLab Taiwan reference universe. Local refs: TGI | 台灣玻璃工業股份有限公司 | 台玻,,,1.0000,
TAIWAN,TPK HOLDING CO,3673,mapped_exact_normalized,TPK Holding Co. Ltd.,current_mapping_row,FinLab company_basic_info:公司名稱,,,1.0,
TAIWAN,U-MING MARINE TRANSPORT,2606,verified_tw_reference_fuzzy,U-MING,current_mapping_row,FinLab company_basic_info:英文簡稱,,,0.9161,
USA,ALIGN TECHNOLOGY,ALGN,mapped_exact_normalized,ALIGN TECHNOLOGY INC,current_mapping_row,SEC company_tickers_exchange,,,1.0,
USA,COMPUTER SCIENCES CORP,,needs_review,,current_mapping_row,,,,0.0,
USA,COSTAR GROUP,CSGP,mapped_exact_normalized,"COSTAR GROUP, INC.",current_mapping_row,SEC company_tickers_exchange,,,1.0,
USA,DEXCOM,DXCM,mapped_exact_normalized,DEXCOM INC,current_mapping_row,SEC company_tickers_exchange,,,1.0,
USA,DIAMONDBACK ENERGY,FANG,mapped_exact_normalized,"Diamondback Energy, Inc.",current_mapping_row,SEC company_tickers_exchange,,,1.0,
USA,FIRST DATA CORP A,,needs_review,,current_mapping_row,,,,0.0,
USA,MERCADOLIBRE,MELI,mapped_exact_normalized,MERCADOLIBRE INC,current_mapping_row,SEC company_tickers_exchange,,,1.0,
USA,NATIONAL RETAIL PPTYS,,needs_review,,current_mapping_row,,,,0.0,
USA,PARSLEY ENERGY A,,needs_review,,current_mapping_row,,,,0.0,
USA,SEATTLE GENETICS,,needs_review,,current_mapping_row,,,,0.0,
USA,ZAYO GROUP HOLDINGS,,needs_review,,current_mapping_row,,,,0.0,
USA,COGNEX CORP,CGNX,mapped_exact_normalized,COGNEX CORP,current_mapping_row,SEC company_tickers_exchange,,,1.0,
USA,IAC/INTERACTIVECORP A,,needs_review,,current_mapping_row,,,,0.0,
USA,LIBERTY FORMULA ONE C,,needs_review,,current_mapping_row,,,,0.0,
USA,LIVE NATION ENTMT,,needs_review,,current_mapping_row,,,,0.0,
USA,OLD DOMINION FREIGHT,,needs_review,,current_mapping_row,,,,0.0,
USA,OWENS CORNING,OC,mapped_exact_normalized,Owens Corning,current_mapping_row,SEC company_tickers_exchange,,,1.0,
USA,SQUARE,,needs_review,,current_mapping_row,,,,0.0,
USA,TAKE-TWO INTERACTIVE SOF,,needs_review,,current_mapping_row,,,,0.0,
USA,TRANSUNION,TRU,mapped_exact_normalized,TransUnion,current_mapping_row,SEC company_tickers_exchange,,,1.0,
USA,VISTRA ENERGY,,needs_review,,current_mapping_row,,,,0.0,
USA,BED BATH & BEYOND,BBBY,mapped_exact_normalized,"BED BATH & BEYOND, INC.",current_mapping_row,SEC company_tickers_exchange,,,1.0,
USA,MALLINCKRODT,,needs_review,,current_mapping_row,,,,0.0,
USA,MEDNAX,,needs_review,,current_mapping_row,,,,0.0,
USA,NAVIENT CORP,NAVI,mapped_exact_normalized,NAVIENT CORP,current_mapping_row,SEC company_tickers_exchange,,,1.0,
USA,PATTERSON COS,,needs_review,,current_mapping_row,,,,0.0,
USA,WEATHERFORD INTL,,needs_review,,current_mapping_row,,,,0.0,
TAIWAN,TAIWAN FERTILIZER CO,1722,verified_tw_current_round7,"Taiwan Fertilizer Co., Ltd.",current_mapping_row,"Round7 current-code discovery: Yahoo Finance search matched `Taiwan Fertilizer Co., Ltd.`/1722.TW; code exists in TWSE/TPEx/FinLab Taiwan reference universe. Local refs: TFC | 台灣肥料股份有限公司 | 台肥",,,1.0000,
TAIWAN,TRANSCEND INFORMATION,2451,verified_tw_reference_fuzzy,Transcend,current_mapping_row,FinLab company_basic_info:英文簡稱,,,0.9329,
TAIWAN,YULON MOTOR CO,2201,verified_tw_current_round7,Yulon Motor Company Ltd.,current_mapping_row,Round7 current-code discovery: Yahoo Finance search matched `Yulon Motor Company Ltd.`/2201.TW; code exists in TWSE/TPEx/FinLab Taiwan reference universe. Local refs: YL | 裕隆 | 裕隆汽車製造股份有限公司,,,1.0000,
USA,AXA EQUITABLE HOLDINGS,,needs_review,,current_mapping_row,,,,0.0,
USA,BURLINGTON STORES,BURL,mapped_exact_normalized,"Burlington Stores, Inc.",current_mapping_row,SEC company_tickers_exchange,,,1.0,
USA,PTC,PTC,mapped_exact_normalized,PTC INC.,current_mapping_row,SEC company_tickers_exchange,,,1.0,
USA,WAYFAIR A,W,mapped_exact_normalized,Wayfair Inc.,current_mapping_row,SEC company_tickers_exchange,,,1.0,
USA,WELLCARE HEALTH PLANS,,needs_review,,current_mapping_row,,,,0.0,
USA,AVNET,AVT,mapped_exact_normalized,AVNET INC,current_mapping_row,SEC company_tickers_exchange,,,1.0,
USA,AXIS CAPITAL HOLDINGS,AXS,mapped_exact_normalized,AXIS CAPITAL HOLDINGS LTD,current_mapping_row,SEC company_tickers_exchange,,,1.0,
USA,NEW YORK COMMU BANCORP,,needs_review,,current_mapping_row,,,,0.0,
USA,TOLL BROTHERS,TOL,mapped_exact_normalized,"Toll Brothers, Inc.",current_mapping_row,SEC company_tickers_exchange,,,1.0,
TAIWAN,HTC CORP,2498,mapped_exact_normalized,HTC,current_mapping_row,FinLab company_basic_info:英文簡稱,,,1.0,
USA,BIO-RAD LABORATORIES A,BIO,mapped_exact_normalized,"BIO-RAD LABORATORIES, INC.",current_mapping_row,SEC company_tickers_exchange,,,1.0,
USA,BLACK KNIGHT,,needs_review,,current_mapping_row,,,,0.0,
USA,BLACKSTONE GROUP,BX,mapped_exact_normalized,Blackstone Inc.,current_mapping_row,SEC company_tickers_exchange,,,1.0,
USA,GUIDEWIRE SOFTWARE,GWRE,mapped_exact_normalized,"Guidewire Software, Inc.",current_mapping_row,SEC company_tickers_exchange,,,1.0,
USA,INSULET CORP,PODD,mapped_exact_normalized,INSULET CORP,current_mapping_row,SEC company_tickers_exchange,,,1.0,
USA,MATCH GROUP,MTCH,mapped_exact_normalized,"Match Group, Inc.",current_mapping_row,SEC company_tickers_exchange,,,1.0,
USA,NEUROCRINE BIOSCIENCES,NBIX,mapped_exact_normalized,NEUROCRINE BIOSCIENCES INC,current_mapping_row,SEC company_tickers_exchange,,,1.0,
USA,OMEGA HEALTHCARE INVESTO,,needs_review,,current_mapping_row,,,,0.0,
USA,RING CENTRAL A,,needs_review,,current_mapping_row,,,,0.0,
USA,RPM INTL,,needs_review,,current_mapping_row,,,,0.0,
USA,TELEDYNE TECHNOLOGIES,TDY,mapped_exact_normalized,TELEDYNE TECHNOLOGIES INC,current_mapping_row,SEC company_tickers_exchange,,,1.0,
USA,TYLER TECHNOLOGIES,TYL,mapped_exact_normalized,TYLER TECHNOLOGIES INC,current_mapping_row,SEC company_tickers_exchange,,,1.0,
USA,VICI PROPERTIES,VICI,mapped_exact_normalized,VICI PROPERTIES INC.,current_mapping_row,SEC company_tickers_exchange,,,1.0,
USA,WEST PHARMACEUTICAL SVCS,,needs_review,,current_mapping_row,,,,0.0,
USA,BLOCK (H&R),XYZ,mapped_exact_normalized,"Block, Inc.",current_mapping_row,SEC company_tickers_exchange,,,1.0,
USA,BRIGHTHOUSE FINANCIAL,BHF,mapped_exact_normalized,"Brighthouse Financial, Inc.",current_mapping_row,SEC company_tickers_exchange,,,1.0,
USA,CIMAREX ENERGY CO,,needs_review,,current_mapping_row,,,,0.0,
USA,FLUOR CORP,FLR,mapped_exact_normalized,FLUOR CORP,current_mapping_row,SEC company_tickers_exchange,,,1.0,
USA,MACY'S,M,mapped_exact_normalized,"Macy's, Inc.",current_mapping_row,SEC company_tickers_exchange,,,1.0,
USA,PLAINS GP HOLDINGS A,PAGP,mapped_exact_normalized,PLAINS GP HOLDINGS LP,current_mapping_row,SEC company_tickers_exchange,,,1.0,
USA,QURATE RETAIL A,,needs_review,,current_mapping_row,,,,0.0,
TAIWAN,WIWYNN CORPORATION,6669,mapped_exact_normalized,Wiwynn,current_mapping_row,FinLab company_basic_info:英文簡稱,,,1.0,
USA,CERIDIAN HCM HOLDING,,needs_review,,current_mapping_row,,,,0.0,
USA,CHEWY A,CHWY,mapped_exact_normalized,"Chewy, Inc.",current_mapping_row,SEC company_tickers_exchange,,,1.0,
USA,CLOUDFLARE A,NET,mapped_exact_normalized,"Cloudflare, Inc.",current_mapping_row,SEC company_tickers_exchange,,,1.0,
USA,GENERAC HOLDINGS,GNRC,mapped_exact_normalized,GENERAC HOLDINGS INC.,current_mapping_row,SEC company_tickers_exchange,,,1.0,
USA,HORIZON THERAPEUTICS PLC,,needs_review,,current_mapping_row,,,,0.0,
USA,IMMUNOMEDICS,,needs_review,,current_mapping_row,,,,0.0,
USA,LIVONGO HEALTH,,needs_review,,current_mapping_row,,,,0.0,
USA,MONOLITHIC POWER SYSTEMS,MPWR,mapped_exact_normalized,MONOLITHIC POWER SYSTEMS INC,current_mapping_row,SEC company_tickers_exchange,,,1.0,
USA,MYOKARDIA,,needs_review,,current_mapping_row,,,,0.0,
USA,POOL CORP,POOL,mapped_exact_normalized,POOL CORP,current_mapping_row,SEC company_tickers_exchange,,,1.0,
USA,PPD,,needs_review,,current_mapping_row,,,,0.0,
USA,ROYALTY PHARMA A,RPRX,mapped_exact_normalized,Royalty Pharma plc,current_mapping_row,SEC company_tickers_exchange,,,1.0,
USA,SOLAREDGE TECHNOLOGIES,SEDG,mapped_exact_normalized,"SOLAREDGE TECHNOLOGIES, INC.",current_mapping_row,SEC company_tickers_exchange,,,1.0,
USA,ZENDESK,,needs_review,,current_mapping_row,,,,0.0,
USA,COMERICA,,needs_review,,current_mapping_row,,,,0.0,
USA,FEDERAL REALTY INV TRUST,,needs_review,,current_mapping_row,,,,0.0,
USA,NATIONAL OILWELL VARCO,,needs_review,,current_mapping_row,,,,0.0,
USA,NIELSEN HOLDINGS PLC,,needs_review,,current_mapping_row,,,,0.0,
USA,PEOPLES UNITED FINANCIAL,,needs_review,,current_mapping_row,,,,0.0,
USA,RALPH LAUREN CORP A,RL,mapped_exact_normalized,RALPH LAUREN CORP,current_mapping_row,SEC company_tickers_exchange,,,1.0,
USA,SIGNATURE BANK,SBNY,verified_historical_round4,Signature Bank,current_mapping_row,Round4 conflict review: https://www.nasdaq.com/press-release/signature-bank-releases-2022-form-10-k-2023-03-02 | https://www.fdic.gov/news/press-releases/2023/pr23018.html,,,0.98,
TAIWAN,FORMOSA TAFFETA CO,1434,verified_tw_current_round7,"Formosa Taffeta Co., Ltd.",current_mapping_row,"Round7 current-code discovery: Yahoo Finance search matched `Formosa Taffeta Co., Ltd.`/1434.TW; code exists in TWSE/TPEx/FinLab Taiwan reference universe. Local refs: F.T.C | 福懋 | 福懋興業股份有限公司",,,1.0000,
USA,BILL.COM HOLDINGS,BILL,mapped_exact_normalized,"BILL Holdings, Inc.",current_mapping_row,SEC company_tickers_exchange,,,1.0,
USA,COINBASE GLOBAL A,COIN,mapped_exact_normalized,"Coinbase Global, Inc.",current_mapping_row,SEC company_tickers_exchange,,,1.0,
USA,ENTEGRIS,ENTG,mapped_exact_normalized,ENTEGRIS INC,current_mapping_row,SEC company_tickers_exchange,,,1.0,
USA,ZOOMINFO TECH A,ZI,verified_historical_round4,ZoomInfo Technologies Inc. Class A,current_mapping_row,Round4 conflict review: https://www.sec.gov/Archives/edgar/data/1794515/000179451524000211/zi-20231231.htm | https://www.sec.gov/Archives/edgar/data/1794515/000179451525000097/zi-8kex991x20250512.htm,,,0.98,
USA,PINNACLE WEST CAPITAL,PNW,mapped_exact_normalized,PINNACLE WEST CAPITAL CORP,current_mapping_row,SEC company_tickers_exchange,,,1.0,
USA,RENAISSANCERE HOLDINGS,RNR,mapped_exact_normalized,RENAISSANCERE HOLDINGS LTD,current_mapping_row,SEC company_tickers_exchange,,,1.0,
USA,VOYA FINANCIAL,VOYA,mapped_exact_normalized,"Voya Financial, Inc.",current_mapping_row,SEC company_tickers_exchange,,,1.0,
TAIWAN,EMEMORY TECHNOLOGY,3529,verified_tw_reference_fuzzy,eMemory,current_mapping_row,FinLab company_basic_info:英文簡稱,,,0.9289,
TAIWAN,VOLTRONIC POWER TECH,6409,verified_tw_reference_fuzzy,VOLTRONIC,current_mapping_row,FinLab company_basic_info:英文簡稱,,,0.935,
USA,ARES MANAGEMENT CORP,ARES,mapped_exact_normalized,Ares Management Corp,current_mapping_row,SEC company_tickers_exchange,,,1.0,
USA,ASPEN TECHNOLOGY,,needs_review,,current_mapping_row,,,,0.0,
USA,FERGUSON(US),,needs_review,,current_mapping_row,,,,0.0,
USA,HUBBELL,HUBB,mapped_exact_normalized,HUBBELL INC,current_mapping_row,SEC company_tickers_exchange,,,1.0,
USA,OVINTIV(US),OVV,mapped_exact_normalized,Ovintiv Inc.,current_mapping_row,SEC company_tickers_exchange,,,1.0,
USA,TOAST A,TOST,mapped_exact_normalized,"Toast, Inc.",current_mapping_row,SEC company_tickers_exchange,,,1.0,
USA,WOLFSPEED,WOLF,mapped_exact_normalized,"WOLFSPEED, INC.",current_mapping_row,SEC company_tickers_exchange,,,1.0,
USA,AMC ENTMT HLDG PREF UNIT,,needs_review,,current_mapping_row,,,,0.0,
USA,IAC,IAC,mapped_exact_normalized,IAC Inc.,current_mapping_row,SEC company_tickers_exchange,,,1.0,
USA,VORNADO REALTY TRUST,VNO,mapped_exact_normalized,VORNADO REALTY TRUST,current_mapping_row,SEC company_tickers_exchange,,,1.0,
TAIWAN,PHARMAESSENTIA,6446,verified_tw_historical_round7,PharmaEssentia Corp.,current_mapping_row,Round7 official historical delisted source: TPEx EN deListed official delist_date=2024-01-25,,,1.0000,
USA,CELSIUS HLDGS,CELH,verified_us_web_high_confidence,"Celsius Holdings, Inc.",current_mapping_row,web_verified_round2:https://ir.celsiusholdingsinc.com/overview/default.aspx,,,0.95,
USA,CNH INDUSTRIAL (US),,needs_review,,current_mapping_row,,,,0.0,
USA,VERTIV HOLDINGS A,VRT,mapped_exact_normalized,Vertiv Holdings Co,current_mapping_row,SEC company_tickers_exchange,,,1.0,
USA,ARROW ELECTRONICS,ARW,mapped_exact_normalized,"ARROW ELECTRONICS, INC.",current_mapping_row,SEC company_tickers_exchange,,,1.0,
USA,DENTSPLY SIRONA,XRAY,mapped_exact_normalized,DENTSPLY SIRONA Inc.,current_mapping_row,SEC company_tickers_exchange,,,1.0,
USA,HEALTHCARE REALTY T(NEW),,needs_review,,current_mapping_row,,,,0.0,
USA,INVESCO LTD,IVZ,mapped_exact_normalized,Invesco Ltd.,current_mapping_row,SEC company_tickers_exchange,,,1.0,
USA,MOHAWK INDUSTRIES,MHK,mapped_exact_normalized,MOHAWK INDUSTRIES INC,current_mapping_row,SEC company_tickers_exchange,,,1.0,
USA,SEALED AIR CORP,,needs_review,,current_mapping_row,,,,0.0,
USA,WEBSTER FINANCIAL CORP,WBS,mapped_exact_normalized,WEBSTER FINANCIAL CORP,current_mapping_row,SEC company_tickers_exchange,,,1.0,
USA,WHIRLPOOL CORP,WHR,mapped_exact_normalized,Whirlpool Corporation Common Stock,current_mapping_row,NasdaqTrader otherlisted,,,1.0,
TAIWAN,ALCHIP TECHNOLOGIES,3661,verified_tw_reference_fuzzy,Alchip,current_mapping_row,FinLab company_basic_info:英文簡稱,,,0.9216,
USA,BATH & BODY WORKS,BBWI,mapped_exact_normalized,"Bath & Body Works, Inc.",current_mapping_row,SEC company_tickers_exchange,,,1.0,
USA,CHORD ENERGY CORP,CHRD,mapped_exact_normalized,Chord Energy Corp,current_mapping_row,SEC company_tickers_exchange,,,1.0,
USA,PARAMOUNT GLOBAL B,,needs_review,,current_mapping_row,,,,0.0,
TAIWAN,INTL GAMES SYSTEM C,3293,verified_tw_yahoo_google_round8,"International Games System Co., Ltd. / 鈊象",current_mapping_row,Round8 Yahoo Finance query: International Games System -> 3293.TWO,,,0.99,
TAIWAN,JENTECH PRECISION INDL,3653,verified_tw_reference_fuzzy,JENTECH,current_mapping_row,FinLab company_basic_info:英文簡稱,,,0.9218,
USA,AMRIZE (US),AMRZ,mapped_exact_normalized,Amrize Ltd,current_mapping_row,SEC company_tickers_exchange,,,1.0,
USA,ASTERA LABS,ALAB,mapped_exact_normalized,"Astera Labs, Inc.",current_mapping_row,SEC company_tickers_exchange,,,1.0,
USA,BLOOM ENERGY CORP A,BE,mapped_exact_normalized,Bloom Energy Corp,current_mapping_row,SEC company_tickers_exchange,,,1.0,
USA,CIENA CORP,CIEN,mapped_exact_normalized,CIENA CORP,current_mapping_row,SEC company_tickers_exchange,,,1.0,
USA,COMFORT SYSTEMS USA,FIX,mapped_exact_normalized,COMFORT SYSTEMS USA INC,current_mapping_row,SEC company_tickers_exchange,,,1.0,
USA,COREWEAVE A,CRWV,mapped_exact_normalized,"CoreWeave, Inc.",current_mapping_row,SEC company_tickers_exchange,,,1.0,
USA,CREDO TECHNOLOGY,CRDO,mapped_exact_normalized,Credo Technology Group Holding Ltd,current_mapping_row,SEC company_tickers_exchange,,,1.0,
USA,ECHOSTAR HOLDING A,SATS,mapped_exact_normalized,EchoStar CORP,current_mapping_row,SEC company_tickers_exchange,,,1.0,
USA,INSMED,INSM,mapped_exact_normalized,INSMED Inc,current_mapping_row,SEC company_tickers_exchange,,,1.0,
USA,IONQ,IONQ,mapped_exact_normalized,"IonQ, Inc.",current_mapping_row,SEC company_tickers_exchange,,,1.0,
USA,AKAMAI TECHNOLOGIES,AKAM,mapped_exact_normalized,AKAMAI TECHNOLOGIES INC,current_mapping_row,SEC company_tickers_exchange,,,1.0,
USA,DAVITA HEALTHCARE PARTNR,,needs_review,,current_mapping_row,,,,0.0,
USA,REVVITY,RVTY,mapped_exact_normalized,"REVVITY, INC.",current_mapping_row,SEC company_tickers_exchange,,,1.0,
USA,U-HAUL HOLDING NV,UHAL,mapped_exact_normalized,U-Haul Holding Co /NV/,current_mapping_row,SEC company_tickers_exchange,,,1.0,
TAIWAN,ASPEED TECHNOLOGY,5274,verified_tw_reference_fuzzy,ASPEED,current_mapping_row,FinLab company_basic_info:英文簡稱,,,0.9253,
TAIWAN,BIZLINK HOLDING,3665,verified_tw_current_round7,BizLink Holding Inc.,current_mapping_row,Round7 current-code discovery: Yahoo Finance search matched `BizLink Holding Inc.`/3665.TW; code exists in TWSE/TPEx/FinLab Taiwan reference universe. Local refs: BHI (BizLink) | 貿聯-KY | 貿聯控股(BizLink Holding Inc.),,,1.0000,
TAIWAN,CHROMA ATE,2360,verified_tw_reference_fuzzy,CHROMA,current_mapping_row,FinLab company_basic_info:英文簡稱,,,0.95,
TAIWAN,GOLD CIRCUIT ELECTRONICS,2368,verified_tw_current_round7,Gold Circuit Electronics Ltd.,current_mapping_row,Round7 current-code discovery: Yahoo Finance search matched `Gold Circuit Electronics Ltd.`/2368.TW; code exists in TWSE/TPEx/FinLab Taiwan reference universe. Local refs: GCE | 金像電 | 金像電子(股)公司,,,1.0000,
TAIWAN,KING YUAN ELECTRONICS CO,2449,verified_tw_current_round7,"King Yuan Electronics Co., Ltd.",current_mapping_row,"Round7 current-code discovery: Yahoo Finance search matched `King Yuan Electronics Co., Ltd.`/2449.TW; code exists in TWSE/TPEx/FinLab Taiwan reference universe. Local refs: KYEC | 京元電子 | 京元電子股份有限公司",,,1.0000,
TAIWAN,ACER,2353,mapped_exact_normalized,ACER,current_mapping_row,FinLab company_basic_info:英文簡稱,,,1.0,
TAIWAN,AUO CORP,2409,mapped_exact_normalized,AUO,current_mapping_row,FinLab company_basic_info:英文簡稱,,,1.0,
TAIWAN,SYNNEX TECHNOLOGY INTL,2347,verified_tw_reference_fuzzy,Synnex,current_mapping_row,FinLab company_basic_info:英文簡稱,,,0.9173,
USA,ACELYRIN,,needs_review,,current_mapping_row,,,,0.0,
USA,ADVANTAGE SOLUTION A,,needs_review,,current_mapping_row,,,,0.0,
USA,ALPINE IMMUNE SCIENCES,,needs_review,,current_mapping_row,,,,0.0,
USA,APPLIED DIGITAL,APLD,mapped_exact_normalized,Applied Digital Corp.,current_mapping_row,SEC company_tickers_exchange,,,1.0,
USA,ARCHER AVIATION A,ACHR,mapped_exact_normalized,Archer Aviation Inc.,current_mapping_row,SEC company_tickers_exchange,,,1.0,
USA,ATLAS ENERGY SOLUTIONS A,AESI,mapped_exact_normalized,Atlas Energy Solutions Inc.,current_mapping_row,SEC company_tickers_exchange,,,1.0,
USA,ATMUS FILTRATION TECH,,needs_review,,current_mapping_row,,,,0.0,
USA,BEL FUSE B,BELFA,mapped_exact_normalized,Bel Fuse Inc. - Class A Common Stock,current_mapping_row,NasdaqTrader nasdaqlisted,,,1.0,
USA,CABALETTA BIO,CABA,mapped_exact_normalized,"Cabaletta Bio, Inc.",current_mapping_row,SEC company_tickers_exchange,,,1.0,
USA,CANTALOUPE,CTLP,mapped_exact_normalized,"CANTALOUPE, INC.",current_mapping_row,SEC company_tickers_exchange,,,1.0,
USA,CIPHER MINING,,needs_review,,current_mapping_row,,,,0.0,
USA,CLEANSPARK,CLSK,mapped_exact_normalized,"CLEANSPARK, INC.",current_mapping_row,SEC company_tickers_exchange,,,1.0,
USA,DIGIMARC CORP,DMRC,mapped_exact_normalized,Digimarc Corporation - Common Stock,current_mapping_row,NasdaqTrader nasdaqlisted,,,1.0,
USA,DISC MEDICINE,IRON,mapped_exact_normalized,"Disc Medicine, Inc.",current_mapping_row,SEC company_tickers_exchange,,,1.0,
USA,DIVERSIFIED HEALTHCARE,,needs_review,,current_mapping_row,,,,0.0,
USA,FUBOTV,FUBO,mapped_exact_normalized,FuboTV Inc.,current_mapping_row,SEC company_tickers_exchange,,,1.0,
USA,GRANITE RIDGE RES,,needs_review,,current_mapping_row,,,,0.0,
USA,GREENE COUNTY BANCORP,GCBC,mapped_exact_normalized,GREENE COUNTY BANCORP INC,current_mapping_row,SEC company_tickers_exchange,,,1.0,
USA,HOLLEY,HLLY,mapped_exact_normalized,Holley Inc.,current_mapping_row,SEC company_tickers_exchange,,,1.0,
USA,HOVNANIAN ENTERPRISES A,HOV,mapped_exact_normalized,HOVNANIAN ENTERPRISES INC,current_mapping_row,SEC company_tickers_exchange,,,1.0,
USA,IRADIMED CORP,IRMD,mapped_exact_normalized,IRADIMED CORP,current_mapping_row,SEC company_tickers_exchange,,,1.0,
USA,LANZATECH GLOBAL,LNZA,mapped_exact_normalized,"LanzaTech Global, Inc.",current_mapping_row,SEC company_tickers_exchange,,,1.0,
USA,MARINE PRODUCTS CORP,,needs_review,,current_mapping_row,,,,0.0,
USA,METALS CO (THE),,needs_review,,current_mapping_row,,,,0.0,
USA,MOONLAKE IMMUNO,,needs_review,,current_mapping_row,,,,0.0,
USA,ORGANOGENESIS A,ORGO,mapped_exact_normalized,Organogenesis Holdings Inc.,current_mapping_row,SEC company_tickers_exchange,,,1.0,
USA,P10 A,,needs_review,,current_mapping_row,,,,0.0,
USA,PEAKSTONE REALTY REIT,,needs_review,,current_mapping_row,,,,0.0,
USA,POWELL INDUSTRIES,POWL,mapped_exact_normalized,POWELL INDUSTRIES INC,current_mapping_row,SEC company_tickers_exchange,,,1.0,
USA,TACTILE SYSTEMS TECH,,needs_review,,current_mapping_row,,,,0.0,
USA,TERAWULF,WULF,mapped_exact_normalized,TERAWULF INC.,current_mapping_row,SEC company_tickers_exchange,,,1.0,
USA,VERA THERAPEUTICS A,VERA,mapped_exact_normalized,"Vera Therapeutics, Inc.",current_mapping_row,SEC company_tickers_exchange,,,1.0,
USA,WEAVE COMMUNICATIONS,WEAV,mapped_exact_normalized,"Weave Communications, Inc.",current_mapping_row,SEC company_tickers_exchange,,,1.0,
USA,EAGLE PHARMACEUTICALS,,needs_review,,current_mapping_row,,,,0.0,
USA,FIBROGEN,,needs_review,,current_mapping_row,,,,0.0,
USA,HOMESTREET,,needs_review,,current_mapping_row,,,,0.0,
USA,KARYOPHARM THERAPEUTICS,KPTI,mapped_exact_normalized,Karyopharm Therapeutics Inc.,current_mapping_row,SEC company_tickers_exchange,,,1.0,
USA,NANOSTRING TECHNOLOGIES,,needs_review,,current_mapping_row,,,,0.0,
USA,NGM BIOPHARMACEUTICALS,,needs_review,,current_mapping_row,,,,0.0,
USA,ORCHESTRA BIOMED HLDGS,,needs_review,,current_mapping_row,,,,0.0,
USA,PROFRAC HOLDING A,ACDC,mapped_exact_normalized,ProFrac Holding Corp.,current_mapping_row,SEC company_tickers_exchange,,,1.0,
TAIWAN,ABILITY OPTO ELECTRONICS,3362,verified_tw_current_round7,"Ability Opto-Electronics Technology Co.,Ltd.",current_mapping_row,"Round7 current-code discovery: Yahoo Finance search matched `Ability Opto-Electronics Technology Co.,Ltd.`/3362.TWO; code exists in TWSE/TPEx/FinLab Taiwan reference universe. Local refs: ABILITY | 先進光 | 先進光電科技股份有限公司",,,1.0000,
TAIWAN,ACTER CO,5536,mapped_exact_normalized,ACTER,current_mapping_row,FinLab company_basic_info:英文簡稱,,,1.0,
TAIWAN,AMBASSADOR HOTEL (THE),2704,verified_tw_yahoo_google_round8,"The Ambassador Hotel, Ltd. / 國賓",current_mapping_row,Round8 Yahoo Finance query: Ambassador Hotel Taiwan -> 2704.TW,,,0.99,
TAIWAN,CENTRAL REINSURANCE,2851,verified_tw_reference_fuzzy,Central Re,current_mapping_row,FinLab company_basic_info:英文簡稱,,,0.9426,
TAIWAN,CHANNEL WELL TECH CO,3078,verified_tw_current_round7,"Channel Well Technology Co.,Ltd.",current_mapping_row,"Round7 current-code discovery: Yahoo Finance search matched `Channel Well Technology Co.,Ltd.`/3078.TWO; code exists in TWSE/TPEx/FinLab Taiwan reference universe. Local refs: CWT | 僑威 | 僑威科技股份有限公司",,,1.0000,
TAIWAN,CHENBRO MICOM,8210,verified_tw_reference_fuzzy,CHENBRO,current_mapping_row,FinLab company_basic_info:英文簡稱,,,0.9438,
TAIWAN,DEPO AUTO PARTS INDL CO,6605,verified_tw_yahoo_google_round8,"Depo Auto Parts Industrial Co., Ltd. / 帝寶",current_mapping_row,Round8 Yahoo Finance query: Depo Auto Parts Industrial -> 6605.TW,,,0.99,
TAIWAN,EVERGREEN AVIATION TECH,2645,verified_tw_current_round7,Evergreen Aviation Technologies Corporation,current_mapping_row,Round7 current-code discovery: Yahoo Finance search matched `Evergreen Aviation Technologies Corporation`/2645.TW; code exists in TWSE/TPEx/FinLab Taiwan reference universe. Local refs: EGAT | 長榮航太 | 長榮航太科技股份有限公司,,,1.0000,
TAIWAN,IBASE TECHNOLOGY,8050,verified_tw_reference_fuzzy,IBASE,current_mapping_row,FinLab company_basic_info:英文簡稱,,,0.9213,
TAIWAN,KENMEC MECHANICAL ENGR,6125,verified_tw_reference_fuzzy,KENMEC,current_mapping_row,FinLab company_basic_info:英文簡稱,,,0.9173,
TAIWAN,L&K ENGINEERING CO,6139,verified_tw_reference_fuzzy,L & K,current_mapping_row,FinLab company_basic_info:英文簡稱,,,0.9268,
TAIWAN,LUXNET CORP,4979,mapped_exact_normalized,LuxNet,current_mapping_row,FinLab company_basic_info:英文簡稱,,,1.0,
TAIWAN,ORIENT SEMICONDUCTOR ELE,2329,verified_tw_current_round7,"Orient Semiconductor Electronics, Limited",current_mapping_row,"Round7 current-code discovery: Yahoo Finance search matched `Orient Semiconductor Electronics, Limited`/2329.TW; code exists in TWSE/TPEx/FinLab Taiwan reference universe. Local refs: OSE | 華泰 | 華泰電子股份有限公司",,,1.0000,
TAIWAN,QUANTA STORAGE,6188,verified_tw_current_round7,Quanta Storage Inc.,current_mapping_row,Round7 current-code discovery: Yahoo Finance search matched `Quanta Storage Inc.`/6188.TWO; code exists in TWSE/TPEx/FinLab Taiwan reference universe. Local refs: QSI | 廣明 | 廣明光電股份有限公司,,,1.0000,
TAIWAN,SUNONWEALTH ELEC MACHINE,2421,verified_tw_yahoo_google_round8,"Sunonwealth Electric Machine Industry Co., Ltd. / 建準",current_mapping_row,Round8 Yahoo Finance query: Sunonwealth Electric Machine -> 2421.TW,,,0.99,
TAIWAN,ZILLTEK TECHNOLOGY,6679,verified_tw_reference_fuzzy,ZILLTEK,current_mapping_row,FinLab company_basic_info:英文簡稱,,,0.9289,
TAIWAN,RDC SEMICONDUCTOR CO,3228,verified_tw_current_round7,"RDC Semiconductor Co., Ltd.",current_mapping_row,"Round7 current-code discovery: Yahoo Finance search matched `RDC Semiconductor Co., Ltd.`/3228.TWO; code exists in TWSE/TPEx/FinLab Taiwan reference universe. Local refs: RDC | 金麗科 | 金麗科技股份有限公司",,,1.0000,
TAIWAN,SESODA CORP,1708,mapped_exact_normalized,SESODA,current_mapping_row,FinLab company_basic_info:英文簡稱,,,1.0,
USA,AMERICAN SUPERCONDUCTOR,AMSC,mapped_exact_normalized,American Superconductor Corporation - Common Stock,current_mapping_row,NasdaqTrader nasdaqlisted,,,1.0,
USA,ARBUTUS BIOPHARMA CORP,ABUS,mapped_exact_normalized,Arbutus Biopharma Corp,current_mapping_row,SEC company_tickers_exchange,,,1.0,
USA,ASTRIA THERAPEUTICS,,needs_review,,current_mapping_row,,,,0.0,
USA,AVADEL PHARMACEUTICALS,,needs_review,,current_mapping_row,,,,0.0,
USA,BLEND LABS A,BLND,mapped_exact_normalized,"Blend Labs, Inc.",current_mapping_row,SEC company_tickers_exchange,,,1.0,
USA,BOWHEAD SPECIALTY HLDGS,,needs_review,,current_mapping_row,,,,0.0,
USA,BURKE & HERBERT BNK & TR,,needs_review,,current_mapping_row,,,,0.0,
USA,CAREDX,CDNA,mapped_exact_normalized,"CareDx, Inc.",current_mapping_row,SEC company_tickers_exchange,,,1.0,
USA,CENTURI HLDGS,,needs_review,,current_mapping_row,,,,0.0,
USA,CLOVER HEALTH INV A,,needs_review,,current_mapping_row,,,,0.0,
USA,CORE SCIENTIFIC,CORZ,mapped_exact_normalized,"Core Scientific, Inc. - Common Stock",current_mapping_row,NasdaqTrader nasdaqlisted,,,1.0,
USA,DAKTRONICS,DAKT,mapped_exact_normalized,"Daktronics, Inc. - Common Stock",current_mapping_row,NasdaqTrader nasdaqlisted,,,1.0,
USA,ERASCA,ERAS,mapped_exact_normalized,"Erasca, Inc.",current_mapping_row,SEC company_tickers_exchange,,,1.0,
USA,GENEDX HOLDINGS A,WGS,mapped_exact_normalized,GeneDx Holdings Corp.,current_mapping_row,SEC company_tickers_exchange,,,1.0,
USA,GIGACLOUD TECH (US),,needs_review,,current_mapping_row,,,,0.0,
USA,GLOBAL BUSINESS TRAVEL A,GBTG,mapped_exact_normalized,"Global Business Travel Group, Inc.",current_mapping_row,SEC company_tickers_exchange,,,1.0,
USA,HARROW,HROW,mapped_exact_normalized,"HARROW, INC.",current_mapping_row,SEC company_tickers_exchange,,,1.0,
USA,HUMACYTE A,HUMA,mapped_exact_normalized,"Humacyte, Inc.",current_mapping_row,SEC company_tickers_exchange,,,1.0,
USA,IBOTTA,IBTA,mapped_exact_normalized,"Ibotta, Inc.",current_mapping_row,SEC company_tickers_exchange,,,1.0,
USA,LENDINGTREE INC A,TREE,mapped_exact_normalized,"LendingTree, Inc.",current_mapping_row,SEC company_tickers_exchange,,,1.0,
USA,LEXICON PHARMACEUTICALS,LXRX,mapped_exact_normalized,"LEXICON PHARMACEUTICALS, INC.",current_mapping_row,SEC company_tickers_exchange,,,1.0,
USA,LIMBACH HOLDINGS,LMB,mapped_exact_normalized,"Limbach Holdings, Inc.",current_mapping_row,SEC company_tickers_exchange,,,1.0,
USA,MILLER INDUSTRIES,MLR,mapped_exact_normalized,"Miller Industries, Inc. Common Stock",current_mapping_row,NasdaqTrader otherlisted,,,1.0,
USA,NB BANCORP,NBBK,mapped_exact_normalized,"NB Bancorp, Inc.",current_mapping_row,SEC company_tickers_exchange,,,1.0,
USA,NUSCALE POWER,SMR,mapped_exact_normalized,NUSCALE POWER Corp,current_mapping_row,SEC company_tickers_exchange,,,1.0,
USA,PACS GROUP,PACS,mapped_exact_normalized,"PACS Group, Inc.",current_mapping_row,SEC company_tickers_exchange,,,1.0,
USA,PAGAYA TECH A (US),,needs_review,,current_mapping_row,,,,0.0,
USA,PULSE BIOSCIENCES,PLSE,mapped_exact_normalized,"PULSE BIOSCIENCES, INC.",current_mapping_row,SEC company_tickers_exchange,,,1.0,
USA,RUBRIK A,RBRK,mapped_exact_normalized,"Rubrik, Inc.",current_mapping_row,SEC company_tickers_exchange,,,1.0,
USA,RUSH STREET INTERACT A,,needs_review,,current_mapping_row,,,,0.0,
USA,SAVERS VALUE VILLAGE INC,SVV,mapped_exact_normalized,"Savers Value Village, Inc.",current_mapping_row,SEC company_tickers_exchange,,,1.0,
USA,TRUMP MEDIA & TECH GRP,,needs_review,,current_mapping_row,,,,0.0,
USA,TYRA BIOSCIENCES,TYRA,mapped_exact_normalized,"Tyra Biosciences, Inc.",current_mapping_row,SEC company_tickers_exchange,,,1.0,
USA,UL SOLUTIONS A,ULS,mapped_exact_normalized,UL Solutions Inc.,current_mapping_row,SEC company_tickers_exchange,,,1.0,
USA,UROGEN PHARMA(US),URGN,mapped_exact_normalized,UroGen Pharma Ltd.,current_mapping_row,SEC company_tickers_exchange,,,1.0,
USA,ACCOLADE,,needs_review,,current_mapping_row,,,,0.0,
USA,ALTA EQUIPMENT GROUP,ALTG,mapped_exact_normalized,ALTA EQUIPMENT GROUP INC.,current_mapping_row,SEC company_tickers_exchange,,,1.0,
USA,ALX ONCOLOGY HLDGS,,needs_review,,current_mapping_row,,,,0.0,
USA,ATN INTERNATIONAL,ATNI,mapped_exact_normalized,"ATN International, Inc.",current_mapping_row,SEC company_tickers_exchange,,,1.0,
USA,BIOMEA FUSION,BMEA,mapped_exact_normalized,"Biomea Fusion, Inc.",current_mapping_row,SEC company_tickers_exchange,,,1.0,
USA,CERENCE,CRNC,mapped_exact_normalized,Cerence Inc.,current_mapping_row,SEC company_tickers_exchange,,,1.0,
USA,CHEGG,CHGG,mapped_exact_normalized,"CHEGG, INC",current_mapping_row,SEC company_tickers_exchange,,,1.0,
USA,CS DISCO,LAW,mapped_exact_normalized,"CS Disco, Inc.",current_mapping_row,SEC company_tickers_exchange,,,1.0,
USA,FUELCELL ENERGY,FCEL,mapped_exact_normalized,FUELCELL ENERGY INC,current_mapping_row,SEC company_tickers_exchange,,,1.0,
USA,GRAFTECH INTL,,needs_review,,current_mapping_row,,,,0.0,
USA,HILLEVAX INC,,needs_review,,current_mapping_row,,,,0.0,
USA,JOHNSON OUTDOORS A,JOUT,mapped_exact_normalized,JOHNSON OUTDOORS INC,current_mapping_row,SEC company_tickers_exchange,,,1.0,
USA,KYVERNA THERAPEUTICS,KYTX,mapped_exact_normalized,"Kyverna Therapeutics, Inc.",current_mapping_row,SEC company_tickers_exchange,,,1.0,
USA,MACROGENICS,MGNX,mapped_exact_normalized,MACROGENICS INC,current_mapping_row,SEC company_tickers_exchange,,,1.0,
USA,MULTIPLAN A,,needs_review,,current_mapping_row,,,,0.0,
USA,NEVRO,,needs_review,,current_mapping_row,,,,0.0,
USA,ORASURE TECHNOLOGIES,OSUR,mapped_exact_normalized,ORASURE TECHNOLOGIES INC,current_mapping_row,SEC company_tickers_exchange,,,1.0,
USA,RESOURCES CONNECTION,RGP,mapped_exact_normalized,"RESOURCES CONNECTION, INC.",current_mapping_row,SEC company_tickers_exchange,,,1.0,
USA,SERITAGE GROWTH PPTYS A,,needs_review,,current_mapping_row,,,,0.0,
USA,TOURMALINE BIO,,needs_review,,current_mapping_row,,,,0.0,
USA,TTEC HOLDINGS,TTEC,mapped_exact_normalized,"TTEC Holdings, Inc.",current_mapping_row,SEC company_tickers_exchange,,,1.0,
USA,XPERI,XPER,mapped_exact_normalized,Xperi Inc.,current_mapping_row,SEC company_tickers_exchange,,,1.0,
USA,ZENTALIS PHARMACEUTICALS,ZNTL,mapped_exact_normalized,"Zentalis Pharmaceuticals, Inc.",current_mapping_row,SEC company_tickers_exchange,,,1.0,
TAIWAN,CHENMING ELECTRONIC TECH,3013,verified_tw_current_round7,Chenming Electronic Tech. Corp.,current_mapping_row,Round7 current-code discovery: Yahoo Finance search matched `Chenming Electronic Tech. Corp.`/3013.TW; code exists in TWSE/TPEx/FinLab Taiwan reference universe. Local refs: UNEEC | 晟銘電 | 晟銘電子科技股份有限公司,,,1.0000,
TAIWAN,ELITE ADVANCED LASER,3450,verified_tw_current_round7,Elite Advanced Laser Corporation,current_mapping_row,Round7 current-code discovery: Yahoo Finance search matched `Elite Advanced Laser Corporation`/3450.TW; code exists in TWSE/TPEx/FinLab Taiwan reference universe. Local refs: ELASER | 聯鈞 | 聯鈞光電股份有限公司,,,1.0000,
TAIWAN,ERIS TECHNOLOGY,3675,verified_tw_reference_fuzzy,Eris Tech,current_mapping_row,FinLab company_basic_info:英文簡稱,,,0.95,
TAIWAN,G SHANK ENTERPRISE CO,2476,verified_tw_current_round7,"G-SHANK Enterprise Co., Ltd.",current_mapping_row,"Round7 current-code discovery: Yahoo Finance search matched `G-SHANK Enterprise Co., Ltd.`/2476.TW; code exists in TWSE/TPEx/FinLab Taiwan reference universe. Local refs: GS | 鉅祥 | 鉅祥企業股份有限公司",,,1.0000,
TAIWAN,HUANG HSIANG CONST,2545,verified_tw_reference_fuzzy,HUANG HSIANG,current_mapping_row,FinLab company_basic_info:英文簡稱,,,0.9567,
TAIWAN,HWANG CHANG GENERAL CONS,2543,verified_tw_reference_fuzzy,HWANG CHANG,current_mapping_row,FinLab company_basic_info:英文簡稱,,,0.9358,
TAIWAN,JESS-LINK PRODUCTS CO,6197,verified_tw_current_round7,"Jess-link Products Co., Ltd.",current_mapping_row,"Round7 current-code discovery: Yahoo Finance search matched `Jess-link Products Co., Ltd.`/6197.TW; code exists in TWSE/TPEx/FinLab Taiwan reference universe. Local refs: JPC | 佳必琪 | 佳必琪國際股份有限公司",,,1.0000,
TAIWAN,LUMOSA THERAPEUTICS,6535,verified_tw_reference_fuzzy,LUMOSA,current_mapping_row,FinLab company_basic_info:英文簡稱,,,0.9216,
TAIWAN,PHOENIX SILICON,8028,verified_tw_current_round7,Phoenix Silicon International Corporation,current_mapping_row,Round7 current-code discovery: Yahoo Finance search matched `Phoenix Silicon International Corporation`/8028.TW; code exists in TWSE/TPEx/FinLab Taiwan reference universe. Local refs: PSI | 昇陽半導體 | 昇陽國際半導體股份有限公司,,,1.0000,
TAIWAN,SOLOMON TECHNOLOGY,2359,verified_tw_reference_fuzzy,SOLOMON,current_mapping_row,FinLab company_basic_info:英文簡稱,,,0.9289,
TAIWAN,TYC BROTHER INDUSTRIAL,1522,verified_tw_current_round7,"TYC Brother Industrial Co., Ltd.",current_mapping_row,"Round7 current-code discovery: Yahoo Finance search matched `TYC Brother Industrial Co., Ltd.`/1522.TW; code exists in TWSE/TPEx/FinLab Taiwan reference universe. Local refs: TYC | 堤維西 | 堤維西交通工業股份有限公司",,,1.0000,
TAIWAN,UNIVERSAL MICROWAVE TECH,3491,verified_tw_current_round7,"Universal Microwave Technology, Inc.",current_mapping_row,"Round7 current-code discovery: Yahoo Finance search matched `Universal Microwave Technology, Inc.`/3491.TWO; code exists in TWSE/TPEx/FinLab Taiwan reference universe. Local refs: UMT | 昇達科 | 昇達科技股份有限公司",,,1.0000,
TAIWAN,YEASHIN INTL DEV,5213,verified_tw_reference_fuzzy,YeaShin,current_mapping_row,FinLab company_basic_info:英文簡稱,,,0.9337,
TAIWAN,TAIWAN FAMILYMART,5903,verified_tw_reference_fuzzy,FamilyMart,current_mapping_row,FinLab company_basic_info:英文簡稱,,,0.9188,
USA,AEBI SCHMIDT,,needs_review,,current_mapping_row,,,,0.0,
USA,AEVA TECHNOLOGIES,AEVA,mapped_exact_normalized,"Aeva Technologies, Inc.",current_mapping_row,SEC company_tickers_exchange,,,1.0,
USA,AKEBIA THERAPEUTICS,AKBA,mapped_exact_normalized,"Akebia Therapeutics, Inc.",current_mapping_row,SEC company_tickers_exchange,,,1.0,
USA,AMPRIUS TECH,,needs_review,,current_mapping_row,,,,0.0,
USA,ARDENT HEALTH,ARDT,mapped_exact_normalized,"Ardent Health, Inc.",current_mapping_row,SEC company_tickers_exchange,,,1.0,
USA,BIT DIGITAL (US),BTBT,mapped_exact_normalized,"Bit Digital, Inc",current_mapping_row,SEC company_tickers_exchange,,,1.0,
USA,BLACKSKY TECH A,,needs_review,,current_mapping_row,,,,0.0,
USA,CIDARA THERAPEUTICS,,needs_review,,current_mapping_row,,,,0.0,
USA,FARO TECHNOLOGIES,,needs_review,,current_mapping_row,,,,0.0,
USA,GALAXY DIGITAL (US),GLXY,mapped_exact_normalized,Galaxy Digital Inc.,current_mapping_row,SEC company_tickers_exchange,,,1.0,
USA,HINGE HEALTH A,HNGE,mapped_exact_normalized,"Hinge Health, Inc.",current_mapping_row,SEC company_tickers_exchange,,,1.0,
USA,HUDSON PACIFIC PPTYS,,needs_review,,current_mapping_row,,,,0.0,
USA,INDIE SEMICONDUCTOR A,INDI,mapped_exact_normalized,"indie Semiconductor, Inc.",current_mapping_row,SEC company_tickers_exchange,,,1.0,
USA,KALVISTA PHARMACEUTICALS,KALV,mapped_exact_normalized,"KalVista Pharmaceuticals, Inc.",current_mapping_row,SEC company_tickers_exchange,,,1.0,
USA,LINEAGE,LINE,mapped_exact_normalized,"Lineage, Inc.",current_mapping_row,SEC company_tickers_exchange,,,1.0,
USA,MICROVAST HOLDINGS,MVST,mapped_exact_normalized,"Microvast Holdings, Inc.",current_mapping_row,SEC company_tickers_exchange,,,1.0,
USA,MNTN A,MNTN,mapped_exact_normalized,"MNTN, Inc.",current_mapping_row,SEC company_tickers_exchange,,,1.0,
USA,NAVITAS SEMICONDUCTOR,NVTS,mapped_exact_normalized,Navitas Semiconductor Corp,current_mapping_row,SEC company_tickers_exchange,,,1.0,
USA,NIAGEN BIOSCIENCE,NAGE,mapped_exact_normalized,"Niagen Bioscience, Inc.",current_mapping_row,SEC company_tickers_exchange,,,1.0,
USA,NLIGHT,LASR,mapped_exact_normalized,"NLIGHT, INC.",current_mapping_row,SEC company_tickers_exchange,,,1.0,
USA,OIL DRI CORP AMERICA,,needs_review,,current_mapping_row,,,,0.0,
USA,ORIC PHARMACEUTICALS,ORIC,mapped_exact_normalized,"Oric Pharmaceuticals, Inc.",current_mapping_row,SEC company_tickers_exchange,,,1.0,
USA,OUSTER,OUST,mapped_exact_normalized,"Ouster, Inc.",current_mapping_row,SEC company_tickers_exchange,,,1.0,
USA,PORCH GROUP A,PRCH,mapped_exact_normalized,"Porch Group, Inc.",current_mapping_row,SEC company_tickers_exchange,,,1.0,
USA,POWER SOLUTIONS INTL,,needs_review,,current_mapping_row,,,,0.0,
USA,RED CAT HOLDINGS INC,RCAT,mapped_exact_normalized,"Red Cat Holdings, Inc.",current_mapping_row,SEC company_tickers_exchange,,,1.0,
USA,SANA BIOTECHNOLOGY,SANA,mapped_exact_normalized,"Sana Biotechnology, Inc.",current_mapping_row,SEC company_tickers_exchange,,,1.0,
USA,SHARPLINK GAMING,,needs_review,,current_mapping_row,,,,0.0,
USA,SMARTSTOP SELF STOR REIT,,needs_review,,current_mapping_row,,,,0.0,
USA,THREDUP A,TDUP,mapped_exact_normalized,ThredUp Inc.,current_mapping_row,SEC company_tickers_exchange,,,1.0,
USA,TREVI THERAPEUTICS,TRVI,mapped_exact_normalized,"Trevi Therapeutics, Inc.",current_mapping_row,SEC company_tickers_exchange,,,1.0,
USA,USA RARE EARTH,USAR,mapped_exact_normalized,"USA Rare Earth, Inc.",current_mapping_row,SEC company_tickers_exchange,,,1.0,
USA,WILLDAN GROUP,WLDN,mapped_exact_normalized,"Willdan Group, Inc.",current_mapping_row,SEC company_tickers_exchange,,,1.0,
USA,XERIS BIOPHARMA HOLDINGS,XERS,mapped_exact_normalized,"Xeris Biopharma Holdings, Inc.",current_mapping_row,SEC company_tickers_exchange,,,1.0,
USA,ANTERIX,ATEX,mapped_exact_normalized,Anterix Inc.,current_mapping_row,SEC company_tickers_exchange,,,1.0,
USA,B&G FOODS,BGS,mapped_exact_normalized,"B&G Foods, Inc.",current_mapping_row,SEC company_tickers_exchange,,,1.0,
USA,BIOVENTUS,BVS,mapped_exact_normalized,Bioventus Inc.,current_mapping_row,SEC company_tickers_exchange,,,1.0,
USA,BOSTON OMAHA A,BOC,mapped_exact_normalized,BOSTON OMAHA Corp,current_mapping_row,SEC company_tickers_exchange,,,1.0,
USA,BUTTERFLY NETWORK A,BFLY,mapped_exact_normalized,"Butterfly Network, Inc.",current_mapping_row,SEC company_tickers_exchange,,,1.0,
USA,CAPRICOR THERAPEUTICS,CAPR,mapped_exact_normalized,"CAPRICOR THERAPEUTICS, INC.",current_mapping_row,SEC company_tickers_exchange,,,1.0,
USA,CROSS COUNTRY HEALTHCARE,CCRN,mapped_exact_normalized,CROSS COUNTRY HEALTHCARE INC,current_mapping_row,SEC company_tickers_exchange,,,1.0,
USA,CYTEK BIOSCIENCES,CTKB,mapped_exact_normalized,"Cytek Biosciences, Inc.",current_mapping_row,SEC company_tickers_exchange,,,1.0,
USA,FORTREA HOLDINGS,FTRE,mapped_exact_normalized,Fortrea Holdings Inc.,current_mapping_row,SEC company_tickers_exchange,,,1.0,
USA,JACK IN THE BOX,JACK,mapped_exact_normalized,JACK IN THE BOX INC,current_mapping_row,SEC company_tickers_exchange,,,1.0,
USA,JELD WEN HOLDING,JELD,mapped_exact_normalized,"JELD-WEN Holding, Inc.",current_mapping_row,SEC company_tickers_exchange,,,1.0,
USA,KRONOS WORLDWIDE,KRO,mapped_exact_normalized,KRONOS WORLDWIDE INC,current_mapping_row,SEC company_tickers_exchange,,,1.0,
USA,MESA LABORATORIES,MLAB,mapped_exact_normalized,MESA LABORATORIES INC /CO/,current_mapping_row,SEC company_tickers_exchange,,,1.0,
USA,MONRO,MNRO,mapped_exact_normalized,"MONRO, INC.",current_mapping_row,SEC company_tickers_exchange,,,1.0,
USA,ORTHOFIX MEDICAL,OFIX,mapped_exact_normalized,Orthofix Medical Inc.,current_mapping_row,SEC company_tickers_exchange,,,1.0,
USA,PROTHENA CORP,,needs_review,,current_mapping_row,,,,0.0,
USA,ROCKET COMPANIES A,RKT,mapped_exact_normalized,"Rocket Companies, Inc.",current_mapping_row,SEC company_tickers_exchange,,,1.0,
USA,ROCKET PHARMACEUTICALS,RCKT,mapped_exact_normalized,"ROCKET PHARMACEUTICALS, INC.",current_mapping_row,SEC company_tickers_exchange,,,1.0,
USA,RXSIGHT,RXST,mapped_exact_normalized,"RxSight, Inc.",current_mapping_row,SEC company_tickers_exchange,,,1.0,
USA,SAVARA,SVRA,mapped_exact_normalized,Savara Inc,current_mapping_row,SEC company_tickers_exchange,,,1.0,
USA,SELECTQUOTE,SLQT,mapped_exact_normalized,"SelectQuote, Inc.",current_mapping_row,SEC company_tickers_exchange,,,1.0,
USA,SIMULATIONS PLUS,SLP,mapped_exact_normalized,"Simulations Plus, Inc.",current_mapping_row,SEC company_tickers_exchange,,,1.0,
USA,SMITH & WESSON BRANDS,SWBI,mapped_exact_normalized,"SMITH & WESSON BRANDS, INC.",current_mapping_row,SEC company_tickers_exchange,,,1.0,
USA,WABASH NATIONAL CORP,WNC,mapped_exact_normalized,WABASH NATIONAL Corp,current_mapping_row,SEC company_tickers_exchange,,,1.0,
USA,YORK WATER CO,YORW,mapped_exact_normalized,YORK WATER CO,current_mapping_row,SEC company_tickers_exchange,,,1.0,
USA,ZIPRECRUITER A,ZIP,mapped_exact_normalized,"ZIPRECRUITER, INC.",current_mapping_row,SEC company_tickers_exchange,,,1.0,
TAIWAN,ABLEPRINT TECHNOLOGY,7734,verified_tw_yahoo_google_round8b,"AblePrint Technology Co., Ltd. / 印能科技",current_mapping_row,Round8b Company IR says MOPS stock code 7734; Yahoo Finance 7734.TWO / StockAnalysis TPEX:7734.,,,0.98,
TAIWAN,FIRST HI TEC ENTERPRISE,5439,verified_tw_current_round7,"First Hi-tec Enterprise Co., Ltd.",current_mapping_row,"Round7 current-code discovery: Yahoo Finance search matched `First Hi-tec Enterprise Co., Ltd.`/5439.TWO; code exists in TWSE/TPEx/FinLab Taiwan reference universe. Local refs: FHt | 高技 | 高技企業股份有限公司",,,1.0000,
TAIWAN,FULLTECH FIBER GLASS,1815,verified_tw_current_round7,Fulltech Fiber Glass Corp.,current_mapping_row,Round7 current-code discovery: Yahoo Finance search matched `Fulltech Fiber Glass Corp.`/1815.TWO; code exists in TWSE/TPEx/FinLab Taiwan reference universe. Local refs: FFG | 富喬 | 富喬工業股份有限公司,,,1.0000,
TAIWAN,MEGA UNION TECHNOLOGY,6944,verified_tw_reference_fuzzy,Mega Union,current_mapping_row,FinLab company_basic_info:英文簡稱,,,0.9376,
TAIWAN,WISELINK,8932,mapped_exact_normalized,Wiselink,current_mapping_row,FinLab company_basic_info:英文簡稱,,,1.0,
TAIWAN,CHUNG HWA PULP CORP,4205,verified_tw_reference_fuzzy,CHUNG HWA,current_mapping_row,FinLab company_basic_info:英文簡稱,,,0.9543,
USA,ALASKA AIR GROUP,ALK,mapped_exact_normalized,"ALASKA AIR GROUP, INC.",current_mapping_row,SEC company_tickers_exchange,,,1.0,
USA,4D MOLECULAR,,needs_review,,current_mapping_row,,,,0.0,
USA,ARDELYX,ARDX,mapped_exact_normalized,"ARDELYX, INC.",current_mapping_row,SEC company_tickers_exchange,,,1.0,
USA,ARHAUS A,ARHS,mapped_exact_normalized,"Arhaus, Inc.",current_mapping_row,SEC company_tickers_exchange,,,1.0,
USA,BIOHAVEN,BHVN,mapped_exact_normalized,Biohaven Ltd.,current_mapping_row,SEC company_tickers_exchange,,,1.0,
USA,BLUE BIRD (US),BLBD,mapped_exact_normalized,Blue Bird Corp,current_mapping_row,SEC company_tickers_exchange,,,1.0,
USA,BLUEGREEN VAC HLD,,needs_review,,current_mapping_row,,,,0.0,
USA,COMPASS THERAPEUTICS,CMPX,mapped_exact_normalized,"Compass Therapeutics, Inc.",current_mapping_row,SEC company_tickers_exchange,,,1.0,
USA,CYMABAY THERAPEUTICS,CBAY,verified_us_web_high_confidence,"CymaBay Therapeutics, Inc.",current_mapping_row,web_verified_round2:https://www.sec.gov/Archives/edgar/data/1042074/000119312524031185/d791540dex991.htm,,,0.98,
USA,DISTRIBUTION SOLN GRP,,needs_review,,current_mapping_row,,,,0.0,
USA,EVERQUOTE A,EVER,mapped_exact_normalized,"EverQuote, Inc.",current_mapping_row,SEC company_tickers_exchange,,,1.0,
USA,F&G ANNUITIES & LIFE,FG,mapped_exact_normalized,"F&G Annuities & Life, Inc.",current_mapping_row,SEC company_tickers_exchange,,,1.0,
USA,HASHICORP A,,needs_review,,current_mapping_row,,,,0.0,
USA,IVANHOE ELECTRIC,IE,mapped_exact_normalized,Ivanhoe Electric Inc.,current_mapping_row,SEC company_tickers_exchange,,,1.0,
USA,JANUX THERAPEUTICS,JANX,mapped_exact_normalized,"Janux Therapeutics, Inc.",current_mapping_row,SEC company_tickers_exchange,,,1.0,
USA,OIL STATES INTERNATIONAL,OIS,mapped_exact_normalized,"OIL STATES INTERNATIONAL, INC",current_mapping_row,SEC company_tickers_exchange,,,1.0,
USA,POSEIDA THERAPEUTICS,,needs_review,,current_mapping_row,,,,0.0,
USA,PRIME MEDICINE,PRME,mapped_exact_normalized,"Prime Medicine, Inc.",current_mapping_row,SEC company_tickers_exchange,,,1.0,
USA,SATIXFY COMMUNICATIONS,,needs_review,,current_mapping_row,,,,0.0,
USA,SENTINELONE INC A,S,mapped_exact_normalized,"SentinelOne, Inc.",current_mapping_row,SEC company_tickers_exchange,,,1.0,
USA,SIGHT SCIENCES,SGHT,mapped_exact_normalized,"Sight Sciences, Inc.",current_mapping_row,SEC company_tickers_exchange,,,1.0,
USA,SYMBOTIC A,SYM,mapped_exact_normalized,Symbotic Inc.,current_mapping_row,SEC company_tickers_exchange,,,1.0,
USA,TIPTREE,TIPT,mapped_exact_normalized,TIPTREE INC.,current_mapping_row,SEC company_tickers_exchange,,,1.0,
USA,VIKING THERAPEUTICS,VKTX,mapped_exact_normalized,"Viking Therapeutics, Inc.",current_mapping_row,SEC company_tickers_exchange,,,1.0,
USA,ZYMEWORKS (US),ZYME,mapped_exact_normalized,Zymeworks Inc.,current_mapping_row,SEC company_tickers_exchange,,,1.0,
USA,ZYNEX,,needs_review,,current_mapping_row,,,,0.0,
USA,908 DEVICES,MASS,mapped_exact_normalized,908 Devices Inc.,current_mapping_row,SEC company_tickers_exchange,,,1.0,
USA,ALTO INGREDIENTS INC,ALTO,mapped_exact_normalized,"Alto Ingredients, Inc.",current_mapping_row,SEC company_tickers_exchange,,,1.0,
USA,AMMO,,needs_review,,current_mapping_row,,,,0.0,
USA,BARK,BARK,mapped_exact_normalized,"Bark, Inc.",current_mapping_row,SEC company_tickers_exchange,,,1.0,
USA,BEACHBODY COMPANY A,BODI,mapped_exact_normalized,"Beachbody Company, Inc.",current_mapping_row,SEC company_tickers_exchange,,,1.0,
USA,CARDLYTICS,CDLX,mapped_exact_normalized,"Cardlytics, Inc.",current_mapping_row,SEC company_tickers_exchange,,,1.0,
USA,CELULARITY,CELU,mapped_exact_normalized,Celularity Inc,current_mapping_row,SEC company_tickers_exchange,,,1.0,
USA,CONTAINER STORE GROUP,TCS,verified_us_web_high_confidence,"The Container Store Group, Inc.",current_mapping_row,web_verified_round2:https://investor.containerstore.com/investor-kit/default.aspx,,,0.97,
USA,EASTMAN KODAK,KODK,mapped_exact_normalized,EASTMAN KODAK CO,current_mapping_row,SEC company_tickers_exchange,,,1.0,
USA,EDGIO,,needs_review,,current_mapping_row,,,,0.0,
USA,F45 TRAINING HOLDINGS,,needs_review,,current_mapping_row,,,,0.0,
USA,GENERATION BIO,,needs_review,,current_mapping_row,,,,0.0,
USA,GOSSAMER BIO,GOSS,mapped_exact_normalized,"Gossamer Bio, Inc.",current_mapping_row,SEC company_tickers_exchange,,,1.0,
USA,GREENLIGHT BIOSCIENCES,,needs_review,,current_mapping_row,,,,0.0,
USA,HELIOGEN,,needs_review,,current_mapping_row,,,,0.0,
USA,HONEST COMPANY,HNST,mapped_exact_normalized,"Honest Company, Inc.",current_mapping_row,SEC company_tickers_exchange,,,1.0,
USA,INDUSTRIAL LOGIS PPTYS,,needs_review,,current_mapping_row,,,,0.0,
USA,INNOVID A,,needs_review,,current_mapping_row,,,,0.0,
USA,INOTIV,NOTV,mapped_exact_normalized,"Inotiv, Inc.",current_mapping_row,SEC company_tickers_exchange,,,1.0,
USA,LANDS' END,LE,mapped_exact_normalized,"LANDS' END, INC.",current_mapping_row,SEC company_tickers_exchange,,,1.0,
USA,LORDSTOWN MOTORS CORP A,,needs_review,,current_mapping_row,,,,0.0,
USA,MARKFORGED HOLDING,,needs_review,,current_mapping_row,,,,0.0,
USA,MEIRAGTX HOLDINGS,MGTX,mapped_exact_normalized,MeiraGTx Holdings plc,current_mapping_row,SEC company_tickers_exchange,,,1.0,
USA,NEXTNAV,NN,mapped_exact_normalized,NEXTNAV INC.,current_mapping_row,SEC company_tickers_exchange,,,1.0,
USA,NKARTA,NKTX,mapped_exact_normalized,"Nkarta, Inc.",current_mapping_row,SEC company_tickers_exchange,,,1.0,
USA,OCUGEN,OCGN,mapped_exact_normalized,"Ocugen, Inc.",current_mapping_row,SEC company_tickers_exchange,,,1.0,
USA,OPTIMIZERX,OPRX,mapped_exact_normalized,OptimizeRx Corp,current_mapping_row,SEC company_tickers_exchange,,,1.0,
USA,PLAYTIKA HOLDING CORP,PLTK,mapped_exact_normalized,Playtika Holding Corp.,current_mapping_row,SEC company_tickers_exchange,,,1.0,
USA,QUANTUM-SI A,QSI,mapped_exact_normalized,Quantum-Si Inc,current_mapping_row,SEC company_tickers_exchange,,,1.0,
USA,SARCOS TECH & ROBO CORP,,needs_review,,current_mapping_row,,,,0.0,
USA,SKILLSOFT A,SKIL,mapped_exact_normalized,Skillsoft Corp.,current_mapping_row,SEC company_tickers_exchange,,,1.0,
USA,SKILLZ A,SKLZ,mapped_exact_normalized,Skillz Inc.,current_mapping_row,SEC company_tickers_exchange,,,1.0,
USA,TATTOOED CHEF,,needs_review,,current_mapping_row,,,,0.0,
USA,TUPPERWARE BRANDS,,needs_review,,current_mapping_row,,,,0.0,
USA,WW INTERNATIONAL,WW,mapped_exact_normalized,"WW INTERNATIONAL, INC.",current_mapping_row,SEC company_tickers_exchange,,,1.0,
USA,Y MABS THERAPEUTICS,,needs_review,,current_mapping_row,,,,0.0,
USA,ALTIMMUNE,ALT,mapped_exact_normalized,"Altimmune, Inc.",current_mapping_row,SEC company_tickers_exchange,,,1.0,
USA,AMBRX BIOPHARMA,,needs_review,,current_mapping_row,,,,0.0,
USA,AN2 THERAPEUTICS,ANTX,mapped_exact_normalized,"AN2 Therapeutics, Inc.",current_mapping_row,SEC company_tickers_exchange,,,1.0,
USA,APPLIED OPTOELECTRONICS,AAOI,mapped_exact_normalized,"APPLIED OPTOELECTRONICS, INC.",current_mapping_row,SEC company_tickers_exchange,,,1.0,
USA,ATLAS ENERGY SOLUTIONS,AESI,mapped_exact_normalized,Atlas Energy Solutions Inc.,current_mapping_row,SEC company_tickers_exchange,,,1.0,
USA,CARGO THERAPEUTICS,,needs_review,,current_mapping_row,,,,0.0,
USA,CRAWFORD & CO A,CRD-A,mapped_exact_normalized,CRAWFORD & CO,current_mapping_row,SEC company_tickers_exchange,,,1.0,
USA,DIEBOLD NIXDORF,DBD,mapped_exact_normalized,"DIEBOLD NIXDORF, Inc",current_mapping_row,SEC company_tickers_exchange,,,1.0,
USA,EYEPOINT PHARMACEUTICALS,,needs_review,,current_mapping_row,,,,0.0,
USA,FUSION PHARMACEUTICALS,,needs_review,,current_mapping_row,,,,0.0,
USA,HAMILTON INS GRP B,,needs_review,,current_mapping_row,,,,0.0,
USA,ICOSAVAX,,needs_review,,current_mapping_row,,,,0.0,
USA,IMMUNOME,IMNM,mapped_exact_normalized,Immunome Inc.,current_mapping_row,SEC company_tickers_exchange,,,1.0,
USA,KLAVIYO A,KVYO,mapped_exact_normalized,"Klaviyo, Inc.",current_mapping_row,SEC company_tickers_exchange,,,1.0,
USA,LIQUIDIA CORPORATION,LQDA,mapped_exact_normalized,Liquidia Corp,current_mapping_row,SEC company_tickers_exchange,,,1.0,
USA,LONGBOARD PHARMA,,needs_review,,current_mapping_row,,,,0.0,
USA,RAYZEBIO,,needs_review,,current_mapping_row,,,,0.0,
USA,SPYRE THERAPEUTICS,SYRE,mapped_exact_normalized,"Spyre Therapeutics, Inc.",current_mapping_row,SEC company_tickers_exchange,,,1.0,
USA,ACLARIS THERAPEUTICS,ACRS,mapped_exact_normalized,"Aclaris Therapeutics, Inc.",current_mapping_row,SEC company_tickers_exchange,,,1.0,
USA,AGENUS,AGEN,mapped_exact_normalized,AGENUS INC,current_mapping_row,SEC company_tickers_exchange,,,1.0,
USA,BEAUTY HEALTH A,,needs_review,,current_mapping_row,,,,0.0,
USA,CHILDREN'S PLACE,PLCE,mapped_exact_normalized,"Children's Place, Inc. (The) - Common Stock",current_mapping_row,NasdaqTrader nasdaqlisted,,,1.0,
USA,COHERUS BIOSCIENCES,,needs_review,,current_mapping_row,,,,0.0,
USA,DESKTOP METAL A,,needs_review,,current_mapping_row,,,,0.0,
USA,ENVIVA,,needs_review,,current_mapping_row,,,,0.0,
USA,FISKER A,,needs_review,,current_mapping_row,,,,0.0,
USA,FREYR BATTERY,,needs_review,,current_mapping_row,,,,0.0,
USA,HALLADOR ENERGY CO,HNRG,mapped_exact_normalized,HALLADOR ENERGY CO,current_mapping_row,SEC company_tickers_exchange,,,1.0,
USA,HIRERIGHT HOLDINGS,,needs_review,,current_mapping_row,,,,0.0,
USA,MAGNACHIP SEMICONDUCTOR,MX,mapped_exact_normalized,MAGNACHIP SEMICONDUCTOR Corp,current_mapping_row,SEC company_tickers_exchange,,,1.0,
USA,MURAL ONCOLOGY,,needs_review,,current_mapping_row,,,,0.0,
USA,NET POWER,NPWR,mapped_exact_normalized,NET Power Inc.,current_mapping_row,SEC company_tickers_exchange,,,1.0,
USA,PLAYSTUDIOS A,MYPS,mapped_exact_normalized,"PLAYSTUDIOS, Inc.",current_mapping_row,SEC company_tickers_exchange,,,1.0,
USA,SLEEP NUMBER CORPORATION,SNBR,mapped_exact_normalized,Sleep Number Corp,current_mapping_row,SEC company_tickers_exchange,,,1.0,
USA,TRAEGER,COOK,mapped_exact_normalized,"Traeger, Inc.",current_mapping_row,SEC company_tickers_exchange,,,1.0,
USA,VENTYX BIOSCIENCES,,needs_review,,current_mapping_row,,,,0.0,
USA,VERTEX ENERGY,,needs_review,,current_mapping_row,,,,0.0,
USA,WIDEOPENWEST,,needs_review,,current_mapping_row,,,,0.0,
USA,ADTRAN HOLDINGS,ADTN,mapped_exact_normalized,"ADTRAN Holdings, Inc.",current_mapping_row,SEC company_tickers_exchange,,,1.0,
USA,ANAVEX LIFE SCIENCES,AVXL,mapped_exact_normalized,ANAVEX LIFE SCIENCES CORP.,current_mapping_row,SEC company_tickers_exchange,,,1.0,
USA,ARIS WATER SOLUTIONS A,,needs_review,,current_mapping_row,,,,0.0,
USA,ATLANTICUS HOLDINGS,ATLC,mapped_exact_normalized,Atlanticus Holdings Corp,current_mapping_row,SEC company_tickers_exchange,,,1.0,
USA,AXOGEN,AXGN,mapped_exact_normalized,"Axogen, Inc.",current_mapping_row,SEC company_tickers_exchange,,,1.0,
USA,BIGBEAR.AI HOLDINGS,BBAI,mapped_exact_normalized,"BigBear.ai Holdings, Inc.",current_mapping_row,SEC company_tickers_exchange,,,1.0,
USA,BKV CORP,BKV,mapped_exact_normalized,BKV Corp,current_mapping_row,SEC company_tickers_exchange,,,1.0,
USA,CERIBELL,CBLL,mapped_exact_normalized,"Ceribell, Inc.",current_mapping_row,SEC company_tickers_exchange,,,1.0,
USA,CORMEDIX,CRMD,mapped_exact_normalized,CorMedix Inc.,current_mapping_row,SEC company_tickers_exchange,,,1.0,
USA,D-WAVE QUANTUM,QBTS,mapped_exact_normalized,D-Wave Quantum Inc.,current_mapping_row,SEC company_tickers_exchange,,,1.0,
USA,DAVE A,DAVE,mapped_exact_normalized,Dave Inc.  - Class A Common Stock,current_mapping_row,NasdaqTrader nasdaqlisted,,,1.0,
USA,ESQUIRE FINANCIAL HLDGS,,needs_review,,current_mapping_row,,,,0.0,
USA,EVE HLDG,,needs_review,,current_mapping_row,,,,0.0,
USA,FIRSTSUN CAPITAL BANCORP,FSUN,mapped_exact_normalized,FIRSTSUN CAPITAL BANCORP,current_mapping_row,SEC company_tickers_exchange,,,1.0,
USA,INNODATA,INOD,mapped_exact_normalized,INNODATA INC,current_mapping_row,SEC company_tickers_exchange,,,1.0,
USA,INTUITIVE MACHINES,LUNR,mapped_exact_normalized,"Intuitive Machines, Inc.",current_mapping_row,SEC company_tickers_exchange,,,1.0,
USA,KINDERCARE LEARNING CO,,needs_review,,current_mapping_row,,,,0.0,
USA,LOAR HLDGS,,needs_review,,current_mapping_row,,,,0.0,
USA,NANO NUCLEAR ENERGY,NNE,mapped_exact_normalized,Nano Nuclear Energy Inc.,current_mapping_row,SEC company_tickers_exchange,,,1.0,
USA,NATURAL GROCERS BY VIT,,needs_review,,current_mapping_row,,,,0.0,
USA,PERPETUA RESOURCES(US),PPTA,mapped_exact_normalized,PERPETUA RESOURCES CORP.,current_mapping_row,SEC company_tickers_exchange,,,1.0,
USA,POWERFLEET,AIOT,mapped_exact_normalized,"Powerfleet, Inc.",current_mapping_row,SEC company_tickers_exchange,,,1.0,
USA,QUANTUM COMPUTING,QUBT,mapped_exact_normalized,Quantum Computing Inc.,current_mapping_row,SEC company_tickers_exchange,,,1.0,
USA,REALREAL (THE),REAL,mapped_exact_normalized,"The RealReal, Inc. - Common Stock",current_mapping_row,NasdaqTrader nasdaqlisted,,,1.0,
USA,REDWIRE,RDW,mapped_exact_normalized,Redwire Corp,current_mapping_row,SEC company_tickers_exchange,,,1.0,
USA,RIGETTI COMPUTING,RGTI,mapped_exact_normalized,"Rigetti Computing, Inc.",current_mapping_row,SEC company_tickers_exchange,,,1.0,
USA,SEPTERNA,SEPN,mapped_exact_normalized,"Septerna, Inc.",current_mapping_row,SEC company_tickers_exchange,,,1.0,
USA,SERVE ROBOTICS,SERV,mapped_exact_normalized,Serve Robotics Inc. - Common Stock,current_mapping_row,NasdaqTrader nasdaqlisted,,,1.0,
USA,SILA REALTY TRUST,SILA,mapped_exact_normalized,"Sila Realty Trust, Inc.",current_mapping_row,SEC company_tickers_exchange,,,1.0,
USA,SOLARIS ENERGY INFRA A,,needs_review,,current_mapping_row,,,,0.0,
USA,STANDARDAERO,SARO,mapped_exact_normalized,"StandardAero, Inc.",current_mapping_row,SEC company_tickers_exchange,,,1.0,
USA,ALECTOR,ALEC,mapped_exact_normalized,"Alector, Inc.",current_mapping_row,SEC company_tickers_exchange,,,1.0,
USA,ALLOGENE THERAPEUTICS,ALLO,mapped_exact_normalized,"Allogene Therapeutics, Inc.",current_mapping_row,SEC company_tickers_exchange,,,1.0,
USA,ANGI A,ANGI,mapped_exact_normalized,Angi Inc.,current_mapping_row,SEC company_tickers_exchange,,,1.0,
USA,ANYWHERE REAL ESTATE,,needs_review,,current_mapping_row,,,,0.0,
USA,APPLIED THERAPEUTICS,,needs_review,,current_mapping_row,,,,0.0,
USA,BEYOND,,needs_review,,current_mapping_row,,,,0.0,
USA,BEYOND MEAT,BYND,mapped_exact_normalized,"BEYOND MEAT, INC.",current_mapping_row,SEC company_tickers_exchange,,,1.0,
USA,CASSAVA SCIENCES,,needs_review,,current_mapping_row,,,,0.0,
USA,CHATHAM LODGING TRUST,CLDT,mapped_exact_normalized,Chatham Lodging Trust,current_mapping_row,SEC company_tickers_exchange,,,1.0,
USA,DIAMOND HILL INV GRP,,needs_review,,current_mapping_row,,,,0.0,
USA,DIANTHUS THERAPEUTICS,DNTH,mapped_exact_normalized,"Dianthus Therapeutics, Inc. - Common Stock",current_mapping_row,NasdaqTrader nasdaqlisted,,,1.0,
USA,DINE BRANDS GLOBAL,DIN,mapped_exact_normalized,"Dine Brands Global, Inc.",current_mapping_row,SEC company_tickers_exchange,,,1.0,
USA,FRANKLIN COVEY CO,FC,mapped_exact_normalized,FRANKLIN COVEY CO,current_mapping_row,SEC company_tickers_exchange,,,1.0,
USA,GENIE ENERGY B,GNE,mapped_exact_normalized,Genie Energy Ltd.,current_mapping_row,SEC company_tickers_exchange,,,1.0,
USA,GLADSTONE LAND CORP,LAND,mapped_exact_normalized,GLADSTONE LAND Corp,current_mapping_row,SEC company_tickers_exchange,,,1.0,
USA,GRAY MEDIA,GTN,mapped_exact_normalized,"GRAY MEDIA, INC",current_mapping_row,SEC company_tickers_exchange,,,1.0,
USA,GROUPON,GRPN,mapped_exact_normalized,"Groupon, Inc.",current_mapping_row,SEC company_tickers_exchange,,,1.0,
USA,HAIN CELESTIAL GROUP,HAIN,mapped_exact_normalized,HAIN CELESTIAL GROUP INC,current_mapping_row,SEC company_tickers_exchange,,,1.0,
USA,HAVERTY FURNITURE,,needs_review,,current_mapping_row,,,,0.0,
USA,KEROS THERAPEUTICS,KROS,mapped_exact_normalized,"Keros Therapeutics, Inc.",current_mapping_row,SEC company_tickers_exchange,,,1.0,
USA,KORRO BIO,KRRO,mapped_exact_normalized,"Korro Bio, Inc.",current_mapping_row,SEC company_tickers_exchange,,,1.0,
USA,LESLIES,,needs_review,,current_mapping_row,,,,0.0,
USA,MERCER INTERNATIONAL,MERC,mapped_exact_normalized,MERCER INTERNATIONAL INC.,current_mapping_row,SEC company_tickers_exchange,,,1.0,
USA,MOVADO GROUP,MOV,mapped_exact_normalized,MOVADO GROUP INC,current_mapping_row,SEC company_tickers_exchange,,,1.0,
USA,MYERS INDUSTRIES,MYE,mapped_exact_normalized,MYERS INDUSTRIES INC,current_mapping_row,SEC company_tickers_exchange,,,1.0,
USA,NATIONAL RESEARCH CORP,,needs_review,,current_mapping_row,,,,0.0,
USA,NEUMORA THERAPEUTICS,NMRA,mapped_exact_normalized,"Neumora Therapeutics, Inc.",current_mapping_row,SEC company_tickers_exchange,,,1.0,
USA,OLEMA PHARMACEUTICALS,OLMA,mapped_exact_normalized,"Olema Pharmaceuticals, Inc.",current_mapping_row,SEC company_tickers_exchange,,,1.0,
USA,OLYMPIC STEEL,,needs_review,,current_mapping_row,,,,0.0,
USA,OMEGA FLEX,OFLX,mapped_exact_normalized,"Omega Flex, Inc.",current_mapping_row,SEC company_tickers_exchange,,,1.0,
USA,OMNIAB,OABI,mapped_exact_normalized,"OmniAb, Inc.",current_mapping_row,SEC company_tickers_exchange,,,1.0,
USA,PERSPECTIVE THERAPEUTICS,CATX,mapped_exact_normalized,"Perspective Therapeutics, Inc.",current_mapping_row,SEC company_tickers_exchange,,,1.0,
USA,QUANTERIX,QTRX,mapped_exact_normalized,Quanterix Corp,current_mapping_row,SEC company_tickers_exchange,,,1.0,
USA,RADIUS RECYCLING A,,needs_review,,current_mapping_row,,,,0.0,
USA,REGENXBIO,RGNX,mapped_exact_normalized,REGENXBIO Inc.,current_mapping_row,SEC company_tickers_exchange,,,1.0,
USA,REVANCE THERAPEUTICS,,needs_review,,current_mapping_row,,,,0.0,
USA,RMR GROUP,RMR,mapped_exact_normalized,RMR GROUP INC.,current_mapping_row,SEC company_tickers_exchange,,,1.0,
USA,SAGE THERAPEUTICS,,needs_review,,current_mapping_row,,,,0.0,
USA,SERVICE PROPERTIES,,needs_review,,current_mapping_row,,,,0.0,
USA,SUNNOVA ENERGY INTL,,needs_review,,current_mapping_row,,,,0.0,
USA,TANGO THERAPEUTICS,TNGX,mapped_exact_normalized,"Tango Therapeutics, Inc.",current_mapping_row,SEC company_tickers_exchange,,,1.0,
USA,TEJON RANCH CO,TRC,mapped_exact_normalized,TEJON RANCH CO,current_mapping_row,SEC company_tickers_exchange,,,1.0,
USA,THERAVANCE BIOPHARMA,TBPH,mapped_exact_normalized,"Theravance Biopharma, Inc.",current_mapping_row,SEC company_tickers_exchange,,,1.0,
TAIWAN,ALL RING TECH,6187,verified_tw_reference_fuzzy,ALL RING,current_mapping_row,FinLab company_basic_info:英文簡稱,,,0.9515,
TAIWAN,ITH,6962,mapped_exact_normalized,ITH Corporation,current_mapping_row,FinLab company_basic_info:公司名稱,,,1.0,
TAIWAN,PLAYNITRIDE,6854,mapped_exact_normalized,PlayNitride Inc.,current_mapping_row,FinLab company_basic_info:公司名稱,,,1.0,
TAIWAN,POSIFLEX,8114,mapped_exact_normalized,POSIFLEX,current_mapping_row,FinLab company_basic_info:英文簡稱,,,1.0,
TAIWAN,SPORTS GEAR,6768,verified_tw_current_round7,"Sports Gear Co., Ltd.",current_mapping_row,"Round7 current-code discovery: Yahoo Finance search matched `Sports Gear Co., Ltd.`/6768.TW; code exists in TWSE/TPEx/FinLab Taiwan reference universe. Local refs: SPG-KY | 志強-KY | 志強國際企業股份有限公司",,,1.0000,
TAIWAN,STARLUX AIRLINES,2646,verified_tw_reference_fuzzy,STARLUX AIR,current_mapping_row,FinLab company_basic_info:英文簡稱,,,0.9587,
TAIWAN,TIGERAIR TAIWAN,6757,verified_tw_current_round7,"Tigerair Taiwan Co., Ltd.",current_mapping_row,"Round7 current-code discovery: Yahoo Finance search matched `Tigerair Taiwan Co., Ltd.`/6757.TW; code exists in TWSE/TPEx/FinLab Taiwan reference universe. Local refs: TTW | 台灣虎航 | 台灣虎航股份有限公司",,,1.0000,
TAIWAN,AIC,9912,mapped_exact_normalized,AIC,current_mapping_row,FinLab company_basic_info:英文簡稱,,,1.0,
TAIWAN,ALEXANDER MARINE,8478,verified_tw_current_round7,"Alexander Marine Co., Ltd.",current_mapping_row,"Round7 current-code discovery: Yahoo Finance search matched `Alexander Marine Co., Ltd.`/8478.TW; code exists in TWSE/TPEx/FinLab Taiwan reference universe. Local refs: Ocean Alexander | 東哥企業股份有限公司 | 東哥遊艇",,,1.0000,
TAIWAN,CHIA HSIN CEMENT,1103,verified_tw_current_round7,Chia Hsin Cement Corporation,current_mapping_row,Round7 current-code discovery: Yahoo Finance search matched `Chia Hsin Cement Corporation`/1103.TW; code exists in TWSE/TPEx/FinLab Taiwan reference universe. Local refs: CHC | 嘉新水泥股份有限公司 | 嘉泥,,,1.0000,
TAIWAN,CHIN-POON INDUSTRIAL CO,2355,verified_tw_reference_fuzzy,CHIN-POON,current_mapping_row,FinLab company_basic_info:英文簡稱,,,0.935,
TAIWAN,CHINA MAN-MADE FIBER,1718,verified_tw_current_round7,China Man-Made Fiber Corporation,current_mapping_row,Round7 current-code discovery: Yahoo Finance search matched `China Man-Made Fiber Corporation`/1718.TW; code exists in TWSE/TPEx/FinLab Taiwan reference universe. Local refs: CMFC | 中國人造纖維股份有限公司 | 中纖,,,1.0000,
TAIWAN,CHINA METAL PRODUCTS CO,1532,verified_tw_current_round7,"China Metal Products Co., Ltd.",current_mapping_row,"Round7 current-code discovery: Yahoo Finance search matched `China Metal Products Co., Ltd.`/1532.TW; code exists in TWSE/TPEx/FinLab Taiwan reference universe. Local refs: CMP | 勤美 | 勤美股份有限公司",,,1.0000,
TAIWAN,CO TECH DEVELOPMENT,8358,verified_tw_current_round7,Co-Tech Development Corporation,current_mapping_row,Round7 current-code discovery: Yahoo Finance search matched `Co-Tech Development Corporation`/8358.TWO; code exists in TWSE/TPEx/FinLab Taiwan reference universe. Local refs: CO-TECH | 金居 | 金居開發股份有限公司,,,1.0000,
TAIWAN,CUB ELECPARTS,2231,verified_tw_historical_round7,CUB ELECPARTS INC.,current_mapping_row,Round7 official historical delisted source: TPEx EN deListed official delist_date=2010-11-19,,,1.0000,
TAIWAN,DARFON ELECTRONICS,8163,verified_tw_reference_fuzzy,DARFON,current_mapping_row,FinLab company_basic_info:英文簡稱,,,0.9233,
TAIWAN,EGIS TECHNOLOGY,6462,verified_tw_current_round7,Egis Technology Inc.,current_mapping_row,Round7 current-code discovery: Yahoo Finance search matched `Egis Technology Inc.`/6462.TWO; code exists in TWSE/TPEx/FinLab Taiwan reference universe. Local refs: EGIS | 神盾 | 神盾股份有限公司,,,1.0000,
TAIWAN,EPISIL PRECISION,3707,verified_tw_reference_fuzzy,EPISIL,current_mapping_row,FinLab company_basic_info:英文簡稱,,,0.9275,
TAIWAN,ETRON TECHNOLOGY,5351,verified_tw_reference_fuzzy,Etron,current_mapping_row,FinLab company_basic_info:英文簡稱,,,0.9213,
TAIWAN,EVER SUPREME BIO TECH,6712,verified_tw_reference_fuzzy,Ever Supreme,current_mapping_row,FinLab company_basic_info:英文簡稱,,,0.9471,
TAIWAN,FIRST COPPER TECHNOLOGY,2009,verified_tw_current_round7,"First Copper Technology Co., Ltd.",current_mapping_row,"Round7 current-code discovery: Yahoo Finance search matched `First Copper Technology Co., Ltd.`/2009.TW; code exists in TWSE/TPEx/FinLab Taiwan reference universe. Local refs: FCC | 第一伸銅科技股份有限公司 | 第一銅",,,1.0000,
TAIWAN,FORMOSA ADVANCED TECH,8131,verified_tw_current_round7,"Formosa Advanced Technologies Co., Ltd.",current_mapping_row,"Round7 current-code discovery: Yahoo Finance search matched `Formosa Advanced Technologies Co., Ltd.`/8131.TW; code exists in TWSE/TPEx/FinLab Taiwan reference universe. Local refs: FATC | 福懋科 | 福懋科技股份有限公司",,,1.0000,
TAIWAN,GLOBAL PMX,4551,mapped_exact_normalized,GLOBAL PMX,current_mapping_row,FinLab company_basic_info:英文簡稱,,,1.0,
TAIWAN,GRAND PACIFIC PETROCHEM,1312,verified_tw_current_round7,Grand Pacific Petrochemical Corporation,current_mapping_row,Round7 current-code discovery: Yahoo Finance search matched `Grand Pacific Petrochemical Corporation`/1312.TW; code exists in TWSE/TPEx/FinLab Taiwan reference universe. Local refs: GPPC | 國喬 | 國喬石油化學股份有限公司,,,1.0000,
TAIWAN,HOLYSTONE ENTERPRISE CO,3026,verified_tw_yahoo_round8b,"Holy Stone Enterprise Co., Ltd. / 信邦? Holy Stone 禾伸堂",current_mapping_row,"Round8b Yahoo Finance: Holy Stone Enterprise Co.,Ltd. 3026.TW; MarketScreener/StockAnalysis confirm TPE:3026.",,,0.98,
TAIWAN,INTL CSRC INV HLDGS CO,2104,verified_tw_yahoo_round8b,"International CSRC Investment Holdings Co., Ltd. / 國際中橡",current_mapping_row,Round8b Yahoo Finance search: International CSRC Investment Holdings -> 2104.TW.,,,0.98,
TAIWAN,KUO TOONG INTERNATIONAL,8936,verified_tw_current_round7,"Kuo Toong International Co., Ltd.",current_mapping_row,"Round7 current-code discovery: Yahoo Finance search matched `Kuo Toong International Co., Ltd.`/8936.TWO; code exists in TWSE/TPEx/FinLab Taiwan reference universe. Local refs: KTI | 國統 | 國統國際股份有限公司",,,1.0000,
TAIWAN,SENSORTEK TECHNOLOGY,6732,verified_tw_reference_fuzzy,sensortek,current_mapping_row,FinLab company_basic_info:英文簡稱,,,0.935,
TAIWAN,SHIHLIN PAPER,1903,mapped_exact_normalized,Shihlin Paper,current_mapping_row,FinLab company_basic_info:英文簡稱,,,1.0,
TAIWAN,SYNMOSA BIOPHARMA CORP,4114,verified_tw_reference_fuzzy,SYNMOSA,current_mapping_row,FinLab company_basic_info:英文簡稱,,,0.9312,
TAIWAN,TAIDOC TECHNOLOGY CORP,4736,verified_tw_reference_fuzzy,TaiDoc,current_mapping_row,FinLab company_basic_info:英文簡稱,,,0.9253,
TAIWAN,TAIWAN MASK CORPORATION,2338,verified_tw_current_round7,Taiwan Mask Corporation,current_mapping_row,Round7 current-code discovery: Yahoo Finance search matched `Taiwan Mask Corporation`/2338.TW; code exists in TWSE/TPEx/FinLab Taiwan reference universe. Local refs: TMC | 光罩 | 台灣光罩股份有限公司,,,1.0000,
TAIWAN,TAIWAN SEMICONDUCTOR CO,5425,verified_tw_current_round7,"Taiwan Semiconductor Co., Ltd.",current_mapping_row,"Round7 current-code discovery: Yahoo Finance search matched `Taiwan Semiconductor Co., Ltd.`/5425.TWO; code exists in TWSE/TPEx/FinLab Taiwan reference universe. Local refs: TSC | 台半 | 台灣半導體股份有限公司",,,1.0000,
TAIWAN,TAIWAN-ASIA SC CORP,2340,verified_tw_yahoo_google_round8c,Taiwan-Asia Semiconductor Corporation / 台亞半導體,current_mapping_row,Round8c web/Yahoo/Google evidence: Company website states Stock Code 2340; StockAnalysis/FT confirm TPE:2340.,,,0.95,
TAIWAN,TCI,8436,mapped_exact_normalized,TCI,current_mapping_row,FinLab company_basic_info:英文簡稱,,,1.0,
TAIWAN,UPC TECHNOLOGY CORP,1313,verified_tw_current_round7,UPC Technology Corporation,current_mapping_row,Round7 current-code discovery: Yahoo Finance search matched `UPC Technology Corporation`/1313.TW; code exists in TWSE/TPEx/FinLab Taiwan reference universe. Local refs: UPC | 聯成 | 聯成化學科技股份有限公司,,,1.0000,
TAIWAN,USI CORP,1304,mapped_exact_normalized,USI,current_mapping_row,FinLab company_basic_info:英文簡稱,,,1.0,
TAIWAN,VISCO VISION,6782,verified_tw_reference_fuzzy,VISCO,current_mapping_row,FinLab company_basic_info:英文簡稱,,,0.9317,
TAIWAN,WAFFER TECHNOLOGY CO,6235,verified_tw_reference_fuzzy,Waffer,current_mapping_row,FinLab company_basic_info:英文簡稱,,,0.9253,
TAIWAN,YUNG SHIN GLOBAL HOLDING,3705,verified_tw_yahoo_google_round8c,YungShin Global Holding Corporation / 永信,current_mapping_row,Round8c web/Yahoo/Google evidence: Company PDF says Stock Code 3705; Yahoo Finance 3705.TW.,,,0.95,
USA,ALLIANCE LAUNDRY HLDGS,,needs_review,,current_mapping_row,,,,0.0,
USA,ALUMIS,ALMS,mapped_exact_normalized,ALUMIS INC.,current_mapping_row,SEC company_tickers_exchange,,,1.0,
USA,AMERICAN AXLE & MFG,,needs_review,,current_mapping_row,,,,0.0,
USA,ANNEXON,ANNX,mapped_exact_normalized,"Annexon, Inc.",current_mapping_row,SEC company_tickers_exchange,,,1.0,
USA,AXT,AXTI,mapped_exact_normalized,AXT INC,current_mapping_row,SEC company_tickers_exchange,,,1.0,
USA,BIGLARI HOLDINGS B,BH-A,mapped_exact_normalized,Biglari Holdings Inc.,current_mapping_row,SEC company_tickers_exchange,,,1.0,
USA,BROWN-FORMAN CORP A,BF-A,mapped_exact_normalized,BROWN FORMAN CORP,current_mapping_row,SEC company_tickers_exchange,,,1.0,
USA,BUILD A BEAR WORKSHOP,BBW,mapped_exact_normalized,BUILD-A-BEAR WORKSHOP INC,current_mapping_row,SEC company_tickers_exchange,,,1.0,
USA,CYTOMX THERAPEUTICS,CTMX,mapped_exact_normalized,"CytomX Therapeutics, Inc.",current_mapping_row,SEC company_tickers_exchange,,,1.0,
USA,ENERGY VAULT HOLDINGS,NRGV,mapped_exact_normalized,"Energy Vault Holdings, Inc.",current_mapping_row,SEC company_tickers_exchange,,,1.0,
USA,EYEPOINT,EYPT,mapped_exact_normalized,"EyePoint, Inc.",current_mapping_row,SEC company_tickers_exchange,,,1.0,
USA,FIREFLY AEROSPACE,FLY,mapped_exact_normalized,Firefly Aerospace Inc.,current_mapping_row,SEC company_tickers_exchange,,,1.0,
USA,HYCROFT MINING HOLDING,HYMC,mapped_exact_normalized,HYCROFT MINING HOLDING CORP,current_mapping_row,SEC company_tickers_exchange,,,1.0,
USA,INHIBRX BIOSCIENCES,INBX,mapped_exact_normalized,"Inhibrx Biosciences, Inc.",current_mapping_row,SEC company_tickers_exchange,,,1.0,
USA,JEFFERSON CAPITAL,JCAP,mapped_exact_normalized,"Jefferson Capital, Inc. - Common Stock",current_mapping_row,NasdaqTrader nasdaqlisted,,,1.0,
USA,KODIAK SCIENCES,KOD,mapped_exact_normalized,Kodiak Sciences Inc.,current_mapping_row,SEC company_tickers_exchange,,,1.0,
USA,LEGENCE A,LGN,mapped_exact_normalized,Legence Corp.,current_mapping_row,SEC company_tickers_exchange,,,1.0,
USA,MBX BIOSCIENCES,MBX,mapped_exact_normalized,"MBX Biosciences, Inc.",current_mapping_row,SEC company_tickers_exchange,,,1.0,
USA,MONTE ROSA THERAPEUTICS,GLUE,mapped_exact_normalized,"Monte Rosa Therapeutics, Inc.",current_mapping_row,SEC company_tickers_exchange,,,1.0,
USA,NAVAN A,NAVN,mapped_exact_normalized,"Navan, Inc.",current_mapping_row,SEC company_tickers_exchange,,,1.0,
USA,NEPTUNE INS HLDGS A,,needs_review,,current_mapping_row,,,,0.0,
USA,NETSKOPE A,NTSK,mapped_exact_normalized,Netskope Inc,current_mapping_row,SEC company_tickers_exchange,,,1.0,
USA,PERSONALIS,PSNL,mapped_exact_normalized,"Personalis, Inc.",current_mapping_row,SEC company_tickers_exchange,,,1.0,
USA,RAPT THERAPEUTICS,,needs_review,,current_mapping_row,,,,0.0,
USA,RESOLUTE HOLDINGS MGMT,,needs_review,,current_mapping_row,,,,0.0,
USA,TERNS PHARMACEUTICALS,,needs_review,,current_mapping_row,,,,0.0,
USA,TERRESTRIAL ENERGY,IMSR,mapped_exact_normalized,Terrestrial Energy Inc. - Common Stock,current_mapping_row,NasdaqTrader nasdaqlisted,,,1.0,
USA,WATERBRIDGE INFRA A,,needs_review,,current_mapping_row,,,,0.0,
USA,DIVERSIFIED ENERGY (US),DEC,mapped_exact_normalized,Diversified Energy Co,current_mapping_row,SEC company_tickers_exchange,,,1.0,
USA,ADVANSIX,ASIX,mapped_exact_normalized,AdvanSix Inc.,current_mapping_row,SEC company_tickers_exchange,,,1.0,
USA,AQUESTIVE THERAPETC,,needs_review,,current_mapping_row,,,,0.0,
USA,ASPEN AEROGELS,ASPN,mapped_exact_normalized,ASPEN AEROGELS INC,current_mapping_row,SEC company_tickers_exchange,,,1.0,
USA,BUMBLE INC A,BMBL,mapped_exact_normalized,Bumble Inc.,current_mapping_row,SEC company_tickers_exchange,,,1.0,
USA,CLARITEV A,CTEV,mapped_exact_normalized,Claritev Corp,current_mapping_row,SEC company_tickers_exchange,,,1.0,
USA,COMPASS DIVERSIFIED HLDG,,needs_review,,current_mapping_row,,,,0.0,
USA,EVOLENT HEALTH A,EVH,mapped_exact_normalized,"Evolent Health, Inc.",current_mapping_row,SEC company_tickers_exchange,,,1.0,
USA,FARMERS NATL BANC CORP,,needs_review,,current_mapping_row,,,,0.0,
USA,MGP INGREDIENTS,MGPI,mapped_exact_normalized,MGP INGREDIENTS INC,current_mapping_row,SEC company_tickers_exchange,,,1.0,
USA,NEW FORTRESS ENERGY A,NFE,mapped_exact_normalized,New Fortress Energy Inc.,current_mapping_row,SEC company_tickers_exchange,,,1.0,
USA,ONESPAN,OSPN,mapped_exact_normalized,OneSpan Inc.,current_mapping_row,SEC company_tickers_exchange,,,1.0,
USA,READY CAPITAL CORP,RC,mapped_exact_normalized,Ready Capital Corp,current_mapping_row,SEC company_tickers_exchange,,,1.0,
USA,RIBBON COMMUNICATIONS,RBBN,mapped_exact_normalized,Ribbon Communications Inc.,current_mapping_row,SEC company_tickers_exchange,,,1.0,
USA,SIGA TECHNOLOGIES,SIGA,mapped_exact_normalized,SIGA TECHNOLOGIES INC,current_mapping_row,SEC company_tickers_exchange,,,1.0,
USA,SUMMIT HOTEL PROPERTIES,INN,mapped_exact_normalized,"Summit Hotel Properties, Inc.",current_mapping_row,SEC company_tickers_exchange,,,1.0,
USA,TASKUS A,TASK,mapped_exact_normalized,"TaskUs, Inc.",current_mapping_row,SEC company_tickers_exchange,,,1.0,
TAIWAN,DONG FANG OFFSHORE,7786,verified_tw_current_round7,"Dong Fang Offshore Co., Ltd.",current_mapping_row,"Round7 current-code discovery: Yahoo Finance search matched `Dong Fang Offshore Co., Ltd.`/7786.TW; code exists in TWSE/TPEx/FinLab Taiwan reference universe. Local refs: DFO | 東方風能 | 東方風能科技股份有限公司",,,1.0000,
TAIWAN,HERON NEUTRON MEDICAL,7799,verified_tw_current_round7,Heron Neutron Medical Corp.,current_mapping_row,Round7 current-code discovery: Yahoo Finance search matched `Heron Neutron Medical Corp.`/7799.TW; code exists in TWSE/TPEx/FinLab Taiwan reference universe. Local refs: HNMC | 禾榮科 | 禾榮科技股份有限公司,,,1.0000,
TAIWAN,MYSON CENTURY,5314,verified_tw_reference_fuzzy,Myson,current_mapping_row,FinLab company_basic_info:英文簡稱,,,0.9285,
TAIWAN,NICHIDENBO,3090,verified_tw_historical_round7,NICHIDENBO CORPORATION,current_mapping_row,Round7 official historical delisted source: TPEx EN deListed official delist_date=2007-12-31,,,1.0000,
TAIWAN,SYNTEC TECHNOLOGY,7750,verified_tw_reference_fuzzy,Syntec,current_mapping_row,FinLab company_basic_info:英文簡稱,,,0.9253,
TAIWAN,TOPOINT TECHNOLOGY CO,8021,verified_tw_reference_fuzzy,Topoint,current_mapping_row,FinLab company_basic_info:英文簡稱,,,0.9289,
TAIWAN,ANDES TECHNOLOGY,6533,verified_tw_reference_fuzzy,ANDES,current_mapping_row,FinLab company_basic_info:英文簡稱,,,0.9213,
TAIWAN,GREAT TREE PHARMACY,6469,verified_tw_reference_fuzzy,Great Tree,current_mapping_row,FinLab company_basic_info:英文簡稱,,,0.9426,
TAIWAN,HU LANE ASSOCIATE,6279,verified_tw_reference_fuzzy,HU LANE,current_mapping_row,FinLab company_basic_info:英文簡稱,,,0.9312,
TAIWAN,J&V ENERGY TECHNOLOGY,6869,verified_tw_reference_fuzzy,J&V Energy,current_mapping_row,FinLab company_basic_info:英文簡稱,,,0.946,
TAIWAN,KERRY TJ LOGISTICS CO,2608,verified_tw_reference_fuzzy,Kerry TJ,current_mapping_row,FinLab company_basic_info:英文簡稱,,,0.9344,
TAIWAN,SHINFOX ENERGY,6806,mapped_exact_normalized,SHINFOX ENERGY,current_mapping_row,FinLab company_basic_info:英文簡稱,,,1.0,
TAIWAN,TOPKEY CORP,4536,mapped_exact_normalized,TOPKEY,current_mapping_row,FinLab company_basic_info:英文簡稱,,,1.0,
TAIWAN,YUNGSHIN CONST & DEV,5508,verified_tw_yahoo_round8b,"Yungshin Construction & Development Co., Ltd. / 永信建",current_mapping_row,Round8b Yahoo Finance search: YungShin Construction Development -> 5508.TWO.,,,0.98,
USA,ABINGTON COMM. BANC,,needs_review,,current_mapping_row,,,,0.0,
USA,ACETO CORP,,needs_review,,current_mapping_row,,,,0.0,
USA,ACTUATE CORP,,needs_review,,current_mapping_row,,,,0.0,
USA,ACURA PHARM,,needs_review,,current_mapping_row,,,,0.0,
USA,ADVANCED ANALOGIC TECH.,,needs_review,,current_mapping_row,,,,0.0,
USA,AMERICAN DAIRY,,needs_review,,current_mapping_row,,,,0.0,
USA,AMERICAN ITALIAN PASTA A,,needs_review,,current_mapping_row,,,,0.0,
USA,AMERICA'S CAR-MART,CRMT,mapped_exact_normalized,"America's Car-Mart, Inc. - Common Stock",current_mapping_row,NasdaqTrader nasdaqlisted,,,1.0,
USA,APPLIED SIGNAL TECH,,needs_review,,current_mapping_row,,,,0.0,
USA,ARCSIGHT,,needs_review,,current_mapping_row,,,,0.0,
USA,ARDEA BIOSCIENCES,,needs_review,,current_mapping_row,,,,0.0,
USA,ARGAN(US),AGX,mapped_exact_normalized,ARGAN INC,current_mapping_row,SEC company_tickers_exchange,,,1.0,
USA,ARQULE,,needs_review,,current_mapping_row,,,,0.0,
USA,ARROW FINANCIAL CORP,AROW,mapped_exact_normalized,ARROW FINANCIAL CORP,current_mapping_row,SEC company_tickers_exchange,,,1.0,
USA,ATRION CORP,,needs_review,,current_mapping_row,,,,0.0,
USA,ATS MEDICAL,,needs_review,,current_mapping_row,,,,0.0,
USA,B&G FOODS A,BGS,mapped_exact_normalized,"B&G Foods, Inc.",current_mapping_row,SEC company_tickers_exchange,,,1.0,
USA,BAKER (MICHAEL) CORP,,needs_review,,current_mapping_row,,,,0.0,
USA,BERKSHIRE HILLS BANCORP,,needs_review,,current_mapping_row,,,,0.0,
USA,BIGBAND NETWORKS,,needs_review,,current_mapping_row,,,,0.0,
USA,BOTTOMLINE TECHNOLOGIES,,needs_review,,current_mapping_row,,,,0.0,
USA,BROADPOINT SECURITIES,,needs_review,,current_mapping_row,,,,0.0,
USA,BRYN MAWR BANK CORP,,needs_review,,current_mapping_row,,,,0.0,
USA,BWAY HOLDING CO,,needs_review,,current_mapping_row,,,,0.0,
USA,CALAVO GROWERS,CVGW,mapped_exact_normalized,CALAVO GROWERS INC,current_mapping_row,SEC company_tickers_exchange,,,1.0,
USA,CAMDEN NATIONAL CORP,CAC,mapped_exact_normalized,CAMDEN NATIONAL CORP,current_mapping_row,SEC company_tickers_exchange,,,1.0,
USA,CANTEL MEDICAL CORP,,needs_review,,current_mapping_row,,,,0.0,
USA,CARDINAL FINANCIAL CORP,,needs_review,,current_mapping_row,,,,0.0,
USA,CARDIONET,,needs_review,,current_mapping_row,,,,0.0,
USA,CAVCO INDUSTRIES,CVCO,mapped_exact_normalized,"CAVCO INDUSTRIES, INC.",current_mapping_row,SEC company_tickers_exchange,,,1.0,
USA,CENTRAL VERMONT PUB SVC,,needs_review,,current_mapping_row,,,,0.0,
USA,CEVA,CEVA,mapped_exact_normalized,CEVA INC,current_mapping_row,SEC company_tickers_exchange,,,1.0,
USA,CHESAPEAKE UTILITIES,CPK,mapped_exact_normalized,CHESAPEAKE UTILITIES CORP,current_mapping_row,SEC company_tickers_exchange,,,1.0,
USA,CLEAR CHANNEL OUTDOOR A,CCO,mapped_exact_normalized,"Clear Channel Outdoor Holdings, Inc.",current_mapping_row,SEC company_tickers_exchange,,,1.0,
USA,CLIFTON SAVINGS BANCORP,,needs_review,,current_mapping_row,,,,0.0,
USA,COMPUCREDIT CORP,,needs_review,,current_mapping_row,,,,0.0,
USA,COMVERGE,,needs_review,,current_mapping_row,,,,0.0,
USA,CONNECTICUT WATER SVC,,needs_review,,current_mapping_row,,,,0.0,
USA,CONSOLIDATED WATER CO,CWCO,mapped_exact_normalized,Consolidated Water Co. Ltd.,current_mapping_row,SEC company_tickers_exchange,,,1.0,
USA,CPI INTERNATIONAL INC,,needs_review,,current_mapping_row,,,,0.0,
USA,DANVERS BANCORP,,needs_review,,current_mapping_row,,,,0.0,
USA,DEMANDTEC,,needs_review,,current_mapping_row,,,,0.0,
USA,DIGI INTERNATIONAL,DGII,mapped_exact_normalized,DIGI INTERNATIONAL INC,current_mapping_row,SEC company_tickers_exchange,,,1.0,
USA,DOUBLE-TAKE SOFTWARE,,needs_review,,current_mapping_row,,,,0.0,
USA,DUCOMMUN,DCO,mapped_exact_normalized,Ducommun Incorporated Common Stock,current_mapping_row,NasdaqTrader otherlisted,,,1.0,
USA,EMERGENCY MED SVC CORP A,,needs_review,,current_mapping_row,,,,0.0,
USA,EMERGENT BIOSOLUTIONS,EBS,mapped_exact_normalized,Emergent BioSolutions Inc.,current_mapping_row,SEC company_tickers_exchange,,,1.0,
USA,ENGLOBAL CORP,,needs_review,,current_mapping_row,,,,0.0,
USA,ESSA BANCORP,,needs_review,,current_mapping_row,,,,0.0,
USA,EVERCORE PARTNERS,,needs_review,,current_mapping_row,,,,0.0,
USA,FGX INTERNATIONAL HLDGS,,needs_review,,current_mapping_row,,,,0.0,
USA,FIFTH STREET FIN CORP,,needs_review,,current_mapping_row,,,,0.0,
USA,FIRST BANCORP NTH CAROL.,,needs_review,,current_mapping_row,,,,0.0,
USA,FIRST FIN NORTHWEST,,needs_review,,current_mapping_row,,,,0.0,
USA,FIRST MERCURY FINANCIAL,,needs_review,,current_mapping_row,,,,0.0,
USA,GENERAL STEEL HOLDINGS,,needs_review,,current_mapping_row,,,,0.0,
USA,GENTEK,,needs_review,,current_mapping_row,,,,0.0,
USA,GRAND CANYON EDUCATION,LOPE,mapped_exact_normalized,"Grand Canyon Education, Inc.",current_mapping_row,SEC company_tickers_exchange,,,1.0,
USA,HAWAIIAN HOLDINGS,,needs_review,,current_mapping_row,,,,0.0,
USA,HECKMANN CORP,,needs_review,,current_mapping_row,,,,0.0,
USA,HOME FEDERAL BANCORP/DE,,needs_review,,current_mapping_row,,,,0.0,
USA,ICF INTERNATIONAL,ICFI,mapped_exact_normalized,"ICF International, Inc.",current_mapping_row,SEC company_tickers_exchange,,,1.0,
USA,IMMUNOGEN,,needs_review,,current_mapping_row,,,,0.0,
USA,INSPIRE PHARMACEUTICALS,,needs_review,,current_mapping_row,,,,0.0,
USA,INTERACTIVE INTELLIGENCE,,needs_review,,current_mapping_row,,,,0.0,
USA,IXYS CORP,,needs_review,,current_mapping_row,,,,0.0,
USA,KOPIN CORP,KOPN,mapped_exact_normalized,KOPIN CORP,current_mapping_row,SEC company_tickers_exchange,,,1.0,
USA,LAKELAND BANCORP,,needs_review,,current_mapping_row,,,,0.0,
USA,LAKELAND FINANCIAL CORP,LKFN,mapped_exact_normalized,LAKELAND FINANCIAL CORP,current_mapping_row,SEC company_tickers_exchange,,,1.0,
USA,LANDEC CORP,,needs_review,,current_mapping_row,,,,0.0,
USA,LENNAR CORP B,LEN,mapped_exact_normalized,LENNAR CORP /NEW/,current_mapping_row,SEC company_tickers_exchange,,,1.0,
USA,LINCOLN EDUCATIONAL SVCS,,needs_review,,current_mapping_row,,,,0.0,
USA,LSB INDUSTRIES,LXU,mapped_exact_normalized,"LSB INDUSTRIES, INC.",current_mapping_row,SEC company_tickers_exchange,,,1.0,
USA,M/I HOMES,MHO,mapped_exact_normalized,"M/I HOMES, INC.",current_mapping_row,SEC company_tickers_exchange,,,1.0,
USA,MATRIXX INITIATIVES,,needs_review,,current_mapping_row,,,,0.0,
USA,MAXWELL TECHNOLOGIES,,needs_review,,current_mapping_row,,,,0.0,
USA,MEADOWBROOK INSURANCE,,needs_review,,current_mapping_row,,,,0.0,
USA,MERIDIAN INTERSTATE BANC,,needs_review,,current_mapping_row,,,,0.0,
USA,MICROMET,,needs_review,,current_mapping_row,,,,0.0,
USA,MIDDLESEX WATER CO,MSEX,mapped_exact_normalized,MIDDLESEX WATER CO,current_mapping_row,SEC company_tickers_exchange,,,1.0,
USA,MONMOUTH REIT A,,needs_review,,current_mapping_row,,,,0.0,
USA,MYR GROUP/DELAWARE,,needs_review,,current_mapping_row,,,,0.0,
USA,NATIONAL BEVERAGE CORP,FIZZ,mapped_exact_normalized,NATIONAL BEVERAGE CORP,current_mapping_row,SEC company_tickers_exchange,,,1.0,
USA,NORTHERN OIL AND GAS,NOG,mapped_exact_normalized,"NORTHERN OIL & GAS, INC.",current_mapping_row,SEC company_tickers_exchange,,,1.0,
USA,NVE CORP,NVEC,mapped_exact_normalized,NVE CORP /NEW/,current_mapping_row,SEC company_tickers_exchange,,,1.0,
USA,ODYSSEY MARINE EXPLORATN,,needs_review,,current_mapping_row,,,,0.0,
USA,OPENTV CORP A,,needs_review,,current_mapping_row,,,,0.0,
USA,OPNET TECHNOLOGIES,,needs_review,,current_mapping_row,,,,0.0,
USA,OPTIMER PHARM.,,needs_review,,current_mapping_row,,,,0.0,
USA,ORION MARINE GROUP,,needs_review,,current_mapping_row,,,,0.0,
USA,ORTHOVITA,,needs_review,,current_mapping_row,,,,0.0,
USA,OUTDOOR CHANNEL HLDGS,,needs_review,,current_mapping_row,,,,0.0,
USA,PEOPLES BANCORP,PEBO,mapped_exact_normalized,PEOPLES BANCORP INC,current_mapping_row,SEC company_tickers_exchange,,,1.0,
USA,PROS HOLDINGS,,needs_review,,current_mapping_row,,,,0.0,
USA,RADISYS CORP,,needs_review,,current_mapping_row,,,,0.0,
USA,RENAISSANCE LEARNING,,needs_review,,current_mapping_row,,,,0.0,
USA,ROCKVILLE FINANCIAL,,needs_review,,current_mapping_row,,,,0.0,
USA,RUBICON TECHNOLOGY,,needs_review,,current_mapping_row,,,,0.0,
USA,SEACHANGE INTERNATIONAL,,needs_review,,current_mapping_row,,,,0.0,
USA,SIRF TECHNOLOGY HLDGS,,needs_review,,current_mapping_row,,,,0.0,
USA,SKYLINE CORP,,needs_review,,current_mapping_row,,,,0.0,
USA,SMITHTOWN BANCORP,,needs_review,,current_mapping_row,,,,0.0,
USA,SOLUTIA,,needs_review,,current_mapping_row,,,,0.0,
USA,SOURCEFIRE,,needs_review,,current_mapping_row,,,,0.0,
USA,SPARTAN MOTORS,,needs_review,,current_mapping_row,,,,0.0,
USA,STAMPS.COM,,needs_review,,current_mapping_row,,,,0.0,
USA,STANDARD REGISTER,,needs_review,,current_mapping_row,,,,0.0,
USA,STEIN MART,,needs_review,,current_mapping_row,,,,0.0,
USA,STELLARONE,,needs_review,,current_mapping_row,,,,0.0,
USA,STEMCELLS,,needs_review,,current_mapping_row,,,,0.0,
USA,STERLING BANCORP,,needs_review,,current_mapping_row,,,,0.0,
USA,STERLING CONSTRUCTION CO,,needs_review,,current_mapping_row,,,,0.0,
USA,STURM RUGER & CO,RGR,mapped_exact_normalized,STURM RUGER & CO INC,current_mapping_row,SEC company_tickers_exchange,,,1.0,
USA,SUCAMPO PHARMA A,,needs_review,,current_mapping_row,,,,0.0,
USA,SUSSER HOLDINGS,,needs_review,,current_mapping_row,,,,0.0,
USA,SYMMETRICOM,,needs_review,,current_mapping_row,,,,0.0,
USA,SYNOVIS LIFE TECH,,needs_review,,current_mapping_row,,,,0.0,
USA,SYNUTRA INTERNATIONAL,,needs_review,,current_mapping_row,,,,0.0,
USA,TELECOMMUNICATION SYS A,,needs_review,,current_mapping_row,,,,0.0,
USA,TOWNE BANK,TOWN,mapped_exact_normalized,Towne Bank - Common Stock,current_mapping_row,NasdaqTrader nasdaqlisted,,,1.0,
USA,TRICO BANCSHARES,TCBK,mapped_exact_normalized,TRICO BANCSHARES /,current_mapping_row,SEC company_tickers_exchange,,,1.0,
USA,UNITED FINANCIAL BANCORP,,needs_review,,current_mapping_row,,,,0.0,
USA,US GOLD,,needs_review,,current_mapping_row,,,,0.0,
USA,VALENCE TECHNOLOGY,,needs_review,,current_mapping_row,,,,0.0,
USA,VIRTUSA,,needs_review,,current_mapping_row,,,,0.0,
USA,WESTWOOD HOLDINGS GROUP,WHG,mapped_exact_normalized,WESTWOOD HOLDINGS GROUP INC,current_mapping_row,SEC company_tickers_exchange,,,1.0,
USA,WILEY (JOHN) & SONS B,,needs_review,,current_mapping_row,,,,0.0,
USA,ADVANTA CORP B,,needs_review,,current_mapping_row,,,,0.0,
USA,AMCORE FINANCIAL,,needs_review,,current_mapping_row,,,,0.0,
USA,ANCHOR BANCORP WISCONSIN,,needs_review,,current_mapping_row,,,,0.0,
USA,ANTHRACITE CAPITAL,,needs_review,,current_mapping_row,,,,0.0,
USA,ARBOR REALTY TRUST,ABR,mapped_exact_normalized,ARBOR REALTY TRUST INC,current_mapping_row,SEC company_tickers_exchange,,,1.0,
USA,BLOCKBUSTER B,,needs_review,,current_mapping_row,,,,0.0,
USA,CALLON PETROLEUM CORP,,needs_review,,current_mapping_row,,,,0.0,
USA,CAPITAL TRUST A,,needs_review,,current_mapping_row,,,,0.0,
USA,CASCADE BANCORP,,needs_review,,current_mapping_row,,,,0.0,
USA,CASELLA WASTE SYSTEMS A,CWST,mapped_exact_normalized,CASELLA WASTE SYSTEMS INC,current_mapping_row,SEC company_tickers_exchange,,,1.0,
USA,CASUAL MALE RETAIL GROUP,,needs_review,,current_mapping_row,,,,0.0,
USA,CHAMPION ENTERPRISES,,needs_review,,current_mapping_row,,,,0.0,
USA,CITY BANK LYNNWOOD,,needs_review,,current_mapping_row,,,,0.0,
USA,COMSYS IT PARTNERS,,needs_review,,current_mapping_row,,,,0.0,
USA,CORUS BANKSHARES,,needs_review,,current_mapping_row,,,,0.0,
USA,ENTRAVISION COMMUNI. A,,needs_review,,current_mapping_row,,,,0.0,
USA,FIBERTOWER CORP,,needs_review,,current_mapping_row,,,,0.0,
USA,FLOTEK INDS,,needs_review,,current_mapping_row,,,,0.0,
USA,FRIEDMAN BILL RAM A (NEW,,needs_review,,current_mapping_row,,,,0.0,
USA,GSI GROUP,,needs_review,,current_mapping_row,,,,0.0,
USA,GUARANTY FINANCIAL GROUP,,needs_review,,current_mapping_row,,,,0.0,
USA,HANMI FINANCIAL CORP,HAFC,mapped_exact_normalized,HANMI FINANCIAL CORP,current_mapping_row,SEC company_tickers_exchange,,,1.0,
USA,HUBBELL A,HUBB,mapped_exact_normalized,HUBBELL INC,current_mapping_row,SEC company_tickers_exchange,,,1.0,
USA,HUDSON HIGHLAND GROUP,,needs_review,,current_mapping_row,,,,0.0,
USA,HUTCHINSON TECHNOLOGY,,needs_review,,current_mapping_row,,,,0.0,
USA,INDEPENDENT BANK (MICH),INDB,mapped_exact_normalized,INDEPENDENT BANK CORP,current_mapping_row,SEC company_tickers_exchange,,,1.0,
USA,INTEGRA BANK CORP,,needs_review,,current_mapping_row,,,,0.0,
USA,LEE ENTERPRISES,LEE,mapped_exact_normalized,"LEE ENTERPRISES, Inc",current_mapping_row,SEC company_tickers_exchange,,,1.0,
USA,LTX - CREDENCE,,needs_review,,current_mapping_row,,,,0.0,
USA,MAGMA DESIGN AUTOMATION,,needs_review,,current_mapping_row,,,,0.0,
USA,MAGUIRE PROPERTIES,,needs_review,,current_mapping_row,,,,0.0,
USA,MATTSON TECHNOLOGY,,needs_review,,current_mapping_row,,,,0.0,
USA,MEDIA GENERAL A,,needs_review,,current_mapping_row,,,,0.0,
USA,MRV COMMUNICATIONS,,needs_review,,current_mapping_row,,,,0.0,
USA,NEENAH PAPER,,needs_review,,current_mapping_row,,,,0.0,
USA,NEWCASTLE INVESTMENT,,needs_review,,current_mapping_row,,,,0.0,
USA,ORBCOMM,,needs_review,,current_mapping_row,,,,0.0,
USA,PARAGON SHIPPING CLASS A,,needs_review,,current_mapping_row,,,,0.0,
USA,PARALLEL PETROLEUM CORP,,needs_review,,current_mapping_row,,,,0.0,
USA,SAFE BULKERS,SB,mapped_exact_normalized,"SAFE BULKERS, INC.",current_mapping_row,SEC company_tickers_exchange,,,1.0,
USA,SINA CORP,,needs_review,,current_mapping_row,,,,0.0,
USA,STRATEGIC HOTELS & RES,,needs_review,,current_mapping_row,,,,0.0,
USA,SUNRISE SENIOR LIVING,,needs_review,,current_mapping_row,,,,0.0,
USA,TAYLOR CAPITAL GROUP,,needs_review,,current_mapping_row,,,,0.0,
USA,TEXTAINER GROUP HOLDINGS,,needs_review,,current_mapping_row,,,,0.0,
USA,TRICO MARINE SER,,needs_review,,current_mapping_row,,,,0.0,
USA,TWEEN BRANDS,,needs_review,,current_mapping_row,,,,0.0,
USA,TXCO RESOURCES,,needs_review,,current_mapping_row,,,,0.0,
USA,ULTRA CLEAN HOLDINGS,UCTT,mapped_exact_normalized,"Ultra Clean Holdings, Inc.",current_mapping_row,SEC company_tickers_exchange,,,1.0,
USA,VONAGE HOLDINGS,,needs_review,,current_mapping_row,,,,0.0,
USA,WATERSTONE FINANCIAL,WSBF,mapped_exact_normalized,"Waterstone Financial, Inc.",current_mapping_row,SEC company_tickers_exchange,,,1.0,
USA,WEST COAST BANCORP/OREG.,,needs_review,,current_mapping_row,,,,0.0,
USA,XERIUM TECHNOLOGIES,,needs_review,,current_mapping_row,,,,0.0,
TAIWAN,A.G.V. PRODUCTS,1217,verified_tw_yahoo_google_round8,A.G.V. Products Corporation / 愛之味,current_mapping_row,Round8 Yahoo Finance/Google query: A.G.V. Products Taiwan stock -> 1217.TW,,,0.99,
TAIWAN,ADVANCED CERAMIC X CORP,3152,verified_tw_current_round7,Advanced Ceramic X Corporation,current_mapping_row,Round7 current-code discovery: Yahoo Finance search matched `Advanced Ceramic X Corporation`/3152.TWO; code exists in TWSE/TPEx/FinLab Taiwan reference universe. Local refs: ACX | 璟德 | 璟德電子工業股份有限公司,,,1.0000,
TAIWAN,APEX BIOTECHNOLOGY CORP,1733,verified_tw_current_round7,Apex Biotechnology Corp.,current_mapping_row,Round7 current-code discovery: Yahoo Finance search matched `Apex Biotechnology Corp.`/1733.TW; code exists in TWSE/TPEx/FinLab Taiwan reference universe. Local refs: ApexBio | 五鼎 | 五鼎生物技術股份有限公司,,,1.0000,
TAIWAN,COSMOS BANK TAIWAN,2837,verified_tw_historical_round8c,Cosmos Bank Taiwan / 萬泰銀行,current_mapping_row,Round8c web/Yahoo/Google evidence: Investing/Cosmos Bank historical pages show Cosmos Bank (2837); later acquired by CDF/KGI.,,,0.95,
TAIWAN,DA-CIN CONSTRUCTION CO,2535,verified_tw_reference_fuzzy,DA-CIN,current_mapping_row,FinLab company_basic_info:英文簡稱,,,0.9216,
TAIWAN,DELSOLAR CO,3599,verified_tw_historical_round7,DelSolar,current_mapping_row,Round7 official historical delisted source: TWSE EN suspendListing official delist_date=2013/05/31,,,1.0000,
TAIWAN,DYNAMIC ELECTRONICS CO,6251,verified_tw_historical_round7,DYNAMIC,current_mapping_row,Round7 official historical delisted source: TWSE EN suspendListing official delist_date=2022/08/25,,,1.0000,
TAIWAN,E-ONE MOLI ENERGY CORP,3127,verified_tw_historical_round8c,E-One Moli Energy Corp. / 能元科技,current_mapping_row,Round8c web/Yahoo/Google evidence: Cnyes profile for E-ONE MOLI ENERGY CORP. shows code 3127; unlisted/ESB historical code.,,,0.95,
TAIWAN,FARGLORY FTZ INVESTMENT,5607,verified_tw_reference_fuzzy,Farglory FTZ,current_mapping_row,FinLab company_basic_info:英文簡稱,,,0.9422,
TAIWAN,GAMANIA DIGITAL ENTERTA,6180,verified_tw_reference_fuzzy,GAMANIA,current_mapping_row,FinLab company_basic_info:英文簡稱,,,0.9204,
TAIWAN,GREAT CHINA METAL IND,9905,verified_tw_current_round7,"Great China Metal Ind. Co., Ltd.",current_mapping_row,"Round7 current-code discovery: Yahoo Finance search matched `Great China Metal Ind. Co., Ltd.`/9905.TW; code exists in TWSE/TPEx/FinLab Taiwan reference universe. Local refs: GCM | 大華 | 大華金屬工業股份有限公司",,,1.0000,
TAIWAN,HUGA OPTOTECH,8199,verified_tw_historical_round7,HUGA,current_mapping_row,Round7 official historical delisted source: TWSE EN suspendListing official delist_date=2012/12/28,,,0.6667,
TAIWAN,INSYDE SOFTWARE CORP,6231,verified_tw_reference_fuzzy,Insyde,current_mapping_row,FinLab company_basic_info:英文簡稱,,,0.93,
TAIWAN,I-SHENG ELECTRIC WIRE,6115,verified_tw_reference_fuzzy,I-SHENG,current_mapping_row,FinLab company_basic_info:英文簡稱,,,0.9233,
TAIWAN,JANFUSUN FANCYWORLD CORP,5701,verified_tw_current_round7,Janfusun Fancyworld Corp.,current_mapping_row,Round7 current-code discovery: Yahoo Finance search matched `Janfusun Fancyworld Corp.`/5701.TWO; code exists in TWSE/TPEx/FinLab Taiwan reference universe. Local refs: JFS | 劍湖山 | 劍湖山世界股份有限公司,,,1.0000,
TAIWAN,LUMAX INT'L CORP,6192,verified_tw_reference_fuzzy,LUMAX,current_mapping_row,FinLab company_basic_info:英文簡稱,,,0.9355,
TAIWAN,MACROBLOCK,3527,verified_tw_current_round7,"Macroblock, Inc.",current_mapping_row,"Round7 current-code discovery: Yahoo Finance search matched `Macroblock, Inc.`/3527.TWO; code exists in TWSE/TPEx/FinLab Taiwan reference universe. Local refs: MBI | 聚積 | 聚積科技股份有限公司",,,1.0000,
TAIWAN,MICROBIO CO,4128,mapped_exact_normalized,MICROBIO,current_mapping_row,FinLab company_basic_info:英文簡稱,,,1.0,
TAIWAN,MICROLIFE CORP,4103,verified_tw_historical_round7,MICROLIFE CORPORATION,current_mapping_row,Round7 official historical delisted source: TPEx EN deListed official delist_date=2018-11-13,,,1.0000,
TAIWAN,ORISE TECHNOLOGY CO,3545,verified_tw_historical_round8,"Orise Technology Co., Ltd. / 奕力",current_mapping_row,Round8 Yahoo/Google historical quote: Orise Technology 3545.TW; delisted/merged,,,0.99,
TAIWAN,PHYTOHEALTH CORP,4108,mapped_exact_normalized,PhytoHealth,current_mapping_row,FinLab company_basic_info:英文簡稱,,,1.0,
TAIWAN,POWER QUOTIENT INT'L,6145,verified_tw_historical_round8c,"Power Quotient International Co., Ltd. / 勁永國際",current_mapping_row,Round8c web/Yahoo/Google evidence: PatSnap/Discovery profile shows TPE:6145 and stock symbol 6145.,,,0.95,
TAIWAN,SINON CORP,1712,mapped_exact_normalized,SINON,current_mapping_row,FinLab company_basic_info:英文簡稱,,,1.0,
TAIWAN,SUNONWEALTH ELECTRIC MAC,2421,verified_tw_current_round7,"Sunonwealth Electric Machine Industry Co., Ltd.",current_mapping_row,"Round7 current-code discovery: Yahoo Finance search matched `Sunonwealth Electric Machine Industry Co., Ltd.`/2421.TW; code exists in TWSE/TPEx/FinLab Taiwan reference universe. Local refs: SUNON | 建準 | 建準電機工業股份有限公司",,,1.0000,
TAIWAN,SYNCMOLD ENTERPRISE CORP,1582,verified_tw_reference_fuzzy,SYNCMOLD,current_mapping_row,FinLab company_basic_info:英文簡稱,,,0.9321,
TAIWAN,TAIWAN ACCEPTANCE CORP,9941,verified_tw_current_round7,Taiwan Acceptance Corporation,current_mapping_row,Round7 current-code discovery: Yahoo Finance search matched `Taiwan Acceptance Corporation`/9941.TW; code exists in TWSE/TPEx/FinLab Taiwan reference universe. Local refs: TAC | 裕融 | 裕融企業股份有限公司,,,1.0000,
TAIWAN,TAIWAN LAND CORP,2841,verified_tw_historical_round8c,Taiwan Land Development Corporation / 台開,current_mapping_row,Round8c web/Yahoo/Google evidence: CompanyInfoTW record shows stock code 2841 and English name Taiwan Land Development Corporation.,,,0.95,
TAIWAN,TTY BIOPHARM CO,4105,verified_tw_current_round7,TTY Biopharm Company Limited,current_mapping_row,Round7 current-code discovery: Yahoo Finance search matched `TTY Biopharm Company Limited`/4105.TWO; code exists in TWSE/TPEx/FinLab Taiwan reference universe. Local refs: TTY | 台灣東洋藥品工業股份有限公司 | 東洋,,,1.0000,
TAIWAN,UNION INSURANCE CO,2816,verified_tw_reference_fuzzy,UNION INS.,current_mapping_row,FinLab company_basic_info:英文簡稱,,,0.95,
TAIWAN,YIEH UNITED STEEL CORP,9957,verified_tw_current_round7,Yieh United Steel Corp.,current_mapping_row,Round7 current-code discovery: Yahoo Finance search matched `Yieh United Steel Corp.`/9957.TWO; code exists in TWSE/TPEx/FinLab Taiwan reference universe. Local refs: YUSCO | 燁聯 | 燁聯鋼鐵股份有限公司,,,1.0000,
TAIWAN,YOUNG OPTICS,3504,mapped_exact_normalized,Young Optics,current_mapping_row,FinLab company_basic_info:英文簡稱,,,1.0,
TAIWAN,CHINESE MARITIME TRANSP,2612,verified_tw_current_round7,Chinese Maritime Transport Ltd.,current_mapping_row,Round7 current-code discovery: Yahoo Finance search matched `Chinese Maritime Transport Ltd.`/2612.TW; code exists in TWSE/TPEx/FinLab Taiwan reference universe. Local refs: CMT | 中國航運股份有限公司 | 中航,,,1.0000,
TAIWAN,FUBON NO 1 REIT,01001T,verified_tw_reit_round8,Fubon No.1 REIT / 富邦一號,current_mapping_row,Round8 Yahoo/Google/TWSE REIT query: Fubon No.1 REIT -> 01001T,,,0.99,
TAIWAN,SHIN KONG NO 1 REIT,01003T,verified_tw_reit_round8,Shin Kong No.1 REIT / 新光一號,current_mapping_row,Round8 Yahoo/Google/TWSE REIT query: Shin Kong No.1 REIT -> 01003T,,,0.99,
USA,A123 SYSTEMS,,needs_review,,current_mapping_row,,,,0.0,
USA,AGA MEDICAL HOLDINGS,,needs_review,,current_mapping_row,,,,0.0,
USA,ALAMO GROUP,ALG,mapped_exact_normalized,ALAMO GROUP INC,current_mapping_row,SEC company_tickers_exchange,,,1.0,
USA,ALLIED NEVADA GOLD,,needs_review,,current_mapping_row,,,,0.0,
USA,APAC CUSTOMER SERVICES,,needs_review,,current_mapping_row,,,,0.0,
USA,ARCHIPELAGO LEARNING,,needs_review,,current_mapping_row,,,,0.0,
USA,ARTIO GLOBAL INVESTORS A,,needs_review,,current_mapping_row,,,,0.0,
USA,ASSOCIATED ESTATES REAL.,,needs_review,,current_mapping_row,,,,0.0,
USA,BIOCRYST PHARMACEUTICALS,BCRX,mapped_exact_normalized,BIOCRYST PHARMACEUTICALS INC,current_mapping_row,SEC company_tickers_exchange,,,1.0,
USA,BIOSCRIP,,needs_review,,current_mapping_row,,,,0.0,
USA,BON-TON STORES,,needs_review,,current_mapping_row,,,,0.0,
USA,CENTERSTATE BANKS,,needs_review,,current_mapping_row,,,,0.0,
USA,CHINA AGRITECH,,needs_review,,current_mapping_row,,,,0.0,
USA,CHINA AUTOMOTIVE SYSTEMS,CAAS,mapped_exact_normalized,"China Automotive Systems, Inc.",current_mapping_row,SEC company_tickers_exchange,,,1.0,
USA,CHINA BIOLOGIC PRODUCTS,,needs_review,,current_mapping_row,,,,0.0,
USA,CHINA GREEN AGRICULTURE,,needs_review,,current_mapping_row,,,,0.0,
USA,CHINA INTEGRATED ENERGY,,needs_review,,current_mapping_row,,,,0.0,
USA,CHINACAST EDUCATION,,needs_review,,current_mapping_row,,,,0.0,
USA,CITIZENS REPUBLIC BANC,,needs_review,,current_mapping_row,,,,0.0,
USA,CLOUD PEAK ENERGY,,needs_review,,current_mapping_row,,,,0.0,
USA,COGDELL SPENCER INC,,needs_review,,current_mapping_row,,,,0.0,
USA,COLONY FINANCIAL,,needs_review,,current_mapping_row,,,,0.0,
USA,COWEN GROUP,,needs_review,,current_mapping_row,,,,0.0,
USA,DELCATH SYSTEMS,DCTH,mapped_exact_normalized,"DELCATH SYSTEMS, INC.",current_mapping_row,SEC company_tickers_exchange,,,1.0,
USA,DOLE FOOD CO,,needs_review,,current_mapping_row,,,,0.0,
USA,DORMAN PRODUCTS,DORM,mapped_exact_normalized,"Dorman Products, Inc.",current_mapping_row,SEC company_tickers_exchange,,,1.0,
USA,ECHO GLOBAL LOGISTICS,,needs_review,,current_mapping_row,,,,0.0,
USA,EDUCATION MGMT CORP,,needs_review,,current_mapping_row,,,,0.0,
USA,EMDEON A,,needs_review,,current_mapping_row,,,,0.0,
USA,ENTROPIC COMMUNICATIONS,,needs_review,,current_mapping_row,,,,0.0,
USA,FLAGSTAR BANCORP,,needs_review,,current_mapping_row,,,,0.0,
USA,GEORESOURCES,,needs_review,,current_mapping_row,,,,0.0,
USA,GEORGIA GULF CORP,,needs_review,,current_mapping_row,,,,0.0,
USA,GRAHAM PACKAGING CO,,needs_review,,current_mapping_row,,,,0.0,
USA,GREEN PLAINS RENEW. NRG,,needs_review,,current_mapping_row,,,,0.0,
USA,GULF RESOURCES,GURE,mapped_exact_normalized,"GULF RESOURCES, INC.",current_mapping_row,SEC company_tickers_exchange,,,1.0,
USA,HAWKINS,HWKN,mapped_exact_normalized,HAWKINS INC,current_mapping_row,SEC company_tickers_exchange,,,1.0,
USA,IMPAX LABORATORIES,,needs_review,,current_mapping_row,,,,0.0,
USA,INVESCO MORTGAGE CAPITAL,IVR,mapped_exact_normalized,Invesco Mortgage Capital Inc.,current_mapping_row,SEC company_tickers_exchange,,,1.0,
USA,IRIDIUM COMMUNICATIONS,IRDM,mapped_exact_normalized,Iridium Communications Inc.,current_mapping_row,SEC company_tickers_exchange,,,1.0,
USA,IRONWOOD PHARMACEUTICALS,IRWD,mapped_exact_normalized,IRONWOOD PHARMACEUTICALS INC,current_mapping_row,SEC company_tickers_exchange,,,1.0,
USA,KAR AUCTION SERVICES,,needs_review,,current_mapping_row,,,,0.0,
USA,KIRKLANDS,,needs_review,,current_mapping_row,,,,0.0,
USA,KRATON PERFORMANCE POLY,,needs_review,,current_mapping_row,,,,0.0,
USA,LIVEPERSON,LPSN,mapped_exact_normalized,LIVEPERSON INC,current_mapping_row,SEC company_tickers_exchange,,,1.0,
USA,MAKO SURGICAL CORP,,needs_review,,current_mapping_row,,,,0.0,
USA,MARINEMAX,HZO,mapped_exact_normalized,MARINEMAX INC,current_mapping_row,SEC company_tickers_exchange,,,1.0,
USA,METALICO,,needs_review,,current_mapping_row,,,,0.0,
USA,MICRUS ENDOVASCULAR,,needs_review,,current_mapping_row,,,,0.0,
USA,MINDSPEED TECHNOLOGIES,,needs_review,,current_mapping_row,,,,0.0,
USA,MISTRAS GROUP,MG,mapped_exact_normalized,"Mistras Group, Inc.",current_mapping_row,SEC company_tickers_exchange,,,1.0,
USA,NCI BUILDING SYSTEMS,,needs_review,,current_mapping_row,,,,0.0,
USA,OCLARO,,needs_review,,current_mapping_row,,,,0.0,
USA,BLOCKBUSTER A,,needs_review,,current_mapping_row,,,,0.0,
USA,CONSOLIDATED TOMOKA LAND,,needs_review,,current_mapping_row,,,,0.0,
USA,GTX,,needs_review,,current_mapping_row,,,,0.0,
USA,ICO GLOBAL COM HLDG,,needs_review,,current_mapping_row,,,,0.0,
USA,INTEGRATED ELECTR SVC,,needs_review,,current_mapping_row,,,,0.0,
USA,JACKSON HEWITT TAX SVCS,,needs_review,,current_mapping_row,,,,0.0,
USA,KV PHARMACEUTICAL CO A,,needs_review,,current_mapping_row,,,,0.0,
USA,NIGHTHAWK RADIOLOGY HOLD,,needs_review,,current_mapping_row,,,,0.0,
USA,RASER TECHNOLOGIES,,needs_review,,current_mapping_row,,,,0.0,
USA,REPUBLIC AIRWAYS HLDG,,needs_review,,current_mapping_row,,,,0.0,
USA,RUSH ENTERPRISES B,RUSHA,mapped_exact_normalized,"Rush Enterprises, Inc. - Class A Common Stock",current_mapping_row,NasdaqTrader nasdaqlisted,,,1.0,
USA,ZALE CORP,,needs_review,,current_mapping_row,,,,0.0,
TAIWAN,ABNOVA CORP,4133,mapped_exact_normalized,Abnova,current_mapping_row,FinLab company_basic_info:英文簡稱,,,1.0,
TAIWAN,ACES ELECTRONIC CO,3605,verified_tw_current_round7,"ACES Electronics Co., Ltd.",current_mapping_row,"Round7 current-code discovery: Yahoo Finance search matched `ACES Electronics Co., Ltd.`/3605.TW; code exists in TWSE/TPEx/FinLab Taiwan reference universe. Local refs: ACES | 宏致 | 宏致電子股份有限公司",,,1.0000,
TAIWAN,ACME ELECTRONICS CORP,8121,verified_tw_current_round7,Acme Electronics Corporation,current_mapping_row,Round7 current-code discovery: Yahoo Finance search matched `Acme Electronics Corporation`/8121.TWO; code exists in TWSE/TPEx/FinLab Taiwan reference universe. Local refs: ACME | 越峰 | 越峰電子材料股份有限公司,,,1.0000,
TAIWAN,ADV WIRELESS SEMICONDUC,8086,verified_tw_yahoo_google_round8,Advanced Wireless Semiconductor Company / 宏捷科,current_mapping_row,Round8 Yahoo/Google query: Advanced Wireless Semiconductor Taiwan stock -> 8086.TWO,,,0.99,
TAIWAN,CHANGS ASCENDING ENTERPR,8038,verified_tw_current_round7,"Changs Ascending Enterprise Co., Ltd.",current_mapping_row,"Round7 current-code discovery: Yahoo Finance search matched `Changs Ascending Enterprise Co., Ltd.`/8038.TWO; code exists in TWSE/TPEx/FinLab Taiwan reference universe. Local refs: CAEC | 長園科 | 長園科技實業股份有限公司",,,1.0000,
TAIWAN,COXON PRECISE IND CO,3607,verified_tw_reference_fuzzy,Coxon,current_mapping_row,FinLab company_basic_info:英文簡稱,,,0.9194,
TAIWAN,CYBERPOWER SYSTEMS,3617,verified_tw_reference_fuzzy,CyberPower,current_mapping_row,FinLab company_basic_info:英文簡稱,,,0.9456,
TAIWAN,DAHAN DEVELOPMENT CORP,5530,verified_tw_historical_round8d,"Dahan Development Corp., later Lungyen Life Service Corp. / 大漢建設→龍巖",current_mapping_row,Round8d web/Yahoo/Google evidence: Lungyen annual report states Stock code 5530 and formerly known as Dahan Development Corp.; MoneyDJ confirms 2011 rename to Lungyen.,,,0.95,
TAIWAN,DAXON TECHNOLOGY,8215,verified_tw_yahoo_google_round8c,BenQ Materials Corp. formerly Daxon Technology Inc. / 明基材料,current_mapping_row,Round8c web/Yahoo/Google evidence: BenQ Materials company history and Yahoo Finance say formerly Daxon Technology Inc.; ticker 8215.TW.,,,0.95,
TAIWAN,EDISON OPTO CORP,3591,mapped_exact_normalized,EDISON OPTO,current_mapping_row,FinLab company_basic_info:英文簡稱,,,1.0,
TAIWAN,ENTIRE TECHNOLOGY CO,6775,verified_tw_reference_fuzzy,ENTIRE TECH,current_mapping_row,FinLab company_basic_info:英文簡稱,,,0.9547,
TAIWAN,G TECH OPTOELECTRONICS C,3149,verified_tw_current_round7,G-TECH Optoelectronics Corporation,current_mapping_row,Round7 current-code discovery: Yahoo Finance search matched `G-TECH Optoelectronics Corporation`/3149.TW; code exists in TWSE/TPEx/FinLab Taiwan reference universe. Local refs: G-TECH | 正達 | 正達國際光電股份有限公司,,,1.0000,
TAIWAN,GIGASOLAR MATERIALS COR,3691,verified_tw_reference_fuzzy,GIGASOLAR,current_mapping_row,FinLab company_basic_info:英文簡稱,,,0.9291,
TAIWAN,GIGASTORAGE CORP,2406,verified_tw_current_round7,Gigastorage Corporation,current_mapping_row,Round7 current-code discovery: Yahoo Finance search matched `Gigastorage Corporation`/2406.TW; code exists in TWSE/TPEx/FinLab Taiwan reference universe. Local refs: GSC | 國碩 | 國碩科技工業股份有限公司,,,1.0000,
TAIWAN,GRAPE KING,1707,verified_tw_current_round7,Grape King Bio Ltd,current_mapping_row,Round7 current-code discovery: Yahoo Finance search matched `Grape King Bio Ltd`/1707.TW; code exists in TWSE/TPEx/FinLab Taiwan reference universe. Local refs: GKB | 葡萄王 | 葡萄王生技股份有限公司,,,1.0000,
TAIWAN,HITI DIGITAL,3494,verified_tw_current_round7,"HiTi Digital, Inc.",current_mapping_row,"Round7 current-code discovery: Yahoo Finance search matched `HiTi Digital, Inc.`/3494.TW; code exists in TWSE/TPEx/FinLab Taiwan reference universe. Local refs: HiTi | 誠研 | 誠研科技股份有限公司",,,1.0000,
TAIWAN,CATHAY NO 2 REIT,01007T,verified_tw_reit_round8,Cathay No.2 REIT / 國泰二號,current_mapping_row,Round8 Yahoo/Google/TWSE REIT query: Cathay No.2 REIT -> 01007T,,,0.99,
USA,ABITIBIBOWATER NEW,,needs_review,,current_mapping_row,,,,0.0,
USA,ABRAXAS PETE CORP,,needs_review,,current_mapping_row,,,,0.0,
USA,ACCURIDE CORP,,needs_review,,current_mapping_row,,,,0.0,
USA,AEGERION PHARMACEUTICALS,,needs_review,,current_mapping_row,,,,0.0,
USA,AEROFLEX HOLDING CORP,,needs_review,,current_mapping_row,,,,0.0,
USA,AMERICAN ASSETS TRUST,AAT,mapped_exact_normalized,"American Assets Trust, Inc.",current_mapping_row,SEC company_tickers_exchange,,,1.0,
USA,AMERIGON,,needs_review,,current_mapping_row,,,,0.0,
USA,AMYRIS,,needs_review,,current_mapping_row,,,,0.0,
USA,ARCTIC CAT,,needs_review,,current_mapping_row,,,,0.0,
USA,ARMOUR RESIDENTIAL REIT,ARR,mapped_exact_normalized,"Armour Residential REIT, Inc.",current_mapping_row,SEC company_tickers_exchange,,,1.0,
USA,BANCORP BANK/THE,,needs_review,,current_mapping_row,,,,0.0,
USA,BANKUNITED,BKU,mapped_exact_normalized,"BankUnited, Inc.",current_mapping_row,SEC company_tickers_exchange,,,1.0,
USA,BANNER CORP,BANR,mapped_exact_normalized,BANNER CORP,current_mapping_row,SEC company_tickers_exchange,,,1.0,
USA,BODY CENTRAL CORP,,needs_review,,current_mapping_row,,,,0.0,
USA,BRAVO BRIO RESTAURNT GRP,,needs_review,,current_mapping_row,,,,0.0,
USA,BROADSOFT,,needs_review,,current_mapping_row,,,,0.0,
USA,CAMPUS CREST COMMUNITIES,,needs_review,,current_mapping_row,,,,0.0,
USA,CENTER FINANCIAL CORP,,needs_review,,current_mapping_row,,,,0.0,
USA,CHEMTURA,,needs_review,,current_mapping_row,,,,0.0,
USA,CHINDEX INTERNATIONAL,,needs_review,,current_mapping_row,,,,0.0,
USA,COMPLETE GENOMICS,,needs_review,,current_mapping_row,,,,0.0,
USA,CORESITE REALTY CORP,,needs_review,,current_mapping_row,,,,0.0,
USA,CURIS,CRIS,mapped_exact_normalized,CURIS INC,current_mapping_row,SEC company_tickers_exchange,,,1.0,
USA,DRUGSTORE.COM,,needs_review,,current_mapping_row,,,,0.0,
USA,DYNAVAX TECHNOLOGIES,,needs_review,,current_mapping_row,,,,0.0,
USA,DYNEX CAPITAL,DX,mapped_exact_normalized,DYNEX CAPITAL INC,current_mapping_row,SEC company_tickers_exchange,,,1.0,
USA,ENDEAVOUR INTL CORP,,needs_review,,current_mapping_row,,,,0.0,
USA,ENDOCYTE,,needs_review,,current_mapping_row,,,,0.0,
USA,ENERGY PARTNERS,,needs_review,,current_mapping_row,,,,0.0,
USA,EPOCH HOLDING,,needs_review,,current_mapping_row,,,,0.0,
USA,EPOCRATES,,needs_review,,current_mapping_row,,,,0.0,
USA,EXAMWORKS GROUP,,needs_review,,current_mapping_row,,,,0.0,
USA,FAIRPOINT COMMUNICATION,,needs_review,,current_mapping_row,,,,0.0,
USA,FLUIDIGM,,needs_review,,current_mapping_row,,,,0.0,
USA,FRESH MARKET(THE),,needs_review,,current_mapping_row,,,,0.0,
USA,FX ENERGY,,needs_review,,current_mapping_row,,,,0.0,
USA,GEVO,GEVO,mapped_exact_normalized,"Gevo, Inc.",current_mapping_row,SEC company_tickers_exchange,,,1.0,
USA,GORDMANS STORES,,needs_review,,current_mapping_row,,,,0.0,
USA,HAMPTON ROADS BANKSHARES,,needs_review,,current_mapping_row,,,,0.0,
USA,HEARTWARE INTERNATIONAL,,needs_review,,current_mapping_row,,,,0.0,
USA,HFF,,needs_review,,current_mapping_row,,,,0.0,
USA,HOUSTON AMERICAN NRG,,needs_review,,current_mapping_row,,,,0.0,
USA,HOWARD HUGHES CORP (THE),HHH,mapped_exact_normalized,Howard Hughes Holdings Inc.,current_mapping_row,SEC company_tickers_exchange,,,1.0,
USA,HYPERCOM CORP,,needs_review,,current_mapping_row,,,,0.0,
USA,IDT CORP B,IDT,mapped_exact_normalized,IDT CORP,current_mapping_row,SEC company_tickers_exchange,,,1.0,
USA,INHIBITEX,,needs_review,,current_mapping_row,,,,0.0,
USA,INPHI CORP,,needs_review,,current_mapping_row,,,,0.0,
USA,ISTA PHARMACEUTICALS,,needs_review,,current_mapping_row,,,,0.0,
USA,KEYNOTE SYSTEMS,,needs_review,,current_mapping_row,,,,0.0,
USA,KEYW HOLDING CORP(THE),,needs_review,,current_mapping_row,,,,0.0,
USA,KRATOS DEFENSE,,needs_review,,current_mapping_row,,,,0.0,
USA,LIBBEY,,needs_review,,current_mapping_row,,,,0.0,
USA,LPL INVESTMENT HOLDINGS,,needs_review,,current_mapping_row,,,,0.0,
USA,MAGNUM HUNTER RESOURCES,,needs_review,,current_mapping_row,,,,0.0,
USA,MAXLINEAR A,MXL,mapped_exact_normalized,"MAXLINEAR, INC",current_mapping_row,SEC company_tickers_exchange,,,1.0,
USA,MEDQUIST HOLDINGS,,needs_review,,current_mapping_row,,,,0.0,
USA,MERCER INT'L SBI,,needs_review,,current_mapping_row,,,,0.0,
USA,MERU NETWORKS,,needs_review,,current_mapping_row,,,,0.0,
USA,MONEYGRAM INTL,,needs_review,,current_mapping_row,,,,0.0,
USA,MOTRICITY,,needs_review,,current_mapping_row,,,,0.0,
USA,MULTI-COLOR CORP,,needs_review,,current_mapping_row,,,,0.0,
USA,NEOPROBE,,needs_review,,current_mapping_row,,,,0.0,
USA,NETSPEND HOLDINGS,,needs_review,,current_mapping_row,,,,0.0,
USA,NN,NNBR,mapped_exact_normalized,NN INC,current_mapping_row,SEC company_tickers_exchange,,,1.0,
USA,OCZ TECHNOLOGY GROUP,,needs_review,,current_mapping_row,,,,0.0,
USA,OMEGA PROTEIN CORP,,needs_review,,current_mapping_row,,,,0.0,
USA,ADVANCED BATTERY TECH,,needs_review,,current_mapping_row,,,,0.0,
USA,AMERICAN ORIENTAL BIO,,needs_review,,current_mapping_row,,,,0.0,
USA,ASIAINFO-LINKAGE,,needs_review,,current_mapping_row,,,,0.0,
USA,CHINA BAK BATTERY,,needs_review,,current_mapping_row,,,,0.0,
USA,CHINA FIRE & SEC GROUP,,needs_review,,current_mapping_row,,,,0.0,
USA,CHINA INFO TECHNOLOGY,,needs_review,,current_mapping_row,,,,0.0,
USA,CHINA MEDIAEXPRESS HLDGS,,needs_review,,current_mapping_row,,,,0.0,
USA,CHINA NATURAL GAS,,needs_review,,current_mapping_row,,,,0.0,
USA,CHINA SEC & SURVEILLANC,,needs_review,,current_mapping_row,,,,0.0,
USA,CHINA SKY ONE MEDICAL,,needs_review,,current_mapping_row,,,,0.0,
USA,CHINA VALVES TECHNOLOGY,,needs_review,,current_mapping_row,,,,0.0,
USA,CHINA-BIOTICS,,needs_review,,current_mapping_row,,,,0.0,
USA,COGO GROUP,,needs_review,,current_mapping_row,,,,0.0,
USA,CTC MEDIA,,needs_review,,current_mapping_row,,,,0.0,
USA,CYTOKINETICS,CYTK,mapped_exact_normalized,CYTOKINETICS INC,current_mapping_row,SEC company_tickers_exchange,,,1.0,
USA,DEER CONSUMER PRODUCTS,,needs_review,,current_mapping_row,,,,0.0,
USA,ENERGY CONV. DEVICES,,needs_review,,current_mapping_row,,,,0.0,
USA,EVERGREEN SOLAR,,needs_review,,current_mapping_row,,,,0.0,
USA,FEIHE INTERNATIONAL,,needs_review,,current_mapping_row,,,,0.0,
USA,FUSHI INTERNATIONAL,,needs_review,,current_mapping_row,,,,0.0,
USA,GENPACT,G,mapped_exact_normalized,Genpact LTD,current_mapping_row,SEC company_tickers_exchange,,,1.0,
USA,HARBIN ELECTRIC,,needs_review,,current_mapping_row,,,,0.0,
USA,HORIZON LINES INC,,needs_review,,current_mapping_row,,,,0.0,
USA,L & L ENERGY,,needs_review,,current_mapping_row,,,,0.0,
USA,LIHUA INTERNATIONAL,,needs_review,,current_mapping_row,,,,0.0,
USA,PROLOR BIOTECH,,needs_review,,current_mapping_row,,,,0.0,
USA,SHENGDATECH,,needs_review,,current_mapping_row,,,,0.0,
USA,SOHU.COM,SOHU,mapped_exact_normalized,Sohu.com Ltd,current_mapping_row,SEC company_tickers_exchange,,,1.0,
USA,TBS INTERNATIONAL,,needs_review,,current_mapping_row,,,,0.0,
USA,UTSTARCOM,UTSI,mapped_exact_normalized,UTSTARCOM HOLDINGS CORP.,current_mapping_row,SEC company_tickers_exchange,,,1.0,
USA,WONDER AUTO TECHNOLOGY,,needs_review,,current_mapping_row,,,,0.0,
USA,YONGYE INTERNATIONAL,,needs_review,,current_mapping_row,,,,0.0,
USA,YRC WORLDWIDE,,needs_review,,current_mapping_row,,,,0.0,
USA,ZHONGPIN,,needs_review,,current_mapping_row,,,,0.0,
TAIWAN,ADIMMUNE,4142,verified_tw_current_round7,Adimmune Corporation,current_mapping_row,Round7 current-code discovery: Yahoo Finance search matched `Adimmune Corporation`/4142.TW; code exists in TWSE/TPEx/FinLab Taiwan reference universe. Local refs: ADIM | 國光生 | 國光生物科技股份有限公司,,,1.0000,
TAIWAN,CHENMING MOLD INDUSTRY,3013,verified_tw_yahoo_google_round8c,Chenming Electronic Technology Corp. formerly Chenming Mold Ind. Corp. / 晟銘電,current_mapping_row,"Round8c web/Yahoo/Google evidence: Investing/Disfold/EODHD show Chenming Mold Industrial Corp. / former name, TWSE:3013.",,,0.95,
TAIWAN,CHIMEI MATERIALS TECH,4960,verified_tw_yahoo_google_round8c,Cheng Mei Materials Technology Corp. formerly Chi Mei Materials Technology / 誠美材,current_mapping_row,Round8c web/Yahoo/Google evidence: Company site says stock code 4960; Cnyes says former name 奇美材料科技.,,,0.95,
TAIWAN,CRYSTALWISE TECHNOLOGY,4944,verified_tw_historical_round7,CRYSTALWISE TECHNOLOGY INC.,current_mapping_row,Round7 official historical delisted source: TPEx EN deListed official delist_date=2023-11-01,,,1.0000,
TAIWAN,HIROCA HOLDINGS,1338,mapped_exact_normalized,Hiroca,current_mapping_row,FinLab company_basic_info:英文簡稱,,,1.0,
TAIWAN,LITE-ON IT,8008,verified_tw_historical_round7,LITE-ON IT,current_mapping_row,Round7 official historical delisted source: TWSE EN suspendListing official delist_date=2013/07/12,,,1.0000,
TAIWAN,MITAC INTERNATIONAL,2315,verified_tw_historical_round8,MiTAC International Corp. / 神達,current_mapping_row,Round8 Yahoo/Google historical quote: MiTAC International 2315.TW; later MiTAC Holdings context,,,0.99,
TAIWAN,PRIMAX ELECTRONICS,4915,verified_tw_reference_fuzzy,Primax,current_mapping_row,FinLab company_basic_info:英文簡稱,,,0.9233,
TAIWAN,SERCOMM CORP,5388,mapped_exact_normalized,Sercomm,current_mapping_row,FinLab company_basic_info:英文簡稱,,,1.0,
TAIWAN,SKYMEDI,3377,verified_tw_yahoo_google_round8,Skymedi Corporation / 創惟,current_mapping_row,Round8 Yahoo/Google query: Skymedi Taiwan stock -> 3377.TWO,,,0.99,
TAIWAN,VIKING TECH,3624,verified_tw_reference_fuzzy,VIKING,current_mapping_row,FinLab company_basic_info:英文簡稱,,,0.9445,
TAIWAN,C-MEDIA ELECTRONICS,6237,verified_tw_current_round7,C-Media Electronics Inc.,current_mapping_row,Round7 current-code discovery: Yahoo Finance search matched `C-Media Electronics Inc.`/6237.TWO; code exists in TWSE/TPEx/FinLab Taiwan reference universe. Local refs: CMEI | 驊訊 | 驊訊電子企業股份有限公司,,,1.0000,
TAIWAN,KAI CHIEH INTL INV,2721,verified_tw_yahoo_google_round8d,Kai Chieh International Investment Ltd. / 楷捷-KY,current_mapping_row,Round8d web/Yahoo/Google evidence: Cnyes and CSRHub pages show Kai Chieh International Investment Ltd. ticker/code 2721.,,,0.95,
TAIWAN,TAIWAN IC PACKAGING,3372,verified_tw_current_round7,Taiwan IC Packaging Corporation,current_mapping_row,Round7 current-code discovery: Yahoo Finance search matched `Taiwan IC Packaging Corporation`/3372.TWO; code exists in TWSE/TPEx/FinLab Taiwan reference universe. Local refs: TICP | 典範 | 台灣典範半導體股份有限公司,,,1.0000,
TAIWAN,TECOM,2321,mapped_exact_normalized,TECOM,current_mapping_row,FinLab company_basic_info:英文簡稱,,,1.0,
TAIWAN,YUFO ELECTRONIC CORP,6194,verified_tw_current_round7b,"Yufo Electronics Co., Ltd.",current_mapping_row,"Round7b variant current-code discovery: Yahoo Finance search matched `Yufo Electronics Co., Ltd.`/6194.TWO; code exists in TWSE/TPEx/FinLab Taiwan reference universe. Local refs: YUFO | 育富 | 育富電子股份有限公司",,,1.0000,
TAIWAN,ZENTEL ELECTRONIC CORP,3553,verified_tw_historical_round7,Zentel Electronics Corporation,current_mapping_row,Round7 official historical delisted source: TPEx EN deListed official delist_date=2017-10-01,,,1.0000,
USA,ACADIA HEALTHCARE,ACHC,mapped_exact_normalized,"Acadia Healthcare Company, Inc.",current_mapping_row,SEC company_tickers_exchange,,,1.0,
USA,AG MORTGAGE INV TRUST,,needs_review,,current_mapping_row,,,,0.0,
USA,AMERICAN CAPITAL MORT,,needs_review,,current_mapping_row,,,,0.0,
USA,ANGIES LIST,,needs_review,,current_mapping_row,,,,0.0,
USA,ANTARES PHARMA,,needs_review,,current_mapping_row,,,,0.0,
USA,APCO OIL & GAS,,needs_review,,current_mapping_row,,,,0.0,
USA,APOLLO RESIDENTIAL MORT,,needs_review,,current_mapping_row,,,,0.0,
USA,ARRAY BIOPHARMA,,needs_review,,current_mapping_row,,,,0.0,
USA,BAZAARVOICE,,needs_review,,current_mapping_row,,,,0.0,
USA,BOINGO WIRELESS,,needs_review,,current_mapping_row,,,,0.0,
USA,BRIGHTCOVE,BCOV,verified_us_web_high_confidence,Brightcove Inc.,current_mapping_row,web_verified_round2:https://investor.brightcove.com/financial-information,,,0.98,
USA,CAESARS ENTERTAINMENT,CZR,mapped_exact_normalized,"Caesars Entertainment, Inc.",current_mapping_row,SEC company_tickers_exchange,,,1.0,
USA,CAPITAL SENIOR LIVING,,needs_review,,current_mapping_row,,,,0.0,
USA,CARROLS RESTAURANT GRP,,needs_review,,current_mapping_row,,,,0.0,
USA,CLOVIS ONCOLOGY,,needs_review,,current_mapping_row,,,,0.0,
USA,COMPUTER TASK GROUP,,needs_review,,current_mapping_row,,,,0.0,
USA,CONVIO,,needs_review,,current_mapping_row,,,,0.0,
USA,COST PLUS,,needs_review,,current_mapping_row,,,,0.0,
USA,CREXUS INVESTMENT CORP,,needs_review,,current_mapping_row,,,,0.0,
USA,CYNOSURE INC A,,needs_review,,current_mapping_row,,,,0.0,
USA,DDI CORP,,needs_review,,current_mapping_row,,,,0.0,
USA,FX ALLIANCE,,needs_review,,current_mapping_row,,,,0.0,
USA,GENTIVA HEALTH SERVICES,,needs_review,,current_mapping_row,,,,0.0,
USA,GLOBECOMM SYSTEMS,,needs_review,,current_mapping_row,,,,0.0,
USA,GLU MOBILE,,needs_review,,current_mapping_row,,,,0.0,
USA,GREENWAY MEDICAL TECH,,needs_review,,current_mapping_row,,,,0.0,
USA,GUIDANCE SOFTWARE,,needs_review,,current_mapping_row,,,,0.0,
USA,HALCON RESOURCES,,needs_review,,current_mapping_row,,,,0.0,
USA,HOMEAWAY,,needs_review,,current_mapping_row,,,,0.0,
USA,IMPERVA,,needs_review,,current_mapping_row,,,,0.0,
USA,INTEGRATED SILICON SOL'N,,needs_review,,current_mapping_row,,,,0.0,
USA,INVENSENSE,,needs_review,,current_mapping_row,,,,0.0,
USA,JIVE SOFTWARE,,needs_review,,current_mapping_row,,,,0.0,
USA,LAREDO PETROLEUM HLDGS,,needs_review,,current_mapping_row,,,,0.0,
USA,MATADOR RESOURCES,MTDR,mapped_exact_normalized,Matador Resources Co,current_mapping_row,SEC company_tickers_exchange,,,1.0,
USA,MATTRESS FIRM HLDG,,needs_review,,current_mapping_row,,,,0.0,
USA,MITCHAM INDUSTRIES,,needs_review,,current_mapping_row,,,,0.0,
USA,MULTIMEDIA GAMES,,needs_review,,current_mapping_row,,,,0.0,
USA,PACIRA PHARMACEUTICALS,,needs_review,,current_mapping_row,,,,0.0,
USA,PANDORA MEDIA,,needs_review,,current_mapping_row,,,,0.0,
USA,PARAMOUNT GOLD & SILVER,,needs_review,,current_mapping_row,,,,0.0,
USA,PARK-OHIO HOLDINGS CORP,PKOH,mapped_exact_normalized,PARK OHIO HOLDINGS CORP,current_mapping_row,SEC company_tickers_exchange,,,1.0,
USA,PROCERA NETWORKS,,needs_review,,current_mapping_row,,,,0.0,
USA,PROTO LABS,PRLB,mapped_exact_normalized,Proto Labs Inc,current_mapping_row,SEC company_tickers_exchange,,,1.0,
USA,ROUNDYS,,needs_review,,current_mapping_row,,,,0.0,
USA,RUTH'S HOSPITALITY GROUP,,needs_review,,current_mapping_row,,,,0.0,
USA,SANCHEZ ENERGY CORP,,needs_review,,current_mapping_row,,,,0.0,
USA,SANTARUS,,needs_review,,current_mapping_row,,,,0.0,
USA,SCIQUEST,,needs_review,,current_mapping_row,,,,0.0,
USA,SPECTRANETICS CORP,,needs_review,,current_mapping_row,,,,0.0,
USA,SUREWEST COMMUNICATIONS,,needs_review,,current_mapping_row,,,,0.0,
USA,TMS INTERNATIONAL CORP A,,needs_review,,current_mapping_row,,,,0.0,
USA,TOWN SPORTS INT'L HLDGS,,needs_review,,current_mapping_row,,,,0.0,
USA,TRIANGLE PETROLEUM CORP,,needs_review,,current_mapping_row,,,,0.0,
USA,US SILICA HOLDINGS,,needs_review,,current_mapping_row,,,,0.0,
USA,VOXX INTL CORP A,,needs_review,,current_mapping_row,,,,0.0,
USA,ALASKA COMMUNI. SYSTEMS,,needs_review,,current_mapping_row,,,,0.0,
USA,ALIMERA SCIENCES,,needs_review,,current_mapping_row,,,,0.0,
USA,ANTHERA PHARMACEUTICALS,,needs_review,,current_mapping_row,,,,0.0,
USA,AV HOMES,,needs_review,,current_mapping_row,,,,0.0,
USA,BALTIC TRADING,,needs_review,,current_mapping_row,,,,0.0,
USA,BANKFINANCIAL CORP,,needs_review,,current_mapping_row,,,,0.0,
USA,BIOSANTE PHARM,,needs_review,,current_mapping_row,,,,0.0,
USA,CAPITAL CITY BANK GROUP,CCBG,mapped_exact_normalized,CAPITAL CITY BANK GROUP INC,current_mapping_row,SEC company_tickers_exchange,,,1.0,
USA,CHELSEA THERAPEUTICS,,needs_review,,current_mapping_row,,,,0.0,
USA,CHEROKEE,,needs_review,,current_mapping_row,,,,0.0,
USA,CODEXIS,CDXS,mapped_exact_normalized,"CODEXIS, INC.",current_mapping_row,SEC company_tickers_exchange,,,1.0,
USA,COLUMBIA LABORATORIES,,needs_review,,current_mapping_row,,,,0.0,
USA,CRAWFORD & CO B,CRD-A,mapped_exact_normalized,CRAWFORD & CO,current_mapping_row,SEC company_tickers_exchange,,,1.0,
USA,CRYOLIFE,,needs_review,,current_mapping_row,,,,0.0,
USA,CYTORI THERAPEUTICS,,needs_review,,current_mapping_row,,,,0.0,
USA,DSP GROUP,,needs_review,,current_mapping_row,,,,0.0,
USA,DURECT CORP,,needs_review,,current_mapping_row,,,,0.0,
USA,ENERGY RECOVERY,ERII,mapped_exact_normalized,"Energy Recovery, Inc.",current_mapping_row,SEC company_tickers_exchange,,,1.0,
USA,FBR & CO,,needs_review,,current_mapping_row,,,,0.0,
USA,FUEL TECH,FTEK,mapped_exact_normalized,"FUEL TECH, INC.",current_mapping_row,SEC company_tickers_exchange,,,1.0,
USA,GLEACHER & CO,,needs_review,,current_mapping_row,,,,0.0,
USA,GMX RESOURCES INC,,needs_review,,current_mapping_row,,,,0.0,
USA,HARRIS & HARRIS GROUP,,needs_review,,current_mapping_row,,,,0.0,
USA,HILL INTERNATIONAL,,needs_review,,current_mapping_row,,,,0.0,
USA,K-SWISS A,,needs_review,,current_mapping_row,,,,0.0,
USA,KERYX BIOPHARMACEUTICALS,,needs_review,,current_mapping_row,,,,0.0,
USA,LIFE PARTNERS HOLDINGS,,needs_review,,current_mapping_row,,,,0.0,
USA,MARCHEX B,MCHX,mapped_exact_normalized,MARCHEX INC,current_mapping_row,SEC company_tickers_exchange,,,1.0,
USA,METABOLIX,,needs_review,,current_mapping_row,,,,0.0,
USA,MITEK SYSTEMS,MITK,mapped_exact_normalized,MITEK SYSTEMS INC,current_mapping_row,SEC company_tickers_exchange,,,1.0,
USA,MORGANS HOTEL GROUP CO,,needs_review,,current_mapping_row,,,,0.0,
USA,NCI INC A,,needs_review,,current_mapping_row,,,,0.0,
USA,NGP CAP RES CO,,needs_review,,current_mapping_row,,,,0.0,
USA,ORCHARD SUPPLY,,needs_review,,current_mapping_row,,,,0.0,
USA,OVERSTOCK.COM,,needs_review,,current_mapping_row,,,,0.0,
USA,PACIFIC BIOSCIENCE OF CA,,needs_review,,current_mapping_row,,,,0.0,
USA,POWERWAVE TECHNOLOGIES,,needs_review,,current_mapping_row,,,,0.0,
USA,PRIMO WATER CORP,,needs_review,,current_mapping_row,,,,0.0,
USA,PROTALIX BIOTHERAPEUTI,,needs_review,,current_mapping_row,,,,0.0,
USA,PULSE ELECTRONICS CO,,needs_review,,current_mapping_row,,,,0.0,
TAIWAN,KOBIN ENVIRONMNTL ENTER,1808,verified_tw_historical_round8e,"Kobin / 國賓大地環保事業股份有限公司, later Ruentex Development / 潤隆建設",current_mapping_row,Round8e web/Google evidence: MoneyDJ/MOPS material-info article states 國賓大地環保事業股份有限公司 changed name to 潤隆建設股份有限公司 and stock code remained 1808; web66/kobin.com.tw evidence links Kobin domain to 國賓大地環保事業股份有限公司.,,,0.95,
TAIWAN,MEDIGEN BIOTECHNOLOGY,3176,verified_tw_reference_fuzzy,MEDIGEN,current_mapping_row,FinLab company_basic_info:英文簡稱,,,0.9233,
TAIWAN,TTET UNION CORPORATION,1232,verified_tw_current_round7,TTET Union Corporation,current_mapping_row,Round7 current-code discovery: Yahoo Finance search matched `TTET Union Corporation`/1232.TW; code exists in TWSE/TPEx/FinLab Taiwan reference universe. Local refs: TTET | 大統益 | 大統益股份有限公司,,,1.0000,
TAIWAN,UBRIGHT OPTRONICS CORP,4933,verified_tw_reference_fuzzy,UBRIGHT,current_mapping_row,FinLab company_basic_info:英文簡稱,,,0.9312,
TAIWAN,VIVOTEK INC,3454,verified_tw_historical_round7,VIVOTEK INC.,current_mapping_row,Round7 official historical delisted source: TPEx EN deListed official delist_date=2011-07-22,,,1.0000,
TAIWAN,XXENTRIA TECH MATERIAL,8942,verified_tw_reference_fuzzy,Xxentria,current_mapping_row,FinLab company_basic_info:英文簡稱,,,0.9264,
TAIWAN,ASTRO CORP,3064,mapped_exact_normalized,Astro Corp.,current_mapping_row,FinLab company_basic_info:英文簡稱,,,1.0,
TAIWAN,CANDO CORP,8056,verified_tw_historical_round8,Cando Corporation / 達虹,current_mapping_row,Round8 Yahoo/Google historical quote: Cando 8056.TW; delisted,,,0.99,
TAIWAN,FROCH ENTERPRISE CO,2030,verified_tw_reference_fuzzy,FROCH,current_mapping_row,FinLab company_basic_info:英文簡稱,,,0.9213,
TAIWAN,HUNG CHING DEVELOPMENT,2527,verified_tw_reference_fuzzy,Hung Ching,current_mapping_row,FinLab company_basic_info:英文簡稱,,,0.9355,
TAIWAN,JENN FENG NEW ENERGY CO,1538,verified_tw_yahoo_round8b,"Jenn Feng Industrial Tools Co., Ltd. / 正峰",current_mapping_row,Round8b Yahoo Finance search: Jenn Feng -> 1538.TW; MSCI name likely Jenn Feng New Energy naming variant.,,,0.98,
TAIWAN,KENMEC MECHANICAL ENGR.,6125,verified_tw_reference_fuzzy,KENMEC,current_mapping_row,FinLab company_basic_info:英文簡稱,,,0.9173,
TAIWAN,MAYER STEEL PIPE CORP,2020,verified_tw_reference_fuzzy,MAYER PIPE,current_mapping_row,FinLab company_basic_info:英文簡稱,,,0.83,
TAIWAN,MEILOON INDUSTRIAL CO,2477,verified_tw_reference_fuzzy,MEILOON,current_mapping_row,FinLab company_basic_info:英文簡稱,,,0.9289,
TAIWAN,POWERCOM CO,3043,verified_tw_current_round7,"Powercom Co., Ltd",current_mapping_row,"Round7 current-code discovery: Yahoo Finance search matched `Powercom Co., Ltd`/3043.TW; code exists in TWSE/TPEx/FinLab Taiwan reference universe. Local refs: PCM | 科風 | 科風股份有限公司",,,1.0000,
TAIWAN,RAYDIUM SEMICONDUCTOR CO,3592,verified_tw_reference_fuzzy,Raydium,current_mapping_row,FinLab company_basic_info:英文簡稱,,,0.9233,
TAIWAN,SHUTTLE,2405,mapped_exact_normalized,Shuttle,current_mapping_row,FinLab company_basic_info:英文簡稱,,,1.0,
TAIWAN,SUPER DRAGON TECH CO,911606,verified_tw_historical_round7,Super Group,current_mapping_row,Round7 official historical delisted source: TWSE EN suspendListing official delist_date=2012/11/06,,,1.0000,
TAIWAN,SUPREME ELECTRONICS CO,8112,verified_tw_reference_fuzzy,Supreme,current_mapping_row,FinLab company_basic_info:英文簡稱,,,0.9268,
TAIWAN,TA CHONG SECURITIES CO,6022,verified_tw_historical_round7,"Ta Chong Securities Co., Ltd.",current_mapping_row,Round7 official historical delisted source: TPEx EN deListed official delist_date=2017-08-28,,,1.0000,
TAIWAN,WELTREND SEMICONDUCTOR,2436,verified_tw_reference_fuzzy,Weltrend,current_mapping_row,FinLab company_basic_info:英文簡稱,,,0.9264,
TAIWAN,XINTEC,3374,mapped_exact_normalized,Xintec,current_mapping_row,FinLab company_basic_info:英文簡稱,,,1.0,
USA,1-800-FLOWERS.COM A,FLWS,mapped_exact_normalized,1 800 FLOWERS COM INC,current_mapping_row,SEC company_tickers_exchange,,,1.0,
USA,ACADIA PHARM,,needs_review,,current_mapping_row,,,,0.0,
USA,AMBARELLA,AMBA,mapped_exact_normalized,AMBARELLA INC,current_mapping_row,SEC company_tickers_exchange,,,1.0,
USA,AMERICAN REALTY CAPITAL,,needs_review,,current_mapping_row,,,,0.0,
USA,ASTEX PHARMACEUTICALS,,needs_review,,current_mapping_row,,,,0.0,
USA,BARRETT BUSINESS SVCS,,needs_review,,current_mapping_row,,,,0.0,
USA,BERRY PLASTICS GROUP,,needs_review,,current_mapping_row,,,,0.0,
USA,BLOOMIN' BRANDS,BLMN,mapped_exact_normalized,"Bloomin' Brands, Inc.",current_mapping_row,SEC company_tickers_exchange,,,1.0,
USA,BOISE CASCADE CO,BCC,mapped_exact_normalized,BOISE CASCADE Co,current_mapping_row,SEC company_tickers_exchange,,,1.0,
USA,BRIGHT HORIZONS FAMILY,,needs_review,,current_mapping_row,,,,0.0,
USA,CALAMP,,needs_review,,current_mapping_row,,,,0.0,
USA,CAPITAL BANK FINANCIAL A,,needs_review,,current_mapping_row,,,,0.0,
USA,CARDIOVASCULAR SYSTEMS,,needs_review,,current_mapping_row,,,,0.0,
USA,CERUS CORP,CERS,mapped_exact_normalized,CERUS CORP,current_mapping_row,SEC company_tickers_exchange,,,1.0,
USA,CHEMOCENTRYX,,needs_review,,current_mapping_row,,,,0.0,
USA,CYRUSONE,,needs_review,,current_mapping_row,,,,0.0,
USA,DESTINATION MATERNITY,,needs_review,,current_mapping_row,,,,0.0,
USA,DYNEGY,,needs_review,,current_mapping_row,,,,0.0,
USA,ELLIE MAE,,needs_review,,current_mapping_row,,,,0.0,
USA,EXONE CO,,needs_review,,current_mapping_row,,,,0.0,
USA,FIRST BANCORP PUERTORICO,,needs_review,,current_mapping_row,,,,0.0,
USA,FIRST FINANCIAL HOLDINGS,THFF,mapped_exact_normalized,First Financial Corporation  - Common Stock,current_mapping_row,NasdaqTrader nasdaqlisted,,,1.0,
USA,FIVE BELOW,FIVE,mapped_exact_normalized,"FIVE BELOW, INC",current_mapping_row,SEC company_tickers_exchange,,,1.0,
USA,FURIEX PHARMACEUTICALS,,needs_review,,current_mapping_row,,,,0.0,
USA,GLOBUS MEDICAL A,GMED,mapped_exact_normalized,GLOBUS MEDICAL INC,current_mapping_row,SEC company_tickers_exchange,,,1.0,
USA,HARBINGER GROUP,,needs_review,,current_mapping_row,,,,0.0,
USA,HYPERION THERAPEUTICS,,needs_review,,current_mapping_row,,,,0.0,
USA,IGNITE RESTAURANT GROUP,,needs_review,,current_mapping_row,,,,0.0,
USA,INTERMOLECULAR,,needs_review,,current_mapping_row,,,,0.0,
USA,KCAP FINANCIAL,,needs_review,,current_mapping_row,,,,0.0,
USA,KYTHERA BIOPHARMA,,needs_review,,current_mapping_row,,,,0.0,
USA,LIFELOCK,,needs_review,,current_mapping_row,,,,0.0,
USA,LINN CO LLC,,needs_review,,current_mapping_row,,,,0.0,
USA,NEWLINK GENETICS CORP,,needs_review,,current_mapping_row,,,,0.0,
USA,AFFYMAX,,needs_review,,current_mapping_row,,,,0.0,
USA,AMICUS THERAPEUTICS,,needs_review,,current_mapping_row,,,,0.0,
USA,ARC DOCUMENT SOLUTIONS,,needs_review,,current_mapping_row,,,,0.0,
USA,CITI TRENDS,CTRN,mapped_exact_normalized,Citi Trends Inc,current_mapping_row,SEC company_tickers_exchange,,,1.0,
USA,CORINTHIAN COLLEGES,,needs_review,,current_mapping_row,,,,0.0,
USA,ENZON PHARMACEUTICALS,,needs_review,,current_mapping_row,,,,0.0,
USA,EXIDE TECHNOLOGIES,,needs_review,,current_mapping_row,,,,0.0,
USA,FIRST BUSEY CORP,BUSE,mapped_exact_normalized,FIRST BUSEY CORP /NV/,current_mapping_row,SEC company_tickers_exchange,,,1.0,
USA,FLOW INTERNATIONAL CORP,,needs_review,,current_mapping_row,,,,0.0,
USA,GENERAL MOLY,,needs_review,,current_mapping_row,,,,0.0,
USA,GERON CORP,GERN,mapped_exact_normalized,GERON CORP,current_mapping_row,SEC company_tickers_exchange,,,1.0,
USA,GLOBAL GEOPHYSICAL SRVS,,needs_review,,current_mapping_row,,,,0.0,
USA,GOLDEN MINERALS CO,AUMN,mapped_exact_normalized,Golden Minerals Co,current_mapping_row,SEC company_tickers_exchange,,,1.0,
USA,HARVEST NATURAL RESOURC.,,needs_review,,current_mapping_row,,,,0.0,
USA,IMATION CORP,,needs_review,,current_mapping_row,,,,0.0,
USA,JAMES RIVER COAL CO,,needs_review,,current_mapping_row,,,,0.0,
USA,KIOR A,,needs_review,,current_mapping_row,,,,0.0,
USA,MARKEL CORP,MKL,mapped_exact_normalized,MARKEL GROUP INC.,current_mapping_row,SEC company_tickers_exchange,,,1.0,
USA,MARTHA STEWART LIVING A,,needs_review,,current_mapping_row,,,,0.0,
USA,MILLER IND. TENN,,needs_review,,current_mapping_row,,,,0.0,
USA,MOLEX A,,needs_review,,current_mapping_row,,,,0.0,
USA,NATIONAL HEALTHCARE CORP,NHC,mapped_exact_normalized,NATIONAL HEALTHCARE CORP,current_mapping_row,SEC company_tickers_exchange,,,1.0,
USA,ONCOTHYREON,,needs_review,,current_mapping_row,,,,0.0,
USA,PAIN THERAPEUTICS,,needs_review,,current_mapping_row,,,,0.0,
USA,PERICOM SEMICONDUCTOR,,needs_review,,current_mapping_row,,,,0.0,
USA,PHOENIX CO,,needs_review,,current_mapping_row,,,,0.0,
TAIWAN,CHC HEALTHCARE GROUP,4164,verified_tw_current_round7,CHC Healthcare Group,current_mapping_row,Round7 current-code discovery: Yahoo Finance search matched `CHC Healthcare Group`/4164.TW; code exists in TWSE/TPEx/FinLab Taiwan reference universe. Local refs: CHC | 承業生醫投資控股股份有限公司 | 承業醫,,,1.0000,
TAIWAN,CHINA ECOTEK CORPORATION,1535,verified_tw_current_round7,China Ecotek Corporation,current_mapping_row,Round7 current-code discovery: Yahoo Finance search matched `China Ecotek Corporation`/1535.TW; code exists in TWSE/TPEx/FinLab Taiwan reference universe. Local refs: CEC | 中宇 | 中宇環保工程股份有限公司,,,1.0000,
TAIWAN,GALLOP NO 1 REIT,01008T,verified_tw_reit_round8,Gallop No.1 REIT / 駿馬一號,current_mapping_row,Round8 Yahoo/Google/TWSE REIT query: Gallop No.1 REIT -> 01008T,,,0.99,
TAIWAN,GOURMET MASTER CO,2723,verified_tw_reference_fuzzy,Gourmet,current_mapping_row,FinLab company_basic_info:英文簡稱,,,0.94,
TAIWAN,KMC (KUEI MENG) INT'L,5306,verified_tw_historical_round8,KMC (Kuei Meng) International Inc. / 桂盟,current_mapping_row,Round8 Same issuer as KMC (Kuei Meng) International -> 5306,,,0.99,
TAIWAN,MERCURIES LIFE INSURANCE,2867,verified_tw_reference_fuzzy,Mercuries Life,current_mapping_row,FinLab company_basic_info:英文簡稱,,,0.9483,
TAIWAN,PHARMAENGINE INC,4162,verified_tw_current_round7,"PharmaEngine, Inc.",current_mapping_row,"Round7 current-code discovery: Yahoo Finance search matched `PharmaEngine, Inc.`/4162.TWO; code exists in TWSE/TPEx/FinLab Taiwan reference universe. Local refs: PEI | 智擎 | 智擎生技製藥股份有限公司",,,1.0000,
TAIWAN,TAIWAN LIPOSOME,4152,verified_tw_historical_round7,"Taiwan Liposome Company, Ltd.",current_mapping_row,Round7 official historical delisted source: TPEx EN deListed official delist_date=2021-10-08,,,1.0000,
TAIWAN,X LEGEND ENTERTAINMENT,4994,verified_tw_reference_fuzzy,X-LEGEND,current_mapping_row,FinLab company_basic_info:英文簡稱,,,0.9264,
TAIWAN,AVY PRECISION TECH,5392,verified_tw_yahoo_google_round8d,"Abico AVY Co., Ltd., formerly AVY Precision Technology Inc. / 能率",current_mapping_row,Round8d web/Yahoo/Google evidence: Yahoo Finance 5392.TWO and StockAnalysis/MarketScreener state Abico AVY was formerly AVY Precision Technology Inc.; ticker 5392.,,,0.95,
TAIWAN,BENQ MATERIALS CORP,8215,verified_tw_current_round7,BenQ Materials Corporation,current_mapping_row,Round7 current-code discovery: Yahoo Finance search matched `BenQ Materials Corporation`/8215.TW; code exists in TWSE/TPEx/FinLab Taiwan reference universe. Local refs: BMC | 明基材 | 明基材料股份有限公司,,,1.0000,
TAIWAN,ENG ELECTRIC CO,8287,verified_tw_historical_round7,"ENG ELECTRIC CO., LTD.",current_mapping_row,Round7 official historical delisted source: TPEx EN deListed official delist_date=2020-05-11,,,1.0000,
TAIWAN,GIANTPLUS TECHNOLOGY CO,8105,verified_tw_reference_fuzzy,GiantPlus,current_mapping_row,FinLab company_basic_info:英文簡稱,,,0.935,
TAIWAN,GLOBE UNION INDUSTRIAL,9934,verified_tw_current_round7,Globe Union Industrial Corp.,current_mapping_row,Round7 current-code discovery: Yahoo Finance search matched `Globe Union Industrial Corp.`/9934.TW; code exists in TWSE/TPEx/FinLab Taiwan reference universe. Local refs: GUIC | 成霖 | 成霖企業股份有限公司,,,1.0000,
TAIWAN,I-CHIUN PRECISION IND CO,2486,verified_tw_reference_fuzzy,I-CHIUN,current_mapping_row,FinLab company_basic_info:英文簡稱,,,0.9233,
TAIWAN,LONGWELL CO,6290,mapped_exact_normalized,LONGWELL,current_mapping_row,FinLab company_basic_info:英文簡稱,,,1.0,
TAIWAN,PAN JIT INTERNATIONAL,2481,verified_tw_yahoo_google_round8,Pan Jit International Inc. / 強茂,current_mapping_row,Round8 Yahoo Finance query: Pan Jit International -> 2481.TW,,,0.99,
TAIWAN,SHENMAO TECHNOLOGY,3305,verified_tw_reference_fuzzy,SHENMAO,current_mapping_row,FinLab company_basic_info:英文簡稱,,,0.9289,
TAIWAN,TA YA ELECT WIRE & CABLE,1609,verified_tw_reference_fuzzy,TA YA,current_mapping_row,FinLab company_basic_info:英文簡稱,,,0.9092,
TAIWAN,TA-I TECHNOLOGY CO,2478,verified_tw_reference_fuzzy,TA-I,current_mapping_row,FinLab company_basic_info:英文簡稱,,,0.9167,
TAIWAN,TAIWAN PULP & PAPER CO,1902,verified_tw_yahoo_google_round8c,Taiwan Pulp & Paper Corporation / 台紙,current_mapping_row,Round8c web/Yahoo/Google evidence: Cnyes/MarketScreener show Taiwan Pulp & Paper Corporation code 1902.,,,0.95,
TAIWAN,TEKCORE CO,3339,mapped_exact_normalized,TEKCORE,current_mapping_row,FinLab company_basic_info:英文簡稱,,,1.0,
TAIWAN,WAH HONG INDUSTRIAL CORP,8240,verified_tw_reference_fuzzy,WAH HONG,current_mapping_row,FinLab company_basic_info:英文簡稱,,,0.9321,
TAIWAN,WEI MON INDUSTRY CO,8925,verified_tw_historical_round7,"WEI MON INDUSTRY CO.,LTD.",current_mapping_row,Round7 official historical delisted source: TPEx EN deListed official delist_date=2016-06-27,,,1.0000,
TAIWAN,WUS PRINTED CIRCUIT CO,2316,verified_tw_current_round7,"WUS Printed Circuit Co., Ltd.",current_mapping_row,"Round7 current-code discovery: Yahoo Finance search matched `WUS Printed Circuit Co., Ltd.`/2316.TW; code exists in TWSE/TPEx/FinLab Taiwan reference universe. Local refs: WUS | 楠梓電 | 楠梓電子股份有限公司",,,1.0000,
USA,ACCELERATE DIAGNOSTICS,,needs_review,,current_mapping_row,,,,0.0,
USA,ACCELERON PHARMA,,needs_review,,current_mapping_row,,,,0.0,
USA,ALBANY MOLECULAR RSCH,,needs_review,,current_mapping_row,,,,0.0,
USA,AMC ENTERTAINMENT HLDS,,needs_review,,current_mapping_row,,,,0.0,
USA,ANACOR PHARMACEUTICALS,,needs_review,,current_mapping_row,,,,0.0,
USA,ARROWHEAD RESEARCH,,needs_review,,current_mapping_row,,,,0.0,
USA,ATRICURE INC,ATRC,mapped_exact_normalized,"AtriCure, Inc.",current_mapping_row,SEC company_tickers_exchange,,,1.0,
USA,AUSPEX PHARMACEUTICALS,,needs_review,,current_mapping_row,,,,0.0,
USA,BENEFITFOCUS,,needs_review,,current_mapping_row,,,,0.0,
USA,CAESARS ACQUISITION A,,needs_review,,current_mapping_row,,,,0.0,
USA,CECO ENVIRONMENTAL,CECO,mapped_exact_normalized,CECO ENVIRONMENTAL CORP,current_mapping_row,SEC company_tickers_exchange,,,1.0,
USA,CELL THERAPEUTICS,,needs_review,,current_mapping_row,,,,0.0,
USA,CHC GROUP,,needs_review,,current_mapping_row,,,,0.0,
USA,CLUBCORP HOLDINGS,,needs_review,,current_mapping_row,,,,0.0,
USA,CONTINENTAL BUILDING,,needs_review,,current_mapping_row,,,,0.0,
USA,CONTROL4 CORP,,needs_review,,current_mapping_row,,,,0.0,
USA,CUSTOMERS BANCORP INC,CUBI,mapped_exact_normalized,"Customers Bancorp, Inc.",current_mapping_row,SEC company_tickers_exchange,,,1.0,
USA,CVENT,,needs_review,,current_mapping_row,,,,0.0,
USA,EAGLE BANCORP,EGBN,mapped_exact_normalized,EAGLE BANCORP INC,current_mapping_row,SEC company_tickers_exchange,,,1.0,
USA,EMPIRE STATE RTY TRUST A,,needs_review,,current_mapping_row,,,,0.0,
USA,ENDURANCE INTERNATIONAL,,needs_review,,current_mapping_row,,,,0.0,
USA,EP ENERGY CORP,,needs_review,,current_mapping_row,,,,0.0,
USA,EPLUS,PLUS,mapped_exact_normalized,EPLUS INC,current_mapping_row,SEC company_tickers_exchange,,,1.0,
USA,ESSENT GROUP,ESNT,mapped_exact_normalized,Essent Group Ltd.,current_mapping_row,SEC company_tickers_exchange,,,1.0,
USA,AEP INDUSTRIES,,needs_review,,current_mapping_row,,,,0.0,
USA,APOLLO INV CORP,,needs_review,,current_mapping_row,,,,0.0,
USA,ARES CAPITAL COR,,needs_review,,current_mapping_row,,,,0.0,
USA,BIOTIME,,needs_review,,current_mapping_row,,,,0.0,
USA,BLACKROCK KELSO CAP,,needs_review,,current_mapping_row,,,,0.0,
USA,BLYTH,,needs_review,,current_mapping_row,,,,0.0,
USA,CAPITAL SOUTHWEST CORP,CSWC,mapped_exact_normalized,CAPITAL SOUTHWEST CORP,current_mapping_row,SEC company_tickers_exchange,,,1.0,
USA,CBEYOND,,needs_review,,current_mapping_row,,,,0.0,
USA,FAIRWAY GROUP HLDG,,needs_review,,current_mapping_row,,,,0.0,
USA,FUEL SYSTEMS SOLUTIONS,,needs_review,,current_mapping_row,,,,0.0,
USA,GOLUB CAPITAL BDC,GBDC,mapped_exact_normalized,"GOLUB CAPITAL BDC, Inc.",current_mapping_row,SEC company_tickers_exchange,,,1.0,
USA,HERCULES TECHNOLOGY GROW,,needs_review,,current_mapping_row,,,,0.0,
USA,HOUSTON WIRE & CABLE CO,,needs_review,,current_mapping_row,,,,0.0,
USA,MAIN STREET CAPITAL CORP,MAIN,mapped_exact_normalized,Main Street Capital CORP,current_mapping_row,SEC company_tickers_exchange,,,1.0,
USA,MCG CAPITAL CORP,,needs_review,,current_mapping_row,,,,0.0,
USA,MEDLEY CAPITAL,,needs_review,,current_mapping_row,,,,0.0,
USA,MERGE HEALTHCARE,,needs_review,,current_mapping_row,,,,0.0,
USA,MVC CAPITAL INC,,needs_review,,current_mapping_row,,,,0.0,
USA,NEW MOUNTAIN FIN CORP,,needs_review,,current_mapping_row,,,,0.0,
USA,PENNANTPARK INVEST.,,needs_review,,current_mapping_row,,,,0.0,
TAIWAN,ADDCN TECHNOLOGY,5287,verified_tw_reference_fuzzy,ADDCN,current_mapping_row,FinLab company_basic_info:英文簡稱,,,0.9213,
TAIWAN,ADVANCED LITH ELCTROCHM,5227,verified_tw_yahoo_google_round8,"Advanced Lithium Electrochemistry Co., Ltd. / 立凱-KY",current_mapping_row,Round8 Yahoo/Google query: Advanced Lithium Electrochemistry Taiwan stock -> 5227.TWO,,,0.99,
TAIWAN,BROGENT TECHNOLOGIES,5263,verified_tw_reference_fuzzy,BROGENT,current_mapping_row,FinLab company_basic_info:英文簡稱,,,0.925,
TAIWAN,BROWAVE CORP,3163,mapped_exact_normalized,Browave,current_mapping_row,FinLab company_basic_info:英文簡稱,,,1.0,
TAIWAN,CHICONY POWER TECHNOLOGY,6412,verified_tw_reference_fuzzy,Chicony Power,current_mapping_row,FinLab company_basic_info:英文簡稱,,,0.9442,
TAIWAN,E-LEAD ELECTRONIC CO,2497,verified_tw_reference_fuzzy,E-LEAD,current_mapping_row,FinLab company_basic_info:英文簡稱,,,0.9253,
TAIWAN,CAPELLA MICROSYS TAIWAN,3582,verified_tw_historical_round7,"Capella Microsystems (Taiwan), Inc.",current_mapping_row,Round7 official historical delisted source: TPEx EN deListed official delist_date=2014-12-31,,,1.0000,
TAIWAN,CHAMPION BUILDING MATRLS,1806,verified_tw_yahoo_round8b,"Champion Building Materials Co., Ltd. / 冠軍",current_mapping_row,Round8b Yahoo Finance search: Champion Building Materials -> 1806.TW.,,,0.98,
TAIWAN,CHIEN KUO CONST CO,5515,verified_tw_reference_fuzzy,CHIEN KUO,current_mapping_row,FinLab company_basic_info:英文簡稱,,,0.95,
TAIWAN,CHINA ELECTRIC MFG,1611,verified_tw_current_round7,China Electric Mfg. Corporation,current_mapping_row,Round7 current-code discovery: Yahoo Finance search matched `China Electric Mfg. Corporation`/1611.TW; code exists in TWSE/TPEx/FinLab Taiwan reference universe. Local refs: CE | 中國電器股份有限公司 | 中電,,,1.0000,
TAIWAN,CONCORD SECURITIES CORP,6016,verified_tw_current_round7,"Concord Securities Co., Ltd.",current_mapping_row,"Round7 current-code discovery: Yahoo Finance search matched `Concord Securities Co., Ltd.`/6016.TWO; code exists in TWSE/TPEx/FinLab Taiwan reference universe. Local refs: concords | 康和綜合證券股份有限公司 | 康和證",,,1.0000,
TAIWAN,GLOBAL BRANDS MANUFACT.,6191,verified_tw_current_round7,Global Brands Manufacture Ltd.,current_mapping_row,Round7 current-code discovery: Yahoo Finance search matched `Global Brands Manufacture Ltd.`/6191.TW; code exists in TWSE/TPEx/FinLab Taiwan reference universe. Local refs: GBM | 精成科 | 精成科技股份有限公司,,,1.0000,
TAIWAN,HANNSTAR BOARD CORP,6116,verified_tw_reference_fuzzy,Hannstar,current_mapping_row,FinLab company_basic_info:英文簡稱,,,0.9471,
TAIWAN,HOLIDAY ENTERTAINMENT CO,9943,verified_tw_reference_fuzzy,HOLIDAY,current_mapping_row,FinLab company_basic_info:英文簡稱,,,0.9233,
USA,AAC HOLDINGS INC,,needs_review,,current_mapping_row,,,,0.0,
USA,ADVAXIS,,needs_review,,current_mapping_row,,,,0.0,
USA,ALDER BIOPHARMACEUTICALS,,needs_review,,current_mapping_row,,,,0.0,
USA,ALMOST FAMILY,,needs_review,,current_mapping_row,,,,0.0,
USA,ALTISOURCE ASSET MGMT,,needs_review,,current_mapping_row,,,,0.0,
USA,AMPHASTAR PHARMACEUTICAL,,needs_review,,current_mapping_row,,,,0.0,
USA,ANI PHARMACEUTICALS,ANIP,mapped_exact_normalized,ANI PHARMACEUTICALS INC,current_mapping_row,SEC company_tickers_exchange,,,1.0,
USA,ATARA BIOTHERAPEUTICS,ATRA,mapped_exact_normalized,"Atara Biotherapeutics, Inc.",current_mapping_row,SEC company_tickers_exchange,,,1.0,
USA,BANC OF CALIFORNIA,BANC,mapped_exact_normalized,"BANC OF CALIFORNIA, INC.",current_mapping_row,SEC company_tickers_exchange,,,1.0,
USA,BARRACUDA NETWORKS,,needs_review,,current_mapping_row,,,,0.0,
USA,BELLICUM PHARMACEUTICALS,,needs_review,,current_mapping_row,,,,0.0,
USA,BOOT BARN HOLDINGS,BOOT,mapped_exact_normalized,"Boot Barn Holdings, Inc.",current_mapping_row,SEC company_tickers_exchange,,,1.0,
USA,BOX A,BOX,mapped_exact_normalized,BOX INC,current_mapping_row,SEC company_tickers_exchange,,,1.0,
USA,CARRIAGE SERVICES,CSV,mapped_exact_normalized,CARRIAGE SERVICES INC,current_mapping_row,SEC company_tickers_exchange,,,1.0,
USA,CIVITAS SOLUTIONS,,needs_review,,current_mapping_row,,,,0.0,
USA,COLUMBIA PROPERTY TRUST,,needs_review,,current_mapping_row,,,,0.0,
USA,CORCEPT THERAPEUTICS,CORT,mapped_exact_normalized,CORCEPT THERAPEUTICS INC,current_mapping_row,SEC company_tickers_exchange,,,1.0,
USA,COVENANT TRANSPORT A,,needs_review,,current_mapping_row,,,,0.0,
USA,DAVE & BUSTER'S ENTMT,,needs_review,,current_mapping_row,,,,0.0,
USA,DIPLOMAT PHARMACY,,needs_review,,current_mapping_row,,,,0.0,
USA,ENTELLUS MEDICAL,,needs_review,,current_mapping_row,,,,0.0,
USA,FIVE PRIME THERAPEUTICS,,needs_review,,current_mapping_row,,,,0.0,
USA,FMSA HOLDINGS,,needs_review,,current_mapping_row,,,,0.0,
USA,FRESHPET,FRPT,mapped_exact_normalized,"Freshpet, Inc.",current_mapping_row,SEC company_tickers_exchange,,,1.0,
USA,GENESIS HEALTHCARE A,,needs_review,,current_mapping_row,,,,0.0,
USA,GLOBALSTAR,GSAT,mapped_exact_normalized,"Globalstar, Inc.",current_mapping_row,SEC company_tickers_exchange,,,1.0,
USA,GREAT WESTERN BANCORP,,needs_review,,current_mapping_row,,,,0.0,
USA,HABIT RESTAURANTS A,,needs_review,,current_mapping_row,,,,0.0,
USA,HANNON ARMSTRONG,,needs_review,,current_mapping_row,,,,0.0,
USA,HERITAGE INSURANCE,HRTG,mapped_exact_normalized,"Heritage Insurance Holdings, Inc.",current_mapping_row,SEC company_tickers_exchange,,,1.0,
USA,HORTONWORKS,,needs_review,,current_mapping_row,,,,0.0,
USA,IGI LABORATORIES,,needs_review,,current_mapping_row,,,,0.0,
USA,IMAX,IMAX,mapped_exact_normalized,IMAX CORP,current_mapping_row,SEC company_tickers_exchange,,,1.0,
USA,IMMUNE DESIGN CORP,,needs_review,,current_mapping_row,,,,0.0,
USA,INC RESEARCH HOLDINGS A,,needs_review,,current_mapping_row,,,,0.0,
USA,INFRAREIT,,needs_review,,current_mapping_row,,,,0.0,
USA,INOGEN,INGN,mapped_exact_normalized,Inogen Inc,current_mapping_row,SEC company_tickers_exchange,,,1.0,
USA,INOVALON HOLDINGS A,,needs_review,,current_mapping_row,,,,0.0,
USA,INTERSECT ENT,,needs_review,,current_mapping_row,,,,0.0,
USA,ACELRX PHARMACEUTICALS,,needs_review,,current_mapping_row,,,,0.0,
USA,AGILYSYS,AGYS,mapped_exact_normalized,AGILYSYS INC,current_mapping_row,SEC company_tickers_exchange,,,1.0,
USA,ALPHA NATURAL RESOURCES,,needs_review,,current_mapping_row,,,,0.0,
USA,CAPSTONE TURBINE CO,,needs_review,,current_mapping_row,,,,0.0,
USA,COMSTOCK RESOURCES,CRK,mapped_exact_normalized,COMSTOCK RESOURCES INC,current_mapping_row,SEC company_tickers_exchange,,,1.0,
USA,DYNAMIC MATERIALS CORP,,needs_review,,current_mapping_row,,,,0.0,
USA,EHEALTH,EHTH,mapped_exact_normalized,"eHealth, Inc.",current_mapping_row,SEC company_tickers_exchange,,,1.0,
USA,EMERALD OIL,,needs_review,,current_mapping_row,,,,0.0,
USA,FXCM A,,needs_review,,current_mapping_row,,,,0.0,
USA,GOLD RESOURCE CORP,GORO,mapped_exact_normalized,GOLD RESOURCE CORP,current_mapping_row,SEC company_tickers_exchange,,,1.0,
USA,GOODRICH PETROLEUM CORP,,needs_review,,current_mapping_row,,,,0.0,
USA,GULF ISLAND FABRICATION,,needs_review,,current_mapping_row,,,,0.0,
USA,GULFMARK OFFSHORE A,,needs_review,,current_mapping_row,,,,0.0,
USA,HERCULES OFFSHORE INC,,needs_review,,current_mapping_row,,,,0.0,
USA,LADDER CAPITAL CORP A,LADR,mapped_exact_normalized,Ladder Capital Corp,current_mapping_row,SEC company_tickers_exchange,,,1.0,
USA,LEAPFROG ENTERPRISES A,,needs_review,,current_mapping_row,,,,0.0,
USA,MARIN SOFTWARE,,needs_review,,current_mapping_row,,,,0.0,
USA,MOLYCORP,,needs_review,,current_mapping_row,,,,0.0,
USA,NORTHWEST PIPE CO,,needs_review,,current_mapping_row,,,,0.0,
USA,PARAGON OFFSHORE LIMITED,,needs_review,,current_mapping_row,,,,0.0,
USA,PERFORMANT FINANCIAL,,needs_review,,current_mapping_row,,,,0.0,
TAIWAN,CHLITINA HOLDING,4137,verified_tw_reference_fuzzy,CHLITINA-KY,current_mapping_row,FinLab company_basic_info:英文簡稱,,,0.9627,
TAIWAN,GINKO INTERNATIONAL,8406,verified_tw_historical_round7,"Ginko International Co., Ltd.",current_mapping_row,Round7 official historical delisted source: TPEx EN deListed official delist_date=2022-04-29,,,1.0000,
TAIWAN,GREEN SEAL HOLDING,1262,verified_tw_historical_round7,Green Seal Holding Limited,current_mapping_row,Round7 official historical delisted source: TWSE EN suspendListing official delist_date=2019/10/14,,,1.0000,
TAIWAN,KUNG LONG BATTERIES INDL,1537,verified_tw_reference_fuzzy,KUNG LONG,current_mapping_row,FinLab company_basic_info:英文簡稱,,,0.9275,
TAIWAN,SENAO NETWORKS,3558,mapped_exact_normalized,Senao Networks,current_mapping_row,FinLab company_basic_info:英文簡稱,,,1.0,
TAIWAN,SHUNSIN TECHNOLOGY HLDGS,6451,verified_tw_reference_fuzzy,ShunSin,current_mapping_row,FinLab company_basic_info:英文簡稱,,,0.9192,
TAIWAN,SHIHLIN ELECTRIC & ENGR,1503,verified_tw_yahoo_google_round8,Shihlin Electric & Engineering Corporation / 士電,current_mapping_row,Round8 Yahoo Finance query: Shihlin Electric Engineering -> 1503.TW,,,0.99,
TAIWAN,SOUTHEAST CEMENT CO,1110,verified_tw_current_round7,"Southeast Cement Co., Ltd.",current_mapping_row,"Round7 current-code discovery: Yahoo Finance search matched `Southeast Cement Co., Ltd.`/1110.TW; code exists in TWSE/TPEx/FinLab Taiwan reference universe. Local refs: SE CEMENT | 東南水泥股份有限公司 | 東泥",,,1.0000,
USA,ALARM.COM HOLDINGS,ALRM,mapped_exact_normalized,"Alarm.com Holdings, Inc.",current_mapping_row,SEC company_tickers_exchange,,,1.0,
USA,C1 FINANCIAL,,needs_review,,current_mapping_row,,,,0.0,
USA,CELATOR PHARMACEUTICALS,,needs_review,,current_mapping_row,,,,0.0,
USA,CHASE CORPORATION,,needs_review,,current_mapping_row,,,,0.0,
USA,COLLEGIUM PHARMACEUTICAL,COLL,mapped_exact_normalized,"COLLEGIUM PHARMACEUTICAL, INC",current_mapping_row,SEC company_tickers_exchange,,,1.0,
USA,CPI CARD GROUP,PMTS,mapped_exact_normalized,CPI Card Group Inc.,current_mapping_row,SEC company_tickers_exchange,,,1.0,
USA,CSW INDUSTRIALS,CSW,mapped_exact_normalized,"CSW INDUSTRIALS, INC.",current_mapping_row,SEC company_tickers_exchange,,,1.0,
USA,DULUTH HOLDINGS B,DLTH,mapped_exact_normalized,DULUTH HOLDINGS INC.,current_mapping_row,SEC company_tickers_exchange,,,1.0,
USA,EDITAS MEDICINE,EDIT,mapped_exact_normalized,"Editas Medicine, Inc.",current_mapping_row,SEC company_tickers_exchange,,,1.0,
USA,ELDORADO RESORTS,,needs_review,,current_mapping_row,,,,0.0,
USA,ACACIA RESEARCH,ACTG,mapped_exact_normalized,ACACIA RESEARCH CORP,current_mapping_row,SEC company_tickers_exchange,,,1.0,
USA,ADDUS HOMECARE CORP,ADUS,mapped_exact_normalized,Addus HomeCare Corp,current_mapping_row,SEC company_tickers_exchange,,,1.0,
USA,ALICO,ALCO,mapped_exact_normalized,"ALICO, INC.",current_mapping_row,SEC company_tickers_exchange,,,1.0,
USA,AMERESCO A,AMRC,mapped_exact_normalized,"Ameresco, Inc.",current_mapping_row,SEC company_tickers_exchange,,,1.0,
USA,AMERICAN SCIENCE & ENGR,,needs_review,,current_mapping_row,,,,0.0,
USA,ASCENT CAPITAL GROUP A,,needs_review,,current_mapping_row,,,,0.0,
USA,BIODELIVERY SCIENCE INTL,,needs_review,,current_mapping_row,,,,0.0,
USA,BLACK BOX CORP,,needs_review,,current_mapping_row,,,,0.0,
USA,BONANZA CREEK ENERGY,,needs_review,,current_mapping_row,,,,0.0,
TAIWAN,BASSO INDUSTRY CORP,1527,verified_tw_reference_fuzzy,BASSO,current_mapping_row,FinLab company_basic_info:英文簡稱,,,0.9257,
TAIWAN,BIOTEQUE CORPORATION,4107,mapped_exact_normalized,BIOTEQUE,current_mapping_row,FinLab company_basic_info:英文簡稱,,,1.0,
TAIWAN,CAYMAN ENGLEY INDL,2239,verified_tw_reference_fuzzy,Cayman Engley,current_mapping_row,FinLab company_basic_info:英文簡稱,,,0.9622,
TAIWAN,CHAUN-CHOUNG TECH CORP,6230,verified_tw_historical_round7,CHAUN-CHOUNG TECHNOLOGY CORP.,current_mapping_row,Round7 official historical delisted source: TPEx EN deListed official delist_date=2010-09-16,,,1.0000,
TAIWAN,KINGPAK TECHNOLOGY,6238,verified_tw_historical_round7,Kingpak Technology Inc.,current_mapping_row,Round7 official historical delisted source: TPEx EN deListed official delist_date=2020-06-19,,,1.0000,
TAIWAN,ABILITY ENTERPRISE CO,2374,verified_tw_current_round7,"Ability Enterprise Co., Ltd.",current_mapping_row,"Round7 current-code discovery: Yahoo Finance search matched `Ability Enterprise Co., Ltd.`/2374.TW; code exists in TWSE/TPEx/FinLab Taiwan reference universe. Local refs: ABILITY | 佳能 | 佳能企業股份有限公司",,,1.0000,
TAIWAN,CHUNG HUNG STEEL CORP,2014,verified_tw_reference_fuzzy,CHUNG HUNG,current_mapping_row,FinLab company_basic_info:英文簡稱,,,0.9525,
TAIWAN,HEY SONG CORP,1234,mapped_exact_normalized,HEY SONG,current_mapping_row,FinLab company_basic_info:英文簡稱,,,1.0,
TAIWAN,ICHIA TECHNOLOGIES,2402,verified_tw_reference_fuzzy,ICHIA,current_mapping_row,FinLab company_basic_info:英文簡稱,,,0.9178,
TAIWAN,NATIONAL PETROLEUM CO,9937,verified_tw_current_round7,"National Petroleum Co., Ltd.",current_mapping_row,"Round7 current-code discovery: Yahoo Finance search matched `National Petroleum Co., Ltd.`/9937.TW; code exists in TWSE/TPEx/FinLab Taiwan reference universe. Local refs: NPC | 全國 | 全國加油站股份有限公司",,,1.0000,
USA,ACACIA COMMUNICATIONS,,needs_review,,current_mapping_row,,,,0.0,
USA,ACCESS NATIONAL CORP,,needs_review,,current_mapping_row,,,,0.0,
USA,ACHAOGEN,,needs_review,,current_mapping_row,,,,0.0,
USA,ACUSHNET HOLDINGS,GOLF,mapped_exact_normalized,Acushnet Holdings Corp.,current_mapping_row,SEC company_tickers_exchange,,,1.0,
USA,ADVANCED DISPOSAL SVCS,,needs_review,,current_mapping_row,,,,0.0,
USA,ALLEGIANCE BANCSHARES,,needs_review,,current_mapping_row,,,,0.0,
USA,ANAPTYSBIO,ANAB,mapped_exact_normalized,"ANAPTYSBIO, INC",current_mapping_row,SEC company_tickers_exchange,,,1.0,
USA,AQUAVENTURE HOLDINGS,,needs_review,,current_mapping_row,,,,0.0,
USA,ARCH COAL A,,needs_review,,current_mapping_row,,,,0.0,
USA,ATLANTIC CAPITAL BANCSHS,,needs_review,,current_mapping_row,,,,0.0,
USA,AXCELIS TECHNOLOGIES,ACLS,mapped_exact_normalized,AXCELIS TECHNOLOGIES INC,current_mapping_row,SEC company_tickers_exchange,,,1.0,
USA,BAR HARBOR BANKSHARES,BHB,mapped_exact_normalized,BAR HARBOR BANKSHARES,current_mapping_row,SEC company_tickers_exchange,,,1.0,
USA,BASIC ENERGY SERVICES,,needs_review,,current_mapping_row,,,,0.0,
USA,BLACKLINE,BL,mapped_exact_normalized,"BLACKLINE, INC.",current_mapping_row,SEC company_tickers_exchange,,,1.0,
USA,CAMPING WORLD HOLDINGS A,CWH,mapped_exact_normalized,"Camping World Holdings, Inc.",current_mapping_row,SEC company_tickers_exchange,,,1.0,
USA,CARA THERAPEUTICS,,needs_review,,current_mapping_row,,,,0.0,
USA,CENTENNIAL RESOURCE A,,needs_review,,current_mapping_row,,,,0.0,
USA,COTIVITI HOLDINGS,,needs_review,,current_mapping_row,,,,0.0,
USA,ELF BEAUTY,,needs_review,,current_mapping_row,,,,0.0,
USA,ENERGY XXI GULF COAST,,needs_review,,current_mapping_row,,,,0.0,
USA,ENOVA INTERNATIONAL,ENVA,mapped_exact_normalized,"Enova International, Inc.",current_mapping_row,SEC company_tickers_exchange,,,1.0,
USA,EXTRACTION OIL & GAS,,needs_review,,current_mapping_row,,,,0.0,
USA,FB FINANCIAL,FBK,mapped_exact_normalized,FB Financial Corp,current_mapping_row,SEC company_tickers_exchange,,,1.0,
USA,FIRST DEFIANCE FINANCIAL,,needs_review,,current_mapping_row,,,,0.0,
USA,FIRST FOUNDATION,,needs_review,,current_mapping_row,,,,0.0,
USA,FORTERRA (US),,needs_review,,current_mapping_row,,,,0.0,
USA,FOUNDATION BLDG MATRLS,,needs_review,,current_mapping_row,,,,0.0,
USA,FRANKLIN FINL NETWORK,,needs_review,,current_mapping_row,,,,0.0,
USA,GREEN BANCORP,,needs_review,,current_mapping_row,,,,0.0,
USA,GREIF B,GEF,mapped_exact_normalized,"GREIF, INC",current_mapping_row,SEC company_tickers_exchange,,,1.0,
USA,GUARANTY BANCORP,,needs_review,,current_mapping_row,,,,0.0,
USA,HEMISPHERE MEDIA GROUP A,,needs_review,,current_mapping_row,,,,0.0,
USA,HERITAGE COMMERCE CORP,,needs_review,,current_mapping_row,,,,0.0,
USA,HESKA CORP,,needs_review,,current_mapping_row,,,,0.0,
USA,HOOKER FURNITURE CORP,,needs_review,,current_mapping_row,,,,0.0,
USA,HOSTESS BRANDS A,,needs_review,,current_mapping_row,,,,0.0,
USA,INTERNATIONAL SEAWAYS,INSW,mapped_exact_normalized,"International Seaways, Inc.",current_mapping_row,SEC company_tickers_exchange,,,1.0,
USA,INVITAE,,needs_review,,current_mapping_row,,,,0.0,
USA,IRHYTHM TECHNOLOGIES,,needs_review,,current_mapping_row,,,,0.0,
USA,JAGGED PEAK ENERGY,,needs_review,,current_mapping_row,,,,0.0,
USA,JOUNCE THERAPEUTICS,,needs_review,,current_mapping_row,,,,0.0,
USA,KEANE GROUP,,needs_review,,current_mapping_row,,,,0.0,
USA,KEMET CORP,,needs_review,,current_mapping_row,,,,0.0,
USA,KEY ENERGY SERVICES,,needs_review,,current_mapping_row,,,,0.0,
USA,KMG CHEMICALS,,needs_review,,current_mapping_row,,,,0.0,
USA,LANTHEUS HOLDINGS,LNTH,mapped_exact_normalized,"Lantheus Holdings, Inc.",current_mapping_row,SEC company_tickers_exchange,,,1.0,
USA,LAUREATE EDUCATION A,LAUR,mapped_exact_normalized,"LAUREATE EDUCATION, INC.",current_mapping_row,SEC company_tickers_exchange,,,1.0,
USA,LEMAITRE VASCULAR,LMAT,mapped_exact_normalized,LEMAITRE VASCULAR INC,current_mapping_row,SEC company_tickers_exchange,,,1.0,
USA,LIBERTY LILAC A,,needs_review,,current_mapping_row,,,,0.0,
USA,MAMMOTH ENERGY SERVICES,TUSK,mapped_exact_normalized,"MAMMOTH ENERGY SERVICES, INC.",current_mapping_row,SEC company_tickers_exchange,,,1.0,
USA,MIDLAND STS BANCORP,,needs_review,,current_mapping_row,,,,0.0,
USA,MIDSTATES PETROLEUM,,needs_review,,current_mapping_row,,,,0.0,
USA,MYOVANT SCIENCES,,needs_review,,current_mapping_row,,,,0.0,
USA,NEFF CORP A,,needs_review,,current_mapping_row,,,,0.0,
USA,PACIFIC CONTINENTAL CORP,,needs_review,,current_mapping_row,,,,0.0,
USA,PEAPACK GLADSTONE FINL,,needs_review,,current_mapping_row,,,,0.0,
USA,PEOPLE'S UTAH BANCORP,,needs_review,,current_mapping_row,,,,0.0,
USA,QUANTENNA COMMUNICATIONS,,needs_review,,current_mapping_row,,,,0.0,
USA,RA PHARMACEUTICALS,,needs_review,,current_mapping_row,,,,0.0,
USA,REATA PHARMACEUTICALS A,,needs_review,,current_mapping_row,,,,0.0,
USA,REPUBLIC FIRST BANCORP,,needs_review,,current_mapping_row,,,,0.0,
USA,REV GROUP,,needs_review,,current_mapping_row,,,,0.0,
USA,RYERSON HOLDING CORP,RYZ,mapped_exact_normalized,Ryerson Holding Corp,current_mapping_row,SEC company_tickers_exchange,,,1.0,
USA,SOUTHWEST BANCORP,,needs_review,,current_mapping_row,,,,0.0,
USA,SPARK ENERGY A,,needs_review,,current_mapping_row,,,,0.0,
USA,SUTHERLAND ASSET MGMT,,needs_review,,current_mapping_row,,,,0.0,
USA,SYSTEMAX,,needs_review,,current_mapping_row,,,,0.0,
USA,TELLURIAN,,needs_review,,current_mapping_row,,,,0.0,
USA,TRC COS,,needs_review,,current_mapping_row,,,,0.0,
USA,TUCOWS,TCX,mapped_exact_normalized,Tucows Inc. - Common Stock,current_mapping_row,NasdaqTrader nasdaqlisted,,,1.0,
USA,UMH PROPERTIES,UMH,mapped_exact_normalized,"UMH PROPERTIES, INC.",current_mapping_row,SEC company_tickers_exchange,,,1.0,
USA,VALVOLINE,VVV,mapped_exact_normalized,VALVOLINE INC,current_mapping_row,SEC company_tickers_exchange,,,1.0,
USA,WILDHORSE RESOURCE DEV,,needs_review,,current_mapping_row,,,,0.0,
USA,ADEPTUS HEALTH A,,needs_review,,current_mapping_row,,,,0.0,
USA,ARROWHEAD PHARMA,,needs_review,,current_mapping_row,,,,0.0,
USA,CELADON GROUP,,needs_review,,current_mapping_row,,,,0.0,
USA,CLEARSIDE BIOMEDICAL,CLSDQ,mapped_exact_normalized,"Clearside Biomedical, Inc.",current_mapping_row,SEC company_tickers_exchange,,,1.0,
USA,DHI GROUP,DHX,mapped_exact_normalized,"DHI GROUP, INC.",current_mapping_row,SEC company_tickers_exchange,,,1.0,
USA,EXCO RESOURCES INC,,needs_review,,current_mapping_row,,,,0.0,
USA,FIRST NBC BANK HOLDING,,needs_review,,current_mapping_row,,,,0.0,
USA,HORNBECK OFFSHORE SVCS,,needs_review,,current_mapping_row,,,,0.0,
USA,JONES ENERGY A,,needs_review,,current_mapping_row,,,,0.0,
USA,MANNKIND CORP,MNKD,mapped_exact_normalized,MANNKIND CORP,current_mapping_row,SEC company_tickers_exchange,,,1.0,
USA,NANTKWEST,,needs_review,,current_mapping_row,,,,0.0,
USA,NII HOLDINGS,,needs_review,,current_mapping_row,,,,0.0,
USA,ONCOMED PHARMACEUTICALS,,needs_review,,current_mapping_row,,,,0.0,
USA,OPHTHOTECH,,needs_review,,current_mapping_row,,,,0.0,
USA,OVASCIENCE,,needs_review,,current_mapping_row,,,,0.0,
USA,PHI NV,,needs_review,,current_mapping_row,,,,0.0,
USA,RUBY TUESDAY,,needs_review,,current_mapping_row,,,,0.0,
USA,SORRENTO THERAPEUTICS,,needs_review,,current_mapping_row,,,,0.0,
USA,SPORTSMANS WAREHOUSE,,needs_review,,current_mapping_row,,,,0.0,
USA,TRANSENTERIX,,needs_review,,current_mapping_row,,,,0.0,
USA,TREVENA,,needs_review,,current_mapping_row,,,,0.0,
USA,TUESDAY MORNING CORP,,needs_review,,current_mapping_row,,,,0.0,
USA,WALTER INV MGMT CO A,,needs_review,,current_mapping_row,,,,0.0,
TAIWAN,CONCRAFT HOLDING,4943,mapped_exact_normalized,CONCRAFT,current_mapping_row,FinLab company_basic_info:英文簡稱,,,1.0,
TAIWAN,GENIUS ELECTR OPTICAL,3406,verified_tw_yahoo_round8,"Genius Electronic Optical Co.,Ltd.",current_mapping_row,"Round8 Yahoo Finance search query `GENIUS ELECTR OPTICAL` matched `Genius Electronic Optical Co.,Ltd.`/3406.TW. Local refs if present: GSEO | 玉晶光 | 玉晶光電股份有限公司",,,0.9130,
TAIWAN,RUN LONG CONSTRUCTION CO,1808,verified_tw_reference_fuzzy,RUN LONG,current_mapping_row,FinLab company_basic_info:英文簡稱,,,0.9281,
TAIWAN,TAIWAN UNION TECHNOLOGY,6274,verified_tw_current_round7,Taiwan Union Technology Corporation,current_mapping_row,Round7 current-code discovery: Yahoo Finance search matched `Taiwan Union Technology Corporation`/6274.TWO; code exists in TWSE/TPEx/FinLab Taiwan reference universe. Local refs: tuc | 台燿 | 台燿科技股份有限公司,,,1.0000,
TAIWAN,BOARDTEK ELECTRONICS CO,5349,verified_tw_historical_round7,BOARDTEK ELECTRONICS COR.,current_mapping_row,Round7 official historical delisted source: TPEx EN deListed official delist_date=2020-11-04,,,1.0000,
TAIWAN,GREEN ENERGY TECHNOLOGY,3519,verified_tw_historical_round8,Green Energy Technology Inc. / 綠能,current_mapping_row,Round8 Yahoo/Google historical quote: Green Energy Technology 3519.TW; delisted,,,0.99,
USA,ADAMAS PHARMACEUTICALS,,needs_review,,current_mapping_row,,,,0.0,
USA,ALTA MESA RESOURCES A,,needs_review,,current_mapping_row,,,,0.0,
USA,AMERICOLD REALTY,,needs_review,,current_mapping_row,,,,0.0,
USA,APELLIS PHARMACEUTICALS,APLS,mapped_exact_normalized,"Apellis Pharmaceuticals, Inc.",current_mapping_row,SEC company_tickers_exchange,,,1.0,
USA,ATHENEX,,needs_review,,current_mapping_row,,,,0.0,
USA,AVAYA HOLDINGS,,needs_review,,current_mapping_row,,,,0.0,
USA,B RILEY FINANCIAL,,needs_review,,current_mapping_row,,,,0.0,
USA,BANK MARIN,,needs_review,,current_mapping_row,,,,0.0,
USA,BYLINE BANCORP,BY,mapped_exact_normalized,"BYLINE BANCORP, INC.",current_mapping_row,SEC company_tickers_exchange,,,1.0,
USA,CACTUS A,WHD,mapped_exact_normalized,"Cactus, Inc.",current_mapping_row,SEC company_tickers_exchange,,,1.0,
USA,CADENCE BANCORP A,,needs_review,,current_mapping_row,,,,0.0,
USA,CAMBIUM LEARNING GROUP,,needs_review,,current_mapping_row,,,,0.0,
USA,CIVEO CORPORATION,CVEO,mapped_exact_normalized,Civeo Corp,current_mapping_row,SEC company_tickers_exchange,,,1.0,
USA,CLOUDERA,,needs_review,,current_mapping_row,,,,0.0,
USA,COLONY NORTHSTAR CR A,,needs_review,,current_mapping_row,,,,0.0,
USA,CRISPR THERAPEUTICS,,needs_review,,current_mapping_row,,,,0.0,
USA,DECIPHERA PHARMA,,needs_review,,current_mapping_row,,,,0.0,
USA,DENALI THERAPEUTICS,DNLI,mapped_exact_normalized,Denali Therapeutics Inc.,current_mapping_row,SEC company_tickers_exchange,,,1.0,
USA,DICERNA PHARMACEUTICALS,,needs_review,,current_mapping_row,,,,0.0,
USA,DOVA PHARMA,,needs_review,,current_mapping_row,,,,0.0,
USA,EVOQUA WATER TECH,,needs_review,,current_mapping_row,,,,0.0,
USA,FATE THERAPEUTICS,FATE,mapped_exact_normalized,FATE THERAPEUTICS INC,current_mapping_row,SEC company_tickers_exchange,,,1.0,
USA,FGL HOLDINGS,,needs_review,,current_mapping_row,,,,0.0,
USA,FORESCOUT TECHNOLOGIES,,needs_review,,current_mapping_row,,,,0.0,
USA,FRP HOLDINGS INC,FRPH,mapped_exact_normalized,"FRP HOLDINGS, INC.",current_mapping_row,SEC company_tickers_exchange,,,1.0,
USA,FTS INTERNATIONAL,,needs_review,,current_mapping_row,,,,0.0,
USA,GATES INDUSTRIAL,GTES,mapped_exact_normalized,Gates Industrial Corp plc,current_mapping_row,SEC company_tickers_exchange,,,1.0,
USA,GLYCOMIMETICS,,needs_review,,current_mapping_row,,,,0.0,
USA,HERITAGE-CRYSTAL CLEAN,,needs_review,,current_mapping_row,,,,0.0,
USA,INDEPENDENCE HOLDING CO,,needs_review,,current_mapping_row,,,,0.0,
USA,INTREPID POTASH,IPI,mapped_exact_normalized,"Intrepid Potash, Inc.",current_mapping_row,SEC company_tickers_exchange,,,1.0,
USA,KURA ONCOLOGY,KURA,mapped_exact_normalized,"Kura Oncology, Inc.",current_mapping_row,SEC company_tickers_exchange,,,1.0,
USA,LUTHER BURBANK,,needs_review,,current_mapping_row,,,,0.0,
USA,MERCHANTS BANCORP,MBIN,mapped_exact_normalized,Merchants Bancorp,current_mapping_row,SEC company_tickers_exchange,,,1.0,
USA,MIRATI THERAPEUTICS,,needs_review,,current_mapping_row,,,,0.0,
USA,MODEL N,,needs_review,,current_mapping_row,,,,0.0,
USA,NATIONAL VISION HOLDINGS,EYE,mapped_exact_normalized,"National Vision Holdings, Inc.",current_mapping_row,SEC company_tickers_exchange,,,1.0,
USA,NINE ENERGY SERVICE,NINE,mapped_exact_normalized,"Nine Energy Service, Inc.",current_mapping_row,SEC company_tickers_exchange,,,1.0,
USA,OLD LINE BANCSHARES,,needs_review,,current_mapping_row,,,,0.0,
USA,OPTINOSE,,needs_review,,current_mapping_row,,,,0.0,
USA,PENN VIRGINIA,,needs_review,,current_mapping_row,,,,0.0,
USA,PLAYAGS,,needs_review,,current_mapping_row,,,,0.0,
USA,PQ GROUP HOLDINGS,,needs_review,,current_mapping_row,,,,0.0,
USA,QUINSTREET,QNST,mapped_exact_normalized,"QUINSTREET, INC",current_mapping_row,SEC company_tickers_exchange,,,1.0,
USA,R1 RCM,,needs_review,,current_mapping_row,,,,0.0,
USA,REDFIN,,needs_review,,current_mapping_row,,,,0.0,
USA,RHYTHM PHARMACEUTICALS,RYTM,mapped_exact_normalized,"RHYTHM PHARMACEUTICALS, INC.",current_mapping_row,SEC company_tickers_exchange,,,1.0,
USA,SAILPOINT TECH HLDGS,,needs_review,,current_mapping_row,,,,0.0,
USA,SENDGRID,,needs_review,,current_mapping_row,,,,0.0,
USA,STERLING BANCORP (XNCM),,needs_review,,current_mapping_row,,,,0.0,
USA,TABULA RASA HEALTHCARE,,needs_review,,current_mapping_row,,,,0.0,
USA,TECHTARGET,TTGT,mapped_exact_normalized,"TechTarget, Inc.",current_mapping_row,SEC company_tickers_exchange,,,1.0,
USA,TIDEWATER,TDW,mapped_exact_normalized,TIDEWATER INC,current_mapping_row,SEC company_tickers_exchange,,,1.0,
USA,TPI COMPOSITES,TPICQ,mapped_exact_normalized,"TPI COMPOSITES, INC",current_mapping_row,SEC company_tickers_exchange,,,1.0,
USA,UNIQURE (US),,needs_review,,current_mapping_row,,,,0.0,
USA,UNITED COMMUNITY FINL,,needs_review,,current_mapping_row,,,,0.0,
USA,UPLAND SOFTWARE,UPLD,mapped_exact_normalized,"Upland Software, Inc.",current_mapping_row,SEC company_tickers_exchange,,,1.0,
USA,VERSO NEW,,needs_review,,current_mapping_row,,,,0.0,
USA,VIEWRAY,,needs_review,,current_mapping_row,,,,0.0,
USA,W&T OFFSHORE,WTI,mapped_exact_normalized,W&T OFFSHORE INC,current_mapping_row,SEC company_tickers_exchange,,,1.0,
USA,WILLSCOT A,WSC,mapped_exact_normalized,WillScot Holdings Corp,current_mapping_row,SEC company_tickers_exchange,,,1.0,
USA,AXOVANT SCIENCES,,needs_review,,current_mapping_row,,,,0.0,
USA,CALITHERA BIOSCIENCES,,needs_review,,current_mapping_row,,,,0.0,
USA,CELLDEX THERAPEUTICS,CLDX,mapped_exact_normalized,"Celldex Therapeutics, Inc.",current_mapping_row,SEC company_tickers_exchange,,,1.0,
USA,CLEAN ENERGY FUELS,CLNE,mapped_exact_normalized,Clean Energy Fuels Corp.,current_mapping_row,SEC company_tickers_exchange,,,1.0,
USA,FTD COMPANIES,,needs_review,,current_mapping_row,,,,0.0,
USA,ICONIX BRAND GROUP,,needs_review,,current_mapping_row,,,,0.0,
USA,IMPINJ,PI,mapped_exact_normalized,IMPINJ INC,current_mapping_row,SEC company_tickers_exchange,,,1.0,
USA,PICO HOLDINGS,,needs_review,,current_mapping_row,,,,0.0,
USA,PIER 1 IMPORTS,,needs_review,,current_mapping_row,,,,0.0,
USA,REVLON A,,needs_review,,current_mapping_row,,,,0.0,
USA,RIGNET,,needs_review,,current_mapping_row,,,,0.0,
USA,ROADRUNNER TRANSPORT SYS,,needs_review,,current_mapping_row,,,,0.0,
USA,SENECA FOODS CORP A,SENEB,mapped_exact_normalized,Seneca Foods Corp,current_mapping_row,SEC company_tickers_exchange,,,1.0,
USA,TELIGENT,,needs_review,,current_mapping_row,,,,0.0,
TAIWAN,CAREER TECHNOLOGY CO,6153,verified_tw_reference_fuzzy,Career Tech.,current_mapping_row,FinLab company_basic_info:英文簡稱,,,0.9547,
TAIWAN,CHANG WAH TECHNOLOGY,8070,verified_tw_reference_fuzzy,CHANG WAH,current_mapping_row,FinLab company_basic_info:英文簡稱,,,0.935,
TAIWAN,HSIN KUANG STEEL CO,2031,verified_tw_current_round7,Hsin Kuang Steel Company Limited,current_mapping_row,Round7 current-code discovery: Yahoo Finance search matched `Hsin Kuang Steel Company Limited`/2031.TW; code exists in TWSE/TPEx/FinLab Taiwan reference universe. Local refs: Hkssteel | 新光鋼 | 新光鋼鐵股份有限公司,,,1.0000,
TAIWAN,MACHVISION,3563,mapped_exact_normalized,MACHVISION,current_mapping_row,FinLab company_basic_info:英文簡稱,,,1.0,
TAIWAN,SWANCOR HOLDING CO,3708,mapped_exact_normalized,Swancor,current_mapping_row,FinLab company_basic_info:英文簡稱,,,1.0,
TAIWAN,TANVEX BIOPHARMA,6541,verified_tw_reference_fuzzy,Tanvex,current_mapping_row,FinLab company_basic_info:英文簡稱,,,0.9275,
TAIWAN,UNITECH PRINTED CIRCUIT,2367,verified_tw_reference_fuzzy,UNITECH,current_mapping_row,FinLab company_basic_info:英文簡稱,,,0.9204,
TAIWAN,ACTRON TECHNOLOGY,8255,verified_tw_current_round7,Actron Technology Corporation,current_mapping_row,Round7 current-code discovery: Yahoo Finance search matched `Actron Technology Corporation`/8255.TWO; code exists in TWSE/TPEx/FinLab Taiwan reference universe. Local refs: ATC | 朋程 | 朋程科技股份有限公司,,,1.0000,
TAIWAN,E-TON SOLAR TECH,3452,verified_tw_historical_round8,"E-Ton Solar Tech. Co., Ltd. / 益通",current_mapping_row,Round8 Yahoo/Google historical quote: E-Ton Solar Tech 3452.TW; delisted,,,0.99,
TAIWAN,IRON FORCE INDUSTRIAL,2228,verified_tw_current_round7,"Iron Force Industrial Co., Ltd.",current_mapping_row,"Round7 current-code discovery: Yahoo Finance search matched `Iron Force Industrial Co., Ltd.`/2228.TW; code exists in TWSE/TPEx/FinLab Taiwan reference universe. Local refs: IRF | 劍麟 | 劍麟股份有限公司",,,1.0000,
TAIWAN,JOHNSON HEALTH TECH CO,1736,verified_tw_current_round7,"Johnson Health Tech .Co., Ltd.",current_mapping_row,"Round7 current-code discovery: Yahoo Finance search matched `Johnson Health Tech .Co., Ltd.`/1736.TW; code exists in TWSE/TPEx/FinLab Taiwan reference universe. Local refs: JHT | 喬山 | 喬山健康科技股份有限公司",,,1.0000,
TAIWAN,LI CHENG ENTERPRISE,4426,verified_tw_reference_fuzzy,LI CHENG,current_mapping_row,FinLab company_basic_info:英文簡稱,,,0.9321,
TAIWAN,LI PENG ENTERPRISE CO,1447,verified_tw_current_round7,"Li Peng Enterprise Co., Ltd.",current_mapping_row,"Round7 current-code discovery: Yahoo Finance search matched `Li Peng Enterprise Co., Ltd.`/1447.TW; code exists in TWSE/TPEx/FinLab Taiwan reference universe. Local refs: LP | 力鵬 | 力鵬企業股份有限公司",,,1.0000,
TAIWAN,TAIWAN PCB TECHVEST CO,8213,verified_tw_yahoo_round8b,"Taiwan Printed Circuit Board Techvest Co., Ltd. / 志超",current_mapping_row,Round8b Yahoo Finance search: Taiwan PCB Techvest -> 8213.TW.,,,0.98,
TAIWAN,TAIWAN SURFACE MOUNTING,6278,verified_tw_historical_round7,Taiwan Surface Mounting Technology Corp.,current_mapping_row,Round7 official historical delisted source: TPEx EN deListed official delist_date=2010-08-24,,,1.0000,
TAIWAN,TOUNG LOONG TEXTILE,4401,verified_tw_current_round7,"Toung Loong Textile Mfg.Co.,Ltd.",current_mapping_row,"Round7 current-code discovery: Yahoo Finance search matched `Toung Loong Textile Mfg.Co.,Ltd.`/4401.TWO; code exists in TWSE/TPEx/FinLab Taiwan reference universe. Local refs: TLTM | 東隆興 | 東隆興業股份有限公司",,,1.0000,
USA,ADT,ADT,mapped_exact_normalized,ADT Inc.,current_mapping_row,SEC company_tickers_exchange,,,1.0,
USA,ALTAIR ENGINEERING A,,needs_review,,current_mapping_row,,,,0.0,
USA,ALTERYX A,,needs_review,,current_mapping_row,,,,0.0,
USA,APPFOLIO A,APPF,mapped_exact_normalized,APPFOLIO INC,current_mapping_row,SEC company_tickers_exchange,,,1.0,
USA,APPIAN A,APPN,mapped_exact_normalized,APPIAN CORP,current_mapping_row,SEC company_tickers_exchange,,,1.0,
USA,ARES COMMERCIAL REAL EST,,needs_review,,current_mapping_row,,,,0.0,
USA,ARVINAS,ARVN,mapped_exact_normalized,"ARVINAS, INC.",current_mapping_row,SEC company_tickers_exchange,,,1.0,
USA,AXONICS MODULATION TECH,,needs_review,,current_mapping_row,,,,0.0,
USA,AXSOME THERAPEUTICS,AXSM,mapped_exact_normalized,"Axsome Therapeutics, Inc.",current_mapping_row,SEC company_tickers_exchange,,,1.0,
USA,BANDWIDTH A,BAND,mapped_exact_normalized,Bandwidth Inc.,current_mapping_row,SEC company_tickers_exchange,,,1.0,
USA,CALYXT,,needs_review,,current_mapping_row,,,,0.0,
USA,CARBON BLACK,,needs_review,,current_mapping_row,,,,0.0,
USA,CARGURUS A,CARG,mapped_exact_normalized,"CarGurus, Inc.",current_mapping_row,SEC company_tickers_exchange,,,1.0,
USA,CATALYST PHARMACEUTICAL,,needs_review,,current_mapping_row,,,,0.0,
USA,CENTURY BANCORP A,,needs_review,,current_mapping_row,,,,0.0,
USA,CONSTRUCTION PRTNRS A,,needs_review,,current_mapping_row,,,,0.0,
USA,CONTURA ENERGY,,needs_review,,current_mapping_row,,,,0.0,
USA,CORENERGY INFRASTRUCTURE,,needs_review,,current_mapping_row,,,,0.0,
USA,CRINETICS PHARMA,,needs_review,,current_mapping_row,,,,0.0,
USA,DOMO B,DOMO,mapped_exact_normalized,"DOMO, INC.",current_mapping_row,SEC company_tickers_exchange,,,1.0,
USA,EIDOS THERAPEUTICS,,needs_review,,current_mapping_row,,,,0.0,
USA,ELASTIC NV,,needs_review,,current_mapping_row,,,,0.0,
USA,EVENTBRITE,,needs_review,,current_mapping_row,,,,0.0,
USA,EVO PAYMENTS A,,needs_review,,current_mapping_row,,,,0.0,
USA,EVOLUS,EOLS,mapped_exact_normalized,"Evolus, Inc.",current_mapping_row,SEC company_tickers_exchange,,,1.0,
USA,FLUENT,FLNT,mapped_exact_normalized,"Fluent, Inc.",current_mapping_row,SEC company_tickers_exchange,,,1.0,
USA,FORTY SEVEN,,needs_review,,current_mapping_row,,,,0.0,
USA,GREENSKY A,,needs_review,,current_mapping_row,,,,0.0,
USA,GUARDANT HEALTH,GH,mapped_exact_normalized,"Guardant Health, Inc.",current_mapping_row,SEC company_tickers_exchange,,,1.0,
USA,HAMILTON LANE A,HLNE,mapped_exact_normalized,Hamilton Lane INC,current_mapping_row,SEC company_tickers_exchange,,,1.0,
USA,HANGER,,needs_review,,current_mapping_row,,,,0.0,
USA,INNOVATIVE INDL PPTYS A,,needs_review,,current_mapping_row,,,,0.0,
USA,KINIKSA PHARMA A,,needs_review,,current_mapping_row,,,,0.0,
USA,KRYSTAL BIOTECH,KRYS,mapped_exact_normalized,"Krystal Biotech, Inc.",current_mapping_row,SEC company_tickers_exchange,,,1.0,
USA,LIBERTY OILFIELD SVCS A,,needs_review,,current_mapping_row,,,,0.0,
USA,MAGNOLIA OIL & GAS A,MGY,mapped_exact_normalized,Magnolia Oil & Gas Corp,current_mapping_row,SEC company_tickers_exchange,,,1.0,
USA,MALIBU BOATS A,MBUU,mapped_exact_normalized,"MALIBU BOATS, INC.",current_mapping_row,SEC company_tickers_exchange,,,1.0,
USA,ODONATE THERAPEUTICS,,needs_review,,current_mapping_row,,,,0.0,
USA,ORTHOPEDIATRICS,KIDS,mapped_exact_normalized,ORTHOPEDIATRICS CORP,current_mapping_row,SEC company_tickers_exchange,,,1.0,
USA,OSIRIS THERAPEUTICS,,needs_review,,current_mapping_row,,,,0.0,
USA,PENNYMAC FINL SERVICES,,needs_review,,current_mapping_row,,,,0.0,
USA,PETIQ A,,needs_review,,current_mapping_row,,,,0.0,
USA,PIVOTAL SOFTWARE A,,needs_review,,current_mapping_row,,,,0.0,
USA,PLURALSIGHT A,,needs_review,,current_mapping_row,,,,0.0,
USA,PRINCIPIA BIOPHARMA,,needs_review,,current_mapping_row,,,,0.0,
USA,QUOTIENT,,needs_review,,current_mapping_row,,,,0.0,
USA,ROAN RESOURCES A,,needs_review,,current_mapping_row,,,,0.0,
USA,RUBIUS THERAPEUTICS,,needs_review,,current_mapping_row,,,,0.0,
USA,SCHNEIDER NATIONAL B,SNDR,mapped_exact_normalized,"Schneider National, Inc.",current_mapping_row,SEC company_tickers_exchange,,,1.0,
USA,SCHOLAR ROCK HOLDING,SRRK,mapped_exact_normalized,Scholar Rock Holding Corp,current_mapping_row,SEC company_tickers_exchange,,,1.0,
USA,SECUREWORKS A,,needs_review,,current_mapping_row,,,,0.0,
USA,SHOTSPOTTER,,needs_review,,current_mapping_row,,,,0.0,
USA,SMARTSHEET A,,needs_review,,current_mapping_row,,,,0.0,
USA,SOLARIS OILFIELD INFRA A,,needs_review,,current_mapping_row,,,,0.0,
USA,STAR GROUP,STHO,mapped_exact_normalized,Star Holdings,current_mapping_row,SEC company_tickers_exchange,,,1.0,
USA,STITCH FIX A,SFIX,mapped_exact_normalized,"Stitch Fix, Inc.",current_mapping_row,SEC company_tickers_exchange,,,1.0,
USA,SVMK,,needs_review,,current_mapping_row,,,,0.0,
USA,SWITCH,,needs_review,,current_mapping_row,,,,0.0,
USA,TENABLE HOLDINGS,TENB,mapped_exact_normalized,"Tenable Holdings, Inc.",current_mapping_row,SEC company_tickers_exchange,,,1.0,
USA,TILRAY SV 2,,needs_review,,current_mapping_row,,,,0.0,
USA,TWIN RIVER WORLDWIDE,,needs_review,,current_mapping_row,,,,0.0,
USA,TWIST BIOSCIENCE,TWST,mapped_exact_normalized,Twist Bioscience Corp,current_mapping_row,SEC company_tickers_exchange,,,1.0,
USA,UPWORK,UPWK,mapped_exact_normalized,"UPWORK, INC",current_mapping_row,SEC company_tickers_exchange,,,1.0,
USA,VERACYTE,VCYT,mapped_exact_normalized,"VERACYTE, INC.",current_mapping_row,SEC company_tickers_exchange,,,1.0,
USA,VERRA MOBILITY A,VRRM,mapped_exact_normalized,VERRA MOBILITY Corp,current_mapping_row,SEC company_tickers_exchange,,,1.0,
USA,VICTORY CAPITAL HOLDINGS,VCTR,mapped_exact_normalized,"Victory Capital Holdings, Inc.",current_mapping_row,SEC company_tickers_exchange,,,1.0,
USA,VISHAY PRECISION GROUP,VPG,mapped_exact_normalized,"Vishay Precision Group, Inc.",current_mapping_row,SEC company_tickers_exchange,,,1.0,
USA,WAITR HOLDINGS,,needs_review,,current_mapping_row,,,,0.0,
USA,YETI HOLDINGS,YETI,mapped_exact_normalized,"YETI Holdings, Inc.",current_mapping_row,SEC company_tickers_exchange,,,1.0,
USA,ZUORA A,,needs_review,,current_mapping_row,,,,0.0,
USA,AGROFRESH SOLUTIONS,,needs_review,,current_mapping_row,,,,0.0,
USA,AMERICAN RENAL HOLDINGS,,needs_review,,current_mapping_row,,,,0.0,
USA,APTINYX,,needs_review,,current_mapping_row,,,,0.0,
USA,ASCENA RETAIL GROUP,,needs_review,,current_mapping_row,,,,0.0,
USA,BARNES & NOBLE EDUCATION,BNED,mapped_exact_normalized,"Barnes & Noble Education, Inc.",current_mapping_row,SEC company_tickers_exchange,,,1.0,
USA,CBL & ASSOCIATES PPTYS,,needs_review,,current_mapping_row,,,,0.0,
USA,CONCERT PHARMACEUTICALS,,needs_review,,current_mapping_row,,,,0.0,
USA,CUTERA,CUTR,verified_historical_round4,"Cutera, Inc.",current_mapping_row,Round4 conflict review: https://ir.cutera.com/news-releases/news-release-details/cutera-announces-voluntarily-delisting-nasdaq | https://www.sec.gov/Archives/edgar/data/1162461/000162828025011029/cutr-20250306.htm,,,0.98,
USA,GNC HOLDINGS A,,needs_review,,current_mapping_row,,,,0.0,
USA,GP STRATEGIES CORP,,needs_review,,current_mapping_row,,,,0.0,
USA,INNERWORKINGS,,needs_review,,current_mapping_row,,,,0.0,
USA,INVACARE CORP,,needs_review,,current_mapping_row,,,,0.0,
USA,LA JOLLA PHARMACEUTICAL,,needs_review,,current_mapping_row,,,,0.0,
USA,LSC COMMUNICATIONS,,needs_review,,current_mapping_row,,,,0.0,
USA,MAIDEN HOLDINGS,MHLA,mapped_exact_normalized,"Maiden Holdings, Ltd.",current_mapping_row,SEC company_tickers_exchange,,,1.0,
USA,MONEYGRAM INTERNATIONAL,,needs_review,,current_mapping_row,,,,0.0,
USA,NATURAL GAS SERVICES GRP,,needs_review,,current_mapping_row,,,,0.0,
USA,NAUTILUS,,needs_review,,current_mapping_row,,,,0.0,
USA,NCS MULTISTAGE HOLDINGS,NCSM,mapped_exact_normalized,"NCS Multistage Holdings, Inc.",current_mapping_row,SEC company_tickers_exchange,,,1.0,
USA,NET 1 UEPS TECHNOLOGIES,,needs_review,,current_mapping_row,,,,0.0,
USA,OWENS & MINOR,,needs_review,,current_mapping_row,,,,0.0,
USA,PARATEK PHARMACEUTICALS,,needs_review,,current_mapping_row,,,,0.0,
USA,POTBELLY,,needs_review,,current_mapping_row,,,,0.0,
USA,SIENTRA,,needs_review,,current_mapping_row,,,,0.0,
USA,SUPERIOR INDUSTRIES,,needs_review,,current_mapping_row,,,,0.0,
USA,UBIQUITI NETWORKS,,needs_review,,current_mapping_row,,,,0.0,
USA,ULTRA PETROLEUM,,needs_review,,current_mapping_row,,,,0.0,
TAIWAN,FUSHENG PRECISION,6670,verified_tw_current_round7,"FuSheng Precision Co., Ltd.",current_mapping_row,"Round7 current-code discovery: Yahoo Finance search matched `FuSheng Precision Co., Ltd.`/6670.TW; code exists in TWSE/TPEx/FinLab Taiwan reference universe. Local refs: FSP | 復盛應用 | 復盛應用科技股份有限公司",,,1.0000,
TAIWAN,NAN PAO RESINS CHEMICAL,4766,verified_tw_reference_fuzzy,NAN PAO,current_mapping_row,FinLab company_basic_info:英文簡稱,,,0.9204,
TAIWAN,NEWMAX TECHNOLOGY CO,3630,verified_tw_reference_fuzzy,NEWMAX,current_mapping_row,FinLab company_basic_info:英文簡稱,,,0.9253,
TAIWAN,UNION BANK OF TAIWAN,2838,verified_tw_current_round7,Union Bank of Taiwan,current_mapping_row,Round7 current-code discovery: Yahoo Finance search matched `Union Bank of Taiwan`/2838.TW; code exists in TWSE/TPEx/FinLab Taiwan reference universe. Local refs: UBOT | 聯邦商業銀行股份有限公司 | 聯邦銀,,,1.0000,
TAIWAN,CHUNG HSIN ELEC & MACH,1513,verified_tw_yahoo_google_round8,Chung-Hsin Electric & Machinery Mfg. Corp. / 中興電,current_mapping_row,Round8 Yahoo Finance query: Chung Hsin Electric Machinery -> 1513.TW,,,0.99,
TAIWAN,LEXTAR ELECTRONICS CORP,3698,verified_tw_historical_round7,Lextar,current_mapping_row,Round7 official historical delisted source: TWSE EN suspendListing official delist_date=2021/01/06,,,1.0000,
TAIWAN,SENAO INTERNATIONAL CO,2450,verified_tw_reference_fuzzy,SENAO,current_mapping_row,FinLab company_basic_info:英文簡稱,,,0.9163,
TAIWAN,ZENG HSING INDUSTRIAL CO,1558,verified_tw_reference_fuzzy,ZENG HSING,current_mapping_row,FinLab company_basic_info:英文簡稱,,,0.9376,
USA,1LIFE HEALTHCARE,,needs_review,,current_mapping_row,,,,0.0,
USA,ACCEL ENTERTAINMENT A1,,needs_review,,current_mapping_row,,,,0.0,
USA,ACM RESEARCH A,ACMR,mapped_exact_normalized,"ACM Research, Inc.",current_mapping_row,SEC company_tickers_exchange,,,1.0,
USA,ADAPTIVE BIOTECHNOLOGIES,ADPT,mapped_exact_normalized,Adaptive Biotechnologies Corp,current_mapping_row,SEC company_tickers_exchange,,,1.0,
USA,ADESTO TECHNOLOGIES,,needs_review,,current_mapping_row,,,,0.0,
USA,AKERO THERAPEUTICS,,needs_review,,current_mapping_row,,,,0.0,
USA,AMERANT BANCORP A,AMTB,mapped_exact_normalized,Amerant Bancorp Inc.,current_mapping_row,SEC company_tickers_exchange,,,1.0,
USA,APREA THERAPEUTICS,APRE,mapped_exact_normalized,"Aprea Therapeutics, Inc.",current_mapping_row,SEC company_tickers_exchange,,,1.0,
USA,ARCTURUS THERAPEUTIC(US),,needs_review,,current_mapping_row,,,,0.0,
USA,ARCUTIS BIOTHERAPEUTICS,ARQT,mapped_exact_normalized,"Arcutis Biotherapeutics, Inc.",current_mapping_row,SEC company_tickers_exchange,,,1.0,
USA,ATHERSYS,,needs_review,,current_mapping_row,,,,0.0,
USA,ATRECA A,,needs_review,,current_mapping_row,,,,0.0,
USA,BANK FIRST CORPORATION,BFC,mapped_exact_normalized,Bank First Corp,current_mapping_row,SEC company_tickers_exchange,,,1.0,
USA,BEAM THERAPEUTICS,BEAM,mapped_exact_normalized,Beam Therapeutics Inc.,current_mapping_row,SEC company_tickers_exchange,,,1.0,
USA,BELLRING BRANDS A,BRBR,mapped_exact_normalized,"BELLRING BRANDS, INC.",current_mapping_row,SEC company_tickers_exchange,,,1.0,
USA,BIOXCEL THERAPEUTICS,BTAI,mapped_exact_normalized,"BioXcel Therapeutics, Inc.",current_mapping_row,SEC company_tickers_exchange,,,1.0,
USA,BLACK DIAMOND THERAPEUT,,needs_review,,current_mapping_row,,,,0.0,
USA,BROADMARK REALTY CAPITAL,,needs_review,,current_mapping_row,,,,0.0,
USA,CADIZ INC,CDZI,mapped_exact_normalized,CADIZ INC,current_mapping_row,SEC company_tickers_exchange,,,1.0,
USA,CALIX,CALX,mapped_exact_normalized,"CALIX, INC",current_mapping_row,SEC company_tickers_exchange,,,1.0,
USA,CASTLE BIOSCIENCES,CSTL,mapped_exact_normalized,CASTLE BIOSCIENCES INC,current_mapping_row,SEC company_tickers_exchange,,,1.0,
USA,CATASYS,,needs_review,,current_mapping_row,,,,0.0,
USA,CEL-SCI CORP,CVM,mapped_exact_normalized,CEL SCI CORP,current_mapping_row,SEC company_tickers_exchange,,,1.0,
USA,CINCINNATI BELL,,needs_review,,current_mapping_row,,,,0.0,
USA,CO DIAGNOSTIC,,needs_review,,current_mapping_row,,,,0.0,
USA,CONSTELLATION PHARMA,,needs_review,,current_mapping_row,,,,0.0,
USA,CORBUS PHARMACEUTICALS,CRBP,mapped_exact_normalized,"Corbus Pharmaceuticals Holdings, Inc.",current_mapping_row,SEC company_tickers_exchange,,,1.0,
USA,CORTEXYME,,needs_review,,current_mapping_row,,,,0.0,
USA,CROSSFIRST BANKSHARES,,needs_review,,current_mapping_row,,,,0.0,
USA,CUE BIOPHARMA,CUE,mapped_exact_normalized,"Cue Biopharma, Inc.",current_mapping_row,SEC company_tickers_exchange,,,1.0,
USA,DORIAN LPG,LPG,mapped_exact_normalized,DORIAN LPG LTD.,current_mapping_row,SEC company_tickers_exchange,,,1.0,
USA,FREEDOM HOLDING,FRHC,mapped_exact_normalized,Freedom Holding Corp.,current_mapping_row,SEC company_tickers_exchange,,,1.0,
USA,IGM BIOSCIENCES,,needs_review,,current_mapping_row,,,,0.0,
USA,IMMUNOVANT,IMVT,mapped_exact_normalized,"Immunovant, Inc.",current_mapping_row,SEC company_tickers_exchange,,,1.0,
USA,INOVIO PHARMACEUTICALS,INO,mapped_exact_normalized,"INOVIO PHARMACEUTICALS, INC.",current_mapping_row,SEC company_tickers_exchange,,,1.0,
USA,INSEEGO CORP,INSG,mapped_exact_normalized,INSEEGO CORP.,current_mapping_row,SEC company_tickers_exchange,,,1.0,
USA,JETBLUE AIRWAYS CORP,JBLU,mapped_exact_normalized,JETBLUE AIRWAYS CORP,current_mapping_row,SEC company_tickers_exchange,,,1.0,
USA,KADMON HOLDINGS,,needs_review,,current_mapping_row,,,,0.0,
USA,KALA PHARMECUTICAL,,needs_review,,current_mapping_row,,,,0.0,
USA,KARUNA THERAPEUTICS,,needs_review,,current_mapping_row,,,,0.0,
USA,KORU MEDICAL SYSTEMS,KRMD,mapped_exact_normalized,"KORU Medical Systems, Inc.",current_mapping_row,SEC company_tickers_exchange,,,1.0,
USA,MERSANA THERAPEUTICS,,needs_review,,current_mapping_row,,,,0.0,
USA,MERUS BV (US),,needs_review,,current_mapping_row,,,,0.0,
USA,MOLECULAR TEMPLATES,,needs_review,,current_mapping_row,,,,0.0,
USA,NEOLEUKIN THERAPEUTICS,,needs_review,,current_mapping_row,,,,0.0,
USA,NEOPHOTONICS,,needs_review,,current_mapping_row,,,,0.0,
USA,NEXTCURE,NXTC,mapped_exact_normalized,"NextCure, Inc.",current_mapping_row,SEC company_tickers_exchange,,,1.0,
USA,ORION ENGINEERED CARBONS,,needs_review,,current_mapping_row,,,,0.0,
USA,PAE A,,needs_review,,current_mapping_row,,,,0.0,
USA,PASSAGE BIO,PASG,mapped_exact_normalized,"Passage BIO, Inc.",current_mapping_row,SEC company_tickers_exchange,,,1.0,
USA,PHATHOM PHARMACEUTICALS,PHAT,mapped_exact_normalized,"Phathom Pharmaceuticals, Inc.",current_mapping_row,SEC company_tickers_exchange,,,1.0,
USA,PING IDENTITY HOLDING,,needs_review,,current_mapping_row,,,,0.0,
USA,PRECISION BIOSCIENCES,DTIL,mapped_exact_normalized,PRECISION BIOSCIENCES INC,current_mapping_row,SEC company_tickers_exchange,,,1.0,
USA,PROGYNY,PGNY,mapped_exact_normalized,"Progyny, Inc.",current_mapping_row,SEC company_tickers_exchange,,,1.0,
USA,PROVENTION BIO,,needs_review,,current_mapping_row,,,,0.0,
USA,RANPAK HOLDINGS A,PACK,mapped_exact_normalized,Ranpak Holdings Corp.,current_mapping_row,SEC company_tickers_exchange,,,1.0,
USA,RELMADA THERAPEUTICS,RLMD,mapped_exact_normalized,"RELMADA THERAPEUTICS, INC.",current_mapping_row,SEC company_tickers_exchange,,,1.0,
USA,REPLIMUNE GROUP,REPL,mapped_exact_normalized,"Replimune Group, Inc.",current_mapping_row,SEC company_tickers_exchange,,,1.0,
USA,SCHRODINGER,SDGR,mapped_exact_normalized,"Schrodinger, Inc.",current_mapping_row,SEC company_tickers_exchange,,,1.0,
USA,SI BONE INC,SIBN,mapped_exact_normalized,"SI-BONE, Inc.",current_mapping_row,SEC company_tickers_exchange,,,1.0,
USA,SMILEDIRECTCLUB A,,needs_review,,current_mapping_row,,,,0.0,
USA,SOLARWINDS CORP,,needs_review,,current_mapping_row,,,,0.0,
USA,SPRINGWORKS THERAPEUTICS,,needs_review,,current_mapping_row,,,,0.0,
USA,SPROUT SOCIAL A,SPT,mapped_exact_normalized,"Sprout Social, Inc.",current_mapping_row,SEC company_tickers_exchange,,,1.0,
USA,THE MEET GROUP,,needs_review,,current_mapping_row,,,,0.0,
USA,VAPOTHERM,,needs_review,,current_mapping_row,,,,0.0,
USA,VERASTEM,VSTM,mapped_exact_normalized,"Verastem, Inc.",current_mapping_row,SEC company_tickers_exchange,,,1.0,
USA,VIRGIN GALACTIC HLDGS,,needs_review,,current_mapping_row,,,,0.0,
USA,VIRNETX HOLDING,VHC,mapped_exact_normalized,VirnetX Holding Corp,current_mapping_row,SEC company_tickers_exchange,,,1.0,
USA,XBIOTECH,XBIT,mapped_exact_normalized,XBiotech Inc.,current_mapping_row,SEC company_tickers_exchange,,,1.0,
USA,XENON PHARMACEUTICALS,XENE,mapped_exact_normalized,Xenon Pharmaceuticals Inc.,current_mapping_row,SEC company_tickers_exchange,,,1.0,
USA,AKORN,,needs_review,,current_mapping_row,,,,0.0,
USA,ALPHA & OMEGA SEMICONDUC,,needs_review,,current_mapping_row,,,,0.0,
USA,ALTISOURCE PORTFOLIO SOL,,needs_review,,current_mapping_row,,,,0.0,
USA,ANWORTH MORTGAGE ASSET,,needs_review,,current_mapping_row,,,,0.0,
USA,ARLO TECHNOLOGIES,ARLO,mapped_exact_normalized,"Arlo Technologies, Inc.",current_mapping_row,SEC company_tickers_exchange,,,1.0,
USA,ASHFORD HOSPITALITY TRST,,needs_review,,current_mapping_row,,,,0.0,
USA,AT HOME GROUP,,needs_review,,current_mapping_row,,,,0.0,
USA,BBX CAPITAL A,BBXIB,mapped_exact_normalized,"BBX Capital, Inc.",current_mapping_row,SEC company_tickers_exchange,,,1.0,
USA,BEAZER HOMES USA,BZH,mapped_exact_normalized,BEAZER HOMES USA INC,current_mapping_row,SEC company_tickers_exchange,,,1.0,
USA,BERRY CORP,,needs_review,,current_mapping_row,,,,0.0,
USA,BRAEMAR HOTELS & RESORTS,BHR,mapped_exact_normalized,Braemar Hotels & Resorts Inc.,current_mapping_row,SEC company_tickers_exchange,,,1.0,
USA,BRIGGS & STRATTON,,needs_review,,current_mapping_row,,,,0.0,
USA,CALERES,CAL,mapped_exact_normalized,CALERES INC,current_mapping_row,SEC company_tickers_exchange,,,1.0,
USA,CALIFORNIA RESOURCES,CRC,mapped_exact_normalized,California Resources Corp,current_mapping_row,SEC company_tickers_exchange,,,1.0,
USA,CARTER BANK & TRUST,,needs_review,,current_mapping_row,,,,0.0,
USA,CEDAR REALTY TRUST,CDR-PB,mapped_exact_normalized,"CEDAR REALTY TRUST, INC.",current_mapping_row,SEC company_tickers_exchange,,,1.0,
USA,CHUY'S HOLDINGS,,needs_review,,current_mapping_row,,,,0.0,
USA,CIRCOR INTERNATIONAL,,needs_review,,current_mapping_row,,,,0.0,
USA,CONN'S,,needs_review,,current_mapping_row,,,,0.0,
USA,CONSOL ENERGY (NEW),,needs_review,,current_mapping_row,,,,0.0,
USA,COOPER STANDARD HOLDING,CPS,mapped_exact_normalized,Cooper-Standard Holdings Inc.,current_mapping_row,SEC company_tickers_exchange,,,1.0,
USA,COREPOINT LODGING,,needs_review,,current_mapping_row,,,,0.0,
USA,CURO GROUP HOLDINGS CORP,,needs_review,,current_mapping_row,,,,0.0,
USA,CYCLERION THERAPEUTICS,CYCN,mapped_exact_normalized,"Cyclerion Therapeutics, Inc.",current_mapping_row,SEC company_tickers_exchange,,,1.0,
USA,DEL TACO RESTAURANTS,,needs_review,,current_mapping_row,,,,0.0,
USA,DONNELLEY FIN SOLUTIONS,,needs_review,,current_mapping_row,,,,0.0,
USA,EMERALD HOLDING,EEX,mapped_exact_normalized,"Emerald Holding, Inc.",current_mapping_row,SEC company_tickers_exchange,,,1.0,
USA,ENTERCOM COMMU CORP,,needs_review,,current_mapping_row,,,,0.0,
USA,EXANTAS CAPITAL CORP,,needs_review,,current_mapping_row,,,,0.0,
USA,EXTERRAN CORP,,needs_review,,current_mapping_row,,,,0.0,
USA,FARMER BROS CO,,needs_review,,current_mapping_row,,,,0.0,
USA,FUNKO A,FNKO,mapped_exact_normalized,"Funko, Inc.",current_mapping_row,SEC company_tickers_exchange,,,1.0,
USA,GAMCO INVESTORS A,,needs_review,,current_mapping_row,,,,0.0,
USA,GOGO INC,GOGO,mapped_exact_normalized,Gogo Inc.,current_mapping_row,SEC company_tickers_exchange,,,1.0,
USA,GOLDEN ENTERTAINMENT,,needs_review,,current_mapping_row,,,,0.0,
USA,GRAN TIERRA ENERGY,GTE,mapped_exact_normalized,GRAN TIERRA ENERGY INC.,current_mapping_row,SEC company_tickers_exchange,,,1.0,
USA,GREEN PLAINS,GPRE,mapped_exact_normalized,Green Plains Inc.,current_mapping_row,SEC company_tickers_exchange,,,1.0,
USA,GREENHILL & CO,,needs_review,,current_mapping_row,,,,0.0,
USA,HAMILTON BEACH BRANDS A,HBB,mapped_exact_normalized,Hamilton Beach Brands Holding Co,current_mapping_row,SEC company_tickers_exchange,,,1.0,
USA,HERSHA HOSPITALITY TRUST,,needs_review,,current_mapping_row,,,,0.0,
USA,HOUGHTON MIFFLIN,,needs_review,,current_mapping_row,,,,0.0,
USA,KOPPERS HOLDINGS INC,KOP,mapped_exact_normalized,Koppers Holdings Inc.,current_mapping_row,SEC company_tickers_exchange,,,1.0,
USA,LAREDO PETROLEUM,,needs_review,,current_mapping_row,,,,0.0,
USA,LUMBER LIQUIDATORS,,needs_review,,current_mapping_row,,,,0.0,
USA,LYDALL,,needs_review,,current_mapping_row,,,,0.0,
USA,MASTERCRAFT BOAT HLDGS,,needs_review,,current_mapping_row,,,,0.0,
USA,MODINE MANUFACTURING CO,MOD,mapped_exact_normalized,MODINE MANUFACTURING CO,current_mapping_row,SEC company_tickers_exchange,,,1.0,
USA,MOTORCAR PART OF AMERICA,,needs_review,,current_mapping_row,,,,0.0,
USA,NABORS INDUSTRIES,NBR,mapped_exact_normalized,NABORS INDUSTRIES LTD,current_mapping_row,SEC company_tickers_exchange,,,1.0,
USA,NACCO INDUSTRIES A (NEW),NC,mapped_exact_normalized,NACCO INDUSTRIES INC,current_mapping_row,SEC company_tickers_exchange,,,1.0,
USA,NEW SENIOR INV GRP,,needs_review,,current_mapping_row,,,,0.0,
USA,NEWPARK RESOURCES,,needs_review,,current_mapping_row,,,,0.0,
USA,OASIS PETROLEUM,,needs_review,,current_mapping_row,,,,0.0,
USA,ON DECK CAPITAL,,needs_review,,current_mapping_row,,,,0.0,
USA,PARTY CITY HOLDCO,,needs_review,,current_mapping_row,,,,0.0,
USA,PENNEY (J C) COMPANY,,needs_review,,current_mapping_row,,,,0.0,
USA,PENNSYLVANIA REIT,,needs_review,,current_mapping_row,,,,0.0,
USA,PZENA INVESTMENT MGMT A,,needs_review,,current_mapping_row,,,,0.0,
USA,QUAD GRAPHICS A,QUAD,mapped_exact_normalized,"Quad/Graphics, Inc.",current_mapping_row,SEC company_tickers_exchange,,,1.0,
USA,RAYONIER ADV MATERIALS,,needs_review,,current_mapping_row,,,,0.0,
USA,RED ROBIN GOURMET BURGER,,needs_review,,current_mapping_row,,,,0.0,
USA,RETAIL VALUE,,needs_review,,current_mapping_row,,,,0.0,
USA,SM ENERGY,SM,mapped_exact_normalized,SM Energy Co,current_mapping_row,SEC company_tickers_exchange,,,1.0,
USA,SOLID BIOSCIENCES INC,SLDB,mapped_exact_normalized,Solid Biosciences Inc.,current_mapping_row,SEC company_tickers_exchange,,,1.0,
USA,TEAM,TISI,mapped_exact_normalized,TEAM INC,current_mapping_row,SEC company_tickers_exchange,,,1.0,
USA,TIMKENSTEEL CORP,,needs_review,,current_mapping_row,,,,0.0,
USA,TITAN MACHINERY,TITN,mapped_exact_normalized,Titan Machinery Inc.,current_mapping_row,SEC company_tickers_exchange,,,1.0,
USA,UNIFI,UFI,mapped_exact_normalized,UNIFI INC,current_mapping_row,SEC company_tickers_exchange,,,1.0,
USA,UNIVERSAL LOGIS HLDGS,,needs_review,,current_mapping_row,,,,0.0,
USA,VALARIS A,VAL,mapped_exact_normalized,Valaris Ltd,current_mapping_row,SEC company_tickers_exchange,,,1.0,
USA,VENATOR MATERIALS,,needs_review,,current_mapping_row,,,,0.0,
USA,VERA BRADLEY,VRA,mapped_exact_normalized,"Vera Bradley, Inc.",current_mapping_row,SEC company_tickers_exchange,,,1.0,
USA,VSE CORP,VSEC,mapped_exact_normalized,VSE CORP,current_mapping_row,SEC company_tickers_exchange,,,1.0,
USA,WASHINGTON PRIME GROUP,,needs_review,,current_mapping_row,,,,0.0,
USA,WESTERN ASSET MTG CPTL,,needs_review,,current_mapping_row,,,,0.0,
TAIWAN,ADLINK TECHNOLOGY,6166,verified_tw_reference_fuzzy,ADLINK,current_mapping_row,FinLab company_basic_info:英文簡稱,,,0.9253,
TAIWAN,ASROCK,3515,mapped_exact_normalized,ASROCK,current_mapping_row,FinLab company_basic_info:英文簡稱,,,1.0,
TAIWAN,GLOBAL LIGHTING TECH,4935,verified_tw_current_round7,Global Lighting Technologies Inc.,current_mapping_row,Round7 current-code discovery: Yahoo Finance search matched `Global Lighting Technologies Inc.`/4935.TW; code exists in TWSE/TPEx/FinLab Taiwan reference universe. Local refs: GLT | 茂林-KY | 茂林光電科技(開曼)股份有限公司,,,1.0000,
TAIWAN,HOTAI FINANCE,6592,mapped_exact_normalized,HOTAI FINANCE,current_mapping_row,FinLab company_basic_info:英文簡稱,,,1.0,
TAIWAN,INNODISK CORP,5289,mapped_exact_normalized,Innodisk,current_mapping_row,FinLab company_basic_info:英文簡稱,,,1.0,
TAIWAN,LITE-ON SEMICONDUCTOR,5305,verified_tw_historical_round8,Lite-On Semiconductor Corp. / 敦南,current_mapping_row,Round8 Yahoo/Google historical quote: Lite-On Semiconductor 5305.TW; delisted,,,0.99,
TAIWAN,MARKETECH INTL CORP,6196,verified_tw_yahoo_google_round8,Marketech International Corp. / 帆宣,current_mapping_row,Round8 Yahoo Finance query: Marketech International -> 6196.TW,,,0.99,
TAIWAN,TAISUN ENTERPRISE CO,1218,verified_tw_reference_fuzzy,TAISUN,current_mapping_row,FinLab company_basic_info:英文簡稱,,,0.9253,
TAIWAN,QST INTERNATIONAL CORP,8349,verified_tw_current_round7,QST International Corp.,current_mapping_row,Round7 current-code discovery: Yahoo Finance search matched `QST International Corp.`/8349.TWO; code exists in TWSE/TPEx/FinLab Taiwan reference universe. Local refs: QST | 恒耀國際 | 恒耀國際股份有限公司,,,1.0000,
USA,ACADEMY SPORTS & OUTDOOR,,needs_review,,current_mapping_row,,,,0.0,
USA,ADAPTHEALTH A,AHCO,mapped_exact_normalized,AdaptHealth Corp.,current_mapping_row,SEC company_tickers_exchange,,,1.0,
USA,ALIGOS THERAPEUTICS,ALGS,mapped_exact_normalized,"Aligos Therapeutics, Inc.",current_mapping_row,SEC company_tickers_exchange,,,1.0,
USA,ALLEGRO MICROSYSTEMS,ALGM,mapped_exact_normalized,"ALLEGRO MICROSYSTEMS, INC.",current_mapping_row,SEC company_tickers_exchange,,,1.0,
USA,AMERICAN WELL CORP,AMWL,mapped_exact_normalized,American Well Corp,current_mapping_row,SEC company_tickers_exchange,,,1.0,
USA,APPHARVEST,,needs_review,,current_mapping_row,,,,0.0,
USA,APRIA,,needs_review,,current_mapping_row,,,,0.0,
USA,ARRAY TECHNOLOGIES,ARRY,mapped_exact_normalized,"Array Technologies, Inc.",current_mapping_row,SEC company_tickers_exchange,,,1.0,
USA,ASPIRA WOMENS HEALTH,,needs_review,,current_mapping_row,,,,0.0,
USA,ATEA PHARMACEUTICALS,AVIR,mapped_exact_normalized,"Atea Pharmaceuticals, Inc.",current_mapping_row,SEC company_tickers_exchange,,,1.0,
USA,AUDACY,,needs_review,,current_mapping_row,,,,0.0,
USA,AVID BIOSERVICES,,needs_review,,current_mapping_row,,,,0.0,
USA,AVID TECHNOLOGY,,needs_review,,current_mapping_row,,,,0.0,
USA,BIOATLA,BCAB,mapped_exact_normalized,"BioAtla, Inc.",current_mapping_row,SEC company_tickers_exchange,,,1.0,
USA,BIONANO GENOMICS,BNGO,mapped_exact_normalized,"Bionano Genomics, Inc.",current_mapping_row,SEC company_tickers_exchange,,,1.0,
USA,BLINK CHARGING,BLNK,mapped_exact_normalized,Blink Charging Co.,current_mapping_row,SEC company_tickers_exchange,,,1.0,
USA,BOLT BIOTHERAPEUTICS,BOLT,mapped_exact_normalized,"Bolt Biotherapeutics, Inc.",current_mapping_row,SEC company_tickers_exchange,,,1.0,
USA,BROADSTONE NET LEASE A,BNL,mapped_exact_normalized,"Broadstone Net Lease, Inc.",current_mapping_row,SEC company_tickers_exchange,,,1.0,
USA,BTRS HOLDINGS,,needs_review,,current_mapping_row,,,,0.0,
USA,C3 AI A,AI,mapped_exact_normalized,"C3.ai, Inc.",current_mapping_row,SEC company_tickers_exchange,,,1.0,
USA,C4 THERAPEUTICS,CCCC,mapped_exact_normalized,"C4 Therapeutics, Inc.",current_mapping_row,SEC company_tickers_exchange,,,1.0,
USA,CAMBIUM NETWORKS,CMBMF,mapped_exact_normalized,Cambium Networks Corp,current_mapping_row,SEC company_tickers_exchange,,,1.0,
USA,CANOO,,needs_review,,current_mapping_row,,,,0.0,
USA,CARLOTZ A,,needs_review,,current_mapping_row,,,,0.0,
USA,CEREVEL THERAP HLDGS,,needs_review,,current_mapping_row,,,,0.0,
USA,CERTARA,CERT,mapped_exact_normalized,"Certara, Inc.",current_mapping_row,SEC company_tickers_exchange,,,1.0,
USA,CHIMERIX,CMRX,verified_us_web_high_confidence,"Chimerix, Inc.",current_mapping_row,web_verified_round2:https://ir.chimerix.com/?field_nir_sec_form_group_target_id%5B476%5D=476&field_nir_sec_date_filed_value=&items_per_page=50&promote=All&mobile=1&field_nir_event_start_date_value_2=now&sort_order=ASC&field_nir_event_start_date_value_1=-8%20hours&field_nir_sec_cik_target_id=&items_per_page_toggle=1&order=field_nir_sec_description&sort=asc&&&page=2%2C0%2C0,,,0.98,
USA,CONTANGO OIL & GAS CO,,needs_review,,current_mapping_row,,,,0.0,
USA,CORSAIR GAMING,CRSR,mapped_exact_normalized,"Corsair Gaming, Inc.",current_mapping_row,SEC company_tickers_exchange,,,1.0,
USA,CULLINAN MANAGEMENT,,needs_review,,current_mapping_row,,,,0.0,
USA,CURIOSITYSTREAM A,CURI,mapped_exact_normalized,CuriosityStream Inc.,current_mapping_row,SEC company_tickers_exchange,,,1.0,
USA,DANIMER SCIENTIFIC INC A,,needs_review,,current_mapping_row,,,,0.0,
USA,DENBURY,,needs_review,,current_mapping_row,,,,0.0,
USA,DERMTECH,,needs_review,,current_mapping_row,,,,0.0,
USA,DRIVEN BRANDS HOLDINGS,DRVN,mapped_exact_normalized,Driven Brands Holdings Inc.,current_mapping_row,SEC company_tickers_exchange,,,1.0,
USA,DUCK CREEK TECHNOLOGIES,,needs_review,,current_mapping_row,,,,0.0,
USA,DYNE THERAPEUTICS,DYN,mapped_exact_normalized,"Dyne Therapeutics, Inc.",current_mapping_row,SEC company_tickers_exchange,,,1.0,
USA,E2OPEN PARENT HOLDINGS A,,needs_review,,current_mapping_row,,,,0.0,
USA,EARGO,,needs_review,,current_mapping_row,,,,0.0,
USA,EASTERN BANKSHARES,EBC,mapped_exact_normalized,"Eastern Bankshares, Inc.",current_mapping_row,SEC company_tickers_exchange,,,1.0,
USA,ESSA PHARMA,,needs_review,,current_mapping_row,,,,0.0,
USA,ESTABLISHMENT LABS HLDGS,,needs_review,,current_mapping_row,,,,0.0,
USA,EXTRACTION OIL GAS,,needs_review,,current_mapping_row,,,,0.0,
USA,GAN (US),,needs_review,,current_mapping_row,,,,0.0,
USA,GRID DYNAMICS,GDYN,mapped_exact_normalized,"GRID DYNAMICS HOLDINGS, INC.",current_mapping_row,SEC company_tickers_exchange,,,1.0,
USA,HARMONY BIOSCIENCES,HRMY,mapped_exact_normalized,"Harmony Biosciences Holdings, Inc.",current_mapping_row,SEC company_tickers_exchange,,,1.0,
USA,HIMS & HERS HEALTH A,HIMS,mapped_exact_normalized,"Hims & Hers Health, Inc.",current_mapping_row,SEC company_tickers_exchange,,,1.0,
USA,HUMANIGEN,,needs_review,,current_mapping_row,,,,0.0,
USA,HYDROFARM HOLDINGS,HYFM,mapped_exact_normalized,"HYDROFARM HOLDINGS GROUP, INC.",current_mapping_row,SEC company_tickers_exchange,,,1.0,
USA,HYLIION,HYLN,mapped_exact_normalized,Hyliion Holdings Corp.,current_mapping_row,SEC company_tickers_exchange,,,1.0,
USA,I3 VERTICALS A,IIIV,mapped_exact_normalized,"i3 Verticals, Inc.",current_mapping_row,SEC company_tickers_exchange,,,1.0,
USA,IDEANOMICS,,needs_review,,current_mapping_row,,,,0.0,
USA,JAMF HOLDING CORP,,needs_review,,current_mapping_row,,,,0.0,
USA,JFROG LTD,FROG,mapped_exact_normalized,JFrog Ltd,current_mapping_row,SEC company_tickers_exchange,,,1.0,
USA,JOINT (THE),JYNT,mapped_exact_normalized,JOINT Corp,current_mapping_row,SEC company_tickers_exchange,,,1.0,
USA,KINNATE BIOPHARMA,,needs_review,,current_mapping_row,,,,0.0,
USA,KRONOS BIO,,needs_review,,current_mapping_row,,,,0.0,
USA,LUMINAR TECHNOLOGIES A,,needs_review,,current_mapping_row,,,,0.0,
USA,MARATHON DIGITAL HLDGS,,needs_review,,current_mapping_row,,,,0.0,
USA,MARAVAI LIFESCIENCES A,MRVI,mapped_exact_normalized,"MARAVAI LIFESCIENCES HOLDINGS, INC.",current_mapping_row,SEC company_tickers_exchange,,,1.0,
USA,MARCUS CORP (THE),MCS,mapped_exact_normalized,MARCUS CORP,current_mapping_row,SEC company_tickers_exchange,,,1.0,
USA,MCAFEE A,,needs_review,,current_mapping_row,,,,0.0,
USA,MEDIAALPHA A,MAX,mapped_exact_normalized,"MediaAlpha, Inc.",current_mapping_row,SEC company_tickers_exchange,,,1.0,
USA,METROMILE,,needs_review,,current_mapping_row,,,,0.0,
USA,MICROVISION,MVIS,mapped_exact_normalized,"MICROVISION, INC.",current_mapping_row,SEC company_tickers_exchange,,,1.0,
USA,MIMEDX GROUP,MDXG,mapped_exact_normalized,"MIMEDX GROUP, INC.",current_mapping_row,SEC company_tickers_exchange,,,1.0,
USA,MISSION PRODUCE,AVO,mapped_exact_normalized,"Mission Produce, Inc.",current_mapping_row,SEC company_tickers_exchange,,,1.0,
USA,MOHAWK GROUP HOLDINGS,,needs_review,,current_mapping_row,,,,0.0,
USA,MP MATERIALS A,MP,mapped_exact_normalized,MP Materials Corp. Common Stock,current_mapping_row,NasdaqTrader otherlisted,,,1.0,
USA,NCINO,NCNO,mapped_exact_normalized,"nCino, Inc.",current_mapping_row,SEC company_tickers_exchange,,,1.0,
USA,NETSTREIT,NTST,mapped_exact_normalized,NETSTREIT Corp.,current_mapping_row,SEC company_tickers_exchange,,,1.0,
USA,NUVATION BIO A,NUVB,mapped_exact_normalized,Nuvation Bio Inc.,current_mapping_row,SEC company_tickers_exchange,,,1.0,
USA,ON24,,needs_review,,current_mapping_row,,,,0.0,
USA,OPENDOOR TECHNOLOGIES,OPEN,mapped_exact_normalized,Opendoor Technologies Inc.,current_mapping_row,SEC company_tickers_exchange,,,1.0,
USA,ORTHO CLINICAL DIAG HLDG,,needs_review,,current_mapping_row,,,,0.0,
USA,OUTSET MEDICAL,OM,mapped_exact_normalized,"Outset Medical, Inc.",current_mapping_row,SEC company_tickers_exchange,,,1.0,
USA,PACTIV EVERGREEN,,needs_review,,current_mapping_row,,,,0.0,
USA,PAYA HOLDINGS,,needs_review,,current_mapping_row,,,,0.0,
USA,PETCO HEALTH A,,needs_review,,current_mapping_row,,,,0.0,
USA,PLBY GROUP,,needs_review,,current_mapping_row,,,,0.0,
USA,PMV PHARMACEUTICALS,PMVP,mapped_exact_normalized,"PMV Pharmaceuticals, Inc.",current_mapping_row,SEC company_tickers_exchange,,,1.0,
USA,POSHMARK A,,needs_review,,current_mapping_row,,,,0.0,
USA,PRAXIS PRECISION MED,,needs_review,,current_mapping_row,,,,0.0,
USA,PRELUDE THERAPEUTICS,PRLD,mapped_exact_normalized,Prelude Therapeutics Inc,current_mapping_row,SEC company_tickers_exchange,,,1.0,
USA,PUBMATIC A,PUBM,mapped_exact_normalized,"PubMatic, Inc.",current_mapping_row,SEC company_tickers_exchange,,,1.0,
USA,PULMONX,LUNG,mapped_exact_normalized,Pulmonx Corp,current_mapping_row,SEC company_tickers_exchange,,,1.0,
USA,RADIUS GLOBAL INFRA,,needs_review,,current_mapping_row,,,,0.0,
USA,REKOR SYSTEMS,REKR,mapped_exact_normalized,"Rekor Systems, Inc.",current_mapping_row,SEC company_tickers_exchange,,,1.0,
USA,REYNOLDS CONSUMER PRDCTS,,needs_review,,current_mapping_row,,,,0.0,
USA,RIMINI STREET,RMNI,mapped_exact_normalized,"Rimini Street, Inc.",current_mapping_row,SEC company_tickers_exchange,,,1.0,
USA,RIOT BLOCKCHAIN,,needs_review,,current_mapping_row,,,,0.0,
USA,ROMEO POWER,,needs_review,,current_mapping_row,,,,0.0,
USA,SEER A,SEER,mapped_exact_normalized,"Seer, Inc.",current_mapping_row,SEC company_tickers_exchange,,,1.0,
USA,SENSEONICS HOLDINGS INC,SENS,mapped_exact_normalized,"Senseonics Holdings, Inc.",current_mapping_row,SEC company_tickers_exchange,,,1.0,
USA,SHATTUCK LABS,STTK,mapped_exact_normalized,"Shattuck Labs, Inc.",current_mapping_row,SEC company_tickers_exchange,,,1.0,
USA,SHOALS TECHNOLOGIES A,SHLS,mapped_exact_normalized,"Shoals Technologies Group, Inc.",current_mapping_row,SEC company_tickers_exchange,,,1.0,
USA,SIGNIFY HEALTH A,,needs_review,,current_mapping_row,,,,0.0,
USA,SILVERBACK THERAPEUTICS,,needs_review,,current_mapping_row,,,,0.0,
USA,SILVERGATE CAPITAL A,,needs_review,,current_mapping_row,,,,0.0,
USA,SOTERA HEALTH COMPANY,SHC,mapped_exact_normalized,Sotera Health Co,current_mapping_row,SEC company_tickers_exchange,,,1.0,
USA,STEPSTONE GROUP A,STEP,mapped_exact_normalized,StepStone Group Inc.,current_mapping_row,SEC company_tickers_exchange,,,1.0,
USA,SUTRO BIOPHARMA,STRO,mapped_exact_normalized,"SUTRO BIOPHARMA, INC.",current_mapping_row,SEC company_tickers_exchange,,,1.0,
USA,TAYSHA GENE THERAPIES,TSHA,mapped_exact_normalized,"Taysha Gene Therapies, Inc.",current_mapping_row,SEC company_tickers_exchange,,,1.0,
USA,TELOS CORP,TLS,mapped_exact_normalized,TELOS CORP,current_mapping_row,SEC company_tickers_exchange,,,1.0,
USA,TRANSMEDICS GROUP,TMDX,mapped_exact_normalized,"TransMedics Group, Inc.",current_mapping_row,SEC company_tickers_exchange,,,1.0,
USA,UWM HLDGS A,,needs_review,,current_mapping_row,,,,0.0,
USA,VELODYNE LIDAR,,needs_review,,current_mapping_row,,,,0.0,
USA,VERITIV,,needs_review,,current_mapping_row,,,,0.0,
USA,VERITONE,VERI,mapped_exact_normalized,"Veritone, Inc.",current_mapping_row,SEC company_tickers_exchange,,,1.0,
USA,VERU,VERU,mapped_exact_normalized,VERU INC.,current_mapping_row,SEC company_tickers_exchange,,,1.0,
USA,VIR BIOTECHNOLOGY,VIR,mapped_exact_normalized,"Vir Biotechnology, Inc.",current_mapping_row,SEC company_tickers_exchange,,,1.0,
USA,VIVINT SMART HOME A,,needs_review,,current_mapping_row,,,,0.0,
USA,VUZIX CORP,VUZI,mapped_exact_normalized,Vuzix Corp,current_mapping_row,SEC company_tickers_exchange,,,1.0,
USA,XL FLEET,,needs_review,,current_mapping_row,,,,0.0,
USA,ZOMEDICA,ZOMDF,mapped_exact_normalized,Zomedica Corp.,current_mapping_row,SEC company_tickers_exchange,,,1.0,
USA,ACUTUS MEDICAL,,needs_review,,current_mapping_row,,,,0.0,
USA,ASSEMBLY BIOSCIENCES,ASMB,mapped_exact_normalized,"ASSEMBLY BIOSCIENCES, INC.",current_mapping_row,SEC company_tickers_exchange,,,1.0,
USA,ASSOCIATED CAPITAL GRP A,,needs_review,,current_mapping_row,,,,0.0,
USA,CITIZENS A,CIA,mapped_exact_normalized,"CITIZENS, INC.",current_mapping_row,SEC company_tickers_exchange,,,1.0,
USA,GTT COMMUNICATIONS,,needs_review,,current_mapping_row,,,,0.0,
USA,ITEOS THERAPEUTICS,,needs_review,,current_mapping_row,,,,0.0,
USA,PROSIGHT GLOBAL,,needs_review,,current_mapping_row,,,,0.0,
USA,TRICIDA,,needs_review,,current_mapping_row,,,,0.0,
USA,VOYAGER THERAPEUTICS,VYGR,mapped_exact_normalized,"Voyager Therapeutics, Inc.",current_mapping_row,SEC company_tickers_exchange,,,1.0,
USA,WAVE LIFE SCIENCES,WVE,mapped_exact_normalized,Wave Life Sciences Ltd.,current_mapping_row,SEC company_tickers_exchange,,,1.0,
TAIWAN,AMPACS,6743,mapped_exact_normalized,AMPACS,current_mapping_row,FinLab company_basic_info:英文簡稱,,,1.0,
TAIWAN,ASIA POLYMER,1308,verified_tw_current_round7,Asia Polymer Corporation,current_mapping_row,Round7 current-code discovery: Yahoo Finance search matched `Asia Polymer Corporation`/1308.TW; code exists in TWSE/TPEx/FinLab Taiwan reference universe. Local refs: APC | 亞洲聚合股份有限公司 | 亞聚,,,1.0000,
TAIWAN,CHANG WAH ELECTROMTRLS,8070,verified_tw_reference_fuzzy,CHANG WAH,current_mapping_row,FinLab company_basic_info:英文簡稱,,,0.9309,
TAIWAN,CHUN YUAN STEEL,2010,mapped_exact_normalized,CHUN YUAN STEEL,current_mapping_row,FinLab company_basic_info:英文簡稱,,,1.0,
TAIWAN,DYNAPACK INTL TECH,3211,verified_tw_reference_fuzzy,Dynapack,current_mapping_row,FinLab company_basic_info:英文簡稱,,,0.9344,
TAIWAN,EIRGENIX,6589,mapped_exact_normalized,EirGenix,current_mapping_row,FinLab company_basic_info:英文簡稱,,,1.0,
TAIWAN,EPISIL TECHNOLOGIES,3707,verified_tw_reference_fuzzy,EPISIL,current_mapping_row,FinLab company_basic_info:英文簡稱,,,0.9216,
TAIWAN,FITIPOWER INTEGRATED,4961,verified_tw_reference_fuzzy,FITIPOWER,current_mapping_row,FinLab company_basic_info:英文簡稱,,,0.935,
TAIWAN,FOCALTECH SYSTEMS CO,3545,verified_tw_reference_fuzzy,FocalTech,current_mapping_row,FinLab company_basic_info:英文簡稱,,,0.9429,
TAIWAN,GLOBAL BRANDS MANUFACT,6191,verified_tw_current_round7,Global Brands Manufacture Ltd.,current_mapping_row,Round7 current-code discovery: Yahoo Finance search matched `Global Brands Manufacture Ltd.`/6191.TW; code exists in TWSE/TPEx/FinLab Taiwan reference universe. Local refs: GBM | 精成科 | 精成科技股份有限公司,,,1.0000,
TAIWAN,HIWIN MIKROSYSTEM CORP,2049,verified_tw_reference_fuzzy,HIWIN,current_mapping_row,FinLab company_basic_info:英文簡稱,,,0.9194,
TAIWAN,ITE TECHNOLOGY,3014,verified_tw_yahoo_google_round8,ITE Tech. Inc. / 聯陽,current_mapping_row,Round8 Yahoo Finance query: ITE Technology Taiwan stock -> 3014.TW,,,0.99,
TAIWAN,SONIX TECHNOLOGY CO,5471,verified_tw_reference_fuzzy,SONIX,current_mapping_row,FinLab company_basic_info:英文簡稱,,,0.9213,
TAIWAN,SUNPLUS TECHNOLOGY CO,2401,verified_tw_reference_fuzzy,SUNPLUS,current_mapping_row,FinLab company_basic_info:英文簡稱,,,0.9289,
TAIWAN,TAITA CHEMICAL,1309,verified_tw_current_round7,"Taita Chemical Company, Limited",current_mapping_row,"Round7 current-code discovery: Yahoo Finance search matched `Taita Chemical Company, Limited`/1309.TW; code exists in TWSE/TPEx/FinLab Taiwan reference universe. Local refs: TTC | 台達化 | 台達化學工業股份有限公司",,,1.0000,
TAIWAN,TUNG THIH ELECTRONIC CO,3552,verified_tw_reference_fuzzy,TUNG THIH,current_mapping_row,FinLab company_basic_info:英文簡稱,,,0.935,
TAIWAN,UNIZYX HOLDING,3704,verified_tw_yahoo_google_round8d,Unizyx Holding Corporation / 合勤控,current_mapping_row,Round8d web/Yahoo/Google evidence: Yahoo/CheckMan/CompanyInfoTW show Unizyx Holding Corporation stock symbol 3704.TW / code 3704.,,,0.95,
TAIWAN,VIA LABS,6756,verified_tw_current_round7,"VIA Labs, Inc.",current_mapping_row,"Round7 current-code discovery: Yahoo Finance search matched `VIA Labs, Inc.`/6756.TW; code exists in TWSE/TPEx/FinLab Taiwan reference universe. Local refs: VLI | 威鋒電子 | 威鋒電子股份有限公司",,,1.0000,
TAIWAN,NIDEC CHAUN CHOUNG TECH,6230,verified_tw_current_round7,Nidec Chaun-Choung Technology Corporation,current_mapping_row,Round7 current-code discovery: Yahoo Finance search matched `Nidec Chaun-Choung Technology Corporation`/6230.TW; code exists in TWSE/TPEx/FinLab Taiwan reference universe. Local refs: NCCI | 尼得科超眾 | 尼得科超眾科技股份有限公司,,,1.0000,
USA,ADICET BIO,ACET,mapped_exact_normalized,"Adicet Bio, Inc.",current_mapping_row,SEC company_tickers_exchange,,,1.0,
USA,ADTHEORENT HLDG CO A,,needs_review,,current_mapping_row,,,,0.0,
USA,AERSALE CORP,ASLE,mapped_exact_normalized,AerSale Corp,current_mapping_row,SEC company_tickers_exchange,,,1.0,
USA,AGILON HEALTH,AGL,mapped_exact_normalized,"agilon health, inc.",current_mapping_row,SEC company_tickers_exchange,,,1.0,
USA,ALIGHT A,ALIT,mapped_exact_normalized,"Alight, Inc. Class A Common Stock",current_mapping_row,NasdaqTrader otherlisted,,,1.0,
USA,ALLBIRDS A,BIRD,mapped_exact_normalized,"Allbirds, Inc.",current_mapping_row,SEC company_tickers_exchange,,,1.0,
USA,ALTUS POWER A,,needs_review,,current_mapping_row,,,,0.0,
USA,AMPLITUDE A,AMPL,mapped_exact_normalized,"Amplitude, Inc.",current_mapping_row,SEC company_tickers_exchange,,,1.0,
USA,ARCHAEA ENERGY A,,needs_review,,current_mapping_row,,,,0.0,
USA,ATAI LIFE SCIENCES,,needs_review,,current_mapping_row,,,,0.0,
USA,AVIDXCHANGE HLDG,,needs_review,,current_mapping_row,,,,0.0,
USA,BABCOCK & WILCOX ENT,,needs_review,,current_mapping_row,,,,0.0,
USA,BENSON HILL,,needs_review,,current_mapping_row,,,,0.0,
USA,BLADE AIR MOBILITY A,,needs_review,,current_mapping_row,,,,0.0,
USA,BLUELINX HOLDINGS,BXC,mapped_exact_normalized,BlueLinx Holdings Inc.,current_mapping_row,SEC company_tickers_exchange,,,1.0,
USA,BLUEROCK RESIDENTIAL A,,needs_review,,current_mapping_row,,,,0.0,
USA,BOWLERO CORP A,,needs_review,,current_mapping_row,,,,0.0,
USA,BOXED,,needs_review,,current_mapping_row,,,,0.0,
USA,BRAZE A,BRZE,mapped_exact_normalized,"Braze, Inc.",current_mapping_row,SEC company_tickers_exchange,,,1.0,
USA,BRC A,RILY,mapped_exact_normalized,"BRC Group Holdings, Inc.",current_mapping_row,SEC company_tickers_exchange,,,1.0,
USA,CADRE HOLDINGS,CDRE,mapped_exact_normalized,"Cadre Holdings, Inc.",current_mapping_row,SEC company_tickers_exchange,,,1.0,
USA,CAREMAX A,,needs_review,,current_mapping_row,,,,0.0,
USA,CCC INTELLIGENT SOLUTION,,needs_review,,current_mapping_row,,,,0.0,
USA,CHINOOK THERAPEUTICS,,needs_review,,current_mapping_row,,,,0.0,
USA,CINCOR PHARMA,,needs_review,,current_mapping_row,,,,0.0,
USA,CLEARWATER ANALYTICS,CWAN,mapped_exact_normalized,"Clearwater Analytics Holdings, Inc.",current_mapping_row,SEC company_tickers_exchange,,,1.0,
USA,COMPASS A,COMP,mapped_exact_normalized,"Compass, Inc.",current_mapping_row,SEC company_tickers_exchange,,,1.0,
USA,CYXTERA TECH A,,needs_review,,current_mapping_row,,,,0.0,
USA,DATTO HOLDING,,needs_review,,current_mapping_row,,,,0.0,
USA,DEFINITIVE HEALTHCARE A,DH,mapped_exact_normalized,Definitive Healthcare Corp.,current_mapping_row,SEC company_tickers_exchange,,,1.0,
USA,DICE THERAPEUTICS,,needs_review,,current_mapping_row,,,,0.0,
USA,DIVERSEY HOLDINGS,,needs_review,,current_mapping_row,,,,0.0,
USA,DOCGO,DCGO,mapped_exact_normalized,DocGo Inc.,current_mapping_row,SEC company_tickers_exchange,,,1.0,
USA,DOUBLEVERIFY HLDGS,,needs_review,,current_mapping_row,,,,0.0,
USA,DUTCH BROS A,BROS,mapped_exact_normalized,Dutch Bros Inc.,current_mapping_row,SEC company_tickers_exchange,,,1.0,
USA,EAGLE BULK SHIPPING,,needs_review,,current_mapping_row,,,,0.0,
USA,EARTHSTONE ENERGY,,needs_review,,current_mapping_row,,,,0.0,
USA,EMBARK TECHNOLOGY A,,needs_review,,current_mapping_row,,,,0.0,
USA,ENACT HOLDINGS,ACT,mapped_exact_normalized,"Enact Holdings, Inc.",current_mapping_row,SEC company_tickers_exchange,,,1.0,
USA,ENDEAVOR GROUP HLDGS,,needs_review,,current_mapping_row,,,,0.0,
USA,ENFUSION A,,needs_review,,current_mapping_row,,,,0.0,
USA,EQRX,,needs_review,,current_mapping_row,,,,0.0,
USA,ESS TECH,GWH,mapped_exact_normalized,"ESS Tech, Inc.",current_mapping_row,SEC company_tickers_exchange,,,1.0,
USA,EVERCOMMERCE,EVCM,mapped_exact_normalized,EverCommerce Inc.,current_mapping_row,SEC company_tickers_exchange,,,1.0,
USA,EVGO A,EVGO,mapped_exact_normalized,EVgo Inc.,current_mapping_row,SEC company_tickers_exchange,,,1.0,
USA,EXPENSIFY A,EXFY,mapped_exact_normalized,"Expensify, Inc.",current_mapping_row,SEC company_tickers_exchange,,,1.0,
USA,FARMLAND PARTNERS,FPI,mapped_exact_normalized,Farmland Partners Inc.,current_mapping_row,SEC company_tickers_exchange,,,1.0,
USA,FLYWIRE,FLYW,mapped_exact_normalized,Flywire Corp,current_mapping_row,SEC company_tickers_exchange,,,1.0,
USA,FRESHWORKS A,FRSH,mapped_exact_normalized,Freshworks Inc.,current_mapping_row,SEC company_tickers_exchange,,,1.0,
USA,GINKGO BIOWORKS A,DNA,mapped_exact_normalized,"Ginkgo Bioworks Holdings, Inc.",current_mapping_row,SEC company_tickers_exchange,,,1.0,
USA,GITLAB A,GTLB,mapped_exact_normalized,Gitlab Inc.,current_mapping_row,SEC company_tickers_exchange,,,1.0,
USA,GOODRX HOLDINGS A,GDRX,mapped_exact_normalized,"GoodRx Holdings, Inc.",current_mapping_row,SEC company_tickers_exchange,,,1.0,
USA,HAGERTY A,HGTY,mapped_exact_normalized,"Hagerty, Inc.",current_mapping_row,SEC company_tickers_exchange,,,1.0,
USA,HERTZ GLOBAL HOLDINGS,HTZ,mapped_exact_normalized,"HERTZ GLOBAL HOLDINGS, INC",current_mapping_row,SEC company_tickers_exchange,,,1.0,
USA,INDUS REALTY TRUST,,needs_review,,current_mapping_row,,,,0.0,
USA,INFORMATICA A,,needs_review,,current_mapping_row,,,,0.0,
USA,INVENTRUST PROPERTIES,IVT,mapped_exact_normalized,InvenTrust Properties Corp.,current_mapping_row,SEC company_tickers_exchange,,,1.0,
USA,JACKSON FINANCIAL,JXN,mapped_exact_normalized,Jackson Financial Inc.,current_mapping_row,SEC company_tickers_exchange,,,1.0,
USA,KEZAR LIFE SCIENCES,KZR,mapped_exact_normalized,"Kezar Life Sciences, Inc.",current_mapping_row,SEC company_tickers_exchange,,,1.0,
USA,KIMBELL ROYALTY PARTNERS,KRP,mapped_exact_normalized,"Kimbell Royalty Partners, LP",current_mapping_row,SEC company_tickers_exchange,,,1.0,
USA,KINETIK HOLDINGS A,KNTK,mapped_exact_normalized,Kinetik Holdings Inc.,current_mapping_row,SEC company_tickers_exchange,,,1.0,
USA,LIFE TIME GROUP HOLDINGS,LTH,mapped_exact_normalized,"Life Time Group Holdings, Inc.",current_mapping_row,SEC company_tickers_exchange,,,1.0,
USA,LIGHTWAVE LOGIC,LWLG,mapped_exact_normalized,"Lightwave Logic, Inc.",current_mapping_row,SEC company_tickers_exchange,,,1.0,
USA,LOCAL BOUNTI,LOCL,mapped_exact_normalized,Local Bounti Corporation Common Stock,current_mapping_row,NasdaqTrader otherlisted,,,1.0,
USA,MARQETA A,MQ,mapped_exact_normalized,"Marqeta, Inc.",current_mapping_row,SEC company_tickers_exchange,,,1.0,
USA,MATTERPORT A,,needs_review,,current_mapping_row,,,,0.0,
USA,MIRION TECHNOLOGIES A,MIR,mapped_exact_normalized,"Mirion Technologies, Inc.",current_mapping_row,SEC company_tickers_exchange,,,1.0,
USA,MIRUM PHARMACEUTICALS,MIRM,mapped_exact_normalized,"Mirum Pharmaceuticals, Inc.",current_mapping_row,SEC company_tickers_exchange,,,1.0,
USA,MONTAUK RENEWABLES,MNTK,mapped_exact_normalized,"Montauk Renewables, Inc.",current_mapping_row,SEC company_tickers_exchange,,,1.0,
USA,NEXTDECADE,NEXT,mapped_exact_normalized,NextDecade Corp,current_mapping_row,SEC company_tickers_exchange,,,1.0,
USA,NEXTDOOR HOLDINGS A,NXDR,mapped_exact_normalized,"Nextdoor Holdings, Inc.",current_mapping_row,SEC company_tickers_exchange,,,1.0,
USA,OFFERPAD SOLUTIONS A,OPAD,mapped_exact_normalized,Offerpad Solutions Inc.,current_mapping_row,SEC company_tickers_exchange,,,1.0,
USA,OLD SECOND BANCORP,OSBC,mapped_exact_normalized,OLD SECOND BANCORP INC,current_mapping_row,SEC company_tickers_exchange,,,1.0,
USA,PARAGON 28,,needs_review,,current_mapping_row,,,,0.0,
USA,PAYCOR HCM,,needs_review,,current_mapping_row,,,,0.0,
USA,PERIMETER SOLUTIONS,PRM,mapped_exact_normalized,"Perimeter Solutions, Inc.",current_mapping_row,SEC company_tickers_exchange,,,1.0,
USA,PLANET LABS A,,needs_review,,current_mapping_row,,,,0.0,
USA,PORTILLO'S A,PTLO,mapped_exact_normalized,Portillo's Inc.,current_mapping_row,SEC company_tickers_exchange,,,1.0,
USA,PREFERRED APT CMNTY,,needs_review,,current_mapping_row,,,,0.0,
USA,PROCEPT BIOROBOTICS,PRCT,mapped_exact_normalized,PROCEPT BioRobotics Corp,current_mapping_row,SEC company_tickers_exchange,,,1.0,
USA,PROCORE TECHNOLOGIES,PCOR,mapped_exact_normalized,"PROCORE TECHNOLOGIES, INC.",current_mapping_row,SEC company_tickers_exchange,,,1.0,
USA,RAMACO RESOURCES,METC,mapped_exact_normalized,"Ramaco Resources, Inc.",current_mapping_row,SEC company_tickers_exchange,,,1.0,
USA,RANGER OIL A,,needs_review,,current_mapping_row,,,,0.0,
USA,RCI HOSPITALITY HOLDINGS,RICK,mapped_exact_normalized,"RCI HOSPITALITY HOLDINGS, INC.",current_mapping_row,SEC company_tickers_exchange,,,1.0,
USA,REMITLY GLOBAL,RELY,mapped_exact_normalized,"Remitly Global, Inc.",current_mapping_row,SEC company_tickers_exchange,,,1.0,
USA,ROIVANT SCIENCES,ROIV,mapped_exact_normalized,Roivant Sciences Ltd.,current_mapping_row,SEC company_tickers_exchange,,,1.0,
USA,SEMRUSH HOLDINGS A,,needs_review,,current_mapping_row,,,,0.0,
USA,SES AI A,SES,mapped_exact_normalized,SES AI Corp,current_mapping_row,SEC company_tickers_exchange,,,1.0,
USA,SIERRA ONCOLOGY,,needs_review,,current_mapping_row,,,,0.0,
USA,SILVERBOW RESOURCES,,needs_review,,current_mapping_row,,,,0.0,
USA,SMARTRENT A,SMRT,mapped_exact_normalized,"SmartRent, Inc.",current_mapping_row,SEC company_tickers_exchange,,,1.0,
USA,SOLID POWER,SLDP,mapped_exact_normalized,"Solid Power, Inc.",current_mapping_row,SEC company_tickers_exchange,,,1.0,
USA,SOMALOGIC A,,needs_review,,current_mapping_row,,,,0.0,
USA,SOVOS BRANDS,,needs_review,,current_mapping_row,,,,0.0,
USA,SQUARESPACE A,,needs_review,,current_mapping_row,,,,0.0,
USA,STERLING CHECK CORP,,needs_review,,current_mapping_row,,,,0.0,
USA,SUMO LOGIC,,needs_review,,current_mapping_row,,,,0.0,
USA,TARGET HOSPITALITY CORP,TH,mapped_exact_normalized,Target Hospitality Corp.,current_mapping_row,SEC company_tickers_exchange,,,1.0,
USA,TITAN INTERNATIONAL,TWI,mapped_exact_normalized,TITAN INTERNATIONAL INC,current_mapping_row,SEC company_tickers_exchange,,,1.0,
USA,TPG A,TPG,mapped_exact_normalized,TPG Inc.,current_mapping_row,SEC company_tickers_exchange,,,1.0,
USA,VELO3D,VELO,mapped_exact_normalized,"Velo3D, Inc.",current_mapping_row,SEC company_tickers_exchange,,,1.0,
USA,VINTAGE WINE ESTATES,,needs_review,,current_mapping_row,,,,0.0,
USA,VIRIDIAN THERAPEUTICS,VRDN,mapped_exact_normalized,"Viridian Therapeutics, Inc.  - Common Stock",current_mapping_row,NasdaqTrader nasdaqlisted,,,1.0,
USA,VIVID SEATS A,SEAT,mapped_exact_normalized,Vivid Seats Inc.,current_mapping_row,SEC company_tickers_exchange,,,1.0,
USA,WARBY PARKER A,WRBY,mapped_exact_normalized,Warby Parker Inc.,current_mapping_row,SEC company_tickers_exchange,,,1.0,
USA,WEWORK A,,needs_review,,current_mapping_row,,,,0.0,
USA,WHITESTONE REIT,WSR,mapped_exact_normalized,Whitestone REIT,current_mapping_row,SEC company_tickers_exchange,,,1.0,
USA,ZETA GLOBAL HOLDINGS A,ZETA,mapped_exact_normalized,Zeta Global Holdings Corp.,current_mapping_row,SEC company_tickers_exchange,,,1.0,
USA,ALAUNOS THERAPEUTICS,TCRT,mapped_exact_normalized,"Alaunos Therapeutics, Inc.",current_mapping_row,SEC company_tickers_exchange,,,1.0,
USA,ALLAKOS,,needs_review,,current_mapping_row,,,,0.0,
USA,APPLIED MOLECULAR TRANS,,needs_review,,current_mapping_row,,,,0.0,
USA,BERKSHIRE GREY A,,needs_review,,current_mapping_row,,,,0.0,
USA,BLUEBIRD BIO,,needs_review,,current_mapping_row,,,,0.0,
USA,ELECTRIC LAST MILE SOLN,,needs_review,,current_mapping_row,,,,0.0,
USA,EPIZYME INC,,needs_review,,current_mapping_row,,,,0.0,
USA,G1 THERAPEUTICS,,needs_review,,current_mapping_row,,,,0.0,
USA,GATOS SILVER,,needs_review,,current_mapping_row,,,,0.0,
USA,GOHEALTH A,GOCO,mapped_exact_normalized,"GoHealth, Inc.",current_mapping_row,SEC company_tickers_exchange,,,1.0,
USA,GOLDEN NUGGET ONLINE A,,needs_review,,current_mapping_row,,,,0.0,
USA,HOMOLOGY MEDICINES,,needs_review,,current_mapping_row,,,,0.0,
USA,KIMBALL INTERNATIONAL B,,needs_review,,current_mapping_row,,,,0.0,
USA,MOMENTUS A,MNTS,mapped_exact_normalized,Momentus Inc.,current_mapping_row,SEC company_tickers_exchange,,,1.0,
USA,OCULAR THERAPEUTIX,OCUL,mapped_exact_normalized,"OCULAR THERAPEUTIX, INC",current_mapping_row,SEC company_tickers_exchange,,,1.0,
USA,OMEROS CORP,OMER,mapped_exact_normalized,OMEROS CORP,current_mapping_row,SEC company_tickers_exchange,,,1.0,
USA,ORAMED PHARMACEUTICALS,ORMP,mapped_exact_normalized,ORAMED PHARMACEUTICALS INC.,current_mapping_row,SEC company_tickers_exchange,,,1.0,
USA,PLIANT THERAPEUTICS,PLRX,mapped_exact_normalized,"PLIANT THERAPEUTICS, INC.",current_mapping_row,SEC company_tickers_exchange,,,1.0,
USA,SKYWATER TECH,,needs_review,,current_mapping_row,,,,0.0,
USA,SPIRE GLOBAL A,SPIR,mapped_exact_normalized,"Spire Global, Inc.",current_mapping_row,SEC company_tickers_exchange,,,1.0,
USA,STANDARD BIOTOOLS,LAB,mapped_exact_normalized,STANDARD BIOTOOLS INC.,current_mapping_row,SEC company_tickers_exchange,,,1.0,
USA,VIEW A,,needs_review,,current_mapping_row,,,,0.0,
USA,VROOM,VRM,mapped_exact_normalized,"Vroom, Inc.",current_mapping_row,SEC company_tickers_exchange,,,1.0,
TAIWAN,ALLIED SUPREME CORP,4702,verified_tw_reference_fuzzy,ALLIED,current_mapping_row,FinLab company_basic_info:英文簡稱,,,0.9329,
TAIWAN,EVERGREEN STEEL,2211,verified_tw_current_round7,Evergreen Steel Corp.,current_mapping_row,Round7 current-code discovery: Yahoo Finance search matched `Evergreen Steel Corp.`/2211.TW; code exists in TWSE/TPEx/FinLab Taiwan reference universe. Local refs: EGST | 長榮鋼 | 長榮鋼鐵股份有限公司,,,1.0000,
TAIWAN,GENESYS LOGIC,6104,verified_tw_current_round7,"Genesys Logic, Inc.",current_mapping_row,"Round7 current-code discovery: Yahoo Finance search matched `Genesys Logic, Inc.`/6104.TWO; code exists in TWSE/TPEx/FinLab Taiwan reference universe. Local refs: GLI | 創惟 | 創惟科技股份有限公司",,,1.0000,
TAIWAN,KINIK COMPANY,1560,mapped_exact_normalized,KINIK,current_mapping_row,FinLab company_basic_info:英文簡稱,,,1.0,
TAIWAN,LIAN HWA FOODS,1231,mapped_exact_normalized,Lian Hwa Foods,current_mapping_row,FinLab company_basic_info:英文簡稱,,,1.0,
TAIWAN,OPTOTECH CORP,2340,verified_tw_yahoo_google_round8,Opto Tech Corporation / 台亞,current_mapping_row,Round8 Yahoo Finance query: Opto Tech Corporation Taiwan stock -> 2340.TW,,,0.99,
TAIWAN,RAYDIUM SEMICONDUCTOR,3592,verified_tw_reference_fuzzy,Raydium,current_mapping_row,FinLab company_basic_info:英文簡稱,,,0.9233,
TAIWAN,RUENTEX ENGR & CONST,2597,verified_tw_yahoo_round8b,"Ruentex Engineering & Construction Co., Ltd. / 潤弘",current_mapping_row,Round8b Yahoo Finance search: Ruentex Engineering Construction -> 2597.TW.,,,0.98,
TAIWAN,SAN FU CHEMICAL,4755,verified_tw_reference_fuzzy,SAN FU,current_mapping_row,FinLab company_basic_info:英文簡稱,,,0.93,
TAIWAN,UPI SEMICONDUCTOR CORP,6719,verified_tw_current_round7,uPI Semiconductor Corp.,current_mapping_row,Round7 current-code discovery: Yahoo Finance search matched `uPI Semiconductor Corp.`/6719.TW; code exists in TWSE/TPEx/FinLab Taiwan reference universe. Local refs: uPI | 力智 | 力智電子股份有限公司,,,1.0000,
TAIWAN,JIH SUN FINANCIAL,5820,verified_tw_historical_round8,"Jih Sun Financial Holding Co., Ltd. / 日盛金",current_mapping_row,"Round8 TPEx official delisted table + Yahoo/Google: Jih Sun Financial 5820, delisted after Fubon merger",,,0.99,
USA,89BIO,,needs_review,,current_mapping_row,,,,0.0,
USA,ALDEYRA THERAPEUTICS,ALDX,mapped_exact_normalized,"Aldeyra Therapeutics, Inc.",current_mapping_row,SEC company_tickers_exchange,,,1.0,
USA,ALVARIUM TIEDEMANN HLD A,,needs_review,,current_mapping_row,,,,0.0,
USA,AMYLYX PHARMACEUTICALS,AMLX,mapped_exact_normalized,"Amylyx Pharmaceuticals, Inc.",current_mapping_row,SEC company_tickers_exchange,,,1.0,
USA,ARS PHARMACEUTICALS,SPRY,mapped_exact_normalized,"ARS Pharmaceuticals, Inc.",current_mapping_row,SEC company_tickers_exchange,,,1.0,
USA,ASTRONICS CORP,ATRO,mapped_exact_normalized,ASTRONICS CORP,current_mapping_row,SEC company_tickers_exchange,,,1.0,
USA,CUSTOM TRUCK ONE SOURCE,CTOS,mapped_exact_normalized,"Custom Truck One Source, Inc.",current_mapping_row,SEC company_tickers_exchange,,,1.0,
USA,DAY ONE BIOPHARMA,,needs_review,,current_mapping_row,,,,0.0,
USA,ENGAGESMART,,needs_review,,current_mapping_row,,,,0.0,
USA,ENLIVEN THERAPEUTICS,ELVN,mapped_exact_normalized,"Enliven Therapeutics, Inc.",current_mapping_row,SEC company_tickers_exchange,,,1.0,
USA,ENTRAVISION COMMU A,,needs_review,,current_mapping_row,,,,0.0,
USA,GARRETT MOTION,GTX,mapped_exact_normalized,Garrett Motion Inc.,current_mapping_row,SEC company_tickers_exchange,,,1.0,
USA,HARROW HEALTH,,needs_review,,current_mapping_row,,,,0.0,
USA,INTEGRAL AD SCIENCE HLDG,,needs_review,,current_mapping_row,,,,0.0,
USA,LEGACY HOUSING,LEGH,mapped_exact_normalized,Legacy Housing Corp,current_mapping_row,SEC company_tickers_exchange,,,1.0,
USA,LEGALZOOM.COM,LZ,mapped_exact_normalized,"LEGALZOOM.COM, INC.",current_mapping_row,SEC company_tickers_exchange,,,1.0,
USA,LIFESTANCE HEALTH GROUP,LFST,mapped_exact_normalized,"LifeStance Health Group, Inc.",current_mapping_row,SEC company_tickers_exchange,,,1.0,
USA,LYELL IMMUNOPHARMA,LYEL,mapped_exact_normalized,"Lyell Immunopharma, Inc.",current_mapping_row,SEC company_tickers_exchange,,,1.0,
USA,NERDWALLET A,NRDS,mapped_exact_normalized,"NERDWALLET, INC.",current_mapping_row,SEC company_tickers_exchange,,,1.0,
USA,NEXTRACKER A,,needs_review,,current_mapping_row,,,,0.0,
USA,OLAPLEX HOLDINGS,OLPX,mapped_exact_normalized,"OLAPLEX HOLDINGS, INC.",current_mapping_row,SEC company_tickers_exchange,,,1.0,
USA,PREFORMED LINE PRODUCTS,PLPC,mapped_exact_normalized,PREFORMED LINE PRODUCTS CO,current_mapping_row,SEC company_tickers_exchange,,,1.0,
USA,RILEY EXPLORATION,,needs_review,,current_mapping_row,,,,0.0,
USA,SHARECARE,,needs_review,,current_mapping_row,,,,0.0,
USA,SKYWARD SPECIALTY INS,,needs_review,,current_mapping_row,,,,0.0,
USA,SOUNDHOUND AI,SOUN,mapped_exact_normalized,"SOUNDHOUND AI, INC.",current_mapping_row,SEC company_tickers_exchange,,,1.0,
USA,SUMMIT THERAPEUTICS (US),SMMT,mapped_exact_normalized,Summit Therapeutics Inc.,current_mapping_row,SEC company_tickers_exchange,,,1.0,
USA,THOUGHTWORKS HOLDING,,needs_review,,current_mapping_row,,,,0.0,
USA,UDEMY,UDMY,mapped_exact_normalized,"Udemy, Inc.",current_mapping_row,SEC company_tickers_exchange,,,1.0,
USA,VIZIO HOLDING CORP A,,needs_review,,current_mapping_row,,,,0.0,
USA,AMNEAL PHARMACEUTICALS,AMRX,mapped_exact_normalized,"Amneal Pharmaceuticals, Inc.",current_mapping_row,SEC company_tickers_exchange,,,1.0,
USA,BIG LOTS,,needs_review,,current_mapping_row,,,,0.0,
USA,BRIDGEWATER BANCSHARES,BWB,mapped_exact_normalized,Bridgewater Bancshares Inc,current_mapping_row,SEC company_tickers_exchange,,,1.0,
USA,CARIBOU BIOSCIENCES,CRBU,mapped_exact_normalized,"Caribou Biosciences, Inc.",current_mapping_row,SEC company_tickers_exchange,,,1.0,
USA,CARPARTS.COM,PRTS,mapped_exact_normalized,"CarParts.com, Inc.",current_mapping_row,SEC company_tickers_exchange,,,1.0,
USA,CASA SYSTEMS,,needs_review,,current_mapping_row,,,,0.0,
USA,CHARGE ENTERPRISES,,needs_review,,current_mapping_row,,,,0.0,
USA,CITY OFFICE REIT,,needs_review,,current_mapping_row,,,,0.0,
USA,COMTECH TELECOM,,needs_review,,current_mapping_row,,,,0.0,
USA,CONTEXTLOGIC A,LOGC,mapped_exact_normalized,ContextLogic Holdings Inc.,current_mapping_row,SEC company_tickers_exchange,,,1.0,
USA,DOUGLAS ELLIMAN,DOUG,mapped_exact_normalized,Douglas Elliman Inc.,current_mapping_row,SEC company_tickers_exchange,,,1.0,
USA,ESPERION THERAPEUTICS,ESPR,mapped_exact_normalized,"Esperion Therapeutics, Inc.",current_mapping_row,SEC company_tickers_exchange,,,1.0,
USA,FIRST OF LONG ISLAND,,needs_review,,current_mapping_row,,,,0.0,
USA,FULCRUM THERAPEUTICS,FULC,mapped_exact_normalized,"Fulcrum Therapeutics, Inc.",current_mapping_row,SEC company_tickers_exchange,,,1.0,
USA,GRANITE POINT MTG TRUST,,needs_review,,current_mapping_row,,,,0.0,
USA,HERON THERAPEUTICS,HRTX,mapped_exact_normalized,"Heron Therapeutics, Inc.   - Common Stock",current_mapping_row,NasdaqTrader nasdaqlisted,,,1.0,
USA,HYZON MOTORS A,,needs_review,,current_mapping_row,,,,0.0,
USA,LATHAM GRP,,needs_review,,current_mapping_row,,,,0.0,
USA,META MATERIALS,,needs_review,,current_mapping_row,,,,0.0,
USA,PRECIGEN,PGEN,mapped_exact_normalized,"PRECIGEN, INC.",current_mapping_row,SEC company_tickers_exchange,,,1.0,
USA,PROTERRA,,needs_review,,current_mapping_row,,,,0.0,
USA,PURPLE INNOVATION A,PRPL,mapped_exact_normalized,"Purple Innovation, Inc.",current_mapping_row,SEC company_tickers_exchange,,,1.0,
USA,SANGAMO THERAPEUTICS,SGMO,mapped_exact_normalized,"SANGAMO THERAPEUTICS, INC",current_mapping_row,SEC company_tickers_exchange,,,1.0,
USA,SURMODICS,,needs_review,,current_mapping_row,,,,0.0,
USA,TREDEGAR CORP,TG,mapped_exact_normalized,TREDEGAR CORP,current_mapping_row,SEC company_tickers_exchange,,,1.0,
USA,TUTOR PERINI,TPC,mapped_exact_normalized,TUTOR PERINI CORP,current_mapping_row,SEC company_tickers_exchange,,,1.0,
USA,WORKHOUSE GROUP,,needs_review,,current_mapping_row,,,,0.0,
TAIWAN,PAN GERMAN UNIVERSAL,2247,verified_tw_current_round7,Pan German Universal Motors Ltd.,current_mapping_row,Round7 current-code discovery: Yahoo Finance search matched `Pan German Universal Motors Ltd.`/2247.TW; code exists in TWSE/TPEx/FinLab Taiwan reference universe. Local refs: PGUM | 汎德永業 | 汎德永業汽車股份有限公司,,,1.0000,
TAIWAN,PHIHONG TECHNOLOGY CO,2457,verified_tw_reference_fuzzy,PHIHONG,current_mapping_row,FinLab company_basic_info:英文簡稱,,,0.9289,
TAIWAN,WINWAY TECHNOLOGY,6515,verified_tw_reference_fuzzy,WinWay,current_mapping_row,FinLab company_basic_info:英文簡稱,,,0.9253,
TAIWAN,WOWPRIME,2727,mapped_exact_normalized,WOWPRIME,current_mapping_row,FinLab company_basic_info:英文簡稱,,,1.0,
TAIWAN,YANKEY ENGINEERING,6691,verified_tw_reference_fuzzy,YANKEY,current_mapping_row,FinLab company_basic_info:英文簡稱,,,0.9233,
TAIWAN,AURORA CORP,2373,mapped_exact_normalized,Aurora,current_mapping_row,FinLab company_basic_info:英文簡稱,,,1.0,
USA,AMERICAN HEALTHCARE REIT,AHR,mapped_exact_normalized,"American Healthcare REIT, Inc.",current_mapping_row,SEC company_tickers_exchange,,,1.0,
USA,BRIGHTSPRING HLTH SRVICS,,needs_review,,current_mapping_row,,,,0.0,
USA,CG ONCOLOGY,CGON,mapped_exact_normalized,"CG Oncology, Inc.",current_mapping_row,SEC company_tickers_exchange,,,1.0,
USA,FTAI INFRASTRUCTURE,FIP,mapped_exact_normalized,FTAI Infrastructure Inc.,current_mapping_row,SEC company_tickers_exchange,,,1.0,
USA,HUT 8 (US),HUT,mapped_exact_normalized,Hut 8 Corp.,current_mapping_row,SEC company_tickers_exchange,,,1.0,
USA,LAZARD,LAZ,mapped_exact_normalized,"Lazard, Inc.",current_mapping_row,SEC company_tickers_exchange,,,1.0,
USA,MAPLEBEAR,CART,mapped_exact_normalized,Maplebear Inc.,current_mapping_row,SEC company_tickers_exchange,,,1.0,
USA,MIND MEDICINE,,needs_review,,current_mapping_row,,,,0.0,
USA,MONEYLION A,,needs_review,,current_mapping_row,,,,0.0,
USA,NEWAMSTERDAM PHARMA (US),,needs_review,,current_mapping_row,,,,0.0,
USA,NURIX THERAPEUTICS,NRIX,mapped_exact_normalized,"Nurix Therapeutics, Inc.",current_mapping_row,SEC company_tickers_exchange,,,1.0,
USA,ROOT A,ROOT,mapped_exact_normalized,"Root, Inc.",current_mapping_row,SEC company_tickers_exchange,,,1.0,
USA,RUMBLE A,RUM,mapped_exact_normalized,Rumble Inc.,current_mapping_row,SEC company_tickers_exchange,,,1.0,
USA,SABLE OFFSHORE,SOC,mapped_exact_normalized,Sable Offshore Corp.,current_mapping_row,SEC company_tickers_exchange,,,1.0,
USA,SILK ROAD MEDICAL,,needs_review,,current_mapping_row,,,,0.0,
USA,STOKE THERAPEUTICS,STOK,mapped_exact_normalized,"Stoke Therapeutics, Inc.",current_mapping_row,SEC company_tickers_exchange,,,1.0,
USA,UNIVERSAL TECHNICAL INST,,needs_review,,current_mapping_row,,,,0.0,
USA,23ANDME HOLDING A,,needs_review,,current_mapping_row,,,,0.0,
USA,AEHR TEST SYSTEMS,AEHR,mapped_exact_normalized,AEHR TEST SYSTEMS,current_mapping_row,SEC company_tickers_exchange,,,1.0,
USA,ALTI GLOBAL A,ALTI,mapped_exact_normalized,"AlTi Global, Inc.",current_mapping_row,SEC company_tickers_exchange,,,1.0,
USA,AMERICAN SOFTWARE A,,needs_review,,current_mapping_row,,,,0.0,
USA,ARTESIAN RESOURCES A,ARTNA,mapped_exact_normalized,ARTESIAN RESOURCES CORP,current_mapping_row,SEC company_tickers_exchange,,,1.0,
USA,CONCRETE PUMPING HLDGS,,needs_review,,current_mapping_row,,,,0.0,
USA,CONSENSUS CLOUD SOLUTION,,needs_review,,current_mapping_row,,,,0.0,
USA,DIGITAL TURBINE,APPS,mapped_exact_normalized,"Digital Turbine, Inc.",current_mapping_row,SEC company_tickers_exchange,,,1.0,
USA,DMC GLOBAL,BOOM,mapped_exact_normalized,DMC Global Inc.,current_mapping_row,SEC company_tickers_exchange,,,1.0,
USA,FLUSHING FINANCIAL CORP,FFIC,mapped_exact_normalized,FLUSHING FINANCIAL CORP,current_mapping_row,SEC company_tickers_exchange,,,1.0,
USA,FORGE GLOBAL HLDGS,,needs_review,,current_mapping_row,,,,0.0,
USA,FORRESTER RESEARCH,FORR,mapped_exact_normalized,"FORRESTER RESEARCH, INC.",current_mapping_row,SEC company_tickers_exchange,,,1.0,
USA,GENESCO,GCO,mapped_exact_normalized,GENESCO INC,current_mapping_row,SEC company_tickers_exchange,,,1.0,
USA,GOPRO A,GPRO,mapped_exact_normalized,"GoPro, Inc.",current_mapping_row,SEC company_tickers_exchange,,,1.0,
USA,HEALTH CATALYST,HCAT,mapped_exact_normalized,"Health Catalyst, Inc.",current_mapping_row,SEC company_tickers_exchange,,,1.0,
USA,HINGHAM INSTITUTION,,needs_review,,current_mapping_row,,,,0.0,
USA,IHEARTMEDIA A,IHRT,mapped_exact_normalized,"iHeartMedia, Inc.",current_mapping_row,SEC company_tickers_exchange,,,1.0,
USA,IROBOT CORP,,needs_review,,current_mapping_row,,,,0.0,
USA,JAMES RIVER GROUP HLDG,,needs_review,,current_mapping_row,,,,0.0,
USA,MEDIFAST,MED,mapped_exact_normalized,MEDIFAST INC,current_mapping_row,SEC company_tickers_exchange,,,1.0,
USA,MID PENN BANCORP,MPB,mapped_exact_normalized,MID PENN BANCORP INC,current_mapping_row,SEC company_tickers_exchange,,,1.0,
USA,MIDWESTONE FIN GRP (NEW),,needs_review,,current_mapping_row,,,,0.0,
USA,MODIVCARE,,needs_review,,current_mapping_row,,,,0.0,
USA,PAM TRANSPORTATION SVCS,,needs_review,,current_mapping_row,,,,0.0,
USA,PIEDMONT LITHIUM (US),,needs_review,,current_mapping_row,,,,0.0,
USA,SHYFT GROUP (THE),,needs_review,,current_mapping_row,,,,0.0,
USA,SMARTFINANCIAL,SMBK,mapped_exact_normalized,SMARTFINANCIAL INC.,current_mapping_row,SEC company_tickers_exchange,,,1.0,
USA,SPIRIT AIRLINES,,needs_review,,current_mapping_row,,,,0.0,
USA,STEM,STEM,mapped_exact_normalized,"STEM, INC.",current_mapping_row,SEC company_tickers_exchange,,,1.0,
USA,TRUEBLUE,TBI,mapped_exact_normalized,"TrueBlue, Inc.",current_mapping_row,SEC company_tickers_exchange,,,1.0,
USA,ZUMIEZ,ZUMZ,mapped_exact_normalized,Zumiez Inc,current_mapping_row,SEC company_tickers_exchange,,,1.0,
TAIWAN,ADVANCETEK ENTERPRISE CO,1442,verified_tw_reference_fuzzy,ADVANCETEK,current_mapping_row,FinLab company_basic_info:英文簡稱,,,0.9376,
TAIWAN,ALAR PHARMACEUTICALS,6785,verified_tw_current_round7,Alar Pharmaceuticals Inc.,current_mapping_row,Round7 current-code discovery: Yahoo Finance search matched `Alar Pharmaceuticals Inc.`/6785.TWO; code exists in TWSE/TPEx/FinLab Taiwan reference universe. Local refs: Alar | 昱展新藥 | 昱展新藥生技股份有限公司,,,1.0000,
TAIWAN,C SUN MANUFACTURING,2467,verified_tw_reference_fuzzy,C SUN,current_mapping_row,FinLab company_basic_info:英文簡稱,,,0.9163,
TAIWAN,CROWELL DEVELOPMENT,2528,verified_tw_reference_fuzzy,CROWELL,current_mapping_row,FinLab company_basic_info:英文簡稱,,,0.9268,
TAIWAN,DA-LI CONSTRUCTION,6177,verified_tw_reference_fuzzy,DA-LI CO.LTD.,current_mapping_row,FinLab company_basic_info:英文簡稱,,,0.9178,
TAIWAN,FOSITEK,6805,mapped_exact_normalized,Fositek,current_mapping_row,FinLab company_basic_info:英文簡稱,,,1.0,
TAIWAN,GFC,4506,mapped_exact_normalized,GFC,current_mapping_row,FinLab company_basic_info:英文簡稱,,,1.0,
TAIWAN,HD RENEWABLE ENERGY,6873,verified_tw_current_round7,"HD Renewable Energy Co., Ltd.",current_mapping_row,"Round7 current-code discovery: Yahoo Finance search matched `HD Renewable Energy Co., Ltd.`/6873.TW; code exists in TWSE/TPEx/FinLab Taiwan reference universe. Local refs: HDRE | 泓德能源 | 泓德能源科技股份有限公司",,,1.0000,
TAIWAN,HIYES INTERNATIONAL,2348,verified_tw_reference_fuzzy,Hiyes,current_mapping_row,FinLab company_basic_info:英文簡稱,,,0.9163,
TAIWAN,HUA ENG WIRE & CABLE CO.,1608,verified_tw_current_round7,"Hua Eng Wire & Cable Co., Ltd.",current_mapping_row,"Round7 current-code discovery: Yahoo Finance search matched `Hua Eng Wire & Cable Co., Ltd.`/1608.TW; code exists in TWSE/TPEx/FinLab Taiwan reference universe. Local refs: HE | 華榮 | 華榮電線電纜股份有限公司",,,1.0000,
TAIWAN,MATERIALS ANALYSIS TECH,3587,verified_tw_current_round7,Materials Analysis Technology Inc.,current_mapping_row,Round7 current-code discovery: Yahoo Finance search matched `Materials Analysis Technology Inc.`/3587.TWO; code exists in TWSE/TPEx/FinLab Taiwan reference universe. Local refs: MA-tek | 閎康 | 閎康科技股份有限公司,,,1.0000,
TAIWAN,PROMATE ELECTRONIC CO,6189,verified_tw_reference_fuzzy,Promate,current_mapping_row,FinLab company_basic_info:英文簡稱,,,0.9289,
TAIWAN,SCIENTECH CORP,3583,mapped_exact_normalized,Scientech,current_mapping_row,FinLab company_basic_info:英文簡稱,,,1.0,
TAIWAN,TAIWAN SAKURA CORP,9911,mapped_exact_normalized,TAIWAN SAKURA,current_mapping_row,FinLab company_basic_info:英文簡稱,,,1.0,
TAIWAN,YUANTA FUTURES,6023,mapped_exact_normalized,Yuanta Futures,current_mapping_row,FinLab company_basic_info:英文簡稱,,,1.0,
TAIWAN,AMAZING MICROELECTRONIC,6411,verified_tw_reference_fuzzy,Amazing,current_mapping_row,FinLab company_basic_info:英文簡稱,,,0.9204,
TAIWAN,APEX INTERNATIONAL,4927,verified_tw_historical_round7,"Apex International Co., Ltd.",current_mapping_row,Round7 official historical delisted source: TPEx EN deListed official delist_date=2015-09-08,,,1.0000,
TAIWAN,CHINA GENERAL PLASTICS,1305,verified_tw_current_round7,China General Plastics Corporation,current_mapping_row,Round7 current-code discovery: Yahoo Finance search matched `China General Plastics Corporation`/1305.TW; code exists in TWSE/TPEx/FinLab Taiwan reference universe. Local refs: CGPC | 華夏 | 華夏海灣塑膠股份有限公司,,,1.0000,
TAIWAN,EVERLIGHT CHEMICAL,1711,verified_tw_current_round7,Everlight Chemical Industrial Corporation,current_mapping_row,Round7 current-code discovery: Yahoo Finance search matched `Everlight Chemical Industrial Corporation`/1711.TW; code exists in TWSE/TPEx/FinLab Taiwan reference universe. Local refs: EVERLIGHT | 永光 | 臺灣永光化學工業股份有限公司,,,1.0000,
TAIWAN,SPEED TECH CORP,5457,mapped_exact_normalized,SPEED TECH,current_mapping_row,FinLab company_basic_info:英文簡稱,,,1.0,
TAIWAN,ST SHINE OPTICAL CO LTD,1565,verified_tw_reference_fuzzy,St.Shine,current_mapping_row,FinLab company_basic_info:英文簡稱,,,0.94,
TAIWAN,WEI CHUAN FOOD,1201,verified_tw_reference_fuzzy,WEI CHUAN,current_mapping_row,FinLab company_basic_info:英文簡稱,,,0.9543,
USA,ABACUS GLOBAL MGMT A,,needs_review,,current_mapping_row,,,,0.0,
USA,ACUREN CORP,,needs_review,,current_mapping_row,,,,0.0,
USA,ALLY FINANCIAL,ALLY,mapped_exact_normalized,Ally Financial Inc.,current_mapping_row,SEC company_tickers_exchange,,,1.0,
USA,BURFORD CAP (US),,needs_review,,current_mapping_row,,,,0.0,
USA,CARMAX,KMX,mapped_exact_normalized,CARMAX INC,current_mapping_row,SEC company_tickers_exchange,,,1.0,
USA,CONSTELLIUM SE (US),CSTM,mapped_exact_normalized,CONSTELLIUM SE,current_mapping_row,SEC company_tickers_exchange,,,1.0,
USA,DAYFORCE,,needs_review,,current_mapping_row,,,,0.0,
USA,FORTUNE BRANDS INNOV,,needs_review,,current_mapping_row,,,,0.0,
USA,FRANKLIN RESOURCES,BEN,mapped_exact_normalized,FRANKLIN RESOURCES INC,current_mapping_row,SEC company_tickers_exchange,,,1.0,
USA,GUARDIAN PHARMACY SVCS A,,needs_review,,current_mapping_row,,,,0.0,
USA,HOST HOTELS & RESORTS,HST,mapped_exact_normalized,"HOST HOTELS & RESORTS, INC.",current_mapping_row,SEC company_tickers_exchange,,,1.0,
USA,INTERPUBLIC GROUP OF COS,,needs_review,,current_mapping_row,,,,0.0,
USA,KARMAN HLDGS,,needs_review,,current_mapping_row,,,,0.0,
USA,METSERA,,needs_review,,current_mapping_row,,,,0.0,
USA,MGM RESORTS INTL,,needs_review,,current_mapping_row,,,,0.0,
USA,MINERALYS THERAPEUTICS,MLYS,mapped_exact_normalized,"Mineralys Therapeutics, Inc.",current_mapping_row,SEC company_tickers_exchange,,,1.0,
USA,MOBILEYE GLOBAL,MBLY,mapped_exact_normalized,Mobileye Global Inc.,current_mapping_row,SEC company_tickers_exchange,,,1.0,
USA,NUTEX HEALTH,NUTX,mapped_exact_normalized,Nutex Health Inc.,current_mapping_row,SEC company_tickers_exchange,,,1.0,
USA,ORCHID ISLAND CAPITAL,ORC,mapped_exact_normalized,"Orchid Island Capital, Inc.",current_mapping_row,SEC company_tickers_exchange,,,1.0,
USA,SEADRILL LTD (HAMILTON),SDRL,mapped_exact_normalized,Seadrill Ltd,current_mapping_row,SEC company_tickers_exchange,,,1.0,
USA,STANLEY BLACK & DECKER,SWK,mapped_exact_normalized,"STANLEY BLACK & DECKER, INC.",current_mapping_row,SEC company_tickers_exchange,,,1.0,
USA,TEMPUS AI A,TEM,mapped_exact_normalized,"Tempus AI, Inc.",current_mapping_row,SEC company_tickers_exchange,,,1.0,
USA,VIATRIS,VTRS,mapped_exact_normalized,Viatris Inc,current_mapping_row,SEC company_tickers_exchange,,,1.0,
USA,WALGREENS BOOTS ALLIANCE,,needs_review,,current_mapping_row,,,,0.0,
USA,WYNN RESORTS,WYNN,mapped_exact_normalized,WYNN RESORTS LTD,current_mapping_row,SEC company_tickers_exchange,,,1.0,
USA,ACCO BRANDS,ACCO,mapped_exact_normalized,ACCO BRANDS Corp,current_mapping_row,SEC company_tickers_exchange,,,1.0,
USA,AMBAC FINANCIAL GRP,,needs_review,,current_mapping_row,,,,0.0,
USA,BIGCOMMERCE HOLDINGS 1,,needs_review,,current_mapping_row,,,,0.0,
USA,CHARGEPOINT HOLDINGS,CHPT,mapped_exact_normalized,"ChargePoint Holdings, Inc.",current_mapping_row,SEC company_tickers_exchange,,,1.0,
USA,CLAROS MORTGAGE TRUST,CMTG,mapped_exact_normalized,"Claros Mortgage Trust, Inc.",current_mapping_row,SEC company_tickers_exchange,,,1.0,
USA,CLEARFIELD,CLFD,mapped_exact_normalized,"Clearfield, Inc.",current_mapping_row,SEC company_tickers_exchange,,,1.0,
USA,CLEARWATER PAPER,CLW,mapped_exact_normalized,Clearwater Paper Corp,current_mapping_row,SEC company_tickers_exchange,,,1.0,
USA,COLUMBUS MCKINNON CORP,CMCO,mapped_exact_normalized,COLUMBUS MCKINNON CORP,current_mapping_row,SEC company_tickers_exchange,,,1.0,
USA,CONDUENT,CNDT,mapped_exact_normalized,CONDUENT Inc,current_mapping_row,SEC company_tickers_exchange,,,1.0,
USA,ENTRADA THERAPEUTICS,TRDA,mapped_exact_normalized,"Entrada Therapeutics, Inc.",current_mapping_row,SEC company_tickers_exchange,,,1.0,
USA,GREEN DOT CORP A,GDOT,mapped_exact_normalized,GREEN DOT CORP,current_mapping_row,SEC company_tickers_exchange,,,1.0,
USA,HARBORONE BANCORP,,needs_review,,current_mapping_row,,,,0.0,
USA,INTL MONEY EXPRESS,,needs_review,,current_mapping_row,,,,0.0,
USA,KEARNY FINANCIAL,KRNY,mapped_exact_normalized,Kearny Financial Corp.,current_mapping_row,SEC company_tickers_exchange,,,1.0,
USA,KELLY SERVICES A,KELYA,mapped_exact_normalized,KELLY SERVICES INC,current_mapping_row,SEC company_tickers_exchange,,,1.0,
USA,KIMBALL ELECTRONICS,KE,mapped_exact_normalized,"Kimball Electronics, Inc.",current_mapping_row,SEC company_tickers_exchange,,,1.0,
USA,LUCKY STRIKE ENTMT A,,needs_review,,current_mapping_row,,,,0.0,
USA,MATIV,MATV,mapped_exact_normalized,"Mativ Holdings, Inc.",current_mapping_row,SEC company_tickers_exchange,,,1.0,
USA,OPEN LENDING,LPRO,mapped_exact_normalized,Open Lending Corp,current_mapping_row,SEC company_tickers_exchange,,,1.0,
USA,RAPPORT THERAPEUTICS,RAPP,mapped_exact_normalized,"Rapport Therapeutics, Inc.",current_mapping_row,SEC company_tickers_exchange,,,1.0,
USA,REPAY HOLDINGS A,RPAY,mapped_exact_normalized,Repay Holdings Corp,current_mapping_row,SEC company_tickers_exchange,,,1.0,
USA,TETRA TECHNOLOGIES,TTI,mapped_exact_normalized,TETRA TECHNOLOGIES INC,current_mapping_row,SEC company_tickers_exchange,,,1.0,
USA,VAALCO ENERGY,EGY,mapped_exact_normalized,"VAALCO Energy, Inc.  Common Stock",current_mapping_row,NasdaqTrader otherlisted,,,1.0,
USA,VAREX IMAGING CORP,VREX,mapped_exact_normalized,Varex Imaging Corp,current_mapping_row,SEC company_tickers_exchange,,,1.0,
TAIWAN,ECHEM SOLUTIONS,4749,verified_tw_yahoo_google_round8c,"Advanced Echem Materials Co., formerly eChem Solutions Corp. / 泓德能源? AEMC",current_mapping_row,"Round8c web/Yahoo/Google evidence: MarketScreener/CreditRiskMonitor say Advanced Echem Materials 4749, formerly eChem Solutions Corp.",,,0.95,
TAIWAN,EZCONN,6442,mapped_exact_normalized,EZconn,current_mapping_row,FinLab company_basic_info:英文簡稱,,,1.0,
TAIWAN,TAIWAN SPECIALITY CHEM,4772,verified_tw_current_round7,Taiwan Speciality Chemicals Corporation,current_mapping_row,Round7 current-code discovery: Yahoo Finance search matched `Taiwan Speciality Chemicals Corporation`/4772.TWO; code exists in TWSE/TPEx/FinLab Taiwan reference universe. Local refs: TSC | 台灣特品化學股份有限公司 | 台特化,,,1.0000,
TAIWAN,DIAMOND BIOFUND,6901,mapped_exact_normalized,DIAMOND BIOFUND,current_mapping_row,FinLab company_basic_info:英文簡稱,,,1.0,
TAIWAN,DYNAMIC HOLDING,3715,mapped_exact_normalized,Dynamic Holding,current_mapping_row,FinLab company_basic_info:英文簡稱,,,1.0,
TAIWAN,GALLANT PREC MACHINING,5443,verified_tw_yahoo_round8b,"Gallant Precision Machining Co., Ltd. / 均豪",current_mapping_row,Round8b Yahoo Finance search: Gallant Precision Machining -> 5443.TWO.,,,0.98,
TAIWAN,KMC (KUEI MENG) INTL,5306,verified_tw_historical_round8,KMC (Kuei Meng) International Inc. / 桂盟,current_mapping_row,Round8 TPEx official delisted table/Yahoo: KMC 5306,,,0.99,
TAIWAN,LONGCHEN PAPER & PAC CO,1909,verified_tw_current_round7,"Longchen Paper & Packaging Co., Ltd.",current_mapping_row,"Round7 current-code discovery: Yahoo Finance search matched `Longchen Paper & Packaging Co., Ltd.`/1909.TW; code exists in TWSE/TPEx/FinLab Taiwan reference universe. Local refs: Longchen P&P | 榮成 | 榮成紙業股份有限公司",,,1.0000,
TAIWAN,NAMCHOW HOLDINGS CO,1702,mapped_exact_normalized,NAMCHOW,current_mapping_row,FinLab company_basic_info:英文簡稱,,,1.0,
TAIWAN,NANTEX INDUSTRY CO,2108,verified_tw_reference_fuzzy,NANTEX,current_mapping_row,FinLab company_basic_info:英文簡稱,,,0.93,
TAIWAN,RICHWAVE TECHNOLOGY,4968,verified_tw_reference_fuzzy,Richwave,current_mapping_row,FinLab company_basic_info:英文簡稱,,,0.9321,
TAIWAN,SDI CORPORATION,2351,mapped_exact_normalized,SDI,current_mapping_row,FinLab company_basic_info:英文簡稱,,,1.0,
TAIWAN,SKYTECH,6937,mapped_exact_normalized,Skytech,current_mapping_row,FinLab company_basic_info:英文簡稱,,,1.0,
TAIWAN,TAIWAN TEA CORP,2913,verified_tw_current_round7,Taiwan Tea Corporation,current_mapping_row,Round7 current-code discovery: Yahoo Finance search matched `Taiwan Tea Corporation`/2913.TW; code exists in TWSE/TPEx/FinLab Taiwan reference universe. Local refs: TTC | 台灣農林股份有限公司 | 農林,,,1.0000,
TAIWAN,UNITED RENEWABLE ENERGY,3576,verified_tw_current_round7,"United Renewable Energy Co., Ltd.",current_mapping_row,"Round7 current-code discovery: Yahoo Finance search matched `United Renewable Energy Co., Ltd.`/3576.TW; code exists in TWSE/TPEx/FinLab Taiwan reference universe. Local refs: URE | 聯合再生 | 聯合再生能源股份有限公司",,,1.0000,
TAIWAN,ZYXEL GROUP CORP,3704,mapped_exact_normalized,Zyxel Group,current_mapping_row,FinLab company_basic_info:英文簡稱,,,1.0,
USA,AMERICAN PUBLIC EDU,,needs_review,,current_mapping_row,,,,0.0,
USA,ARTERIS,AIP,mapped_exact_normalized,"Arteris, Inc.",current_mapping_row,SEC company_tickers_exchange,,,1.0,
USA,BEL FUSE A,BELFA,mapped_exact_normalized,Bel Fuse Inc. - Class A Common Stock,current_mapping_row,NasdaqTrader nasdaqlisted,,,1.0,
USA,BETA TECHNOLOGIES,BETA,mapped_exact_normalized,"BETA Technologies, Inc.",current_mapping_row,SEC company_tickers_exchange,,,1.0,
USA,BOB'S DISCOUNT FURN,,needs_review,,current_mapping_row,,,,0.0,
USA,CHIME FINANCIAL A,CHYM,mapped_exact_normalized,"Chime Financial, Inc.",current_mapping_row,SEC company_tickers_exchange,,,1.0,
USA,CNB FINANCIAL CORP,CCNE,mapped_exact_normalized,CNB Financial Corporation - Common Stock,current_mapping_row,NasdaqTrader nasdaqlisted,,,1.0,
USA,CORVUS PHARMACEUTICALS,CRVS,mapped_exact_normalized,"Corvus Pharmaceuticals, Inc.",current_mapping_row,SEC company_tickers_exchange,,,1.0,
USA,DAMORA THERAPEUTICS,DMRA,mapped_exact_normalized,"Damora Therapeutics, Inc.",current_mapping_row,SEC company_tickers_exchange,,,1.0,
USA,EQUIPMENTSHARE.COM A,EQPT,mapped_exact_normalized,EquipmentShare.com Inc,current_mapping_row,SEC company_tickers_exchange,,,1.0,
USA,EVOMMUNE,EVMN,mapped_exact_normalized,"Evommune, Inc.",current_mapping_row,SEC company_tickers_exchange,,,1.0,
USA,FIGMA A,FIG,mapped_exact_normalized,"Figma, Inc.",current_mapping_row,SEC company_tickers_exchange,,,1.0,
USA,FIGURE TECH SOLUTIONS A,,needs_review,,current_mapping_row,,,,0.0,
USA,FLOWCO HOLDINGS A,FLOC,mapped_exact_normalized,Flowco Holdings Inc.,current_mapping_row,SEC company_tickers_exchange,,,1.0,
USA,FORGENT POWER SOLN A,,needs_review,,current_mapping_row,,,,0.0,
USA,GRAHAM CORP,GHC,mapped_exact_normalized,Graham Holdings Co,current_mapping_row,SEC company_tickers_exchange,,,1.0,
USA,INFLEQTION,INFQ,mapped_exact_normalized,"Infleqtion, Inc.",current_mapping_row,SEC company_tickers_exchange,,,1.0,
USA,JADE BIOSCIENCES,JBIO,mapped_exact_normalized,"Jade Biosciences, Inc.",current_mapping_row,SEC company_tickers_exchange,,,1.0,
USA,LB PHARMACEUTICALS,LBRX,mapped_exact_normalized,LB PHARMACEUTICALS INC,current_mapping_row,SEC company_tickers_exchange,,,1.0,
USA,MAZE THERAPEUTICS,MAZE,mapped_exact_normalized,"Maze Therapeutics, Inc.",current_mapping_row,SEC company_tickers_exchange,,,1.0,
USA,NATIONAL ENER SVCS,,needs_review,,current_mapping_row,,,,0.0,
USA,NEWSMAX B,NMAX,mapped_exact_normalized,Newsmax Inc.,current_mapping_row,SEC company_tickers_exchange,,,1.0,
USA,OPPENHEIMER HOLDINGS A,OPY,mapped_exact_normalized,OPPENHEIMER HOLDINGS INC,current_mapping_row,SEC company_tickers_exchange,,,1.0,
USA,PATTERN GRP A,,needs_review,,current_mapping_row,,,,0.0,
USA,SATELLOGIC A,SATL,mapped_exact_normalized,Satellogic Inc.,current_mapping_row,SEC company_tickers_exchange,,,1.0,
USA,SELLAS LIFE SCIENCES GRP,,needs_review,,current_mapping_row,,,,0.0,
USA,SIONNA THERAPEUTICS,SION,mapped_exact_normalized,"Sionna Therapeutics, Inc.",current_mapping_row,SEC company_tickers_exchange,,,1.0,
USA,SOLV ENERGY A,MWH,mapped_exact_normalized,"SOLV Energy, Inc.",current_mapping_row,SEC company_tickers_exchange,,,1.0,
USA,TAMBORAN RESOURCES(US),TBN,mapped_exact_normalized,Tamboran Resources Corp,current_mapping_row,SEC company_tickers_exchange,,,1.0,
USA,VERADERMICS,MANE,mapped_exact_normalized,"Veradermics, Inc",current_mapping_row,SEC company_tickers_exchange,,,1.0,
USA,VIA TRANSPORTATION A,VIA,mapped_exact_normalized,"Via Transportation, Inc.",current_mapping_row,SEC company_tickers_exchange,,,1.0,
USA,WEALTHFRONT,WLTH,mapped_exact_normalized,WEALTHFRONT CORP,current_mapping_row,SEC company_tickers_exchange,,,1.0,
USA,DOLE,DOLE,mapped_exact_normalized,Dole plc,current_mapping_row,SEC company_tickers_exchange,,,1.0,
USA,AH REALTY TRUST,AHRT,mapped_exact_normalized,"AH Realty Trust, Inc.",current_mapping_row,SEC company_tickers_exchange,,,1.0,
USA,AMERICAN BATTERY TECH,,needs_review,,current_mapping_row,,,,0.0,
USA,FUBOTV A,FUBO,mapped_exact_normalized,FuboTV Inc.,current_mapping_row,SEC company_tickers_exchange,,,1.0,
USA,FULGENT GENETICS,FLGT,mapped_exact_normalized,"Fulgent Genetics, Inc.",current_mapping_row,SEC company_tickers_exchange,,,1.0,
USA,HACKETT GROUP,HCKT,mapped_exact_normalized,"HACKETT GROUP, INC.",current_mapping_row,SEC company_tickers_exchange,,,1.0,
USA,INSTEEL INDUSTRIES,IIIN,mapped_exact_normalized,INSTEEL INDUSTRIES INC,current_mapping_row,SEC company_tickers_exchange,,,1.0,
USA,KKR REAL EST FIN TRUST,,needs_review,,current_mapping_row,,,,0.0,
USA,LENZ THERAPEUTICS,LENZ,mapped_exact_normalized,"LENZ Therapeutics, Inc.",current_mapping_row,SEC company_tickers_exchange,,,1.0,
USA,RAPID7,RPD,mapped_exact_normalized,"Rapid7, Inc.",current_mapping_row,SEC company_tickers_exchange,,,1.0,
USA,WHITEFIBER,WYFI,mapped_exact_normalized,"WhiteFiber, Inc.",current_mapping_row,SEC company_tickers_exchange,,,1.0,
USA,YEXT,YEXT,mapped_exact_normalized,"Yext, Inc.",current_mapping_row,SEC company_tickers_exchange,,,1.0,
TAIWAN,GALLANT MICRO MACHINING,6640,verified_tw_current_round7,"Gallant Micro. Machining Co., LTD.",current_mapping_row,"Round7 current-code discovery: Yahoo Finance search matched `Gallant Micro. Machining Co., LTD.`/6640.TWO; code exists in TWSE/TPEx/FinLab Taiwan reference universe. Local refs: GMM | 均華 | 均華精密工業股份有限公司",,,1.0000,
TAIWAN,GROUP UP INDUSTRIAL,6664,verified_tw_current_round7,"Group Up Industrial Co., Ltd.",current_mapping_row,"Round7 current-code discovery: Yahoo Finance search matched `Group Up Industrial Co., Ltd.`/6664.TWO; code exists in TWSE/TPEx/FinLab Taiwan reference universe. Local refs: Group Up | 群翊 | 群翊工業股份有限公司",,,1.0000,
TAIWAN,LELON ELECTRONICS CORP,2472,verified_tw_reference_fuzzy,LELON,current_mapping_row,FinLab company_basic_info:英文簡稱,,,0.9194,
TAIWAN,TAIFLEX SCIENTIFIC,8039,verified_tw_reference_fuzzy,TAIFLEX,current_mapping_row,FinLab company_basic_info:英文簡稱,,,0.9289,
TAIWAN,TAIWAN MICROLOOPS,6831,verified_tw_reference_fuzzy,MICROLOOPS,current_mapping_row,FinLab company_basic_info:英文簡稱,,,0.9188,
TAIWAN,FULGENT SUN INTL HLDG,9802,verified_tw_reference_fuzzy,Fulgent Sun,current_mapping_row,FinLab company_basic_info:英文簡稱,,,0.9424,
TAIWAN,HOTA INDUSTRIAL MFG CO,1536,verified_tw_current_round7,"Hota Industrial Mfg. Co., Ltd.",current_mapping_row,"Round7 current-code discovery: Yahoo Finance search matched `Hota Industrial Mfg. Co., Ltd.`/1536.TW; code exists in TWSE/TPEx/FinLab Taiwan reference universe. Local refs: HOTA | 和大 | 和大工業股份有限公司",,,1.0000,
TAIWAN,LUNG YEN CO,5530,mapped_exact_normalized,LUNG YEN,current_mapping_row,FinLab company_basic_info:英文簡稱,,,1.0,
TAIWAN,POLARIS GROUP,6550,verified_tw_current_round7,Polaris Group,current_mapping_row,Round7 current-code discovery: Yahoo Finance search matched `Polaris Group`/6550.TW; code exists in TWSE/TPEx/FinLab Taiwan reference universe. Local refs: PG | 北極星藥業-KY | 北極星藥業集團股份有限公司,,,1.0000,
TAIWAN,TAIWAN PAIHO,9938,mapped_exact_normalized,TAIWAN PAIHO,current_mapping_row,FinLab company_basic_info:英文簡稱,,,1.0,
USA,3PAR,,needs_review,,current_mapping_row,,,,0.0,
USA,AAON,AAON,mapped_exact_normalized,"AAON, INC.",current_mapping_row,SEC company_tickers_exchange,,,1.0,
USA,AMERICAN NATIONAL INS,,needs_review,,current_mapping_row,,,,0.0,
USA,AMERISAFE INC,AMSF,mapped_exact_normalized,AMERISAFE INC,current_mapping_row,SEC company_tickers_exchange,,,1.0,
USA,CADENCE PHARMACEUTICALS,,needs_review,,current_mapping_row,,,,0.0,
USA,CASS INFORMATION SYSTEMS,CASS,mapped_exact_normalized,CASS INFORMATION SYSTEMS INC,current_mapping_row,SEC company_tickers_exchange,,,1.0,
USA,CASTLEPOINT HLDGS,,needs_review,,current_mapping_row,,,,0.0,
USA,COHERENT,COHR,mapped_exact_normalized,COHERENT CORP.,current_mapping_row,SEC company_tickers_exchange,,,1.0,
USA,COLFAX CORP,,needs_review,,current_mapping_row,,,,0.0,
USA,COMPELLENT TECHNOLOGIES,,needs_review,,current_mapping_row,,,,0.0,
USA,COMPUTER PROGRAMS & SYS,,needs_review,,current_mapping_row,,,,0.0,
USA,CORNELL COS,,needs_review,,current_mapping_row,,,,0.0,
USA,DANA HLDG CORP,,needs_review,,current_mapping_row,,,,0.0,
USA,DIAMOND FOODS INC,,needs_review,,current_mapping_row,,,,0.0,
USA,DXP ENTERPRISES,DXPE,mapped_exact_normalized,DXP ENTERPRISES INC,current_mapping_row,SEC company_tickers_exchange,,,1.0,
USA,EBIX,,needs_review,,current_mapping_row,,,,0.0,
USA,ENER1,,needs_review,,current_mapping_row,,,,0.0,
USA,ENSIGN GROUP (THE),ENSG,mapped_exact_normalized,"ENSIGN GROUP, INC",current_mapping_row,SEC company_tickers_exchange,,,1.0,
USA,EXACTECH,,needs_review,,current_mapping_row,,,,0.0,
USA,FEDERAL MOGUL CORP A,,needs_review,,current_mapping_row,,,,0.0,
USA,FINISH LINE A,,needs_review,,current_mapping_row,,,,0.0,
USA,FURMANITE CORP,,needs_review,,current_mapping_row,,,,0.0,
USA,G III APPAREL GROUP,GIII,mapped_exact_normalized,"G-III Apparel Group, LTD. - Common Stock",current_mapping_row,NasdaqTrader nasdaqlisted,,,1.0,
USA,GENOPTIX,,needs_review,,current_mapping_row,,,,0.0,
USA,GREAT LAKES DREDGE DOCK,,needs_review,,current_mapping_row,,,,0.0,
USA,GREENLIGHT CAPITAL A,,needs_review,,current_mapping_row,,,,0.0,
USA,GT SOLAR INTERNATIONAL,,needs_review,,current_mapping_row,,,,0.0,
USA,HANGER ORTHOPEDIC GROUP,,needs_review,,current_mapping_row,,,,0.0,
USA,HATTERAS FINL CORP,,needs_review,,current_mapping_row,,,,0.0,
USA,IDENIX PHARMACEUTICALS,,needs_review,,current_mapping_row,,,,0.0,
USA,IDERA PHARMA,,needs_review,,current_mapping_row,,,,0.0,
USA,INNOPHOS HOLDINGS,,needs_review,,current_mapping_row,,,,0.0,
USA,INTEGRAL SYSTEMS,,needs_review,,current_mapping_row,,,,0.0,
USA,INTERNET BRANDS-CL A,,needs_review,,current_mapping_row,,,,0.0,
USA,IPC THE HOSPITALIST,,needs_review,,current_mapping_row,,,,0.0,
USA,K12,,needs_review,,current_mapping_row,,,,0.0,
USA,K-TRON INTERNATIONAL,,needs_review,,current_mapping_row,,,,0.0,
USA,LIFE SCIENCES RESEARCH,,needs_review,,current_mapping_row,,,,0.0,
USA,MAINSOURCE FINANCIAL GRP,,needs_review,,current_mapping_row,,,,0.0,
USA,MARTEN TRANSPORT,MRTN,mapped_exact_normalized,MARTEN TRANSPORT LTD,current_mapping_row,SEC company_tickers_exchange,,,1.0,
USA,NAVISTAR INTERNATIONAL,,needs_review,,current_mapping_row,,,,0.0,
USA,NETEZZA,,needs_review,,current_mapping_row,,,,0.0,
USA,NETSCOUT SYSTEMS,NTCT,mapped_exact_normalized,NETSCOUT SYSTEMS INC,current_mapping_row,SEC company_tickers_exchange,,,1.0,
USA,NPS PHARMACEUTICALS,,needs_review,,current_mapping_row,,,,0.0,
USA,QUESTCOR PHARMACEUTICALS,,needs_review,,current_mapping_row,,,,0.0,
USA,REX ENERGY CORP,,needs_review,,current_mapping_row,,,,0.0,
USA,SCBT FINANCIAL CORP,,needs_review,,current_mapping_row,,,,0.0,
USA,SEQUENOM,,needs_review,,current_mapping_row,,,,0.0,
USA,SMART BALANCE,,needs_review,,current_mapping_row,,,,0.0,
USA,SOUTHSIDE BANCSHARES,SBSI,mapped_exact_normalized,SOUTHSIDE BANCSHARES INC,current_mapping_row,SEC company_tickers_exchange,,,1.0,
USA,STANDEX INTERNATIONAL,SXI,mapped_exact_normalized,Standex International Corporation Common Stock,current_mapping_row,NasdaqTrader otherlisted,,,1.0,
USA,STAR SCIENTIFIC,,needs_review,,current_mapping_row,,,,0.0,
USA,STEC,,needs_review,,current_mapping_row,,,,0.0,
USA,SUFFOLK BANCORP,,needs_review,,current_mapping_row,,,,0.0,
USA,SY BANCORP,,needs_review,,current_mapping_row,,,,0.0,
USA,SYNTA PHARMACEUTICALS,,needs_review,,current_mapping_row,,,,0.0,
USA,TERCICA,,needs_review,,current_mapping_row,,,,0.0,
USA,TERREMARK WORLDWIDE,,needs_review,,current_mapping_row,,,,0.0,
USA,UNION BANKSHARES CORP,UNB,mapped_exact_normalized,UNION BANKSHARES INC,current_mapping_row,SEC company_tickers_exchange,,,1.0,
USA,UNIVERSAL TRUCKLOAD,,needs_review,,current_mapping_row,,,,0.0,
USA,VIVUS,,needs_review,,current_mapping_row,,,,0.0,
USA,VNUS MEDICAL TECH,,needs_review,,current_mapping_row,,,,0.0,
USA,WESTFIELD FINANCIAL,,needs_review,,current_mapping_row,,,,0.0,
USA,WEYCO GROUP,WEYS,mapped_exact_normalized,WEYCO GROUP INC,current_mapping_row,SEC company_tickers_exchange,,,1.0,
USA,ABITIBIBOWATER,,needs_review,,current_mapping_row,,,,0.0,
USA,ACACIA RSCH-TECH,,needs_review,,current_mapping_row,,,,0.0,
USA,AIR TRANSPORT SERVICES,,needs_review,,current_mapping_row,,,,0.0,
USA,ALESCO FINANCIAL,,needs_review,,current_mapping_row,,,,0.0,
USA,ASTA FUNDING,,needs_review,,current_mapping_row,,,,0.0,
USA,ASYST TECHNOLOGIES,,needs_review,,current_mapping_row,,,,0.0,
USA,AVANEX CORP,,needs_review,,current_mapping_row,,,,0.0,
USA,BANKATLANTIC BANCORP A,,needs_review,,current_mapping_row,,,,0.0,
USA,BEARINGPOINT,,needs_review,,current_mapping_row,,,,0.0,
USA,BOK FINANCIAL CORP,BOKF,mapped_exact_normalized,BOK FINANCIAL CORP,current_mapping_row,SEC company_tickers_exchange,,,1.0,
USA,CELL GENESYS,,needs_review,,current_mapping_row,,,,0.0,
USA,CITADEL BROADCASTING,,needs_review,,current_mapping_row,,,,0.0,
USA,COMMERCIAL VEHICLE GRP,,needs_review,,current_mapping_row,,,,0.0,
USA,CRYSTAL RIVER CAPITAL,,needs_review,,current_mapping_row,,,,0.0,
USA,CUMULUS MEDIA A,CMLS,mapped_exact_normalized,CUMULUS MEDIA INC,current_mapping_row,SEC company_tickers_exchange,,,1.0,
USA,DOLLAR THRIFTY AUTOMOT.,,needs_review,,current_mapping_row,,,,0.0,
USA,DOWNEY FINANCIAL CORP,,needs_review,,current_mapping_row,,,,0.0,
USA,ENTERCOM COMMUNI. CORP,,needs_review,,current_mapping_row,,,,0.0,
USA,EVERGREEN ENERGY,,needs_review,,current_mapping_row,,,,0.0,
USA,FEDERAL AGRICULT. MTG C,,needs_review,,current_mapping_row,,,,0.0,
USA,FIRST STATE BANCORP,,needs_review,,current_mapping_row,,,,0.0,
USA,FLEETWOOD ENTERPRISES,,needs_review,,current_mapping_row,,,,0.0,
USA,GATEHOUSE MEDIA,,needs_review,,current_mapping_row,,,,0.0,
USA,GRAMERCY CAPITAL CORP,,needs_review,,current_mapping_row,,,,0.0,
USA,GRAY TELEVISION B,,needs_review,,current_mapping_row,,,,0.0,
USA,GREAT WOLF RESORTS,,needs_review,,current_mapping_row,,,,0.0,
USA,GRUBB & ELLIS CO,,needs_review,,current_mapping_row,,,,0.0,
USA,JER INVESTORS TRUST,,needs_review,,current_mapping_row,,,,0.0,
USA,LADENBURG THALMANN,,needs_review,,current_mapping_row,,,,0.0,
USA,LCA-VISION,,needs_review,,current_mapping_row,,,,0.0,
USA,LITHIA MOTORS A,LAD,mapped_exact_normalized,LITHIA MOTORS INC,current_mapping_row,SEC company_tickers_exchange,,,1.0,
USA,MEDIS TECHNOLOGIES,,needs_review,,current_mapping_row,,,,0.0,
USA,MIDWEST BANC HOLDINGS,,needs_review,,current_mapping_row,,,,0.0,
USA,MONACO COACH CORP,,needs_review,,current_mapping_row,,,,0.0,
USA,MTR GAMING GROUP,,needs_review,,current_mapping_row,,,,0.0,
USA,NEXCEN BRANDS,,needs_review,,current_mapping_row,,,,0.0,
USA,NEXTWAVE WIRELESS,,needs_review,,current_mapping_row,,,,0.0,
USA,OPENWAVE SYSTEMS,,needs_review,,current_mapping_row,,,,0.0,
USA,PACIFIC ETHANOL INC,,needs_review,,current_mapping_row,,,,0.0,
USA,PHARMANET DEVELOPMENT,,needs_review,,current_mapping_row,,,,0.0,
USA,PHOTRONICS,PLAB,mapped_exact_normalized,PHOTRONICS INC,current_mapping_row,SEC company_tickers_exchange,,,1.0,
USA,PLAYBOY ENTERPRISES B,,needs_review,,current_mapping_row,,,,0.0,
USA,PRIMEDIA (US),,needs_review,,current_mapping_row,,,,0.0,
USA,PRIMUS GUARANTY,,needs_review,,current_mapping_row,,,,0.0,
USA,PROVIDENCE SERVICE CORP,,needs_review,,current_mapping_row,,,,0.0,
USA,R.H. DONNELLEY CORP,,needs_review,,current_mapping_row,,,,0.0,
USA,REDDY ICE HOLDINGS INC,,needs_review,,current_mapping_row,,,,0.0,
USA,SELECT COMFORT CORP,,needs_review,,current_mapping_row,,,,0.0,
USA,SONIC SOLUTIONS,,needs_review,,current_mapping_row,,,,0.0,
USA,TERRESTAR,,needs_review,,current_mapping_row,,,,0.0,
USA,THORNBURG MORTGAGE,,needs_review,,current_mapping_row,,,,0.0,
USA,TIERONE CORP,,needs_review,,current_mapping_row,,,,0.0,
USA,URANIUM RESOURCES,,needs_review,,current_mapping_row,,,,0.0,
USA,VALUEVISION MEDIA A,,needs_review,,current_mapping_row,,,,0.0,
USA,VERENIUM,,needs_review,,current_mapping_row,,,,0.0,
USA,W HOLDING CO,,needs_review,,current_mapping_row,,,,0.0,
USA,WESCO FINANCIAL CORP,,needs_review,,current_mapping_row,,,,0.0,
USA,WESTWOOD ONE,,needs_review,,current_mapping_row,,,,0.0,
USA,UNIVEST CORP OF PENNS.,,needs_review,,current_mapping_row,,,,0.0,
USA,VILLAGE SUPER MARKET A,VLGEA,mapped_exact_normalized,VILLAGE SUPER MARKET INC,current_mapping_row,SEC company_tickers_exchange,,,1.0,
USA,VOLTERRA SEMICONDUCTOR,,needs_review,,current_mapping_row,,,,0.0,
USA,WASHINGTON TRUST BANCORP,WASH,mapped_exact_normalized,WASHINGTON TRUST BANCORP INC,current_mapping_row,SEC company_tickers_exchange,,,1.0,
TAIWAN,ARCADYAN TECHNOLOGY CORP,3596,verified_tw_reference_fuzzy,Arcadyan,current_mapping_row,FinLab company_basic_info:英文簡稱,,,0.9321,
TAIWAN,CHINA HI MENT,1103,verified_tw_yahoo_google_round8c,Chia Hsin Cement Corporation / 嘉泥,current_mapping_row,Round8c web/Yahoo/Google evidence: Google/Yahoo/Cnyes show Chia Hsin Cement Corporation code 1103; MSCI name appears abbreviated/misparsed.,,,0.95,
TAIWAN,GENESIS PHOTONICS,6221,verified_tw_reference_fuzzy,Genesis,current_mapping_row,FinLab company_basic_info:英文簡稱,,,0.9312,
TAIWAN,NEO SOLAR POWER CORP,1785,verified_tw_reference_fuzzy,Solar,current_mapping_row,FinLab company_basic_info:英文簡稱,,,0.8933,
TAIWAN,SOLARTECH ENERGY CORP,3561,verified_tw_historical_round8d,Solartech Energy Corp. / 昇陽光電,current_mapping_row,Round8d web/Yahoo/Google evidence: Yahoo Finance and MarketScreener show Solartech Energy Corp. 3561.TW; TWSE factbook delisting table lists Solartech Energy Corp. code 3561.,,,0.95,
TAIWAN,TAIWAN COGENERATION,8926,verified_tw_current_round7,Taiwan Cogeneration Corporation,current_mapping_row,Round7 current-code discovery: Yahoo Finance search matched `Taiwan Cogeneration Corporation`/8926.TW; code exists in TWSE/TPEx/FinLab Taiwan reference universe. Local refs: TCC | 台汽電 | 台灣汽電共生股份有限公司,,,1.0000,
TAIWAN,WAYS TECHNICAL,3508,verified_tw_current_round7,"Ways Technical Corp., Ltd.",current_mapping_row,"Round7 current-code discovery: Yahoo Finance search matched `Ways Technical Corp., Ltd.`/3508.TWO; code exists in TWSE/TPEx/FinLab Taiwan reference universe. Local refs: Ways | 位速 | 位速科技股份有限公司",,,1.0000,
TAIWAN,CREATIVE SENSOR,7837,verified_tw_reference_fuzzy,Creative,current_mapping_row,FinLab company_basic_info:英文簡稱,,,0.9433,
TAIWAN,GENESYS LOGIC INC,6104,verified_tw_current_round7,"Genesys Logic, Inc.",current_mapping_row,"Round7 current-code discovery: Yahoo Finance search matched `Genesys Logic, Inc.`/6104.TWO; code exists in TWSE/TPEx/FinLab Taiwan reference universe. Local refs: GLI | 創惟 | 創惟科技股份有限公司",,,1.0000,
TAIWAN,SOLOMON TECH CORP,2359,verified_tw_reference_fuzzy,SOLOMON,current_mapping_row,FinLab company_basic_info:英文簡稱,,,0.9483,
TAIWAN,WONTEN TECHNOLOGY CO,6190,verified_tw_yahoo_google_round8d,"Wontex/Wonten Technology Co., Ltd. / 萬泰科技",current_mapping_row,Round8d web/Yahoo/Google evidence: Company investor page says stock code 6190; Yahoo/Google name variant maps Wonten/Wontex Technology to 萬泰科技.,,,0.95,
TAIWAN,RALINK TECHNOLOGY CORP,3534,verified_tw_historical_round8,Ralink Technology Corporation / 雷凌,current_mapping_row,Round8 Yahoo/Google historical quote: Ralink Technology 3534.TW; acquired by MediaTek,,,0.99,
TAIWAN,SAN SHING FASTECH CORP,5007,verified_tw_reference_fuzzy,SAN SHING,current_mapping_row,FinLab company_basic_info:英文簡稱,,,0.9429,
USA,ABOVENET,,needs_review,,current_mapping_row,,,,0.0,
USA,ALPHATEC HOLDINGS,ATEC,mapped_exact_normalized,"Alphatec Holdings, Inc.",current_mapping_row,SEC company_tickers_exchange,,,1.0,
USA,BIOMIMETIC THERAPEUTICS,,needs_review,,current_mapping_row,,,,0.0,
USA,BOISE,,needs_review,,current_mapping_row,,,,0.0,
USA,BRIDGEPOINT EDUCATION,,needs_review,,current_mapping_row,,,,0.0,
USA,BROADWIND ENERGY,,needs_review,,current_mapping_row,,,,0.0,
USA,CARDTRONICS,,needs_review,,current_mapping_row,,,,0.0,
USA,CHINA INFO SECURITY,,needs_review,,current_mapping_row,,,,0.0,
USA,CYPRESS SHARPRIDGE INV,,needs_review,,current_mapping_row,,,,0.0,
USA,DIGITALGLOBE,,needs_review,,current_mapping_row,,,,0.0,
USA,DYAX CORP,,needs_review,,current_mapping_row,,,,0.0,
USA,ENCORE CAPITAL GROUP,ECPG,mapped_exact_normalized,ENCORE CAPITAL GROUP INC,current_mapping_row,SEC company_tickers_exchange,,,1.0,
USA,ENERGY XXI BERMUDA,,needs_review,,current_mapping_row,,,,0.0,
USA,FRESH DEL MONTE PRODUCE,FDP,mapped_exact_normalized,FRESH DEL MONTE PRODUCE INC,current_mapping_row,SEC company_tickers_exchange,,,1.0,
USA,FUQI INTERNATIONAL,,needs_review,,current_mapping_row,,,,0.0,
USA,GASTAR EXPLORATION,,needs_review,,current_mapping_row,,,,0.0,
USA,GLG PARTNERS,,needs_review,,current_mapping_row,,,,0.0,
USA,GLOBE SPECIALTY METALS,,needs_review,,current_mapping_row,,,,0.0,
USA,GOVERNMENT PPTYS INCOME,,needs_review,,current_mapping_row,,,,0.0,
USA,HI-TECH PHARMACAL CO,,needs_review,,current_mapping_row,,,,0.0,
USA,I2 TECHNOLOGIES,,needs_review,,current_mapping_row,,,,0.0,
USA,INT'L SHIPHOLDING CORP,,needs_review,,current_mapping_row,,,,0.0,
USA,KAPSTONE PAPER & PKG,,needs_review,,current_mapping_row,,,,0.0,
USA,KODIAK OIL & GAS,,needs_review,,current_mapping_row,,,,0.0,
USA,LOGMEIN,,needs_review,,current_mapping_row,,,,0.0,
USA,MAP PHARMACEUTICALS,,needs_review,,current_mapping_row,,,,0.0,
USA,MEDIDATA SOLUTIONS,,needs_review,,current_mapping_row,,,,0.0,
USA,MERCURY COMPUTER SYS,,needs_review,,current_mapping_row,,,,0.0,
USA,NXSTAGE MEDICAL INC,,needs_review,,current_mapping_row,,,,0.0,
USA,OBAGI MEDICAL PRODUCTS,,needs_review,,current_mapping_row,,,,0.0,
USA,OPENTABLE,,needs_review,,current_mapping_row,,,,0.0,
USA,PENNYMAC MORTGAGE INV,,needs_review,,current_mapping_row,,,,0.0,
USA,POWER INTEGRATIONS,POWI,mapped_exact_normalized,POWER INTEGRATIONS INC,current_mapping_row,SEC company_tickers_exchange,,,1.0,
USA,RINO INTERNATIONAL CORP,,needs_review,,current_mapping_row,,,,0.0,
USA,ROSETTA STONE,,needs_review,,current_mapping_row,,,,0.0,
USA,SHOE CARNIVAL,SCVL,mapped_exact_normalized,SHOE CARNIVAL INC,current_mapping_row,SEC company_tickers_exchange,,,1.0,
USA,SOLARWINDS,,needs_review,,current_mapping_row,,,,0.0,
USA,STONERIDGE,SRI,mapped_exact_normalized,STONERIDGE INC,current_mapping_row,SEC company_tickers_exchange,,,1.0,
USA,TECHWELL,,needs_review,,current_mapping_row,,,,0.0,
USA,TREX CO,TREX,mapped_exact_normalized,TREX CO INC,current_mapping_row,SEC company_tickers_exchange,,,1.0,
USA,VANDA PHARMACEUTICALS,VNDA,mapped_exact_normalized,Vanda Pharmaceuticals Inc.,current_mapping_row,SEC company_tickers_exchange,,,1.0,
USA,VIRGIN MOBILE USA A,,needs_review,,current_mapping_row,,,,0.0,
USA,CAPITOL BANCORP,,needs_review,,current_mapping_row,,,,0.0,
USA,CPB,,needs_review,,current_mapping_row,,,,0.0,
USA,EMCORE CORP,,needs_review,,current_mapping_row,,,,0.0,
USA,FAIRPOINT COMM.,,needs_review,,current_mapping_row,,,,0.0,
USA,FRONTIER FINANCIAL CORP,,needs_review,,current_mapping_row,,,,0.0,
USA,GEOGLOBAL RESOURCES INC,,needs_review,,current_mapping_row,,,,0.0,
USA,INNOVATIVE SOLUTIONS&SUP,,needs_review,,current_mapping_row,,,,0.0,
USA,MANNATECH,MTEX,mapped_exact_normalized,MANNATECH INC,current_mapping_row,SEC company_tickers_exchange,,,1.0,
USA,PACIFIC CAPITAL BANCORP,,needs_review,,current_mapping_row,,,,0.0,
USA,PHOENIX TECHNOLOGIES,,needs_review,,current_mapping_row,,,,0.0,
USA,RESOURCE AMERICA A,,needs_review,,current_mapping_row,,,,0.0,
USA,STERLING FINL WASHINGTON,,needs_review,,current_mapping_row,,,,0.0,
USA,SULPHCO INC,,needs_review,,current_mapping_row,,,,0.0,
USA,VIRGINIA COMMERCE BNCORP,,needs_review,,current_mapping_row,,,,0.0,
TAIWAN,APCB,6108,mapped_exact_normalized,APCB INC.,current_mapping_row,FinLab company_basic_info:英文簡稱,,,1.0,
TAIWAN,ENE TECHNOLOGY CO,6243,verified_tw_historical_round7,ENE Technology Inc.,current_mapping_row,Round7 official historical delisted source: TPEx EN deListed official delist_date=2009-12-17,,,1.0000,
TAIWAN,EXCELSIOR MEDICAL CO,4104,verified_tw_current_round7,"Excelsior Medical Co., Ltd.",current_mapping_row,"Round7 current-code discovery: Yahoo Finance search matched `Excelsior Medical Co., Ltd.`/4104.TW; code exists in TWSE/TPEx/FinLab Taiwan reference universe. Local refs: EXCELSIOR | 佳醫 | 佳醫健康事業股份有限公司",,,1.0000,
TAIWAN,FLEXIUM INTERCONNECT,6269,verified_tw_reference_fuzzy,FLEXIUM,current_mapping_row,FinLab company_basic_info:英文簡稱,,,0.925,
TAIWAN,HOLDKEY ELECTRIC WIRE,1618,verified_tw_yahoo_round8b,"Hold-Key Electric Wire & Cable Co., Ltd. / 合機",current_mapping_row,Round8b Yahoo Finance search: Hold-Key Electric Wire -> 1618.TW.,,,0.98,
TAIWAN,LEADTREND TECH CORP,3588,verified_tw_current_round7,Leadtrend Technology Corporation,current_mapping_row,Round7 current-code discovery: Yahoo Finance search matched `Leadtrend Technology Corporation`/3588.TW; code exists in TWSE/TPEx/FinLab Taiwan reference universe. Local refs: LD | 通嘉 | 通嘉科技股份有限公司,,,1.0000,
TAIWAN,LES ENPHANTS CO,2911,mapped_exact_normalized,Les enphants,current_mapping_row,FinLab company_basic_info:英文簡稱,,,1.0,
TAIWAN,NAMCHOW CHEMICAL INDUST,1702,verified_tw_reference_fuzzy,NAMCHOW,current_mapping_row,FinLab company_basic_info:英文簡稱,,,0.9204,
TAIWAN,NETRONIX,6143,verified_tw_current_round7,"Netronix, Inc.",current_mapping_row,"Round7 current-code discovery: Yahoo Finance search matched `Netronix, Inc.`/6143.TWO; code exists in TWSE/TPEx/FinLab Taiwan reference universe. Local refs: NETRONIXINC. | 振曜 | 振曜科技股份有限公司",,,1.0000,
TAIWAN,OCEAN PLASTICS CO,1321,verified_tw_current_round7,"Ocean Plastics Co., Ltd.",current_mapping_row,"Round7 current-code discovery: Yahoo Finance search matched `Ocean Plastics Co., Ltd.`/1321.TW; code exists in TWSE/TPEx/FinLab Taiwan reference universe. Local refs: OPC | 大洋 | 大洋塑膠工業股份有限公司",,,1.0000,
TAIWAN,P-TWO INDUSTRIES,6158,verified_tw_reference_fuzzy,P-TWO,current_mapping_row,FinLab company_basic_info:英文簡稱,,,0.9213,
TAIWAN,SHINKONG INSURANCE CO,2850,verified_tw_current_round7,"Shinkong Insurance Co., Ltd.",current_mapping_row,"Round7 current-code discovery: Yahoo Finance search matched `Shinkong Insurance Co., Ltd.`/2850.TW; code exists in TWSE/TPEx/FinLab Taiwan reference universe. Local refs: SK Insurance | 新光產物保險股份有限公司 | 新產",,,1.0000,
TAIWAN,SIGURD MICROELECTRONICS,6257,verified_tw_reference_fuzzy,SIGURD,current_mapping_row,FinLab company_basic_info:英文簡稱,,,0.9161,
TAIWAN,TAIWAN SECOM,9917,mapped_exact_normalized,TAIWAN SECOM,current_mapping_row,FinLab company_basic_info:英文簡稱,,,1.0,
TAIWAN,THINKING ELECTRONIC IND,2428,verified_tw_reference_fuzzy,THINKING,current_mapping_row,FinLab company_basic_info:英文簡稱,,,0.9248,
TAIWAN,USERJOY TECHNOLOGY CO,3546,verified_tw_reference_fuzzy,USERJOY,current_mapping_row,FinLab company_basic_info:英文簡稱,,,0.9289,
TAIWAN,VE WONG CORP,1203,mapped_exact_normalized,VE WONG,current_mapping_row,FinLab company_basic_info:英文簡稱,,,1.0,
TAIWAN,VISUAL PHOTONICS EPITAXY,2455,verified_tw_current_round7,"Visual Photonics Epitaxy Co., Ltd.",current_mapping_row,"Round7 current-code discovery: Yahoo Finance search matched `Visual Photonics Epitaxy Co., Ltd.`/2455.TW; code exists in TWSE/TPEx/FinLab Taiwan reference universe. Local refs: VPEC | 全新 | 全新光電科技股份有限公司",,,1.0000,
TAIWAN,WELL SHIN TECHNOLOGY CO,3501,verified_tw_reference_fuzzy,Well Shin,current_mapping_row,FinLab company_basic_info:英文簡稱,,,0.935,
TAIWAN,YEH-CHIANG TECH,6124,verified_tw_current_round7,Yeh Chiang Technology Corporation,current_mapping_row,Round7 current-code discovery: Yahoo Finance search matched `Yeh Chiang Technology Corporation`/6124.TWO; code exists in TWSE/TPEx/FinLab Taiwan reference universe. Local refs: YCTC | 業強 | 業強科技股份有限公司,,,1.0000,
TAIWAN,ZIG SHENG INDUSTRIAL CO,1455,verified_tw_reference_fuzzy,ZIG SHENG,current_mapping_row,FinLab company_basic_info:英文簡稱,,,0.935,
TAIWAN,CATHAY NO 1 REIT,01002T,verified_tw_reit_round8,Cathay No.1 REIT / 國泰一號,current_mapping_row,Round8 Yahoo/Google/TWSE REIT query: Cathay No.1 REIT -> 01002T,,,0.99,
TAIWAN,YUNGSHIN CONSTR & DEVLPT,5508,verified_tw_yahoo_round8b,"Yungshin Construction & Development Co., Ltd. / 永信建",current_mapping_row,Round8b Same issuer abbreviation as YUNGSHIN CONST & DEV -> 5508.TWO.,,,0.98,
USA,3D SYSTEMS CORP,DDD,mapped_exact_normalized,3D SYSTEMS CORP,current_mapping_row,SEC company_tickers_exchange,,,1.0,
USA,ACCRETIVE HEALTH,,needs_review,,current_mapping_row,,,,0.0,
USA,AGREE REALTY CORP,ADC,mapped_exact_normalized,AGREE REALTY CORP,current_mapping_row,SEC company_tickers_exchange,,,1.0,
USA,AMERICAN OIL & GAS INC,,needs_review,,current_mapping_row,,,,0.0,
USA,ANCESTRY.COM,,needs_review,,current_mapping_row,,,,0.0,
USA,APOLLO COMM REAL ESTAT,,needs_review,,current_mapping_row,,,,0.0,
USA,APPROACH RESOURCES,,needs_review,,current_mapping_row,,,,0.0,
USA,ARTHROCARE CORP,,needs_review,,current_mapping_row,,,,0.0,
USA,AVANIR PHARMACEUTICALS A,,needs_review,,current_mapping_row,,,,0.0,
USA,BMP SUNSTONE,,needs_review,,current_mapping_row,,,,0.0,
USA,CAI INT'L,,needs_review,,current_mapping_row,,,,0.0,
USA,CELLU TISSUE HOLDINGS,,needs_review,,current_mapping_row,,,,0.0,
USA,CHESAPEAKE LODGING TRUST,,needs_review,,current_mapping_row,,,,0.0,
USA,CLARIENT,,needs_review,,current_mapping_row,,,,0.0,
USA,CONTINUCARE CORP,,needs_review,,current_mapping_row,,,,0.0,
USA,DEPOMED,,needs_review,,current_mapping_row,,,,0.0,
USA,DEX ONE CORP,,needs_review,,current_mapping_row,,,,0.0,
USA,DOUGLAS DYNAMICS,PLOW,mapped_exact_normalized,"DOUGLAS DYNAMICS, INC",current_mapping_row,SEC company_tickers_exchange,,,1.0,
USA,ENDOLOGIX,,needs_review,,current_mapping_row,,,,0.0,
USA,ENVESTNET,,needs_review,,current_mapping_row,,,,0.0,
USA,EXPRESS,,needs_review,,current_mapping_row,,,,0.0,
USA,FINANCIAL ENGINES,,needs_review,,current_mapping_row,,,,0.0,
USA,FIRST INTERSTATE BANC A,,needs_review,,current_mapping_row,,,,0.0,
USA,AMERICAN APPAREL,,needs_review,,current_mapping_row,,,,0.0,
USA,BORDERS GROUP,,needs_review,,current_mapping_row,,,,0.0,
USA,CARACO PHARM LABS,,needs_review,,current_mapping_row,,,,0.0,
USA,HANSEN MEDICAL,,needs_review,,current_mapping_row,,,,0.0,
USA,MYREXIS,,needs_review,,current_mapping_row,,,,0.0,
TAIWAN,ABLEREX ELECTRONICS CO,3628,verified_tw_reference_fuzzy,ABLEREX,current_mapping_row,FinLab company_basic_info:英文簡稱,,,0.9268,
TAIWAN,ACHEM TECHNOLOGY,1715,verified_tw_historical_round7,ACHEM,current_mapping_row,Round7 official historical delisted source: TWSE EN suspendListing official delist_date=2017/10/25,,,1.0000,
TAIWAN,CHINA GLAZE CO,1809,mapped_exact_normalized,China Glaze,current_mapping_row,FinLab company_basic_info:英文簡稱,,,1.0,
TAIWAN,FORMOSAN UNION CHEMICAL,1709,verified_tw_current_round7,Formosan Union Chemical Corp.,current_mapping_row,Round7 current-code discovery: Yahoo Finance search matched `Formosan Union Chemical Corp.`/1709.TW; code exists in TWSE/TPEx/FinLab Taiwan reference universe. Local refs: FUCC | 和益 | 和益化學工業股份有限公司,,,1.0000,
TAIWAN,INTEGRATED MEMORY LOGIC,3638,verified_tw_historical_round8d,Integrated Memory Logic Limited / F-IML,current_mapping_row,Round8d web/Yahoo/Google evidence: PRNewswire/SEC acquisition release identifies Integrated Memory Logic Limited as iML TW:3638; later ceased trading after Exar acquisition.,,,0.95,
TAIWAN,KAULIN MANUFACTURING CO,1531,verified_tw_reference_fuzzy,KAULIN,current_mapping_row,FinLab company_basic_info:英文簡稱,,,0.92,
TAIWAN,LAN FA TEXTILE,1459,verified_tw_reference_fuzzy,LAN FA,current_mapping_row,FinLab company_basic_info:英文簡稱,,,0.9329,
TAIWAN,PACIFIC HOSPITAL SUPPLY,4126,verified_tw_current_round7,"Pacific Hospital Supply Co., Ltd",current_mapping_row,"Round7 current-code discovery: Yahoo Finance search matched `Pacific Hospital Supply Co., Ltd`/4126.TWO; code exists in TWSE/TPEx/FinLab Taiwan reference universe. Local refs: PAHSCO | 太平洋醫材股份有限公司 | 太醫",,,1.0000,
TAIWAN,PC HOME ONLINE,8044,verified_tw_yahoo_google_round8,PChome Online Inc. / 網家,current_mapping_row,Round8 Yahoo Finance query: PChome Online -> 8044.TWO,,,0.99,
TAIWAN,PROSPERITY DIELECT CO LT,6173,verified_tw_yahoo_round8b,"Prosperity Dielectrics Co., Ltd. / 信昌電",current_mapping_row,Round8b Yahoo Finance search: Prosperity Dielectrics -> 6173.TWO.,,,0.98,
TAIWAN,RUENTEX ENGIN & CONST,2597,verified_tw_yahoo_round8b,"Ruentex Engineering & Construction Co., Ltd. / 潤弘",current_mapping_row,Round8b Same issuer abbreviation as Ruentex Engineering & Construction -> 2597.TW.,,,0.98,
TAIWAN,SIRTEC INTERNATIONAL CO,5356,verified_tw_reference_fuzzy,SIRTEC,current_mapping_row,FinLab company_basic_info:英文簡稱,,,0.92,
TAIWAN,SPORTON INTERNATIONAL,6146,verified_tw_reference_fuzzy,SPORTON,current_mapping_row,FinLab company_basic_info:英文簡稱,,,0.9233,
TAIWAN,STANDARD CHEMICAL&PHARM,1720,verified_tw_current_round7,"Standard Chemical & Pharmaceutical Co., Ltd.",current_mapping_row,"Round7 current-code discovery: Yahoo Finance search matched `Standard Chemical & Pharmaceutical Co., Ltd.`/1720.TW; code exists in TWSE/TPEx/FinLab Taiwan reference universe. Local refs: S.C.P.C | 生達 | 生達化學製藥股份有限公司",,,1.0000,
TAIWAN,TA YIH INDUSTRIAL CO,1521,verified_tw_reference_fuzzy,TA YIH,current_mapping_row,FinLab company_basic_info:英文簡稱,,,0.9253,
TAIWAN,WAN HWA ENTERPRISE,2701,verified_tw_current_round7,Wan Hwa Enterprise Company Ltd.,current_mapping_row,Round7 current-code discovery: Yahoo Finance search matched `Wan Hwa Enterprise Company Ltd.`/2701.TW; code exists in TWSE/TPEx/FinLab Taiwan reference universe. Local refs: WANHWA | 萬企 | 萬華企業股份有限公司,,,1.0000,
TAIWAN,WEIKENG INDUSTRIAL CO,3033,verified_tw_reference_fuzzy,Weikeng,current_mapping_row,FinLab company_basic_info:英文簡稱,,,0.9289,
TAIWAN,PRINCO CORP,8053,verified_tw_historical_round7,PRINCO CORP.,current_mapping_row,Round7 official historical delisted source: TPEx EN deListed official delist_date=2016-05-11,,,1.0000,
USA,8X8,EGHT,mapped_exact_normalized,8x8 Inc - Common stock,current_mapping_row,NasdaqTrader nasdaqlisted,,,1.0,
USA,ACHILLION PHARMACEUT.,,needs_review,,current_mapping_row,,,,0.0,
USA,ACTIVE NETWORK (THE),,needs_review,,current_mapping_row,,,,0.0,
USA,AIR LEASE CORP A,,needs_review,,current_mapping_row,,,,0.0,
USA,AVEO PHARMACEUTICALS,,needs_review,,current_mapping_row,,,,0.0,
USA,C AND J ENERGY SERVICES,,needs_review,,current_mapping_row,,,,0.0,
USA,CALIPER LIFE SCIENCES,,needs_review,,current_mapping_row,,,,0.0,
USA,CARIBOU COFFEE CO INC,,needs_review,,current_mapping_row,,,,0.0,
USA,CENTRAL PACIFIC FIN,,needs_review,,current_mapping_row,,,,0.0,
USA,CHEFS WAREHOUSE HLDGS,,needs_review,,current_mapping_row,,,,0.0,
USA,CLEARWIRE CORP A,,needs_review,,current_mapping_row,,,,0.0,
USA,CORNERSTONE ONDEMAND,,needs_review,,current_mapping_row,,,,0.0,
USA,DEMAND MEDIA,,needs_review,,current_mapping_row,,,,0.0,
USA,DUNKIN BRANDS,,needs_review,,current_mapping_row,,,,0.0,
USA,ENTERPRISE FINAN. SVCS,,needs_review,,current_mapping_row,,,,0.0,
USA,EXCEL TRUST,,needs_review,,current_mapping_row,,,,0.0,
USA,ALLIANCE HEALTHCARE SERV,,needs_review,,current_mapping_row,,,,0.0,
USA,AMBASSADORS GROUP,,needs_review,,current_mapping_row,,,,0.0,
USA,ASSET ACCEPTANCE CAPITAL,,needs_review,,current_mapping_row,,,,0.0,
USA,CHRISTOPHER & BANKS CORP,,needs_review,,current_mapping_row,,,,0.0,
USA,COLDWATER CREEK,,needs_review,,current_mapping_row,,,,0.0,
USA,COURIER CORP,,needs_review,,current_mapping_row,,,,0.0,
USA,DELTA PETROLEUM CORP,,needs_review,,current_mapping_row,,,,0.0,
USA,ENZO BIOCHEM,,needs_review,,current_mapping_row,,,,0.0,
USA,FURNITURE BRANDS INTL,,needs_review,,current_mapping_row,,,,0.0,
USA,GAIAM A,,needs_review,,current_mapping_row,,,,0.0,
USA,GENERAL MARITIME (NEW),,needs_review,,current_mapping_row,,,,0.0,
USA,HEADWATERS,,needs_review,,current_mapping_row,,,,0.0,
TAIWAN,ARIMA COMMUNICATION CORP,8101,verified_tw_reference_fuzzy,Arima Comm.,current_mapping_row,FinLab company_basic_info:英文簡稱,,,0.9426,
TAIWAN,ASIA PLASTIC RECYCLE,1337,verified_tw_reference_fuzzy,Asia Plastic,current_mapping_row,FinLab company_basic_info:英文簡稱,,,0.95,
TAIWAN,CHINA STEEL STRUCTURE CO,2013,verified_tw_current_round7,"China Steel Structure Co., Ltd.",current_mapping_row,"Round7 current-code discovery: Yahoo Finance search matched `China Steel Structure Co., Ltd.`/2013.TW; code exists in TWSE/TPEx/FinLab Taiwan reference universe. Local refs: CSSC | 中國鋼鐵結構股份有限公司 | 中鋼構",,,1.0000,
TAIWAN,KD HOLDING CORP,6655,mapped_exact_normalized,KD,current_mapping_row,FinLab company_basic_info:英文簡稱,,,1.0,
TAIWAN,TAIWAN PROSPERITY CHEMIC,4725,verified_tw_historical_round8c,Taiwan Prosperity Chemical Corporation / 台灣神隆? TPC,current_mapping_row,Round8c web/Yahoo/Google evidence: TWSE factbook delisting table shows Taiwan Prosperity Chemical Corporation code 4725.,,,0.95,
TAIWAN,ANPEC ELECTRONICS CORP,6138,verified_tw_reference_fuzzy,ANPEC,current_mapping_row,FinLab company_basic_info:英文簡稱,,,0.9194,
TAIWAN,CONTREL TECHNOLOGY,8064,verified_tw_reference_fuzzy,CONTREL,current_mapping_row,FinLab company_basic_info:英文簡稱,,,0.9289,
TAIWAN,DIAMOND FLOWER ELE INSTR,6815,verified_tw_reference_fuzzy,Diamond,current_mapping_row,FinLab company_basic_info:英文簡稱,,,0.9192,
TAIWAN,EFUN TECHNOLOGY,3523,verified_tw_current_round7,"EFUN Technology Co.,Ltd",current_mapping_row,"Round7 current-code discovery: Yahoo Finance search matched `EFUN Technology Co.,Ltd`/3523.TWO; code exists in TWSE/TPEx/FinLab Taiwan reference universe. Local refs: EFUN | 迎輝 | 迎輝科技股份有限公司",,,1.0000,
TAIWAN,HONG TAI ELECTRIC IND'L,1612,verified_tw_reference_fuzzy,HONG TAI,current_mapping_row,FinLab company_basic_info:英文簡稱,,,0.9248,
TAIWAN,HORIZON SECURITIES CO,6015,verified_tw_reference_fuzzy,HORIZON Sec.,current_mapping_row,FinLab company_basic_info:英文簡稱,,,0.9511,
TAIWAN,MAGLAYERS SCIENTIFIC TE,3068,verified_tw_historical_round8,"MAG.LAYERS Scientific-Technics Co., Ltd. / 美磊",current_mapping_row,Round8 TPEx official delisted table + Yahoo/Google: Mag.Layers 3068,,,0.99,
TAIWAN,MICROELECTRONICS TECH,2314,verified_tw_current_round7,Microelectronics Technology Inc.,current_mapping_row,Round7 current-code discovery: Yahoo Finance search matched `Microelectronics Technology Inc.`/2314.TW; code exists in TWSE/TPEx/FinLab Taiwan reference universe. Local refs: MTI | 台揚 | 台揚科技股份有限公司,,,1.0000,
TAIWAN,O-TA PRECISION INDUSTRY,8924,verified_tw_current_round7,"O-TA Precision Industry Co., Ltd.",current_mapping_row,"Round7 current-code discovery: Yahoo Finance search matched `O-TA Precision Industry Co., Ltd.`/8924.TWO; code exists in TWSE/TPEx/FinLab Taiwan reference universe. Local refs: O-TA | 大田 | 大田精密工業股份有限公司",,,1.0000,
TAIWAN,PARAGON TECHNOLOGIES CO,3518,verified_tw_current_round7,"Paragon Technologies Co., Ltd.",current_mapping_row,"Round7 current-code discovery: Yahoo Finance search matched `Paragon Technologies Co., Ltd.`/3518.TW; code exists in TWSE/TPEx/FinLab Taiwan reference universe. Local refs: PT TECH. | 柏騰 | 柏騰科技股份有限公司",,,1.0000,
TAIWAN,PLOTECH CO,6141,mapped_exact_normalized,PLOTECH,current_mapping_row,FinLab company_basic_info:英文簡稱,,,1.0,
TAIWAN,PORTWELL INC,6105,verified_tw_historical_round7,"Portwell, Inc.",current_mapping_row,Round7 official historical delisted source: TPEx EN deListed official delist_date=2017-10-17,,,1.0000,
TAIWAN,SEA SONIC ELECTRONICS CO,6203,verified_tw_reference_fuzzy,Sea Sonic,current_mapping_row,FinLab company_basic_info:英文簡稱,,,0.9329,
TAIWAN,SOLELYTEX INDUSTRIAL,1471,verified_tw_yahoo_google_round8c,Solytech Enterprise Corporation / 首利,current_mapping_row,Round8c web/Yahoo/Google evidence: Solytech annual report says Stock Code 1471; company profile confirms Solytech Enterprise Corp.,,,0.95,
TAIWAN,TAIWAN CHI CHENG ENT.,3095,verified_tw_current_round7,"Chi Cheng Enterprise Co., Ltd.",current_mapping_row,"Round7 current-code discovery: Yahoo Finance search matched `Chi Cheng Enterprise Co., Ltd.`/3095.TWO; code exists in TWSE/TPEx/FinLab Taiwan reference universe. Local refs: CCC | 及成 | 及成企業股份有限公司",,,1.0000,
TAIWAN,TATUNG FINE CHEMICAL CO,2371,verified_tw_reference_fuzzy,TATUNG COMPANY,current_mapping_row,FinLab company_basic_info:英文簡稱,,,0.92,
TAIWAN,THAILIN SEMICONDUCTOR,5466,verified_tw_historical_round7,ThaiLin Semiconductor Corp.,current_mapping_row,Round7 official historical delisted source: TPEx EN deListed official delist_date=2015-06-17,,,1.0000,
TAIWAN,WELLYPOWER OPTRONICS,3080,verified_tw_historical_round8c,Wellypower Optronics Corp. / 威力盟,current_mapping_row,Round8c web/Yahoo/Google evidence: PatSnap/Discovery and Taipei Times show Wellypower Optronics stock symbol 3080; historical OTC/TSE transfer.,,,0.95,
USA,ALLISON TRANSMISSION HLD,,needs_review,,current_mapping_row,,,,0.0,
USA,AMERICAN REALTY CAP TRU,,needs_review,,current_mapping_row,,,,0.0,
USA,ANNIES,,needs_review,,current_mapping_row,,,,0.0,
USA,ARLINGTON ASSET INV A,,needs_review,,current_mapping_row,,,,0.0,
USA,BANKRATE,,needs_review,,current_mapping_row,,,,0.0,
USA,BLACK DIAMOND,,needs_review,,current_mapping_row,,,,0.0,
USA,BOFI HOLDING,,needs_review,,current_mapping_row,,,,0.0,
USA,DEL FRISCO'S RESTAURANT,,needs_review,,current_mapping_row,,,,0.0,
USA,DEMANDWARE,,needs_review,,current_mapping_row,,,,0.0,
USA,E2OPEN,,needs_review,,current_mapping_row,,,,0.0,
USA,EDGEN GROUP A,,needs_review,,current_mapping_row,,,,0.0,
USA,ELOQUA,,needs_review,,current_mapping_row,,,,0.0,
USA,EVERBANK FINANCIAL CORP,,needs_review,,current_mapping_row,,,,0.0,
USA,EXACTTARGET,,needs_review,,current_mapping_row,,,,0.0,
USA,FIESTA RESTAURANT GRP,,needs_review,,current_mapping_row,,,,0.0,
USA,FIVE STAR QUALITY CARE,,needs_review,,current_mapping_row,,,,0.0,
USA,FORUM ENERGY TECH IN,,needs_review,,current_mapping_row,,,,0.0,
USA,GROUPON A,GRPN,mapped_exact_normalized,"Groupon, Inc.",current_mapping_row,SEC company_tickers_exchange,,,1.0,
USA,HEALTHCARE TRUST OF AMER,,needs_review,,current_mapping_row,,,,0.0,
USA,HOME LOAN SERVICING SOL,,needs_review,,current_mapping_row,,,,0.0,
USA,HOMETRUST BANCSHARES,HTB,mapped_exact_normalized,"HomeTrust Bancshares, Inc.",current_mapping_row,SEC company_tickers_exchange,,,1.0,
USA,INCONTACT,,needs_review,,current_mapping_row,,,,0.0,
USA,INFINITY PHARMACEUTICALS,,needs_review,,current_mapping_row,,,,0.0,
USA,INFOBLOX,,needs_review,,current_mapping_row,,,,0.0,
USA,KAYAK SOFTWARE CORP A,,needs_review,,current_mapping_row,,,,0.0,
USA,MA COM TECHNOLOGY SOLTN,,needs_review,,current_mapping_row,,,,0.0,
USA,MAGNACHIP SEMICONDUCTER,,needs_review,,current_mapping_row,,,,0.0,
USA,MERRIMACK PHARMACEUTICAL,,needs_review,,current_mapping_row,,,,0.0,
USA,MIDSTATES PETROLEUM CO,,needs_review,,current_mapping_row,,,,0.0,
USA,MILLENNIAL MEDIA,,needs_review,,current_mapping_row,,,,0.0,
USA,NATIONSTAR MORTGAGE HLD,,needs_review,,current_mapping_row,,,,0.0,
USA,NEW YORK MORTGAGE TRUST,,needs_review,,current_mapping_row,,,,0.0,
USA,OPKO HEALTH,OPK,mapped_exact_normalized,"OPKO HEALTH, INC.",current_mapping_row,SEC company_tickers_exchange,,,1.0,
USA,OREXIGEN THERAPEUTICS,,needs_review,,current_mapping_row,,,,0.0,
USA,PEREGRINE SEMICONDUCTOR,,needs_review,,current_mapping_row,,,,0.0,
USA,PROOFPOINT,,needs_review,,current_mapping_row,,,,0.0,
USA,REXNORD CORP,,needs_review,,current_mapping_row,,,,0.0,
USA,RLJ LODGING TRUST,RLJ,mapped_exact_normalized,RLJ Lodging Trust,current_mapping_row,SEC company_tickers_exchange,,,1.0,
USA,SELECT INCOME REIT,,needs_review,,current_mapping_row,,,,0.0,
USA,STAG INDUSTRIAL,STAG,mapped_exact_normalized,"STAG Industrial, Inc.",current_mapping_row,SEC company_tickers_exchange,,,1.0,
USA,ANADIGICS,,needs_review,,current_mapping_row,,,,0.0,
USA,AVIAT NEWORKS,,needs_review,,current_mapping_row,,,,0.0,
USA,CAL DIVE INTERNATIONAL,,needs_review,,current_mapping_row,,,,0.0,
USA,CENVEO,,needs_review,,current_mapping_row,,,,0.0,
USA,DOLAN,,needs_review,,current_mapping_row,,,,0.0,
USA,ECHELON CORP,,needs_review,,current_mapping_row,,,,0.0,
USA,FALCONSTOR SOFTWARE,,needs_review,,current_mapping_row,,,,0.0,
USA,GENCO SHIPPING & TRADING,GNK,mapped_exact_normalized,GENCO SHIPPING & TRADING LTD,current_mapping_row,SEC company_tickers_exchange,,,1.0,
USA,HURCO COMPANIES INC,HURC,mapped_exact_normalized,HURCO COMPANIES INC,current_mapping_row,SEC company_tickers_exchange,,,1.0,
USA,HYPERDYNAMICS CORP,,needs_review,,current_mapping_row,,,,0.0,
USA,INTEVAC,,needs_review,,current_mapping_row,,,,0.0,
USA,KIT DIGITAL,,needs_review,,current_mapping_row,,,,0.0,
USA,LONE PINE RESOURCES,,needs_review,,current_mapping_row,,,,0.0,
USA,MODUSLINK GLOBAL SOLN,,needs_review,,current_mapping_row,,,,0.0,
USA,MONARCH CASINO & RESORT,MCRI,mapped_exact_normalized,MONARCH CASINO & RESORT INC,current_mapping_row,SEC company_tickers_exchange,,,1.0,
USA,OVERSEAS SHIPHOLDING GRP,,needs_review,,current_mapping_row,,,,0.0,
USA,PACER INTERNATIONAL,,needs_review,,current_mapping_row,,,,0.0,
USA,PMFG,,needs_review,,current_mapping_row,,,,0.0,
USA,PROGENICS PHARM,,needs_review,,current_mapping_row,,,,0.0,
USA,SAVIENT PHARMACEUTICALS,,needs_review,,current_mapping_row,,,,0.0,
USA,SEACOAST BANKING CORP A,,needs_review,,current_mapping_row,,,,0.0,
USA,STR HOLDINGS,,needs_review,,current_mapping_row,,,,0.0,
USA,TARGACEPT,,needs_review,,current_mapping_row,,,,0.0,
USA,TOWER INTERNATIONAL,,needs_review,,current_mapping_row,,,,0.0,
USA,ZAZA ENERGY,,needs_review,,current_mapping_row,,,,0.0,
TAIWAN,CLEANAWAY,8422,mapped_exact_normalized,Cleanaway,current_mapping_row,FinLab company_basic_info:英文簡稱,,,1.0,
TAIWAN,ENTIE COMMERCIAL BANK,2849,verified_tw_reference_fuzzy,EnTie Bank,current_mapping_row,FinLab company_basic_info:英文簡稱,,,0.83,
TAIWAN,ILI TECHNOLOGY CORP,3598,verified_tw_historical_round8c,ILI Technology Corp. / 奕力科技,current_mapping_row,Round8c web/Yahoo/Google evidence: TEDC stock table lists ILI TECHNOLOGY CORP. as S3598 / 3598; company registry confirms English name.,,,0.95,
TAIWAN,POYA,5904,mapped_exact_normalized,Poya,current_mapping_row,FinLab company_basic_info:英文簡稱,,,1.0,
TAIWAN,ROTAM GLOBAL AGROSCIE,4141,verified_tw_historical_round7,ROTAM,current_mapping_row,Round7 official historical delisted source: TWSE EN suspendListing official delist_date=2022/05/03,,,1.0000,
TAIWAN,TRANSASIA AIRWAYS,6702,verified_tw_historical_round8,TransAsia Airways Corporation / 復興航空,current_mapping_row,Round8 Yahoo/Google historical quote: TransAsia Airways 6702.TW; delisted after shutdown,,,0.99,
TAIWAN,ALCOR MICRO CORP,8054,mapped_exact_normalized,Alcor Micro,current_mapping_row,FinLab company_basic_info:英文簡稱,,,1.0,
TAIWAN,AVERMEDIA TECHNOLOGIES,2417,verified_tw_reference_fuzzy,AVERMEDIA,current_mapping_row,FinLab company_basic_info:英文簡稱,,,0.9309,
TAIWAN,BRIGHT LED ELECTRONICS,3031,verified_tw_reference_fuzzy,BRIGHT,current_mapping_row,FinLab company_basic_info:英文簡稱,,,0.9173,
TAIWAN,EPISIL TECHNOLOGIES INC,3707,verified_tw_reference_fuzzy,EPISIL,current_mapping_row,FinLab company_basic_info:英文簡稱,,,0.9216,
TAIWAN,HARVATEK CORP,6168,verified_tw_reference_fuzzy,HARVATEK CORPOR,current_mapping_row,FinLab company_basic_info:英文簡稱,,,0.9433,
TAIWAN,J TOUCH CORP,3584,verified_tw_historical_round8,JTouch Corporation / 介面,current_mapping_row,Round8 TWSE official delisted table + Yahoo/Google: JTouch 3584,,,0.99,
TAIWAN,KYE SYSTEMS CORP,2365,verified_tw_current_round7,KYE Systems Corp.,current_mapping_row,Round7 current-code discovery: Yahoo Finance search matched `KYE Systems Corp.`/2365.TW; code exists in TWSE/TPEx/FinLab Taiwan reference universe. Local refs: KYE | 昆盈 | 昆盈企業股份有限公司,,,1.0000,
TAIWAN,MIRLE AUTOMATION CORP,2464,verified_tw_reference_fuzzy,Mirle,current_mapping_row,FinLab company_basic_info:英文簡稱,,,0.9213,
TAIWAN,SAN CHIH SEMICONDUCTOR,3579,verified_tw_historical_round8c,"San Chih Semiconductor Co., Ltd. / 尚志半導體",current_mapping_row,Round8c web/Yahoo/Google evidence: TEDC stock table lists San Chih Semiconductor as S3579; company site/EMIS confirm name.,,,0.95,
TAIWAN,STAR COMGISTIC CAPITAL,4930,verified_tw_reference_fuzzy,Star Comgistic,current_mapping_row,FinLab company_basic_info:英文簡稱,,,0.9536,
USA,ADVANCED EMISSIONS SOL,,needs_review,,current_mapping_row,,,,0.0,
USA,AGIOS PHARMACEUTICALS,AGIO,mapped_exact_normalized,"AGIOS PHARMACEUTICALS, INC.",current_mapping_row,SEC company_tickers_exchange,,,1.0,
USA,ALTISOURCE RESIDENTIAL,,needs_review,,current_mapping_row,,,,0.0,
USA,AMERICAN RESIDENTIAL PRP,,needs_review,,current_mapping_row,,,,0.0,
USA,ANIKA THERAPEUTICS,ANIK,mapped_exact_normalized,"Anika Therapeutics, Inc.",current_mapping_row,SEC company_tickers_exchange,,,1.0,
USA,ARATANA THERAPEUTICS,,needs_review,,current_mapping_row,,,,0.0,
USA,ARTISAN PARTNERS ASSET,,needs_review,,current_mapping_row,,,,0.0,
USA,ATHLON ENERGY,,needs_review,,current_mapping_row,,,,0.0,
USA,AVIV REIT,,needs_review,,current_mapping_row,,,,0.0,
USA,CALLIDUS SOFTWARE,,needs_review,,current_mapping_row,,,,0.0,
USA,CARBONITE,,needs_review,,current_mapping_row,,,,0.0,
USA,CARMIKE CINEMAS A,,needs_review,,current_mapping_row,,,,0.0,
USA,CHANNELADVISOR CORP,,needs_review,,current_mapping_row,,,,0.0,
USA,DIAMOND RESORTS INTNL,,needs_review,,current_mapping_row,,,,0.0,
USA,ENANTA PHARMACEUT,,needs_review,,current_mapping_row,,,,0.0,
USA,EVERTEC,EVTC,mapped_exact_normalized,"EVERTEC, Inc.",current_mapping_row,SEC company_tickers_exchange,,,1.0,
USA,FOX FACTORY HOLDING CORP,FOXF,mapped_exact_normalized,FOX FACTORY HOLDING CORP,current_mapping_row,SEC company_tickers_exchange,,,1.0,
USA,FRANKS INTERNATIONAL,,needs_review,,current_mapping_row,,,,0.0,
USA,FUTUREFUEL CORP,FF,mapped_exact_normalized,FutureFuel Corp.,current_mapping_row,SEC company_tickers_exchange,,,1.0,
USA,GIGAMON,,needs_review,,current_mapping_row,,,,0.0,
USA,GLOBAL BRASS & COPPER,,needs_review,,current_mapping_row,,,,0.0,
USA,HCI GROUP,HCI,mapped_exact_normalized,"HCI Group, Inc.",current_mapping_row,SEC company_tickers_exchange,,,1.0,
USA,IMMERSION CORP,IMMR,mapped_exact_normalized,IMMERSION CORP,current_mapping_row,SEC company_tickers_exchange,,,1.0,
USA,INDEPENDENT BANK GROUP,INDB,mapped_exact_normalized,INDEPENDENT BANK CORP,current_mapping_row,SEC company_tickers_exchange,,,1.0,
USA,INSYS THERAPEUTICS INC,,needs_review,,current_mapping_row,,,,0.0,
USA,INTREXON CORP,,needs_review,,current_mapping_row,,,,0.0,
USA,MARKETO,,needs_review,,current_mapping_row,,,,0.0,
USA,MILLER ENERGY RESOURCES,,needs_review,,current_mapping_row,,,,0.0,
USA,MRC GLOBAL,,needs_review,,current_mapping_row,,,,0.0,
USA,NOODLES & CO A,NDLS,mapped_exact_normalized,NOODLES & Co,current_mapping_row,SEC company_tickers_exchange,,,1.0,
USA,NRG YIELD A,,needs_review,,current_mapping_row,,,,0.0,
USA,ORGANOVO HOLDINGS,,needs_review,,current_mapping_row,,,,0.0,
USA,PGT,,needs_review,,current_mapping_row,,,,0.0,
USA,PINNACLE FOODS,,needs_review,,current_mapping_row,,,,0.0,
USA,PLY GEM HOLDINGS,,needs_review,,current_mapping_row,,,,0.0,
USA,PORTOLA PHARMACEUTICALS,,needs_review,,current_mapping_row,,,,0.0,
USA,PTC THERAPEUTICS,PTCT,mapped_exact_normalized,"PTC THERAPEUTICS, INC.",current_mapping_row,SEC company_tickers_exchange,,,1.0,
USA,RALLY SOFTWARE DEV,,needs_review,,current_mapping_row,,,,0.0,
USA,RECEPTOS INC,,needs_review,,current_mapping_row,,,,0.0,
USA,RENEWABLE ENERGY GROUP,,needs_review,,current_mapping_row,,,,0.0,
USA,RESTORATION HARDWARE HLD,,needs_review,,current_mapping_row,,,,0.0,
USA,RETAIL PROP OF AME A,,needs_review,,current_mapping_row,,,,0.0,
USA,RETAILMENOT SERIES 1,,needs_review,,current_mapping_row,,,,0.0,
USA,ROCKWELL MEDICAL,RMTI,mapped_exact_normalized,"ROCKWELL MEDICAL, INC.",current_mapping_row,SEC company_tickers_exchange,,,1.0,
USA,RUCKUS WIRELESS,,needs_review,,current_mapping_row,,,,0.0,
USA,SILVER SPRING NETWORKS,,needs_review,,current_mapping_row,,,,0.0,
USA,STEMLINE THERAPEUTICS,,needs_review,,current_mapping_row,,,,0.0,
USA,AMPCO-PITTSBURGH CORP,AP,mapped_exact_normalized,AMPCO PITTSBURGH CORP,current_mapping_row,SEC company_tickers_exchange,,,1.0,
USA,CHEMICAL FINANCIAL CORP,,needs_review,,current_mapping_row,,,,0.0,
USA,CRA INTL,,needs_review,,current_mapping_row,,,,0.0,
USA,GLADSTONE CAP CO,,needs_review,,current_mapping_row,,,,0.0,
USA,GORMAN-RUPP CO (THE),GRC,mapped_exact_normalized,GORMAN RUPP CO,current_mapping_row,SEC company_tickers_exchange,,,1.0,
USA,JAKKS PACIFIC,JAKK,mapped_exact_normalized,JAKKS PACIFIC INC,current_mapping_row,SEC company_tickers_exchange,,,1.0,
USA,LIMELIGHT NETWORKS,,needs_review,,current_mapping_row,,,,0.0,
USA,NAT'L WESTERN LIFE INS A,,needs_review,,current_mapping_row,,,,0.0,
USA,NEWSTAR FINANCIAL,,needs_review,,current_mapping_row,,,,0.0,
USA,NORANDA ALUMINUM HOLDING,,needs_review,,current_mapping_row,,,,0.0,
USA,PARK NATIONAL CORP,PRK,mapped_exact_normalized,Park National Corporation Common Stock,current_mapping_row,NasdaqTrader otherlisted,,,1.0,
USA,SANDY SPRING BANCORP,,needs_review,,current_mapping_row,,,,0.0,
USA,SKILLED HC GRP A,,needs_review,,current_mapping_row,,,,0.0,
USA,SPEEDWAY MOTORSPORTS,,needs_review,,current_mapping_row,,,,0.0,
USA,SWISHER HYGIENE (US),,needs_review,,current_mapping_row,,,,0.0,
USA,SWS GROUP,,needs_review,,current_mapping_row,,,,0.0,
USA,TOMPKIN FINANCIAL,,needs_review,,current_mapping_row,,,,0.0,
USA,VANTAGE DRILLING CO,,needs_review,,current_mapping_row,,,,0.0,
USA,VICAL,,needs_review,,current_mapping_row,,,,0.0,
USA,ZAGG,,needs_review,,current_mapping_row,,,,0.0,
TAIWAN,CENTER LABORATORIES,4123,verified_tw_reference_fuzzy,Center Lab.,current_mapping_row,FinLab company_basic_info:英文簡稱,,,0.9426,
TAIWAN,FIRST STEAMSHIP,2601,verified_tw_current_round7,"First Steamship Co., Ltd.",current_mapping_row,"Round7 current-code discovery: Yahoo Finance search matched `First Steamship Co., Ltd.`/2601.TW; code exists in TWSE/TPEx/FinLab Taiwan reference universe. Local refs: FSC | 益航 | 益航股份有限公司",,,1.0000,
TAIWAN,GLYCONEX,4168,mapped_exact_normalized,GlycoNex Inc.,current_mapping_row,FinLab company_basic_info:英文簡稱,,,1.0,
TAIWAN,KINGCAN HOLDINGS,8411,mapped_exact_normalized,KINGCAN,current_mapping_row,FinLab company_basic_info:英文簡稱,,,1.0,
TAIWAN,NAN LIU ENTERPRISE,6504,verified_tw_reference_fuzzy,NAN LIU,current_mapping_row,FinLab company_basic_info:英文簡稱,,,0.9289,
TAIWAN,ORIENT EUROPHARMA CO,4120,verified_tw_current_round7,"Orient EuroPharma Co., Ltd.",current_mapping_row,"Round7 current-code discovery: Yahoo Finance search matched `Orient EuroPharma Co., Ltd.`/4120.TWO; code exists in TWSE/TPEx/FinLab Taiwan reference universe. Local refs: OEP | 友華 | 友華生技醫藥股份有限公司",,,1.0000,
TAIWAN,SINPHAR PHARMACEUT CO,1734,verified_tw_reference_fuzzy,SINPHAR,current_mapping_row,FinLab company_basic_info:英文簡稱,,,0.9289,
TAIWAN,YEONG GUAN ENERGY GROUP,1589,verified_tw_yahoo_google_round8c,"Yeong Guan Energy Technology Group Co., Ltd. / 永冠-KY",current_mapping_row,Round8c web/Yahoo/Google evidence: Reuters/ISIN pages show Yeong Guan Energy Technology Group code 1589 / 1589.TW.,,,0.95,
TAIWAN,ADVANCED INT'L MULTITECH,8938,verified_tw_yahoo_round8b,"Advanced International Multitech Co., Ltd. / 明安",current_mapping_row,Round8b Yahoo Finance search: Advanced International Multitech -> 8938.TWO.,,,0.98,
TAIWAN,LEOFOO DEVELOPMENT CORP,2705,verified_tw_reference_fuzzy,LEOFOO,current_mapping_row,FinLab company_basic_info:英文簡稱,,,0.9233,
TAIWAN,SUNREX TECHNOLOGY CORP,2387,verified_tw_reference_fuzzy,SUNREX,current_mapping_row,FinLab company_basic_info:英文簡稱,,,0.9253,
TAIWAN,TANG ENG IRON WORKS CO,2035,verified_tw_current_round7,"Tang Eng Iron Works Co., Ltd.",current_mapping_row,"Round7 current-code discovery: Yahoo Finance search matched `Tang Eng Iron Works Co., Ltd.`/2035.TWO; code exists in TWSE/TPEx/FinLab Taiwan reference universe. Local refs: TE | 唐榮公司 | 唐榮鐵工廠股份有限公司",,,1.0000,
USA,2U,,needs_review,,current_mapping_row,,,,0.0,
USA,ADVANCED DRAINAGE SYSTEM,,needs_review,,current_mapping_row,,,,0.0,
USA,AERIE PHARMACEUTICALS,,needs_review,,current_mapping_row,,,,0.0,
USA,AMERICAN REALTY CAP HEA,,needs_review,,current_mapping_row,,,,0.0,
USA,AMERIS BANCORP,ABCB,mapped_exact_normalized,Ameris Bancorp,current_mapping_row,SEC company_tickers_exchange,,,1.0,
USA,AVALANCHE BIOTECHNOLOG,,needs_review,,current_mapping_row,,,,0.0,
USA,BIODELIVERY SCIENCES INT,,needs_review,,current_mapping_row,,,,0.0,
USA,BLACKHAWK NETWORK HLDG A,,needs_review,,current_mapping_row,,,,0.0,
USA,BLACKSTONE MORTGAGE TRST,,needs_review,,current_mapping_row,,,,0.0,
USA,BLUE HILLS BANCORP,,needs_review,,current_mapping_row,,,,0.0,
USA,CASTLIGHT HEALTH B,,needs_review,,current_mapping_row,,,,0.0,
USA,ALLIANCE ONE INTL,,needs_review,,current_mapping_row,,,,0.0,
USA,BEBE STORES,,needs_review,,current_mapping_row,,,,0.0,
USA,BPZ ENERGY,,needs_review,,current_mapping_row,,,,0.0,
USA,CASTLE (A.M.) & CO,,needs_review,,current_mapping_row,,,,0.0,
USA,CENTRAL GARDEN & PET,CENT,mapped_exact_normalized,CENTRAL GARDEN & PET CO,current_mapping_row,SEC company_tickers_exchange,,,1.0,
USA,DAWSON GEOPHYSICAL CO,DWSN,mapped_exact_normalized,DAWSON GEOPHYSICAL CO,current_mapping_row,SEC company_tickers_exchange,,,1.0,
USA,DENDREON CORP,,needs_review,,current_mapping_row,,,,0.0,
TAIWAN,CHIPMOS TECHNOLOGIES,8150,verified_tw_reference_fuzzy,ChipMOS,current_mapping_row,FinLab company_basic_info:英文簡稱,,,0.925,
TAIWAN,ENNOCONN CORP,6414,mapped_exact_normalized,ENNOCONN,current_mapping_row,FinLab company_basic_info:英文簡稱,,,1.0,
TAIWAN,SWANCOR IND CO,3708,verified_tw_reference_fuzzy,Swancor,current_mapping_row,FinLab company_basic_info:英文簡稱,,,0.9536,
TAIWAN,VOLTRONIC POWER TECHNO,6409,verified_tw_reference_fuzzy,VOLTRONIC,current_mapping_row,FinLab company_basic_info:英文簡稱,,,0.9309,
TAIWAN,XPEC ENTERTAINMENT,3662,verified_tw_historical_round7,XPEC Entertainment Inc.,current_mapping_row,Round7 official historical delisted source: TPEx EN deListed official delist_date=2017-10-19,,,1.0000,
TAIWAN,AV TECH CORP,8072,mapped_exact_normalized,AV TECH,current_mapping_row,FinLab company_basic_info:英文簡稱,,,1.0,
TAIWAN,CHINA CHEM & PHARM CO,1701,verified_tw_yahoo_google_round8,"China Chemical & Pharmaceutical Co., Ltd. / 中化",current_mapping_row,Round8 Yahoo/Google query: China Chemical Pharmaceutical Taiwan stock -> 1701.TW,,,0.99,
TAIWAN,E-LIFE MALL CORPORATION,6281,verified_tw_reference_fuzzy,E-LIFE,current_mapping_row,FinLab company_basic_info:英文簡稱,,,0.9445,
TAIWAN,FSP TECHNOLOGY,3015,verified_tw_current_round7,FSP Technology Inc.,current_mapping_row,Round7 current-code discovery: Yahoo Finance search matched `FSP Technology Inc.`/3015.TW; code exists in TWSE/TPEx/FinLab Taiwan reference universe. Local refs: FSP | 全漢 | 全漢企業股份有限公司,,,1.0000,
TAIWAN,GREAT TAIPEI GAS,9908,verified_tw_current_round7,The Great Taipei Gas Corporation,current_mapping_row,Round7 current-code discovery: Yahoo Finance search matched `The Great Taipei Gas Corporation`/9908.TW; code exists in TWSE/TPEx/FinLab Taiwan reference universe. Local refs: GTG | 大台北 | 大台北區瓦斯股份有限公司,,,1.0000,
TAIWAN,INFORTREND TECHNOLOGY,2495,verified_tw_reference_fuzzy,Infortrend,current_mapping_row,FinLab company_basic_info:英文簡稱,,,0.9376,
TAIWAN,KWONG FONG INDUSTRIES,1416,verified_tw_current_round7,Kwong Fong Industries Corporation,current_mapping_row,Round7 current-code discovery: Yahoo Finance search matched `Kwong Fong Industries Corporation`/1416.TW; code exists in TWSE/TPEx/FinLab Taiwan reference universe. Local refs: KFIC | 廣豐 | 廣豐實業股份有限公司,,,1.0000,
TAIWAN,LINGSEN PRECISION IND,2369,verified_tw_current_round7,"Lingsen Precision Industries, Ltd.",current_mapping_row,"Round7 current-code discovery: Yahoo Finance search matched `Lingsen Precision Industries, Ltd.`/2369.TW; code exists in TWSE/TPEx/FinLab Taiwan reference universe. Local refs: LPI | 菱生 | 菱生精密工業股份有限公司",,,1.0000,
TAIWAN,SILICON INTEGRATED SYS,2363,verified_tw_current_round7,Silicon Integrated Systems Corp.,current_mapping_row,Round7 current-code discovery: Yahoo Finance search matched `Silicon Integrated Systems Corp.`/2363.TW; code exists in TWSE/TPEx/FinLab Taiwan reference universe. Local refs: SiS | 矽統 | 矽統科技股份有限公司,,,1.0000,
TAIWAN,SILITECH TECHNOLOGY CORP,3311,verified_tw_reference_fuzzy,Silitech,current_mapping_row,FinLab company_basic_info:英文簡稱,,,0.9321,
TAIWAN,TAH HSIN INDUSTRIAL CO,1315,verified_tw_reference_fuzzy,TAH HSIN,current_mapping_row,FinLab company_basic_info:英文簡稱,,,0.9321,
TAIWAN,TSANN KUEN ENTERPRISE CO,2430,verified_tw_current_round7,"Tsann Kuen Enterprise Co.,Ltd",current_mapping_row,"Round7 current-code discovery: Yahoo Finance search matched `Tsann Kuen Enterprise Co.,Ltd`/2430.TW; code exists in TWSE/TPEx/FinLab Taiwan reference universe. Local refs: TKE | 燦坤 | 燦坤實業股份有限公司",,,1.0000,
TAIWAN,USUN TECHNOLOGY,3498,verified_tw_current_round7,"Usun Technology Co., Ltd.",current_mapping_row,"Round7 current-code discovery: Yahoo Finance search matched `Usun Technology Co., Ltd.`/3498.TWO; code exists in TWSE/TPEx/FinLab Taiwan reference universe. Local refs: USUN | 陽程 | 陽程科技股份有限公司",,,1.0000,
USA,8POINT3 ENERGY PRTNRS A,,needs_review,,current_mapping_row,,,,0.0,
USA,A10 NETWORKS,ATEN,mapped_exact_normalized,"A10 Networks, Inc.",current_mapping_row,SEC company_tickers_exchange,,,1.0,
USA,ADURO BIOTECH,,needs_review,,current_mapping_row,,,,0.0,
USA,AIMMUNE THERAPEUTICS,,needs_review,,current_mapping_row,,,,0.0,
USA,AMPLIFY SNACK BRANDS,,needs_review,,current_mapping_row,,,,0.0,
USA,APPLE HOSPITALITY REIT,APLE,mapped_exact_normalized,"Apple Hospitality REIT, Inc.",current_mapping_row,SEC company_tickers_exchange,,,1.0,
USA,BLACK KNIGHT FINL A,,needs_review,,current_mapping_row,,,,0.0,
USA,BLUE BUFFALO PET PRDCTS,,needs_review,,current_mapping_row,,,,0.0,
USA,BLUEPRINT MEDICINES,,needs_review,,current_mapping_row,,,,0.0,
USA,BNC BANCORP,,needs_review,,current_mapping_row,,,,0.0,
USA,BOJANGLES,,needs_review,,current_mapping_row,,,,0.0,
USA,BRIDGE BANCORP,,needs_review,,current_mapping_row,,,,0.0,
USA,CENTURY COMMUNITIES,CCS,mapped_exact_normalized,"Century Communities, Inc.",current_mapping_row,SEC company_tickers_exchange,,,1.0,
USA,CHAMBERS STREET PROP,,needs_review,,current_mapping_row,,,,0.0,
USA,CHIASMA,,needs_review,,current_mapping_row,,,,0.0,
USA,CONFORMIS,,needs_review,,current_mapping_row,,,,0.0,
USA,DERMIRA,,needs_review,,current_mapping_row,,,,0.0,
USA,EASTERLY GOVERNMENT PPTY,,needs_review,,current_mapping_row,,,,0.0,
USA,FIDELITY SOUTHERN CORP,,needs_review,,current_mapping_row,,,,0.0,
USA,GENER8 MARITIME,,needs_review,,current_mapping_row,,,,0.0,
USA,GERMAN AMERICAN BANCORP,GABC,mapped_exact_normalized,"GERMAN AMERICAN BANCORP, INC.",current_mapping_row,SEC company_tickers_exchange,,,1.0,
USA,GLAUKOS,GKOS,mapped_exact_normalized,GLAUKOS Corp,current_mapping_row,SEC company_tickers_exchange,,,1.0,
USA,GLOBAL BLOOD THERAPEUTIC,,needs_review,,current_mapping_row,,,,0.0,
USA,GLOBAL NET LEASE,GNL,mapped_exact_normalized,"Global Net Lease, Inc.",current_mapping_row,SEC company_tickers_exchange,,,1.0,
USA,ABRAXAS PETROLEUM,,needs_review,,current_mapping_row,,,,0.0,
USA,AEROPOSTALE INC,,needs_review,,current_mapping_row,,,,0.0,
USA,CAI INTERNATIONAL,,needs_review,,current_mapping_row,,,,0.0,
USA,CALAMOS ASSET MGMT A,,needs_review,,current_mapping_row,,,,0.0,
USA,CDI CORP,,needs_review,,current_mapping_row,,,,0.0,
USA,ENERGY XXI,,needs_review,,current_mapping_row,,,,0.0,
USA,FOSTER (L.B.) CO A,,needs_review,,current_mapping_row,,,,0.0,
USA,GLOBAL PAYMENTS,GPN,mapped_exact_normalized,GLOBAL PAYMENTS INC,current_mapping_row,SEC company_tickers_exchange,,,1.0,
USA,HCC INSURANCE HOLDINGS,,needs_review,,current_mapping_row,,,,0.0,
USA,HORIZON GLOBAL CORP,,needs_review,,current_mapping_row,,,,0.0,
USA,HORSEHEAD HOLDING,,needs_review,,current_mapping_row,,,,0.0,
USA,ION GEOPHYSICAL CORP,,needs_review,,current_mapping_row,,,,0.0,
USA,PENDRELL,,needs_review,,current_mapping_row,,,,0.0,
USA,PENN VIRGINIA CORP,,needs_review,,current_mapping_row,,,,0.0,
USA,PIONEER ENERGY SERVICES,,needs_review,,current_mapping_row,,,,0.0,
USA,RCS CAPITAL CORP A,,needs_review,,current_mapping_row,,,,0.0,
USA,REALNETWORKS,,needs_review,,current_mapping_row,,,,0.0,
USA,RENTECH,,needs_review,,current_mapping_row,,,,0.0,
USA,ROCKET FUEL,,needs_review,,current_mapping_row,,,,0.0,
USA,SEVENTY SEVEN ENERGY,,needs_review,,current_mapping_row,,,,0.0,
USA,SFX ENTERTAINMENT,,needs_review,,current_mapping_row,,,,0.0,
USA,SILICON GRAPHICS INTL,,needs_review,,current_mapping_row,,,,0.0,
USA,TILLY'S INC A,TLYS,mapped_exact_normalized,"TILLY'S, INC.",current_mapping_row,SEC company_tickers_exchange,,,1.0,
TAIWAN,ADV WIRELESS SC,8086,verified_tw_yahoo_google_round8,Advanced Wireless Semiconductor Company / 宏捷科,current_mapping_row,Round8 Same issuer abbreviation as ADV WIRELESS SEMICONDUC -> 8086.TWO,,,0.99,
TAIWAN,LAND MARK OPTOELECTRS,3081,verified_tw_yahoo_round8b,LandMark Optoelectronics Corporation / 聯亞,current_mapping_row,Round8b Yahoo Finance search: LandMark Optoelectronics -> 3081.TWO.,,,0.98,
TAIWAN,LION TRAVEL SERVICE,2731,verified_tw_current_round7,"Lion Travel Service Co., Ltd.",current_mapping_row,"Round7 current-code discovery: Yahoo Finance search matched `Lion Travel Service Co., Ltd.`/2731.TW; code exists in TWSE/TPEx/FinLab Taiwan reference universe. Local refs: Liontravel | 雄獅 | 雄獅旅行社股份有限公司",,,1.0000,
TAIWAN,PHARMALLY INTL HLDG,6452,verified_tw_historical_round8c,Pharmally International Holding Company Limited / 康友-KY,current_mapping_row,Round8c web/Yahoo/Google evidence: TWSE factbook delisting table and GBI/Twincn show Pharmally code 6452.,,,0.95,
TAIWAN,SUNNY FRIEND ENV TECH,8341,verified_tw_yahoo_round8b,"Sunny Friend Environmental Technology Co., Ltd. / 日友",current_mapping_row,Round8b Yahoo Finance search: Sunny Friend Environmental -> 8341.TW.,,,0.98,
TAIWAN,TRUELIGHT CORP,3234,mapped_exact_normalized,TrueLight,current_mapping_row,FinLab company_basic_info:英文簡稱,,,1.0,
TAIWAN,ADV LITHIUM ELECTROCHEM,5227,verified_tw_yahoo_google_round8,"Advanced Lithium Electrochemistry Co., Ltd. / 立凱-KY",current_mapping_row,Round8 Same issuer abbreviation as Advanced Lithium Electrochemistry -> 5227.TWO,,,0.99,
TAIWAN,ALI CORP,3041,mapped_exact_normalized,ALi,current_mapping_row,FinLab company_basic_info:英文簡稱,,,1.0,
TAIWAN,ASIA PLASTIC RECYCLING,1337,verified_tw_reference_fuzzy,Asia Plastic,current_mapping_row,FinLab company_basic_info:英文簡稱,,,0.9445,
TAIWAN,CYBERTAN TECHNOLOGY,3062,verified_tw_reference_fuzzy,CyberTAN,current_mapping_row,FinLab company_basic_info:英文簡稱,,,0.9321,
TAIWAN,EASTERN MEDIA INTL,2614,verified_tw_yahoo_round8b,Eastern Media International Corporation / 東森,current_mapping_row,Round8b Yahoo Finance search: Eastern Media International -> 2614.TW.,,,0.98,
TAIWAN,GEMTEK TECHNOLOGY CORP,4906,verified_tw_reference_fuzzy,GEMTEK,current_mapping_row,FinLab company_basic_info:英文簡稱,,,0.9253,
TAIWAN,GEOVISION,3356,mapped_exact_normalized,GeoVision,current_mapping_row,FinLab company_basic_info:英文簡稱,,,1.0,
TAIWAN,GLOBAL MIXED-MODE TECH,8081,verified_tw_historical_round7,GLOBAL MIXED-MODE TECHNOLOGY INC,current_mapping_row,Round7 official historical delisted source: TPEx EN deListed official delist_date=2008-12-30,,,1.0000,
TAIWAN,HANNSTOUCH SOLUTION,3049,verified_tw_reference_fuzzy,HannsTouch,current_mapping_row,FinLab company_basic_info:英文簡稱,,,0.9426,
TAIWAN,KINGS TOWN CONSTRUCTION,2524,verified_tw_current_round7,"King's Town Construction Co., Ltd.",current_mapping_row,"Round7 current-code discovery: Yahoo Finance search matched `King's Town Construction Co., Ltd.`/2524.TW; code exists in TWSE/TPEx/FinLab Taiwan reference universe. Local refs: KTC | 京城 | 京城建設股份有限公司",,,0.9787,
USA,ADVANCEPIERRE FOODS,,needs_review,,current_mapping_row,,,,0.0,
USA,APIGEE CORP,,needs_review,,current_mapping_row,,,,0.0,
USA,ARMADA HOFFLER PROP,,needs_review,,current_mapping_row,,,,0.0,
USA,ATKORE INTERNATIONAL,,needs_review,,current_mapping_row,,,,0.0,
USA,AVEXIS INC,,needs_review,,current_mapping_row,,,,0.0,
USA,BIOTELEMETRY,,needs_review,,current_mapping_row,,,,0.0,
USA,CLAYTON WILLIAMS ENERGY,,needs_review,,current_mapping_row,,,,0.0,
USA,COLUCID PHARMACEUTICALS,,needs_review,,current_mapping_row,,,,0.0,
USA,CU BANCORP,,needs_review,,current_mapping_row,,,,0.0,
USA,FIRST HAWAIIAN,FHB,mapped_exact_normalized,"FIRST HAWAIIAN, INC.",current_mapping_row,SEC company_tickers_exchange,,,1.0,
USA,FLEXION THERAPEUTICS,,needs_review,,current_mapping_row,,,,0.0,
USA,GLADSTONE COMM CORP,,needs_review,,current_mapping_row,,,,0.0,
USA,GMS,,needs_review,,current_mapping_row,,,,0.0,
USA,HORIZON BANCORP INDIANA,,needs_review,,current_mapping_row,,,,0.0,
USA,QUORUM HEALTH CORP,,needs_review,,current_mapping_row,,,,0.0,
USA,REGULUS THERAPEUTICS,,needs_review,,current_mapping_row,,,,0.0,
USA,STAGE STORES,,needs_review,,current_mapping_row,,,,0.0,
TAIWAN,CHAROEN POKPHAND ENT,1215,verified_tw_current_round7,"Charoen Pokphand Enterprise (Taiwan) Co., Ltd.",current_mapping_row,"Round7 current-code discovery: Yahoo Finance search matched `Charoen Pokphand Enterprise (Taiwan) Co., Ltd.`/1215.TW; code exists in TWSE/TPEx/FinLab Taiwan reference universe. Local refs: CPE | 卜蜂 | 台灣卜蜂企業股份有限公司",,,1.0000,
TAIWAN,CHUNGHWA PRECISION TEST,6510,verified_tw_current_round7,"Chunghwa Precision Test Tech. Co., Ltd.",current_mapping_row,"Round7 current-code discovery: Yahoo Finance search matched `Chunghwa Precision Test Tech. Co., Ltd.`/6510.TWO; code exists in TWSE/TPEx/FinLab Taiwan reference universe. Local refs: CHPT | 中華精測科技股份有限公司 | 精測",,,1.0000,
TAIWAN,ALTEK CORP,3059,mapped_exact_normalized,Altek,current_mapping_row,FinLab company_basic_info:英文簡稱,,,1.0,
TAIWAN,COXON PRECISE INDUSTRIAL,3607,verified_tw_reference_fuzzy,Coxon,current_mapping_row,FinLab company_basic_info:英文簡稱,,,0.9108,
TAIWAN,CYBERLINK CORP,5203,mapped_exact_normalized,CyberLink,current_mapping_row,FinLab company_basic_info:英文簡稱,,,1.0,
TAIWAN,FEDERAL CORP,2102,mapped_exact_normalized,FEDERAL CORP,current_mapping_row,FinLab company_basic_info:英文簡稱,,,1.0,
TAIWAN,FIRST HOTEL,2706,mapped_exact_normalized,FIRST HOTEL,current_mapping_row,FinLab company_basic_info:英文簡稱,,,1.0,
TAIWAN,KEE TAI PROPERTIES CO,2538,verified_tw_current_round7,"Kee Tai Properties Co., Ltd.",current_mapping_row,"Round7 current-code discovery: Yahoo Finance search matched `Kee Tai Properties Co., Ltd.`/2538.TW; code exists in TWSE/TPEx/FinLab Taiwan reference universe. Local refs: KeeTai | 基泰 | 基泰建設股份有限公司",,,1.0000,
TAIWAN,MIN AIK TECHNOLOGY CO,3060,verified_tw_reference_fuzzy,MIN AIK,current_mapping_row,FinLab company_basic_info:英文簡稱,,,0.9289,
TAIWAN,RICH DEVELOPMENT CO,5512,verified_tw_current_round7,"Rich Development Co., Ltd.",current_mapping_row,"Round7 current-code discovery: Yahoo Finance search matched `Rich Development Co., Ltd.`/5512.TWO; code exists in TWSE/TPEx/FinLab Taiwan reference universe. Local refs: RICH | 力麒 | 力麒建設股份有限公司",,,1.0000,
TAIWAN,SOLAR APPLIED MATRLS,1785,verified_tw_reference_fuzzy,Solar,current_mapping_row,FinLab company_basic_info:英文簡稱,,,0.915,
USA,ABEONA THERAPEUTICS,ABEO,mapped_exact_normalized,ABEONA THERAPEUTICS INC.,current_mapping_row,SEC company_tickers_exchange,,,1.0,
USA,AKCEA THERAPEUTICS,,needs_review,,current_mapping_row,,,,0.0,
USA,ANTERO RES MIDSTREAM,,needs_review,,current_mapping_row,,,,0.0,
USA,AUDENTES THERAPEUTICS,,needs_review,,current_mapping_row,,,,0.0,
USA,BIOHAVEN PHARMA HLDG,,needs_review,,current_mapping_row,,,,0.0,
USA,C&J ENERGY SERVICES,,needs_review,,current_mapping_row,,,,0.0,
USA,CAROLINA FINANCIAL CORP,,needs_review,,current_mapping_row,,,,0.0,
USA,CISION,,needs_review,,current_mapping_row,,,,0.0,
USA,COMMUNITY HEALTHCARE,,needs_review,,current_mapping_row,,,,0.0,
USA,DASEKE,,needs_review,,current_mapping_row,,,,0.0,
USA,ELECTRO SCIENTIFIC IND,,needs_review,,current_mapping_row,,,,0.0,
USA,EMERALD EXPOSITIONS,,needs_review,,current_mapping_row,,,,0.0,
USA,EVERBRIDGE,,needs_review,,current_mapping_row,,,,0.0,
USA,EVERI HOLDINGS,,needs_review,,current_mapping_row,,,,0.0,
USA,FIRST MID ILLINOIS,,needs_review,,current_mapping_row,,,,0.0,
USA,FIVE POINT HOLDINGS A,,needs_review,,current_mapping_row,,,,0.0,
USA,FLOOR & DECOR HOLDINGS A,FND,mapped_exact_normalized,"Floor & Decor Holdings, Inc.",current_mapping_row,SEC company_tickers_exchange,,,1.0,
USA,GARDNER DENVER HOLDINGS,,needs_review,,current_mapping_row,,,,0.0,
USA,ICHOR HOLDINGS,ICHR,mapped_exact_normalized,"ICHOR HOLDINGS, LTD.",current_mapping_row,SEC company_tickers_exchange,,,1.0,
USA,IGNYTA,,needs_review,,current_mapping_row,,,,0.0,
USA,MADRIGAL PHARMACEUTICALS,MDGL,mapped_exact_normalized,"MADRIGAL PHARMACEUTICALS, INC.",current_mapping_row,SEC company_tickers_exchange,,,1.0,
USA,NATIONAL COMMERCE,,needs_review,,current_mapping_row,,,,0.0,
USA,NICOLET BANKSHARES,NIC,mapped_exact_normalized,NICOLET BANKSHARES INC,current_mapping_row,SEC company_tickers_exchange,,,1.0,
USA,NV5 HOLDINGS,,needs_review,,current_mapping_row,,,,0.0,
USA,PEABODY ENERGY,BTU,mapped_exact_normalized,PEABODY ENERGY CORP,current_mapping_row,SEC company_tickers_exchange,,,1.0,
USA,PLAYA HOTELS & RESORTS,,needs_review,,current_mapping_row,,,,0.0,
USA,PRESIDIO INC,,needs_review,,current_mapping_row,,,,0.0,
USA,PROPETRO HOLDING CORP,PUMP,mapped_exact_normalized,ProPetro Holding Corp.,current_mapping_row,SEC company_tickers_exchange,,,1.0,
USA,RADNET,RDNT,mapped_exact_normalized,"RadNet, Inc.",current_mapping_row,SEC company_tickers_exchange,,,1.0,
USA,RIGEL PHARMACEUTICALS,RIGL,mapped_exact_normalized,RIGEL PHARMACEUTICALS INC,current_mapping_row,SEC company_tickers_exchange,,,1.0,
USA,SIMPLY GOOD FOODS,SMPL,mapped_exact_normalized,Simply Good Foods Co,current_mapping_row,SEC company_tickers_exchange,,,1.0,
USA,SMART GLOBAL HLDGS,,needs_review,,current_mapping_row,,,,0.0,
USA,STONE ENERGY CORP,,needs_review,,current_mapping_row,,,,0.0,
USA,TPG RE FINANCE TRUST,TRTX,mapped_exact_normalized,"TPG RE Finance Trust, Inc.",current_mapping_row,SEC company_tickers_exchange,,,1.0,
USA,TRIUMPH BANCORP,,needs_review,,current_mapping_row,,,,0.0,
USA,VERITEX HOLDINGS,,needs_review,,current_mapping_row,,,,0.0,
USA,WARRIOR MET COAL,HCC,mapped_exact_normalized,"WARRIOR MET COAL, INC.",current_mapping_row,SEC company_tickers_exchange,,,1.0,
USA,ZOGENIX,,needs_review,,current_mapping_row,,,,0.0,
USA,BIG 5 SPORTING GOODS,,needs_review,,current_mapping_row,,,,0.0,
USA,BRISTOW GROUP,VTOL,mapped_exact_normalized,Bristow Group Inc.,current_mapping_row,SEC company_tickers_exchange,,,1.0,
USA,CARBO CERAMICS,,needs_review,,current_mapping_row,,,,0.0,
USA,CEMPRA,,needs_review,,current_mapping_row,,,,0.0,
USA,CSS INDUSTRIES,,needs_review,,current_mapping_row,,,,0.0,
USA,DRIVE SHACK,,needs_review,,current_mapping_row,,,,0.0,
USA,FEDERATED NATIONAL HLDG,,needs_review,,current_mapping_row,,,,0.0,
USA,FLOTEK INDUSTRIES,FTK,mapped_exact_normalized,"Flotek Industries, Inc. Common Stock",current_mapping_row,NasdaqTrader otherlisted,,,1.0,
USA,FRANCESCAS HOLDINGS CORP,,needs_review,,current_mapping_row,,,,0.0,
USA,FREDS,,needs_review,,current_mapping_row,,,,0.0,
USA,GLOBAL EAGLE ENTMT,,needs_review,,current_mapping_row,,,,0.0,
USA,HARMONIC,HLIT,mapped_exact_normalized,HARMONIC INC.,current_mapping_row,SEC company_tickers_exchange,,,1.0,
USA,LIBERTY FORMULA ONE A,,needs_review,,current_mapping_row,,,,0.0,
USA,NATURAL HEALTH TRENDS,NHTC,mapped_exact_normalized,NATURAL HEALTH TRENDS CORP,current_mapping_row,SEC company_tickers_exchange,,,1.0,
USA,OTONOMY,,needs_review,,current_mapping_row,,,,0.0,
USA,PARKER DRILLING CO,,needs_review,,current_mapping_row,,,,0.0,
USA,RAIT FINANCIAL TRUST,,needs_review,,current_mapping_row,,,,0.0,
USA,RUBICON PROJECT,,needs_review,,current_mapping_row,,,,0.0,
USA,SAFEGUARD SCIENTIFICS,SFES,mapped_exact_normalized,SAFEGUARD SCIENTIFICS INC,current_mapping_row,SEC company_tickers_exchange,,,1.0,
USA,SEACOR MARINE HOLDINGS,SMHI,mapped_exact_normalized,SEACOR Marine Holdings Inc.,current_mapping_row,SEC company_tickers_exchange,,,1.0,
USA,SEQUENTIAL BRANDS GRP,,needs_review,,current_mapping_row,,,,0.0,
USA,TESCO CORP,,needs_review,,current_mapping_row,,,,0.0,
USA,TRAVELCENTERS OF AMERICA,,needs_review,,current_mapping_row,,,,0.0,
USA,VERSARTIS,,needs_review,,current_mapping_row,,,,0.0,
USA,VITAMIN SHOPPE,,needs_review,,current_mapping_row,,,,0.0,
USA,WMIH,,needs_review,,current_mapping_row,,,,0.0,
USA,ZOES KITCHEN,,needs_review,,current_mapping_row,,,,0.0,
TAIWAN,CHILISIN ELECTRS CORP,2456,verified_tw_historical_round7,CHILISIN,current_mapping_row,Round7 official historical delisted source: TWSE EN suspendListing official delist_date=2022/01/05,,,1.0000,
TAIWAN,FOXSEMICON INTGR TECH,3413,verified_tw_yahoo_round8b,Foxsemicon Integrated Technology Inc. / 京鼎,current_mapping_row,Round8b Yahoo Finance search: Foxsemicon Integrated Technology -> 3413.TW.,,,0.98,
TAIWAN,KS TERMINALS,3003,verified_tw_current_round7,K.S. Terminals Inc.,current_mapping_row,Round7 current-code discovery: Yahoo Finance search matched `K.S. Terminals Inc.`/3003.TW; code exists in TWSE/TPEx/FinLab Taiwan reference universe. Local refs: KST | 健和興 | 健和興端子股份有限公司,,,0.9600,
TAIWAN,NUVOTON TECHNOLOGY,4919,verified_tw_current_round7,Nuvoton Technology Corporation,current_mapping_row,Round7 current-code discovery: Yahoo Finance search matched `Nuvoton Technology Corporation`/4919.TW; code exists in TWSE/TPEx/FinLab Taiwan reference universe. Local refs: NTC | 新唐 | 新唐科技股份有限公司,,,1.0000,
TAIWAN,O-BANK,2897,mapped_exact_normalized,O-Bank,current_mapping_row,FinLab company_basic_info:英文簡稱,,,1.0,
TAIWAN,PAIHO SHIH HOLDINGS,8404,mapped_exact_normalized,PAIHO SHIH,current_mapping_row,FinLab company_basic_info:英文簡稱,,,1.0,
TAIWAN,QUANG VIET ENTERPRISE,4438,verified_tw_current_round7,"Quang Viet Enterprise Co., Ltd.",current_mapping_row,"Round7 current-code discovery: Yahoo Finance search matched `Quang Viet Enterprise Co., Ltd.`/4438.TW; code exists in TWSE/TPEx/FinLab Taiwan reference universe. Local refs: QVE | 廣越 | 廣越企業股份有限公司",,,1.0000,
TAIWAN,ROO HSING,4414,mapped_exact_normalized,ROO HSING,current_mapping_row,FinLab company_basic_info:英文簡稱,,,1.0,
TAIWAN,THINKING ELECTRONIC INDL,2428,verified_tw_reference_fuzzy,THINKING,current_mapping_row,FinLab company_basic_info:英文簡稱,,,0.9233,
TAIWAN,FORMOSAN RUBBER GROUP,2107,verified_tw_current_round7,Formosan Rubber Group Inc.,current_mapping_row,Round7 current-code discovery: Yahoo Finance search matched `Formosan Rubber Group Inc.`/2107.TW; code exists in TWSE/TPEx/FinLab Taiwan reference universe. Local refs: FRG | 厚生 | 厚生股份有限公司,,,1.0000,
TAIWAN,HUNG POO REAL ESTATE DEV,2536,verified_tw_yahoo_google_round8c,"Hong Pu / Hung Poo Real Estate Development Co., Ltd. / 宏普",current_mapping_row,Round8c web/Yahoo/Google evidence: Yahoo/MarketScreener/TradingView show Hong Pu/Hung Poo Real Estate Development code 2536.,,,0.95,
TAIWAN,KUOYANG CONSTRUCTION,2505,verified_tw_current_round7,"Kuo Yang Construction Co., Ltd.",current_mapping_row,"Round7 current-code discovery: Yahoo Finance search matched `Kuo Yang Construction Co., Ltd.`/2505.TW; code exists in TWSE/TPEx/FinLab Taiwan reference universe. Local refs: ky | 國揚 | 國揚實業股份有限公司",,,0.9756,
TAIWAN,LONG BON DEVELOPMENT CO,2514,verified_tw_reference_fuzzy,LONG BON,current_mapping_row,FinLab company_basic_info:英文簡稱,,,0.93,
TAIWAN,SAMPO CORP,1604,mapped_exact_normalized,SAMPO,current_mapping_row,FinLab company_basic_info:英文簡稱,,,1.0,
TAIWAN,SUNSPRING METAL,2062,verified_tw_current_round7,Sunspring Metal Corporation,current_mapping_row,Round7 current-code discovery: Yahoo Finance search matched `Sunspring Metal Corporation`/2062.TW; code exists in TWSE/TPEx/FinLab Taiwan reference universe. Local refs: SSM | 橋椿 | 橋椿金屬股份有限公司,,,1.0000,
TAIWAN,TAIWAN FIRE & MARINE INS,2832,verified_tw_current_round7,"Taiwan Fire & Marine Insurance Co., Ltd.",current_mapping_row,"Round7 current-code discovery: Yahoo Finance search matched `Taiwan Fire & Marine Insurance Co., Ltd.`/2832.TW; code exists in TWSE/TPEx/FinLab Taiwan reference universe. Local refs: TFMI | 台灣產物保險股份有限公司 | 台產",,,1.0000,
USA,AMALGAMATED BANK A,,needs_review,,current_mapping_row,,,,0.0,
USA,AMERICAN FINANCE TRUST A,,needs_review,,current_mapping_row,,,,0.0,
USA,APOLLO MEDICAL HLDGS,,needs_review,,current_mapping_row,,,,0.0,
USA,APPTIO A,,needs_review,,current_mapping_row,,,,0.0,
USA,ARCUS BIOSCIENCES,RCUS,mapped_exact_normalized,"Arcus Biosciences, Inc.",current_mapping_row,SEC company_tickers_exchange,,,1.0,
USA,ARES MANAGEMENT,ARES,mapped_exact_normalized,Ares Management Corp,current_mapping_row,SEC company_tickers_exchange,,,1.0,
USA,AVROBIO,,needs_review,,current_mapping_row,,,,0.0,
USA,BERRY PETROLEUM,,needs_review,,current_mapping_row,,,,0.0,
USA,BIOSPECIFICS TECH,,needs_review,,current_mapping_row,,,,0.0,
USA,BJS WHOLESALE CLUB HLDGS,,needs_review,,current_mapping_row,,,,0.0,
USA,BRIGHTVIEW HOLDINGS,BV,mapped_exact_normalized,"BrightView Holdings, Inc.",current_mapping_row,SEC company_tickers_exchange,,,1.0,
USA,CARE.COM,,needs_review,,current_mapping_row,,,,0.0,
USA,CBTX,,needs_review,,current_mapping_row,,,,0.0,
USA,CHAPARRAL ENERGY A,,needs_review,,current_mapping_row,,,,0.0,
USA,COLUMBIA FINANCIAL,CLBK,mapped_exact_normalized,"Columbia Financial, Inc.",current_mapping_row,SEC company_tickers_exchange,,,1.0,
USA,COMSCORE,SCOR,mapped_exact_normalized,"COMSCORE, INC.",current_mapping_row,SEC company_tickers_exchange,,,1.0,
USA,CONVERGEONE HOLDINGS,,needs_review,,current_mapping_row,,,,0.0,
USA,CUSHMAN & WAKEFIELD,CWK,mapped_exact_normalized,Cushman & Wakefield Ltd.,current_mapping_row,SEC company_tickers_exchange,,,1.0,
USA,EQUITY BANCSHARES,EQBK,mapped_exact_normalized,EQUITY BANCSHARES INC,current_mapping_row,SEC company_tickers_exchange,,,1.0,
USA,ESSENTIAL PROP RLTY TR,,needs_review,,current_mapping_row,,,,0.0,
USA,EXELA TECHNOLOGIES,,needs_review,,current_mapping_row,,,,0.0,
USA,EXP WORLD HOLDINGS,AGNT,mapped_exact_normalized,"eXp World Holdings, Inc.",current_mapping_row,SEC company_tickers_exchange,,,1.0,
USA,FIRST BANCSHARES (THE),,needs_review,,current_mapping_row,,,,0.0,
USA,GENCO SHIPPING & TRDNG,,needs_review,,current_mapping_row,,,,0.0,
USA,INSPIRE MEDICAL SYSTEMS,INSP,mapped_exact_normalized,"Inspire Medical Systems, Inc.",current_mapping_row,SEC company_tickers_exchange,,,1.0,
USA,MCBC HOLDINGS,,needs_review,,current_mapping_row,,,,0.0,
USA,MIMECAST,,needs_review,,current_mapping_row,,,,0.0,
USA,MR COOPER GROUP,,needs_review,,current_mapping_row,,,,0.0,
USA,ORIGIN BANCORP,OBK,mapped_exact_normalized,"Origin Bancorp, Inc.",current_mapping_row,SEC company_tickers_exchange,,,1.0,
USA,PILGRIM'S PRIDE CORP,PPC,mapped_exact_normalized,Pilgrim's Pride Corporation - Common Stock,current_mapping_row,NasdaqTrader nasdaqlisted,,,1.0,
USA,SKYLINE CHAMPION CORP,,needs_review,,current_mapping_row,,,,0.0,
USA,SONOS,SONO,mapped_exact_normalized,Sonos Inc,current_mapping_row,SEC company_tickers_exchange,,,1.0,
USA,TANDEM DIABETES CARE,TNDM,mapped_exact_normalized,TANDEM DIABETES CARE INC,current_mapping_row,SEC company_tickers_exchange,,,1.0,
USA,TURNING POINT BRANDS,TPB,mapped_exact_normalized,"Turning Point Brands, Inc.",current_mapping_row,SEC company_tickers_exchange,,,1.0,
USA,VERICEL CORP,VCEL,mapped_exact_normalized,Vericel Corp,current_mapping_row,SEC company_tickers_exchange,,,1.0,
USA,VIVINT SOLAR,,needs_review,,current_mapping_row,,,,0.0,
USA,BIGLARI HOLDINGS A,BH-A,mapped_exact_normalized,Biglari Holdings Inc.,current_mapping_row,SEC company_tickers_exchange,,,1.0,
USA,LANNETT CO,,needs_review,,current_mapping_row,,,,0.0,
USA,MDC PARTNERS A,,needs_review,,current_mapping_row,,,,0.0,
USA,MITEL NETWORKS CORP,,needs_review,,current_mapping_row,,,,0.0,
USA,SVCSOURCE INTERNATIONAL,,needs_review,,current_mapping_row,,,,0.0,
USA,WINDSTREAM HOLDINGS(NEW),,needs_review,,current_mapping_row,,,,0.0,
TAIWAN,BRIGHTON-BEST INTL,8415,verified_tw_reference_fuzzy,Brighton-Best,current_mapping_row,FinLab company_basic_info:英文簡稱,,,0.9622,
TAIWAN,CENTURY IRON & STEEL,9958,verified_tw_current_round7,"Century Iron and Steel Industrial Co.,Ltd.",current_mapping_row,"Round7 current-code discovery: Yahoo Finance search matched `Century Iron and Steel Industrial Co.,Ltd.`/9958.TW; code exists in TWSE/TPEx/FinLab Taiwan reference universe. Local refs: CIS | 世紀鋼 | 世紀鋼鐵結構股份有限公司",,,1.0000,
TAIWAN,SHINY CHEMICAL INDL,1773,verified_tw_reference_fuzzy,SHINY CHEMICAL,current_mapping_row,FinLab company_basic_info:英文簡稱,,,0.9637,
TAIWAN,ALPHA NETWORKS,3380,verified_tw_current_round7,Alpha Networks Inc.,current_mapping_row,Round7 current-code discovery: Yahoo Finance search matched `Alpha Networks Inc.`/3380.TW; code exists in TWSE/TPEx/FinLab Taiwan reference universe. Local refs: Alpha | 明泰 | 明泰科技股份有限公司,,,1.0000,
TAIWAN,GIGASOLAR MATERIALS CORP,3691,verified_tw_reference_fuzzy,GIGASOLAR,current_mapping_row,FinLab company_basic_info:英文簡稱,,,0.9374,
TAIWAN,GLORIA MATERIAL TECH,5009,verified_tw_current_round7,Gloria Material Technology Corp.,current_mapping_row,Round7 current-code discovery: Yahoo Finance search matched `Gloria Material Technology Corp.`/5009.TWO; code exists in TWSE/TPEx/FinLab Taiwan reference universe. Local refs: GMTC | 榮剛 | 榮剛材料科技股份有限公司,,,1.0000,
TAIWAN,HO TUNG CHEMICAL CORP,1714,verified_tw_reference_fuzzy,HO TUNG,current_mapping_row,FinLab company_basic_info:英文簡稱,,,0.9337,
TAIWAN,MACAUTO INDUSTRIAL,9951,verified_tw_reference_fuzzy,MACAUTO,current_mapping_row,FinLab company_basic_info:英文簡稱,,,0.9289,
TAIWAN,SAN FANG CHEMICAL,1307,verified_tw_reference_fuzzy,SAN FANG,current_mapping_row,FinLab company_basic_info:英文簡稱,,,0.9371,
TAIWAN,TSC AUTO ID TECHNOLOGY,3611,verified_tw_reference_fuzzy,TSC AUTO ID,current_mapping_row,FinLab company_basic_info:英文簡稱,,,0.94,
TAIWAN,TWI PHARMACEUTICALS,4180,verified_tw_historical_round7,"TWi Pharmaceuticals, Inc.",current_mapping_row,Round7 official historical delisted source: TPEx EN deListed official delist_date=2019-08-05,,,1.0000,
TAIWAN,YUNG CHI PAINT & VARNISH,1726,verified_tw_current_round7,"Yung Chi Paint & Varnish Mfg.Co.,Ltd",current_mapping_row,"Round7 current-code discovery: Yahoo Finance search matched `Yung Chi Paint & Varnish Mfg.Co.,Ltd`/1726.TW; code exists in TWSE/TPEx/FinLab Taiwan reference universe. Local refs: Y.C.P. | 永記 | 永記造漆工業股份有限公司",,,1.0000,
USA,ADVERUM BIOTECHNOLOG,,needs_review,,current_mapping_row,,,,0.0,
USA,ANAPLAN,,needs_review,,current_mapping_row,,,,0.0,
USA,ASSETMARK FINANCIAL HLDG,,needs_review,,current_mapping_row,,,,0.0,
USA,BRIGHAM MINERALS A,,needs_review,,current_mapping_row,,,,0.0,
USA,CHANGE HEALTHCARE,,needs_review,,current_mapping_row,,,,0.0,
USA,CORINDUS VASCULAR,,needs_review,,current_mapping_row,,,,0.0,
USA,CRYOPORT,CYRX,mapped_exact_normalized,"Cryoport, Inc.",current_mapping_row,SEC company_tickers_exchange,,,1.0,
USA,DIAMOND S SHIPPING,,needs_review,,current_mapping_row,,,,0.0,
USA,ELLINGTON FINANCIAL,EFC,mapped_exact_normalized,Ellington Financial Inc.,current_mapping_row,SEC company_tickers_exchange,,,1.0,
USA,FASTLY A,FSLY,mapped_exact_normalized,"Fastly, Inc.",current_mapping_row,SEC company_tickers_exchange,,,1.0,
USA,FOCUS FINANCIAL PRTNRS A,,needs_review,,current_mapping_row,,,,0.0,
USA,GLOBAL MEDICAL REIT,,needs_review,,current_mapping_row,,,,0.0,
USA,GOOSEHEAD INSURANCE A,GSHD,mapped_exact_normalized,"Goosehead Insurance, Inc.",current_mapping_row,SEC company_tickers_exchange,,,1.0,
USA,GROCERY OUTLET HOLDING,GO,mapped_exact_normalized,Grocery Outlet Holding Corp.,current_mapping_row,SEC company_tickers_exchange,,,1.0,
USA,IES HOLDINGS,IESC,mapped_exact_normalized,"IES Holdings, Inc.",current_mapping_row,SEC company_tickers_exchange,,,1.0,
USA,JERNIGAN CAPITAL,,needs_review,,current_mapping_row,,,,0.0,
USA,LEVI STRAUSS A,,needs_review,,current_mapping_row,,,,0.0,
USA,LUXFER HOLDINGS (US),LXFR,mapped_exact_normalized,LUXFER HOLDINGS PLC,current_mapping_row,SEC company_tickers_exchange,,,1.0,
USA,MAXAR TECHNOLOGIES(US),,needs_review,,current_mapping_row,,,,0.0,
USA,MEDALLIA,,needs_review,,current_mapping_row,,,,0.0,
USA,NAPCO SECURITY TECH,,needs_review,,current_mapping_row,,,,0.0,
USA,ONESPAWORLD HOLDINGS,OSW,mapped_exact_normalized,ONESPAWORLD HOLDINGS Ltd,current_mapping_row,SEC company_tickers_exchange,,,1.0,
USA,OPTION CARE HEALTH,OPCH,mapped_exact_normalized,"Option Care Health, Inc.",current_mapping_row,SEC company_tickers_exchange,,,1.0,
USA,PAGERDUTY,PD,mapped_exact_normalized,"PagerDuty, Inc.",current_mapping_row,SEC company_tickers_exchange,,,1.0,
USA,PALOMAR HOLDINGS,PLMR,mapped_exact_normalized,"Palomar Holdings, Inc.",current_mapping_row,SEC company_tickers_exchange,,,1.0,
USA,PARSONS CORP,PSN,mapped_exact_normalized,PARSONS CORP,current_mapping_row,SEC company_tickers_exchange,,,1.0,
USA,PAYSIGN,PAYS,mapped_exact_normalized,"Paysign, Inc.",current_mapping_row,SEC company_tickers_exchange,,,1.0,
USA,PHREESIA,PHR,mapped_exact_normalized,"Phreesia, Inc.",current_mapping_row,SEC company_tickers_exchange,,,1.0,
USA,RATTLER MIDSTREAM,,needs_review,,current_mapping_row,,,,0.0,
USA,REVOLVE GROUP A,RVLV,mapped_exact_normalized,"Revolve Group, Inc.",current_mapping_row,SEC company_tickers_exchange,,,1.0,
USA,SAFETY INCOME & GROWTH,,needs_review,,current_mapping_row,,,,0.0,
USA,SHOCKWAVE MEDICAL,,needs_review,,current_mapping_row,,,,0.0,
USA,TRANSLATE BIO,,needs_review,,current_mapping_row,,,,0.0,
USA,TURNING POINT,,needs_review,,current_mapping_row,,,,0.0,
USA,VECTRUS,,needs_review,,current_mapping_row,,,,0.0,
USA,VIPER ENERGY PARTNERS A,,needs_review,,current_mapping_row,,,,0.0,
USA,WATFORD HOLDINGS,,needs_review,,current_mapping_row,,,,0.0,
USA,ACCURAY,ARAY,mapped_exact_normalized,ACCURAY INC,current_mapping_row,SEC company_tickers_exchange,,,1.0,
USA,ACORDA THERAPEUTICS,,needs_review,,current_mapping_row,,,,0.0,
USA,ARMSTRONG FLOORING,,needs_review,,current_mapping_row,,,,0.0,
USA,ASSERTIO THERAPEUTICS,,needs_review,,current_mapping_row,,,,0.0,
USA,COVIA HOLDINGS CORP,,needs_review,,current_mapping_row,,,,0.0,
USA,FORUM ENERGY TECH INC,,needs_review,,current_mapping_row,,,,0.0,
USA,HIGHPOINT RESOURCES CORP,,needs_review,,current_mapping_row,,,,0.0,
USA,KLX ENERGY SERVICES,KLXE,mapped_exact_normalized,"KLX Energy Services Holdings, Inc.",current_mapping_row,SEC company_tickers_exchange,,,1.0,
USA,MINERVA NEUROSCIENCES,NERV,mapped_exact_normalized,"Minerva Neurosciences, Inc.",current_mapping_row,SEC company_tickers_exchange,,,1.0,
USA,MONTAGE RESOURCES CORP,,needs_review,,current_mapping_row,,,,0.0,
USA,PROTECTIVE INS CORP B,,needs_review,,current_mapping_row,,,,0.0,
USA,RESOLUTE FOREST PRODUCTS,,needs_review,,current_mapping_row,,,,0.0,
USA,RING ENERGY,REI,mapped_exact_normalized,"RING ENERGY, INC.",current_mapping_row,SEC company_tickers_exchange,,,1.0,
USA,SPOK HOLDINGS,SPOK,mapped_exact_normalized,"Spok Holdings, Inc",current_mapping_row,SEC company_tickers_exchange,,,1.0,
USA,TAILORED BRANDS,,needs_review,,current_mapping_row,,,,0.0,
USA,TILE SHOP HLDGS,,needs_review,,current_mapping_row,,,,0.0,
USA,UNIT CORP,,needs_review,,current_mapping_row,,,,0.0,
TAIWAN,AURAS TECHNOLOGY,3324,verified_tw_reference_fuzzy,AURAS,current_mapping_row,FinLab company_basic_info:英文簡稱,,,0.9213,
TAIWAN,CHIEF TELECOM,6561,verified_tw_reference_fuzzy,Chief,current_mapping_row,FinLab company_basic_info:英文簡稱,,,0.9285,
TAIWAN,POWER WIND HEALTH IND,8462,verified_tw_reference_fuzzy,Power Wind,current_mapping_row,FinLab company_basic_info:英文簡稱,,,0.9376,
TAIWAN,REXON INDUSTRIAL,1515,verified_tw_reference_fuzzy,REXON,current_mapping_row,FinLab company_basic_info:英文簡稱,,,0.9213,
TAIWAN,UNIVERSAL CEMENT,1104,verified_tw_current_round7,Universal Cement Corporation,current_mapping_row,Round7 current-code discovery: Yahoo Finance search matched `Universal Cement Corporation`/1104.TW; code exists in TWSE/TPEx/FinLab Taiwan reference universe. Local refs: UCC | 環泥 | 環球水泥股份有限公司,,,1.0000,
USA,AKOUOS,,needs_review,,current_mapping_row,,,,0.0,
USA,ALBIREO PHARMA,,needs_review,,current_mapping_row,,,,0.0,
USA,ALLOVIR INC,,needs_review,,current_mapping_row,,,,0.0,
USA,API GROUP,APG,mapped_exact_normalized,APi Group Corp,current_mapping_row,SEC company_tickers_exchange,,,1.0,
USA,AVIDITY BIOSCIENCES,,needs_review,,current_mapping_row,,,,0.0,
USA,AZEK A,,needs_review,,current_mapping_row,,,,0.0,
USA,BIOLIFE SOLUTIONS,BLFS,mapped_exact_normalized,BIOLIFE SOLUTIONS INC,current_mapping_row,SEC company_tickers_exchange,,,1.0,
USA,BRISTOW GROUP INC,VTOL,mapped_exact_normalized,Bristow Group Inc.,current_mapping_row,SEC company_tickers_exchange,,,1.0,
USA,BRP GROUP A,DOO,mapped_exact_normalized,BRP Inc.,current_mapping_row,SEC company_tickers_exchange,,,1.0,
USA,COLLECTORS UNIVERSE,,needs_review,,current_mapping_row,,,,0.0,
USA,EGAIN CORPORATION,EGAN,mapped_exact_normalized,EGAIN Corp,current_mapping_row,SEC company_tickers_exchange,,,1.0,
USA,FORMA THERAPEUTICS HLDGS,,needs_review,,current_mapping_row,,,,0.0,
USA,FRANCHISE GROUP,,needs_review,,current_mapping_row,,,,0.0,
USA,FREQUENCY THERAPEUTICS,,needs_review,,current_mapping_row,,,,0.0,
USA,GROWGENERATION CORP,GRWG,mapped_exact_normalized,GrowGeneration Corp.,current_mapping_row,SEC company_tickers_exchange,,,1.0,
USA,INARI MEDICAL,,needs_review,,current_mapping_row,,,,0.0,
USA,INHIBRX,,needs_review,,current_mapping_row,,,,0.0,
USA,IVERIC BIO,,needs_review,,current_mapping_row,,,,0.0,
USA,KYMERA THERAPEUTICS,KYMR,mapped_exact_normalized,"Kymera Therapeutics, Inc.",current_mapping_row,SEC company_tickers_exchange,,,1.0,
USA,LEMONADE,LMND,mapped_exact_normalized,"Lemonade, Inc.",current_mapping_row,SEC company_tickers_exchange,,,1.0,
USA,LOVESAC,LOVE,mapped_exact_normalized,Lovesac Co,current_mapping_row,SEC company_tickers_exchange,,,1.0,
USA,MONTROSE ENV GROUP,,needs_review,,current_mapping_row,,,,0.0,
USA,MORPHIC HOLDING,,needs_review,,current_mapping_row,,,,0.0,
USA,NIKOLA,,needs_review,,current_mapping_row,,,,0.0,
USA,PAR TECHNOLOGY CORP,PAR,mapped_exact_normalized,PAR TECHNOLOGY CORP,current_mapping_row,SEC company_tickers_exchange,,,1.0,
USA,PROTAGONIST THERAPEUTICS,PTGX,mapped_exact_normalized,"Protagonist Therapeutics, Inc",current_mapping_row,SEC company_tickers_exchange,,,1.0,
USA,RACKSPACE TECHNOLOGY,RXT,mapped_exact_normalized,"Rackspace Technology, Inc.",current_mapping_row,SEC company_tickers_exchange,,,1.0,
USA,RELAY THERAPEUTICS,RLAY,mapped_exact_normalized,"Relay Therapeutics, Inc.",current_mapping_row,SEC company_tickers_exchange,,,1.0,
USA,REPARE THERAPEUTICS,,needs_review,,current_mapping_row,,,,0.0,
USA,SERES THERAPEUTICS,MCRB,mapped_exact_normalized,"Seres Therapeutics, Inc.",current_mapping_row,SEC company_tickers_exchange,,,1.0,
USA,SHIFT4 PAYMENTS A,FOUR,mapped_exact_normalized,"Shift4 Payments, Inc.",current_mapping_row,SEC company_tickers_exchange,,,1.0,
USA,SITIME,SITM,mapped_exact_normalized,SITIME Corp,current_mapping_row,SEC company_tickers_exchange,,,1.0,
USA,SYNDAX PHARMACEUTICALS,SNDX,mapped_exact_normalized,Syndax Pharmaceuticals Inc,current_mapping_row,SEC company_tickers_exchange,,,1.0,
USA,TCR2 THERAPEUTICS,,needs_review,,current_mapping_row,,,,0.0,
USA,UTZ BRANDS A,UTZ,mapped_exact_normalized,"Utz Brands, Inc.",current_mapping_row,SEC company_tickers_exchange,,,1.0,
USA,VAXART,VXRT,mapped_exact_normalized,"Vaxart, Inc.",current_mapping_row,SEC company_tickers_exchange,,,1.0,
USA,VAXCYTE,PCVX,mapped_exact_normalized,"Vaxcyte, Inc.",current_mapping_row,SEC company_tickers_exchange,,,1.0,
USA,VBI VACCINES (US),,needs_review,,current_mapping_row,,,,0.0,
USA,VERTEX A,VERX,mapped_exact_normalized,"Vertex, Inc.",current_mapping_row,SEC company_tickers_exchange,,,1.0,
USA,VITAL FARMS,VITL,mapped_exact_normalized,"Vital Farms, Inc.",current_mapping_row,SEC company_tickers_exchange,,,1.0,
USA,XPEL,XPEL,mapped_exact_normalized,"XPEL, Inc.",current_mapping_row,SEC company_tickers_exchange,,,1.0,
USA,AMERICAN OUTDOOR BRANDS,AOUT,mapped_exact_normalized,"American Outdoor Brands, Inc.",current_mapping_row,SEC company_tickers_exchange,,,1.0,
USA,CATO CORP (THE) A,CATO,mapped_exact_normalized,CATO CORP,current_mapping_row,SEC company_tickers_exchange,,,1.0,
USA,EZCORP,EZPW,mapped_exact_normalized,EZCORP INC,current_mapping_row,SEC company_tickers_exchange,,,1.0,
USA,FINANCIAL INSTITUTIONS,FISI,mapped_exact_normalized,FINANCIAL INSTITUTIONS INC,current_mapping_row,SEC company_tickers_exchange,,,1.0,
USA,GLOBAL INDEMNITY,,needs_review,,current_mapping_row,,,,0.0,
USA,GULFPORT ENERGY CORP,GPOR,mapped_exact_normalized,GULFPORT ENERGY CORP,current_mapping_row,SEC company_tickers_exchange,,,1.0,
USA,HAYNES INTERNATIONAL,,needs_review,,current_mapping_row,,,,0.0,
USA,LIBERTY TRIPADVISOR A,,needs_review,,current_mapping_row,,,,0.0,
USA,MATRIX SERVICE CO,MTRX,mapped_exact_normalized,MATRIX SERVICE CO,current_mapping_row,SEC company_tickers_exchange,,,1.0,
USA,NATIONAL CINEMEDIA,NCMI,mapped_exact_normalized,"National CineMedia, Inc.",current_mapping_row,SEC company_tickers_exchange,,,1.0,
USA,PARK ELECTROCHEMICAL,,needs_review,,current_mapping_row,,,,0.0,
USA,REGIS CORP,RGS,mapped_exact_normalized,REGIS CORP,current_mapping_row,SEC company_tickers_exchange,,,1.0,
USA,UNITED INSURANCE HLDGS,,needs_review,,current_mapping_row,,,,0.0,
TAIWAN,AP MEMORY TECH,6531,verified_tw_reference_fuzzy,AP Memory,current_mapping_row,FinLab company_basic_info:英文簡稱,,,0.9543,
TAIWAN,DYACO INTERNATIONAL,1598,verified_tw_reference_fuzzy,Dyaco,current_mapping_row,FinLab company_basic_info:英文簡稱,,,0.9163,
TAIWAN,GUDENG PRECISION INDL,3680,verified_tw_reference_fuzzy,Gudeng,current_mapping_row,FinLab company_basic_info:英文簡稱,,,0.9186,
TAIWAN,MEDIGEN VACCINE,3176,verified_tw_reference_fuzzy,MEDIGEN,current_mapping_row,FinLab company_basic_info:英文簡稱,,,0.9367,
TAIWAN,PEGAVISION,6491,mapped_exact_normalized,PEGAVISION,current_mapping_row,FinLab company_basic_info:英文簡稱,,,1.0,
TAIWAN,TSEC CORP,6443,mapped_exact_normalized,TSEC,current_mapping_row,FinLab company_basic_info:英文簡稱,,,1.0,
TAIWAN,UNIVERSAL VISION BIOTECH,3218,verified_tw_current_round7,"Universal Vision Biotechnology Co., Ltd.",current_mapping_row,"Round7 current-code discovery: Yahoo Finance search matched `Universal Vision Biotechnology Co., Ltd.`/3218.TWO; code exists in TWSE/TPEx/FinLab Taiwan reference universe. Local refs: UNIVERSAL | 大學光 | 大學光學科技股份有限公司",,,1.0000,
USA,A MARK PRECIOUS METALS,,needs_review,,current_mapping_row,,,,0.0,
USA,ACV AUCTIONS A,ACVA,mapped_exact_normalized,ACV Auctions Inc.,current_mapping_row,SEC company_tickers_exchange,,,1.0,
USA,AEYE A,LIDR,mapped_exact_normalized,"AEye, Inc.",current_mapping_row,SEC company_tickers_exchange,,,1.0,
USA,AGILITI,,needs_review,,current_mapping_row,,,,0.0,
USA,ALIGNMENT HEALTHCARE,ALHC,mapped_exact_normalized,"Alignment Healthcare, Inc.",current_mapping_row,SEC company_tickers_exchange,,,1.0,
USA,ALKAMI TECHNOLOGY,ALKT,mapped_exact_normalized,"ALKAMI TECHNOLOGY, INC.",current_mapping_row,SEC company_tickers_exchange,,,1.0,
USA,ASTRA SPACE A,,needs_review,,current_mapping_row,,,,0.0,
USA,AVEANNA HEALTHCARE HLDGS,,needs_review,,current_mapping_row,,,,0.0,
USA,AVEPOINT,AVPT,mapped_exact_normalized,"AvePoint, Inc.",current_mapping_row,SEC company_tickers_exchange,,,1.0,
USA,BLUE OWL CAPITAL A,OWL,mapped_exact_normalized,BLUE OWL CAPITAL INC.,current_mapping_row,SEC company_tickers_exchange,,,1.0,
USA,CANO HEALTH A,,needs_review,,current_mapping_row,,,,0.0,
USA,CENTRUS ENERGY CORP A,LEU,mapped_exact_normalized,CENTRUS ENERGY CORP,current_mapping_row,SEC company_tickers_exchange,,,1.0,
USA,CLARUS CORPORATION,CLAR,mapped_exact_normalized,Clarus Corp,current_mapping_row,SEC company_tickers_exchange,,,1.0,
USA,CLEAR SECURE A,YOU,mapped_exact_normalized,"Clear Secure, Inc.",current_mapping_row,SEC company_tickers_exchange,,,1.0,
USA,CORE & MAIN A,CNM,mapped_exact_normalized,"Core & Main, Inc.",current_mapping_row,SEC company_tickers_exchange,,,1.0,
USA,COUCHBASE,,needs_review,,current_mapping_row,,,,0.0,
USA,COURSERA,COUR,mapped_exact_normalized,"Coursera, Inc.",current_mapping_row,SEC company_tickers_exchange,,,1.0,
USA,CRA INTERNATIONAL,CRAI,mapped_exact_normalized,"CRA INTERNATIONAL, INC.",current_mapping_row,SEC company_tickers_exchange,,,1.0,
USA,CRICUT A,CRCT,mapped_exact_normalized,"Cricut, Inc.",current_mapping_row,SEC company_tickers_exchange,,,1.0,
USA,DIGITALOCEAN HOLDINGS,DOCN,mapped_exact_normalized,"DigitalOcean Holdings, Inc.",current_mapping_row,SEC company_tickers_exchange,,,1.0,
USA,DOMA HOLDINGS,,needs_review,,current_mapping_row,,,,0.0,
USA,DREAM FINDERS HOMES A,DFH,mapped_exact_normalized,"Dream Finders Homes, Inc.",current_mapping_row,SEC company_tickers_exchange,,,1.0,
USA,DUCKHORN PORTFOLIO,,needs_review,,current_mapping_row,,,,0.0,
USA,DUN & BRADSTREET HLDGS,,needs_review,,current_mapping_row,,,,0.0,
USA,DUOLINGO A,DUOL,mapped_exact_normalized,"Duolingo, Inc.",current_mapping_row,SEC company_tickers_exchange,,,1.0,
USA,ENOVIX,ENVX,mapped_exact_normalized,Enovix Corp,current_mapping_row,SEC company_tickers_exchange,,,1.0,
USA,EUROPEAN WAX CENTER A,EWCZ,mapped_exact_normalized,"European Wax Center, Inc.",current_mapping_row,SEC company_tickers_exchange,,,1.0,
USA,EVOLV TECH HLDGS A,,needs_review,,current_mapping_row,,,,0.0,
USA,FARADAY A,,needs_review,,current_mapping_row,,,,0.0,
USA,FIGS A,FIGS,mapped_exact_normalized,"FIGS, Inc.",current_mapping_row,SEC company_tickers_exchange,,,1.0,
USA,FIRST ADVANTAGE,FA,mapped_exact_normalized,FIRST ADVANTAGE CORP,current_mapping_row,SEC company_tickers_exchange,,,1.0,
USA,FRONTIER GROUP HOLDINGS,ULCC,mapped_exact_normalized,"Frontier Group Holdings, Inc.",current_mapping_row,SEC company_tickers_exchange,,,1.0,
USA,GULFPORT ENERGY,GPOR,mapped_exact_normalized,GULFPORT ENERGY CORP,current_mapping_row,SEC company_tickers_exchange,,,1.0,
USA,HAYWARD HLDGS,,needs_review,,current_mapping_row,,,,0.0,
USA,HESS MIDSTREAM A,HESM,mapped_exact_normalized,Hess Midstream LP,current_mapping_row,SEC company_tickers_exchange,,,1.0,
USA,HILLMAN SOLUTIONS,HLMN,mapped_exact_normalized,Hillman Solutions Corp.,current_mapping_row,SEC company_tickers_exchange,,,1.0,
USA,HIPPO HOLDINGS,HIPO,mapped_exact_normalized,Hippo Holdings Inc.,current_mapping_row,SEC company_tickers_exchange,,,1.0,
USA,IDEAYA BIOSCIENCES,IDYA,mapped_exact_normalized,"IDEAYA Biosciences, Inc.",current_mapping_row,SEC company_tickers_exchange,,,1.0,
USA,IMAGO BIOSCIENCES,,needs_review,,current_mapping_row,,,,0.0,
USA,INTAPP,INTA,mapped_exact_normalized,"Intapp, Inc.",current_mapping_row,SEC company_tickers_exchange,,,1.0,
USA,JANUS INTERNATIONAL A,JBI,mapped_exact_normalized,"Janus International Group, Inc.",current_mapping_row,SEC company_tickers_exchange,,,1.0,
USA,KNOWBE4 A,,needs_review,,current_mapping_row,,,,0.0,
USA,KRISPY KREME,DNUT,mapped_exact_normalized,"Krispy Kreme, Inc.",current_mapping_row,SEC company_tickers_exchange,,,1.0,
USA,LATCH A,LTCH,mapped_exact_normalized,"Latch, Inc.",current_mapping_row,SEC company_tickers_exchange,,,1.0,
USA,LIQUIDITY SERVICES INC,LQDT,mapped_exact_normalized,LIQUIDITY SERVICES INC,current_mapping_row,SEC company_tickers_exchange,,,1.0,
USA,MAXCYTE (US),MXCT,mapped_exact_normalized,"MAXCYTE, INC.",current_mapping_row,SEC company_tickers_exchange,,,1.0,
USA,MEMBERSHIP CLTV GRP A,,needs_review,,current_mapping_row,,,,0.0,
USA,MERIDIANLINK,,needs_review,,current_mapping_row,,,,0.0,
USA,METROPOLITAN BANK HLDG,,needs_review,,current_mapping_row,,,,0.0,
USA,MISTER CAR WASH,MCW,mapped_exact_normalized,"Mister Car Wash, Inc.",current_mapping_row,SEC company_tickers_exchange,,,1.0,
USA,NOBLE,NE,mapped_exact_normalized,Noble Corp plc,current_mapping_row,SEC company_tickers_exchange,,,1.0,
USA,OLO A,,needs_review,,current_mapping_row,,,,0.0,
USA,OPORTUN FINANCIAL,OPRT,mapped_exact_normalized,Oportun Financial Corp,current_mapping_row,SEC company_tickers_exchange,,,1.0,
USA,ORIGIN MATERIALS,ORGN,mapped_exact_normalized,"Origin Materials, Inc.",current_mapping_row,SEC company_tickers_exchange,,,1.0,
USA,ORIGINAL BARK CO (THE) A,,needs_review,,current_mapping_row,,,,0.0,
USA,OSCAR HEALTH A,OSCR,mapped_exact_normalized,"Oscar Health, Inc.",current_mapping_row,SEC company_tickers_exchange,,,1.0,
USA,PAYMENTUS HOLDINGS A,PAY,mapped_exact_normalized,"Paymentus Holdings, Inc.",current_mapping_row,SEC company_tickers_exchange,,,1.0,
USA,PAYONEER GLOBAL,PAYO,mapped_exact_normalized,Payoneer Global Inc.,current_mapping_row,SEC company_tickers_exchange,,,1.0,
USA,PERELLA WEINBERG A,,needs_review,,current_mapping_row,,,,0.0,
USA,PHILLIPS EDISON & CO,PECO,mapped_exact_normalized,"Phillips Edison & Company, Inc.",current_mapping_row,SEC company_tickers_exchange,,,1.0,
USA,PLYMOUTH INDL REIT,,needs_review,,current_mapping_row,,,,0.0,
USA,POINT BIOPHARMA GLOBAL,,needs_review,,current_mapping_row,,,,0.0,
USA,POWERSCHOOL HOLDINGS A,,needs_review,,current_mapping_row,,,,0.0,
USA,PRIVIA HEALTH GRP,,needs_review,,current_mapping_row,,,,0.0,
USA,PROMETHEUS BIOSCIENCES,,needs_review,,current_mapping_row,,,,0.0,
USA,PURECYCLE TECHNOLOGIES A,PCT,mapped_exact_normalized,"PureCycle Technologies, Inc.",current_mapping_row,SEC company_tickers_exchange,,,1.0,
USA,RECURSION PHARMA A,,needs_review,,current_mapping_row,,,,0.0,
USA,ROCKET LAB USA,,needs_review,,current_mapping_row,,,,0.0,
USA,ROCKLEY PHOTONICS HLDGS,,needs_review,,current_mapping_row,,,,0.0,
USA,ROVER GROUP A,,needs_review,,current_mapping_row,,,,0.0,
USA,RYAN SPECIALTY GROUP A,RYAN,mapped_exact_normalized,"RYAN SPECIALTY HOLDINGS, INC.",current_mapping_row,SEC company_tickers_exchange,,,1.0,
USA,SEMA4 HOLDINGS A,,needs_review,,current_mapping_row,,,,0.0,
USA,SNAP ONE HOLDINGS,,needs_review,,current_mapping_row,,,,0.0,
USA,SPRINKLR A,CXM,mapped_exact_normalized,"Sprinklr, Inc.",current_mapping_row,SEC company_tickers_exchange,,,1.0,
USA,STAGWELL A,STGW,mapped_exact_normalized,Stagwell Inc,current_mapping_row,SEC company_tickers_exchange,,,1.0,
USA,SUN COUNTRY AIRLINES,,needs_review,,current_mapping_row,,,,0.0,
USA,THRYV HOLDINGS,THRY,mapped_exact_normalized,"Thryv Holdings, Inc.",current_mapping_row,SEC company_tickers_exchange,,,1.0,
USA,TREACE MEDICAL CONCEPTS,TMCI,mapped_exact_normalized,"TREACE MEDICAL CONCEPTS, INC.",current_mapping_row,SEC company_tickers_exchange,,,1.0,
USA,TUSIMPLE HOLDINGS A,TSPH,mapped_exact_normalized,TuSimple Holdings Inc.,current_mapping_row,SEC company_tickers_exchange,,,1.0,
USA,URANIUM ENERGY,UEC,mapped_exact_normalized,URANIUM ENERGY CORP,current_mapping_row,SEC company_tickers_exchange,,,1.0,
USA,VALARIS,VAL,mapped_exact_normalized,Valaris Ltd,current_mapping_row,SEC company_tickers_exchange,,,1.0,
USA,VERVE THERAPEUTICS,,needs_review,,current_mapping_row,,,,0.0,
USA,VINCO VENTURES,,needs_review,,current_mapping_row,,,,0.0,
USA,VINE ENERGY A,,needs_review,,current_mapping_row,,,,0.0,
USA,VOLTA A,,needs_review,,current_mapping_row,,,,0.0,
USA,WEBER A,,needs_review,,current_mapping_row,,,,0.0,
USA,WHEELS UP EXPERIENCE A,UP,mapped_exact_normalized,Wheels Up Experience Inc.,current_mapping_row,SEC company_tickers_exchange,,,1.0,
USA,WM TECHNOLOGY A,MAPS,mapped_exact_normalized,"WM TECHNOLOGY, INC.",current_mapping_row,SEC company_tickers_exchange,,,1.0,
USA,XOMETRY A,XMTR,mapped_exact_normalized,"Xometry, Inc.",current_mapping_row,SEC company_tickers_exchange,,,1.0,
USA,ATERIAN,ATER,mapped_exact_normalized,"Aterian, Inc.",current_mapping_row,SEC company_tickers_exchange,,,1.0,
USA,ONTRAK,,needs_review,,current_mapping_row,,,,0.0,
USA,SPECTRUM PHARMACEUTICALS,,needs_review,,current_mapping_row,,,,0.0,
USA,THERAPEUTICSMD,TXMD,mapped_exact_normalized,"TherapeuticsMD, Inc.",current_mapping_row,SEC company_tickers_exchange,,,1.0,
TAIWAN,91APP,6741,mapped_exact_normalized,91APP Inc.,current_mapping_row,FinLab company_basic_info:公司名稱,,,1.0,
TAIWAN,ADVANCED ENERGY SOLUTION,6781,verified_tw_current_round7,"Advanced Energy Solution Holding Co., Ltd.",current_mapping_row,"Round7 current-code discovery: Yahoo Finance search matched `Advanced Energy Solution Holding Co., Ltd.`/6781.TW; code exists in TWSE/TPEx/FinLab Taiwan reference universe. Local refs: AES Holding Co. Ltd. | AES Holding Co., Ltd. | AES-KY",,,1.0000,
TAIWAN,T3EX GLOBAL HOLDINGS,2636,verified_tw_historical_round7,T3EX Global Holdings Corp.,current_mapping_row,Round7 official historical delisted source: TPEx EN deListed official delist_date=2016-12-22,,,1.0000,
TAIWAN,ATEN INTERNATIONAL,6277,verified_tw_current_round7,"Aten International Co., Ltd",current_mapping_row,"Round7 current-code discovery: Yahoo Finance search matched `Aten International Co., Ltd`/6277.TW; code exists in TWSE/TPEx/FinLab Taiwan reference universe. Local refs: ATEN | 宏正 | 宏正自動科技股份有限公司",,,1.0000,
TAIWAN,CHC RESOURCES CORP,9930,verified_tw_current_round7,CHC Resources Corporation,current_mapping_row,Round7 current-code discovery: Yahoo Finance search matched `CHC Resources Corporation`/9930.TW; code exists in TWSE/TPEx/FinLab Taiwan reference universe. Local refs: CHC | 中聯資源 | 中聯資源股份有限公司,,,1.0000,
TAIWAN,DARWIN PRECISIONS CORP,6120,verified_tw_reference_fuzzy,DARWIN,current_mapping_row,FinLab company_basic_info:英文簡稱,,,0.9253,
TAIWAN,FLYTECH TECHNOLOGY CO,6206,verified_tw_reference_fuzzy,FLYTECH,current_mapping_row,FinLab company_basic_info:英文簡稱,,,0.9289,
TAIWAN,HUNG SHENG CONSTRUCTION,2534,verified_tw_current_round7,"Hung Sheng Construction Co., Ltd.",current_mapping_row,"Round7 current-code discovery: Yahoo Finance search matched `Hung Sheng Construction Co., Ltd.`/2534.TW; code exists in TWSE/TPEx/FinLab Taiwan reference universe. Local refs: HSC | 宏盛 | 宏盛建設股份有限公司",,,1.0000,
TAIWAN,IEI INTEGRATION CORP,3022,verified_tw_current_round7,IEI Integration Corp.,current_mapping_row,Round7 current-code discovery: Yahoo Finance search matched `IEI Integration Corp.`/3022.TW; code exists in TWSE/TPEx/FinLab Taiwan reference universe. Local refs: IEI | 威強電 | 威強電工業電腦股份有限公司,,,1.0000,
TAIWAN,LEALEA ENTERPRISE,1444,verified_tw_reference_fuzzy,LEALEA,current_mapping_row,FinLab company_basic_info:英文簡稱,,,0.9253,
TAIWAN,RADIUM LIFE TECH CORP,2547,verified_tw_reference_fuzzy,RADIUM,current_mapping_row,FinLab company_basic_info:英文簡稱,,,0.9275,
TAIWAN,RECHI PRECISION CO,4532,verified_tw_reference_fuzzy,RECHI,current_mapping_row,FinLab company_basic_info:英文簡稱,,,0.9233,
TAIWAN,SHINING BLDG BUSINESS,5531,verified_tw_reference_fuzzy,Shining,current_mapping_row,FinLab company_basic_info:英文簡稱,,,0.9233,
TAIWAN,TEST-RITE INTERNATIONAL,2908,verified_tw_reference_fuzzy,Test Rite,current_mapping_row,FinLab company_basic_info:英文簡稱,,,0.9291,
USA,ADMA BIOLOGICS,ADMA,mapped_exact_normalized,"ADMA BIOLOGICS, INC.",current_mapping_row,SEC company_tickers_exchange,,,1.0,
USA,AEROVATE THERAPEUTICS,,needs_review,,current_mapping_row,,,,0.0,
USA,ALLIED MOTION TECH,,needs_review,,current_mapping_row,,,,0.0,
USA,ARCELLX,,needs_review,,current_mapping_row,,,,0.0,
USA,AURORA INNOVATION A,AUR,mapped_exact_normalized,"Aurora Innovation, Inc.",current_mapping_row,SEC company_tickers_exchange,,,1.0,
USA,BUSINESS FIRST BANCSHS,,needs_review,,current_mapping_row,,,,0.0,
USA,CAMBRIDGE BANCORP,,needs_review,,current_mapping_row,,,,0.0,
USA,COASTAL FINANCIAL,CCB,mapped_exact_normalized,COASTAL FINANCIAL CORP,current_mapping_row,SEC company_tickers_exchange,,,1.0,
USA,COGENT BIOSCIENCES,COGT,mapped_exact_normalized,"Cogent Biosciences, Inc.",current_mapping_row,SEC company_tickers_exchange,,,1.0,
USA,COVENANT LOGISTICS GRP A,,needs_review,,current_mapping_row,,,,0.0,
USA,CTI BIOPHARMA CORP,,needs_review,,current_mapping_row,,,,0.0,
USA,DIAMOND OFFSHORE,,needs_review,,current_mapping_row,,,,0.0,
USA,DOXIMITY A,DOCS,mapped_exact_normalized,"Doximity, Inc.",current_mapping_row,SEC company_tickers_exchange,,,1.0,
USA,EXCELERATE ENERGY A,EE,mapped_exact_normalized,"Excelerate Energy, Inc.",current_mapping_row,SEC company_tickers_exchange,,,1.0,
USA,FIRST WATCH RESTAURANT,FWRG,mapped_exact_normalized,"First Watch Restaurant Group, Inc.",current_mapping_row,SEC company_tickers_exchange,,,1.0,
USA,FIVE STAR BANCORP,FSBC,mapped_exact_normalized,FIVE STAR BANCORP,current_mapping_row,SEC company_tickers_exchange,,,1.0,
USA,FLUENCE ENERGY A,FLNC,mapped_exact_normalized,"Fluence Energy, Inc.",current_mapping_row,SEC company_tickers_exchange,,,1.0,
USA,FORGEROCK A,,needs_review,,current_mapping_row,,,,0.0,
USA,HBT FINANCIAL,HBT,mapped_exact_normalized,"HBT Financial, Inc.",current_mapping_row,SEC company_tickers_exchange,,,1.0,
USA,JOBY AVIATION,JOBY,mapped_exact_normalized,"Joby Aviation, Inc.",current_mapping_row,SEC company_tickers_exchange,,,1.0,
USA,KURA SUSHI USA A,KRUS,mapped_exact_normalized,"KURA SUSHI USA, INC.",current_mapping_row,SEC company_tickers_exchange,,,1.0,
USA,METROCITY BANKSHARES,MCBS,mapped_exact_normalized,"MetroCity Bankshares, Inc.",current_mapping_row,SEC company_tickers_exchange,,,1.0,
USA,NUVALENT A,NUVL,mapped_exact_normalized,"Nuvalent, Inc.",current_mapping_row,SEC company_tickers_exchange,,,1.0,
USA,PROKIDNEY A,PROK,mapped_exact_normalized,PROKIDNEY CORP.,current_mapping_row,SEC company_tickers_exchange,,,1.0,
USA,QUANTUMSCAPE CORP A,QS,mapped_exact_normalized,QuantumScape Corp,current_mapping_row,SEC company_tickers_exchange,,,1.0,
USA,SOUTH PLAINS FINANCIAL,SPFI,mapped_exact_normalized,"SOUTH PLAINS FINANCIAL, INC.",current_mapping_row,SEC company_tickers_exchange,,,1.0,
USA,STH MISSOURI BANCORP,,needs_review,,current_mapping_row,,,,0.0,
USA,SWEETGREEN A,SG,mapped_exact_normalized,"Sweetgreen, Inc.",current_mapping_row,SEC company_tickers_exchange,,,1.0,
USA,TARSUS PHARMA,,needs_review,,current_mapping_row,,,,0.0,
USA,TRANSCAT,TRNS,mapped_exact_normalized,TRANSCAT INC,current_mapping_row,SEC company_tickers_exchange,,,1.0,
USA,UFP TECHNOLOGIES,UFPT,mapped_exact_normalized,UFP TECHNOLOGIES INC,current_mapping_row,SEC company_tickers_exchange,,,1.0,
USA,VITA COCO,COCO,mapped_exact_normalized,"Vita Coco Company, Inc.",current_mapping_row,SEC company_tickers_exchange,,,1.0,
USA,WESTROCK COFFEE,WEST,mapped_exact_normalized,Westrock Coffee Co,current_mapping_row,SEC company_tickers_exchange,,,1.0,
USA,XPONENTIAL FITNESS A,XPOF,mapped_exact_normalized,"Xponential Fitness, Inc.",current_mapping_row,SEC company_tickers_exchange,,,1.0,
USA,FRANKLIN STREET PPTYS,,needs_review,,current_mapping_row,,,,0.0,
USA,GLATFELTER,,needs_review,,current_mapping_row,,,,0.0,
USA,LATCH,LTCH,mapped_exact_normalized,"Latch, Inc.",current_mapping_row,SEC company_tickers_exchange,,,1.0,
USA,LL FLOORING,,needs_review,,current_mapping_row,,,,0.0,
USA,LOYALTY VENTURES,,needs_review,,current_mapping_row,,,,0.0,
USA,MCEWEN MINING,,needs_review,,current_mapping_row,,,,0.0,
USA,QUOTIENT TECHNOLOGY,,needs_review,,current_mapping_row,,,,0.0,
USA,TRUECAR,,needs_review,,current_mapping_row,,,,0.0,
USA,UNIVERSAL ELECTRONICS,UEIC,mapped_exact_normalized,UNIVERSAL ELECTRONICS INC,current_mapping_row,SEC company_tickers_exchange,,,1.0,
USA,ZIMVIE,,needs_review,,current_mapping_row,,,,0.0,
TAIWAN,BORA PHARMACEUTICALS,6472,verified_tw_historical_round7,"Bora Pharmaceuticals Co., Ltd.",current_mapping_row,Round7 official historical delisted source: TPEx EN deListed official delist_date=2023-12-19,,,1.0000,
TAIWAN,DELPHA CONSTRUCTION,2530,verified_tw_reference_fuzzy,DELPHA,current_mapping_row,FinLab company_basic_info:英文簡稱,,,0.9216,
TAIWAN,SAKURA DEVELOPMENT,2539,verified_tw_current_round7,"Sakura Development Co.,Ltd",current_mapping_row,"Round7 current-code discovery: Yahoo Finance search matched `Sakura Development Co.,Ltd`/2539.TW; code exists in TWSE/TPEx/FinLab Taiwan reference universe. Local refs: SAKURAD | 櫻花建 | 櫻花建設股份有限公司",,,1.0000,
TAIWAN,VISERA TECHNOLOGIES,6789,verified_tw_reference_fuzzy,VisEra,current_mapping_row,FinLab company_basic_info:英文簡稱,,,0.9216,
TAIWAN,AMTRAN TECHNOLOGY CO,2489,verified_tw_reference_fuzzy,AMTRAN,current_mapping_row,FinLab company_basic_info:英文簡稱,,,0.9253,
USA,APOGEE THERAPEUTICS,APGE,mapped_exact_normalized,"Apogee Therapeutics, Inc.",current_mapping_row,SEC company_tickers_exchange,,,1.0,
USA,CAVA GROUP,CAVA,mapped_exact_normalized,"CAVA GROUP, INC.",current_mapping_row,SEC company_tickers_exchange,,,1.0,
USA,DAILY JOURNAL CORP,DJCO,mapped_exact_normalized,DAILY JOURNAL CORP,current_mapping_row,SEC company_tickers_exchange,,,1.0,
USA,EDGEWISE THERAPEUTICS,EWTX,mapped_exact_normalized,"Edgewise Therapeutics, Inc.",current_mapping_row,SEC company_tickers_exchange,,,1.0,
USA,HIGHPEAK ENERGY,HPK,mapped_exact_normalized,"HighPeak Energy, Inc.",current_mapping_row,SEC company_tickers_exchange,,,1.0,
USA,HUDSON TECHNOLOGIES,HDSN,mapped_exact_normalized,"Hudson Technologies, Inc. - Common Stock",current_mapping_row,NasdaqTrader nasdaqlisted,,,1.0,
USA,KODIAK GAS SERVICES,KGS,mapped_exact_normalized,"Kodiak Gas Services, Inc.",current_mapping_row,SEC company_tickers_exchange,,,1.0,
USA,LIBERTY LIVE A,LLYVA,mapped_exact_normalized,"Liberty Live Holdings, Inc.",current_mapping_row,SEC company_tickers_exchange,,,1.0,
USA,LSI INDUSTRIES,LYTS,mapped_exact_normalized,LSI INDUSTRIES INC,current_mapping_row,SEC company_tickers_exchange,,,1.0,
USA,SOLENO THERAPEUTICS,SLNO,mapped_exact_normalized,SOLENO THERAPEUTICS INC,current_mapping_row,SEC company_tickers_exchange,,,1.0,
USA,TABOOLA.COM,TBLA,mapped_exact_normalized,Taboola.com Ltd.,current_mapping_row,SEC company_tickers_exchange,,,1.0,
USA,2SEVENTY BIO,,needs_review,,current_mapping_row,,,,0.0,
USA,AARONS COMPANY (THE),,needs_review,,current_mapping_row,,,,0.0,
USA,AMERICAN VANGUARD CORP,AVD,mapped_exact_normalized,AMERICAN VANGUARD CORP,current_mapping_row,SEC company_tickers_exchange,,,1.0,
USA,ANGIODYNAMICS,ANGO,mapped_exact_normalized,ANGIODYNAMICS INC,current_mapping_row,SEC company_tickers_exchange,,,1.0,
USA,EL POLLO LOCO HOLDINGS,LOCO,mapped_exact_normalized,"El Pollo Loco Holdings, Inc.",current_mapping_row,SEC company_tickers_exchange,,,1.0,
USA,ENANTA PHARMACEUTICALS,ENTA,mapped_exact_normalized,ENANTA PHARMACEUTICALS INC,current_mapping_row,SEC company_tickers_exchange,,,1.0,
USA,OFFICE PPTYS INCOME,,needs_review,,current_mapping_row,,,,0.0,
USA,ORION OFFICE REIT,,needs_review,,current_mapping_row,,,,0.0,
USA,PETMED EXPRESS,PETS,mapped_exact_normalized,PETMED EXPRESS INC,current_mapping_row,SEC company_tickers_exchange,,,1.0,
USA,RE MAX HOLDINGS A,RMAX,mapped_exact_normalized,"RE/MAX Holdings, Inc.",current_mapping_row,SEC company_tickers_exchange,,,1.0,
USA,SOUNDTHINKING,SSTI,mapped_exact_normalized,"SOUNDTHINKING, INC.",current_mapping_row,SEC company_tickers_exchange,,,1.0,
USA,TRINSEO,TSEOF,mapped_exact_normalized,Trinseo PLC,current_mapping_row,SEC company_tickers_exchange,,,1.0,
TAIWAN,JSL CONSTRUCTION & DEV,2540,verified_tw_current_round7,"JSL Construction & Development Co., Ltd.",current_mapping_row,"Round7 current-code discovery: Yahoo Finance search matched `JSL Construction & Development Co., Ltd.`/2540.TW; code exists in TWSE/TPEx/FinLab Taiwan reference universe. Local refs: JSL | 愛山林 | 愛山林建設開發股份有限公司",,,1.0000,
TAIWAN,NORTH STAR INTERNATIONAL,8927,verified_tw_current_round7,"North-Star International Co., LTD.",current_mapping_row,"Round7 current-code discovery: Yahoo Finance search matched `North-Star International Co., LTD.`/8927.TWO; code exists in TWSE/TPEx/FinLab Taiwan reference universe. Local refs: Pei Chi | 北基 | 北基國際股份有限公司",,,1.0000,
USA,ARRIVENT BIOPHARMA,AVBP,mapped_exact_normalized,"ArriVent BioPharma, Inc.",current_mapping_row,SEC company_tickers_exchange,,,1.0,
USA,CALUMET,CLMT,mapped_exact_normalized,"Calumet, Inc - Common Stock",current_mapping_row,NasdaqTrader nasdaqlisted,,,1.0,
USA,COMPOSECURE A,,needs_review,,current_mapping_row,,,,0.0,
USA,CONCENTRA GRP HLDGS,,needs_review,,current_mapping_row,,,,0.0,
USA,EOS ENERGY ENTERPRISES A,EOSE,mapped_exact_normalized,"Eos Energy Enterprises, Inc.",current_mapping_row,SEC company_tickers_exchange,,,1.0,
USA,GRINDR,GRND,mapped_exact_normalized,Grindr Inc.,current_mapping_row,SEC company_tickers_exchange,,,1.0,
USA,LANDBRIDGE CO LLC,LB,mapped_exact_normalized,LandBridge Co LLC,current_mapping_row,SEC company_tickers_exchange,,,1.0,
USA,LIFE360 (US),LIF,mapped_exact_normalized,"Life360, Inc.",current_mapping_row,SEC company_tickers_exchange,,,1.0,
USA,NORTHEAST BANK,NBN,mapped_exact_normalized,Northeast Bank - Common Stock,current_mapping_row,NasdaqTrader nasdaqlisted,,,1.0,
USA,ONESTREAM A,,needs_review,,current_mapping_row,,,,0.0,
USA,ORRSTOWN FINL SERVICES,,needs_review,,current_mapping_row,,,,0.0,
USA,QXO,QXO,mapped_exact_normalized,"QXO, Inc.",current_mapping_row,SEC company_tickers_exchange,,,1.0,
USA,SEZZLE (US),SEZL,mapped_exact_normalized,Sezzle Inc.,current_mapping_row,SEC company_tickers_exchange,,,1.0,
USA,TALEN ENERGY,TLN,mapped_exact_normalized,Talen Energy Corp,current_mapping_row,SEC company_tickers_exchange,,,1.0,
USA,WAYSTAR HOLDING CORP,WAY,mapped_exact_normalized,Waystar Holding Corp.,current_mapping_row,SEC company_tickers_exchange,,,1.0,
USA,WILLIS LEASE FINANCE,WLFC,mapped_exact_normalized,WILLIS LEASE FINANCE CORP,current_mapping_row,SEC company_tickers_exchange,,,1.0,
USA,WNS HOLDINGS,,needs_review,,current_mapping_row,,,,0.0,
USA,ALLIENT,ALNT,mapped_exact_normalized,ALLIENT INC,current_mapping_row,SEC company_tickers_exchange,,,1.0,
USA,AMC NETWORKS A,,needs_review,,current_mapping_row,,,,0.0,
USA,DENNY'S CORP,,needs_review,,current_mapping_row,,,,0.0,
USA,DSW,,needs_review,,current_mapping_row,,,,0.0,
USA,ENHABIT,EHAB,mapped_exact_normalized,"Enhabit, Inc.",current_mapping_row,SEC company_tickers_exchange,,,1.0,
USA,MANITOWOC CO (NEW),MTW,mapped_exact_normalized,MANITOWOC CO INC,current_mapping_row,SEC company_tickers_exchange,,,1.0,
USA,METHODE ELECTRONICS,MEI,mapped_exact_normalized,METHODE ELECTRONICS INC,current_mapping_row,SEC company_tickers_exchange,,,1.0,
USA,NU SKIN ENTERPRISES A,NUS,mapped_exact_normalized,"NU SKIN ENTERPRISES, INC.",current_mapping_row,SEC company_tickers_exchange,,,1.0,
TAIWAN,APEX DYNAMICS,4583,verified_tw_current_round7,"Apex Dynamics, Inc.",current_mapping_row,"Round7 current-code discovery: Yahoo Finance search matched `Apex Dynamics, Inc.`/4583.TW; code exists in TWSE/TPEx/FinLab Taiwan reference universe. Local refs: APEXDYNA | 台灣精銳 | 台灣精銳科技股份有限公司",,,1.0000,
TAIWAN,DAXIN MATERIALS,5234,verified_tw_reference_fuzzy,DAXIN,current_mapping_row,FinLab company_basic_info:英文簡稱,,,0.9233,
TAIWAN,LAI YIH FOOTWARE,6890,verified_tw_reference_fuzzy,Lai Yih,current_mapping_row,FinLab company_basic_info:英文簡稱,,,0.9337,
TAIWAN,BAFANG YUNJI INTL,2753,verified_tw_reference_fuzzy,Bafang,current_mapping_row,FinLab company_basic_info:英文簡稱,,,0.9253,
TAIWAN,HOLTEK SEMICONDUCTOR,6202,verified_tw_reference_fuzzy,HOLTEK,current_mapping_row,FinLab company_basic_info:英文簡稱,,,0.92,
TAIWAN,TAIGEN BIOPHARMACEUTICAL,4157,verified_tw_reference_fuzzy,TAIGEN,current_mapping_row,FinLab company_basic_info:英文簡稱,,,0.915,
TAIWAN,YC INOX CO,2034,verified_tw_current_round7,"YC Inox Co.,Ltd",current_mapping_row,"Round7 current-code discovery: Yahoo Finance search matched `YC Inox Co.,Ltd`/2034.TW; code exists in TWSE/TPEx/FinLab Taiwan reference universe. Local refs: YC | 允強 | 允強實業股份有限公司",,,1.0000,
USA,ACCELERANT HLDNGS A,,needs_review,,current_mapping_row,,,,0.0,
USA,ASP ISOTOPES,ASPI,mapped_exact_normalized,ASP Isotopes Inc.,current_mapping_row,SEC company_tickers_exchange,,,1.0,
USA,BETTER HOME & FIN HLDG A,,needs_review,,current_mapping_row,,,,0.0,
USA,BICARA THERAPEUTICS,BCAX,mapped_exact_normalized,Bicara Therapeutics Inc.,current_mapping_row,SEC company_tickers_exchange,,,1.0,
USA,CELCUITY,CELC,mapped_exact_normalized,Celcuity Inc.,current_mapping_row,SEC company_tickers_exchange,,,1.0,
USA,EIGHTCO HLDG,,needs_review,,current_mapping_row,,,,0.0,
USA,HEARTFLOW,HTFL,mapped_exact_normalized,"Heartflow, Inc.",current_mapping_row,SEC company_tickers_exchange,,,1.0,
USA,KESTRA MEDICAL TECH,,needs_review,,current_mapping_row,,,,0.0,
USA,MCEWEN,MUX,mapped_exact_normalized,McEwen Inc.,current_mapping_row,SEC company_tickers_exchange,,,1.0,
USA,MIAMI INTL HLDGS,,needs_review,,current_mapping_row,,,,0.0,
USA,NIOCORP DEVELOPMENTS(US),NB,mapped_exact_normalized,NIOCORP DEVELOPMENTS LTD,current_mapping_row,SEC company_tickers_exchange,,,1.0,
USA,NIQ GLOBAL INTELLIGENCE,NIQ,mapped_exact_normalized,NIQ Global Intelligence plc,current_mapping_row,SEC company_tickers_exchange,,,1.0,
USA,ONDAS HOLDINGS,ONDS,mapped_exact_normalized,Ondas Inc.,current_mapping_row,SEC company_tickers_exchange,,,1.0,
USA,ORUKA THERAPEUTICS,ORKA,mapped_exact_normalized,"Oruka Therapeutics, Inc.",current_mapping_row,SEC company_tickers_exchange,,,1.0,
USA,PALVELLA THERAPEUTICS,PVLA,mapped_exact_normalized,"PALVELLA THERAPEUTICS, INC.",current_mapping_row,SEC company_tickers_exchange,,,1.0,
USA,RICHTECH ROBOTICS B,RR,mapped_exact_normalized,RICHTECH ROBOTICS INC.,current_mapping_row,SEC company_tickers_exchange,,,1.0,
USA,SERVICETITAN A,TTAN,mapped_exact_normalized,"ServiceTitan, Inc.",current_mapping_row,SEC company_tickers_exchange,,,1.0,
USA,SLIDE INSURANCE HOLDINGS,SLDE,mapped_exact_normalized,"Slide Insurance Holdings, Inc.",current_mapping_row,SEC company_tickers_exchange,,,1.0,
USA,T1 ENERGY,TE,mapped_exact_normalized,T1 Energy Inc.,current_mapping_row,SEC company_tickers_exchange,,,1.0,
USA,TRILOGY METALS(US),TMQ,mapped_exact_normalized,Trilogy Metals Inc.,current_mapping_row,SEC company_tickers_exchange,,,1.0,
USA,U-HAUL HOLDING,UHAL,mapped_exact_normalized,U-Haul Holding Co /NV/,current_mapping_row,SEC company_tickers_exchange,,,1.0,
USA,UNITED STATES ANTIMONY,UAMY,mapped_exact_normalized,UNITED STATES ANTIMONY CORP,current_mapping_row,SEC company_tickers_exchange,,,1.0,
USA,UPSTREAM BIO,UPB,mapped_exact_normalized,"Upstream Bio, Inc.",current_mapping_row,SEC company_tickers_exchange,,,1.0,
USA,VOYAGER TECH,,needs_review,,current_mapping_row,,,,0.0,
USA,ZENAS BIOPHARMA,ZBIO,mapped_exact_normalized,"Zenas BioPharma, Inc.",current_mapping_row,SEC company_tickers_exchange,,,1.0,
USA,ARKO CORP,ARKO,mapped_exact_normalized,ARKO Corp.,current_mapping_row,SEC company_tickers_exchange,,,1.0,
USA,ENNIS,EBF,mapped_exact_normalized,"ENNIS, INC.",current_mapping_row,SEC company_tickers_exchange,,,1.0,
USA,HELEN OF TROY,HELE,mapped_exact_normalized,HELEN OF TROY LTD,current_mapping_row,SEC company_tickers_exchange,,,1.0,
USA,MAGNERA,MAGN,mapped_exact_normalized,Magnera Corp,current_mapping_row,SEC company_tickers_exchange,,,1.0,
USA,NORTHFIELD BANCORP,NFBK,mapped_exact_normalized,"Northfield Bancorp, Inc.",current_mapping_row,SEC company_tickers_exchange,,,1.0,
USA,ONE LIBERTY PROPERTIES,OLP,mapped_exact_normalized,ONE LIBERTY PROPERTIES INC,current_mapping_row,SEC company_tickers_exchange,,,1.0,
USA,ORION,ORN,mapped_exact_normalized,Orion Group Holdings Inc,current_mapping_row,SEC company_tickers_exchange,,,1.0,
USA,SITE CENTERS CORP,SITC,mapped_exact_normalized,SITE Centers Corp.,current_mapping_row,SEC company_tickers_exchange,,,1.0,
USA,UNIVERSAL HEALTH REALTY,,needs_review,,current_mapping_row,,,,0.0,
USA,USANA HEALTH SCIENCES,USNA,mapped_exact_normalized,USANA HEALTH SCIENCES INC,current_mapping_row,SEC company_tickers_exchange,,,1.0,
USA,A,,needs_review,,current_mapping_row,,,,0.0,
TAIWAN,INTELLIGO TECHNOLOGY,7749,verified_tw_current_round7,INTELLIGO TECHNOLOGY INC,current_mapping_row,Round7 current-code discovery: Yahoo Finance search matched `INTELLIGO TECHNOLOGY INC`/7749.TW; code exists in TWSE/TPEx/FinLab Taiwan reference universe. Local refs: iGo-KY | 意騰-KY | 意騰科技股份有限公司,,,1.0000,
TAIWAN,MERCURIES & ASSOCIATES,2905,verified_tw_reference_fuzzy,MERCURIES,current_mapping_row,FinLab company_basic_info:英文簡稱,,,0.9275,
TAIWAN,PRINCE HOUSING DEV,2511,verified_tw_yahoo_google_round8,Prince Housing & Development Corp. / 太子,current_mapping_row,Round8 Yahoo Finance query: Prince Housing Development -> 2511.TW,,,0.99,
TAIWAN,SINYI REALTY CO,9940,verified_tw_reference_fuzzy,Sinyi,current_mapping_row,FinLab company_basic_info:英文簡稱,,,0.9317,
TAIWAN,SOFT-WORLD INTL CORP,5478,verified_tw_reference_fuzzy,SOFT-WORLD,current_mapping_row,FinLab company_basic_info:英文簡稱,,,0.9567,
USA,GANNETT CO,GCI,verified_us_web_high_confidence,"Gannett Co., Inc.",round2_us_web,https://www.sec.gov/cgi-bin/browse-edgar?CIK=GCI&action=getcompany&owner=exclude,,,0.95,"SEC EDGAR identifies GCI issuer, formerly Gannett Co.; annual report excerpt shows common stock GCI on NYSE."
USA,BRIGHTCOVE,BCOV,verified_us_web_high_confidence,Brightcove Inc.,round2_us_web,https://investor.brightcove.com/financial-information,,,0.98,Company IR earnings release states Brightcove Inc. (Nasdaq: BCOV); 10-K excerpt confirms common stock BCOV on Nasdaq.
USA,COMMSCOPE HOLDING CO,COMM,verified_us_web_high_confidence,"CommScope Holding Company, Inc.",round2_us_web,https://commscopeholdingcompanyinc.gcs-web.com/news-releases/news-release-details/commscope-reports-fourth-quarter-and-full-year-2024-results,,,0.98,"Company IR/SEC annual report identify CommScope Holding Company, Inc. ticker COMM on Nasdaq."
USA,CUTERA,CUTR,verified_us_web_high_confidence,"Cutera, Inc.",round2_us_web,https://ir.cutera.com/news-releases/news-release-details/cuterar-announces-second-quarter-2024-financial-results,,,0.98,"Company IR release states Cutera, Inc. (Nasdaq: CUTR); later 2025 restructuring/delisting explains current-data absence risk."
USA,CHARLES RIVER LABS INTL,CRL,verified_us_web_high_confidence,"Charles River Laboratories International, Inc.",round2_us_web,https://ir.criver.com/shareholder-services/investor-faqs,,,0.99,Company IR FAQ states it trades on NYSE under ticker symbol CRL.
USA,DICKS SPORTING GOODS,DKS,verified_us_web_high_confidence,"DICK'S Sporting Goods, Inc.",round2_us_web,https://investors.dicks.com/resources/investor-faqs/default.aspx,,,0.99,Company IR FAQ lists Exchange & Ticker as NYSE: DKS.
USA,CONTAINER STORE GROUP,TCS,verified_us_web_high_confidence,"The Container Store Group, Inc.",round2_us_web,https://investor.containerstore.com/investor-kit/default.aspx,,,0.97,Company IR page showed NYSE: TCS; 2024 10-K/IR materials corroborate.
USA,CHESAPEAKE ENERGY CORP,CHK,verified_us_web_high_confidence,Chesapeake Energy Corporation,round2_us_web,https://www.sec.gov/Archives/edgar/data/895126/000110465924052466/tm244499d2_ars.pdf,,,0.98,SEC annual report states common stock trading symbol CHK on Nasdaq; later merged into Expand Energy context should be handled historically.
USA,NUANCE COMMUNICATIONS,NUAN,verified_us_web_high_confidence,"Nuance Communications, Inc.",round2_us_web,https://www.sec.gov/Archives/edgar/data/1002517/000114036121017650/nt10023637x2_defm14a.htm,,,0.98,SEC merger proxy says Nuance common stock listed on Nasdaq under symbol NUAN; acquired by Microsoft and delisted after close.
USA,ZIONS BANCORP,ZION,verified_us_web_high_confidence,"Zions Bancorporation, N.A.",round2_us_web,https://www.sec.gov/cgi-bin/browse-edgar?CIK=ZION&action=getcompany&owner=exclude,,,0.95,SEC ticker lookup/issuer history supports ZION for Zions Bancorporation; MSCI abbreviation omits N.A.
USA,ALPHA NAT RESOURCES,ANR,verified_us_web_high_confidence,"Alpha Natural Resources, Inc.",round2_us_web,https://www.sec.gov/Archives/edgar/data/1301063/000130106315000048/anr8-k07x17x2015.htm,,,0.97,"SEC 8-K states NYSE commenced delisting proceedings for common stock symbol ANR, later OTC ANRZ."
USA,CHIMERIX,CMRX,verified_us_web_high_confidence,"Chimerix, Inc.",round2_us_web,https://ir.chimerix.com/?field_nir_sec_form_group_target_id%5B476%5D=476&field_nir_sec_date_filed_value=&items_per_page=50&promote=All&mobile=1&field_nir_event_start_date_value_2=now&sort_order=ASC&field_nir_event_start_date_value_1=-8%20hours&field_nir_sec_cik_target_id=&items_per_page_toggle=1&order=field_nir_sec_description&sort=asc&&&page=2%2C0%2C0,,,0.98,"Company IR FAQ states ticker CMRX, traded on Nasdaq Global Market; later Jazz acquisition noted separately."
USA,CELSIUS HLDGS,CELH,verified_us_web_high_confidence,"Celsius Holdings, Inc.",round2_us_web,https://ir.celsiusholdingsinc.com/overview/default.aspx,,,0.95,"Company IR overview confirms Celsius Holdings, Inc.; Nasdaq ticker CELH corroborated by current public listings/filings."
USA,FIRST HORIZON NATIONAL,FHN,verified_us_web_high_confidence,First Horizon National Corp. / First Horizon Corporation,round2_us_web,https://www.nasdaq.com/press-release/first-horizon-announces-parent-company-name-change-2020-11-20,,,0.98,Nasdaq-hosted company release states First Horizon National Corp. (NYSE: FHN) changed name to First Horizon Corporation; symbol remained FHN.
USA,ZOOMINFO TECH A,ZI,verified_us_web_high_confidence,ZoomInfo Technologies Inc.,round2_us_web,https://www.sec.gov/Archives/edgar/data/1794515/000179451524000211/zi-20231231.htm,,,0.98,"SEC 2023 10-K/A states common stock trading symbol ZI on Nasdaq; company later changed ticker to GTM in 2025/2026, so use historical ZI for MSCI events through 2023."
USA,CYMABAY THERAPEUTICS,CBAY,verified_us_web_high_confidence,"CymaBay Therapeutics, Inc.",round2_us_web,https://www.sec.gov/Archives/edgar/data/1042074/000119312524031185/d791540dex991.htm,,,0.98,"SEC exhibit/joint release states CymaBay Therapeutics, Inc. (Nasdaq: CBAY); acquisition by Gilead announced 2024."
USA,CONTINENTAL RESOURCES,CLR,verified_us_web_high_confidence,"Continental Resources, Inc.",round2_us_web,https://www.sec.gov/Archives/edgar/data/732834/000095017023018882/R18.htm,,,0.94,SEC filing documents 2022 take-private and NYSE delisting after transaction; historical ticker CLR supported by filing accession/taxonomy and issuer convention.
USA,COUPA SOFTWARE,COUP,verified_us_web_high_confidence,Coupa Software Incorporated,round2_us_web,https://www.sec.gov/Archives/edgar/data/1385867/000119312523054081/d455192d8k.htm,,,0.99,SEC 8-K lists common stock trading symbol COUP on Nasdaq and notes delisting after Thoma Bravo acquisition.
USA,SIGNATURE BANK,SBNY,verified_us_web_high_confidence,Signature Bank,round2_us_web,https://www.nasdaq.com/press-release/signature-bank-releases-2022-form-10-k-2023-03-02,,,0.96,Nasdaq-hosted company release states Signature Bank (Nasdaq: SBNY); FDIC source confirms March 2023 closure/receivership.
USA,COBALT INTERNATIONAL,CIE,needs_manual_review,"Cobalt International Energy, Inc.",round2_us_web,https://www.sec.gov/Archives/edgar/data/1471261/000156459018004275/cie-10k_20171231.htm,,,0.55,"Source confirms Cobalt International Energy, Inc. common stock on NYSE, but extracted source did not explicitly show trading symbol; mark needs_manual_review rather than apply."
TAIWAN,SINCERE NAVIGATION,2605,conflict,新興航運股份有限公司 / SNC,round3_taiwan_official,https://www.twse.com.tw/rwd/en/company/profile?stockNo=2605,FinLab company_basic_info:公司名稱 | FinLab company_basic_info:公司簡稱 | FinLab company_basic_info:英文簡稱 | TWSE OpenAPI t187ap03_L:公司名稱 | TWSE OpenAPI t187ap03_L:公司簡稱,,,Corrected prior fuzzy candidate.
TAIWAN,CHINA LIFE INSURANCE CO,,manual_review,,round3_taiwan_official,,,,,Historical ticker 2823; delisted/merged into CTBC Financial context. Needs point-in-time validation.
TAIWAN,EPISTAR CORP,,manual_review,,round3_taiwan_official,,,,,Historical ticker 2448; not in current FinLab/TWSE reference after LED sector restructuring / Ennostar context. Keep manual_review for point-in-time handling.
TAIWAN,EVERGREEN INTERNATIONAL,,manual_review,,round3_taiwan_official,,,,,Ambiguous Evergreen group naming; do not map without more evidence.
TAIWAN,INOTERA MEMORIES,,manual_review,,round3_taiwan_official,,,,,Historical ticker 3474; delisted after Micron acquisition. Not in current FinLab/TWSE reference.
TAIWAN,PHOENIXTEC POWER CO,,manual_review,,round3_taiwan_official,,,,,Likely historical 2418 Phihong/Phoenixtec naming issue; 2418 absent from current reference. Needs historical source.
TAIWAN,PRO MOS TECHNOLOGIES,,manual_review,,round3_taiwan_official,,,,,Historical ProMOS ticker 5387; absent from current FinLab/TWSE/TPEx reference. Needs historical source.
TAIWAN,RICHTEK TECHNOLOGY CORP,,manual_review,,round3_taiwan_official,,,,,Historical ticker 6286; delisted after MediaTek acquisition. Needs historical source.
TAIWAN,WATERLAND FINANCIAL,,manual_review,,round3_taiwan_official,,,,,Ambiguous historical financial group name; do not map without more evidence.
TAIWAN,WINTEK,,manual_review,,round3_taiwan_official,,,,,Historical ticker 2384; absent from current FinLab/TWSE reference. Needs historical/delisting validation.
TAIWAN,CAPITAL SECURITIES CORP,6005,verified,群益金鼎證券股份有限公司 / CSC,round3_taiwan_official,https://www.twse.com.tw/rwd/en/company/profile?stockNo=6005,FinLab company_basic_info:公司名稱 | FinLab company_basic_info:公司簡稱 | FinLab company_basic_info:英文簡稱 | TWSE OpenAPI t187ap03_L:公司名稱 | TWSE OpenAPI t187ap03_L:公司簡稱,,,FinLab ticker agrees with TWSE/TPEx official reference.
TAIWAN,CHENG SHIN RUBBER IND,2105,verified,正新橡膠工業股份有限公司 / CST,round3_taiwan_official,https://www.twse.com.tw/rwd/en/company/profile?stockNo=2105,FinLab company_basic_info:公司名稱 | FinLab company_basic_info:公司簡稱 | FinLab company_basic_info:英文簡稱 | TWSE OpenAPI t187ap03_L:公司名稱 | TWSE OpenAPI t187ap03_L:公司簡稱,,,FinLab ticker agrees with TWSE/TPEx official reference.
TAIWAN,CHENG UEI PRECISION IND,2392,verified,正崴精密工業股份有限公司 / FOXLINK,round3_taiwan_official,https://www.twse.com.tw/rwd/en/company/profile?stockNo=2392,FinLab company_basic_info:公司名稱 | FinLab company_basic_info:公司簡稱 | FinLab company_basic_info:英文簡稱 | TWSE OpenAPI t187ap03_L:公司名稱 | TWSE OpenAPI t187ap03_L:公司簡稱,,,FinLab ticker agrees with TWSE/TPEx official reference.
TAIWAN,CHINA AIRLINES,2610,verified,中華航空股份有限公司 / CAL,round3_taiwan_official,https://www.twse.com.tw/rwd/en/company/profile?stockNo=2610,FinLab company_basic_info:公司名稱 | FinLab company_basic_info:公司簡稱 | FinLab company_basic_info:英文簡稱 | TWSE OpenAPI t187ap03_L:公司名稱 | TWSE OpenAPI t187ap03_L:公司簡稱,,,FinLab ticker agrees with TWSE/TPEx official reference.
TAIWAN,E INK HOLDINGS,8069,verified,元太科技工業股份有限公司 / EIH,round3_taiwan_official,https://www.tpex.org.tw/www/en-us/company/otcDetail?code=8069,FinLab company_basic_info:公司名稱 | FinLab company_basic_info:公司簡稱 | FinLab company_basic_info:英文簡稱 | TPEx OpenAPI mopsfin_t187ap03_O:CompanyName,,,FinLab ticker agrees with TWSE/TPEx official reference.
TAIWAN,ELITE MATERIAL CO,2383,verified,台光電子材料股份有限公司 / EMC,round3_taiwan_official,https://www.twse.com.tw/rwd/en/company/profile?stockNo=2383,FinLab company_basic_info:公司名稱 | FinLab company_basic_info:公司簡稱 | FinLab company_basic_info:英文簡稱 | TWSE OpenAPI t187ap03_L:公司名稱 | TWSE OpenAPI t187ap03_L:公司簡稱,,,FinLab ticker agrees with TWSE/TPEx official reference.
TAIWAN,ELITEGROUP COMPUTER SYS,2331,verified,精英電腦股份有限公司 / ECS,round3_taiwan_official,https://www.twse.com.tw/rwd/en/company/profile?stockNo=2331,FinLab company_basic_info:公司名稱 | FinLab company_basic_info:公司簡稱 | FinLab company_basic_info:英文簡稱 | TWSE OpenAPI t187ap03_L:公司名稱 | TWSE OpenAPI t187ap03_L:公司簡稱,,,FinLab ticker agrees with TWSE/TPEx official reference.
TAIWAN,FENG HSIN IRON & STEEL,2015,verified,豐興鋼鐵股份有限公司 / FH,round3_taiwan_official,https://www.twse.com.tw/rwd/en/company/profile?stockNo=2015,FinLab company_basic_info:公司名稱 | FinLab company_basic_info:公司簡稱 | FinLab company_basic_info:英文簡稱 | TWSE OpenAPI t187ap03_L:公司名稱 | TWSE OpenAPI t187ap03_L:公司簡稱,,,FinLab ticker agrees with TWSE/TPEx official reference.
TAIWAN,FENG TAY ENTERPRISE CO,9910,verified,豐泰企業股份有限公司 / FT,round3_taiwan_official,https://www.twse.com.tw/rwd/en/company/profile?stockNo=9910,FinLab company_basic_info:公司名稱 | FinLab company_basic_info:公司簡稱 | FinLab company_basic_info:英文簡稱 | TWSE OpenAPI t187ap03_L:公司名稱 | TWSE OpenAPI t187ap03_L:公司簡稱,,,FinLab ticker agrees with TWSE/TPEx official reference.
TAIWAN,FORMOSA INT'L HOTELS,2707,verified,晶華國際酒店股份有限公司 / GFRT,round3_taiwan_official,https://www.twse.com.tw/rwd/en/company/profile?stockNo=2707,FinLab company_basic_info:公司名稱 | FinLab company_basic_info:公司簡稱 | FinLab company_basic_info:英文簡稱 | TWSE OpenAPI t187ap03_L:公司名稱 | TWSE OpenAPI t187ap03_L:公司簡稱,,,FinLab ticker agrees with TWSE/TPEx official reference.
TAIWAN,FORMOSA SUMCO TECHNOLOGY,3532,verified,台塑勝高科技股份有限公司 / FST,round3_taiwan_official,https://www.twse.com.tw/rwd/en/company/profile?stockNo=3532,FinLab company_basic_info:公司名稱 | FinLab company_basic_info:公司簡稱 | FinLab company_basic_info:英文簡稱 | TWSE OpenAPI t187ap03_L:公司名稱 | TWSE OpenAPI t187ap03_L:公司簡稱,,,FinLab ticker agrees with TWSE/TPEx official reference.
TAIWAN,GENERAL INTERFACE SOLN,6456,verified,GIS Holding Limited / GIS-KY,round3_taiwan_official,https://www.twse.com.tw/rwd/en/company/profile?stockNo=6456,FinLab company_basic_info:公司名稱 | FinLab company_basic_info:公司簡稱 | FinLab company_basic_info:英文簡稱 | TWSE OpenAPI t187ap03_L:公司名稱 | TWSE OpenAPI t187ap03_L:公司簡稱,,,FinLab ticker agrees with TWSE/TPEx official reference.
TAIWAN,GIANT MANUFACTURING CO.,9921,verified,巨大機械工業股份有限公司 / GIANT,round3_taiwan_official,https://www.twse.com.tw/rwd/en/company/profile?stockNo=9921,FinLab company_basic_info:公司名稱 | FinLab company_basic_info:公司簡稱 | FinLab company_basic_info:英文簡稱 | TWSE OpenAPI t187ap03_L:公司名稱 | TWSE OpenAPI t187ap03_L:公司簡稱,,,FinLab ticker agrees with TWSE/TPEx official reference.
TAIWAN,GLOBAL UNICHIP CORP,3443,verified,創意電子股份有限公司 / GUC,round3_taiwan_official,https://www.twse.com.tw/rwd/en/company/profile?stockNo=3443,FinLab company_basic_info:公司名稱 | FinLab company_basic_info:公司簡稱 | FinLab company_basic_info:英文簡稱 | TWSE OpenAPI t187ap03_L:公司名稱 | TWSE OpenAPI t187ap03_L:公司簡稱,,,FinLab ticker agrees with TWSE/TPEx official reference.
TAIWAN,HONPRECISION,2317,verified,鴻海精密工業股份有限公司 / HON HAI,round3_taiwan_official,https://www.twse.com.tw/rwd/en/company/profile?stockNo=2317,FinLab company_basic_info:公司名稱 | FinLab company_basic_info:公司簡稱 | FinLab company_basic_info:英文簡稱 | TWSE OpenAPI t187ap03_L:公司名稱 | TWSE OpenAPI t187ap03_L:公司簡稱,,,FinLab ticker agrees with TWSE/TPEx official reference.
TAIWAN,KINSUS INTERCONNECT TECH,3189,verified,景碩科技股份有限公司 / KINSUS,round3_taiwan_official,https://www.twse.com.tw/rwd/en/company/profile?stockNo=3189,FinLab company_basic_info:公司名稱 | FinLab company_basic_info:公司簡稱 | FinLab company_basic_info:英文簡稱 | TWSE OpenAPI t187ap03_L:公司名稱 | TWSE OpenAPI t187ap03_L:公司簡稱,,,FinLab ticker agrees with TWSE/TPEx official reference.
TAIWAN,MICRO-STAR INTERNATIONAL,2377,verified,微星科技股份有限公司 / MSI,round3_taiwan_official,https://www.twse.com.tw/rwd/en/company/profile?stockNo=2377,FinLab company_basic_info:公司名稱 | FinLab company_basic_info:公司簡稱 | FinLab company_basic_info:英文簡稱 | TWSE OpenAPI t187ap03_L:公司名稱 | TWSE OpenAPI t187ap03_L:公司簡稱,,,FinLab ticker agrees with TWSE/TPEx official reference.
TAIWAN,MOSEL VITELIC,2342,verified,台灣茂矽電子股份有限公司 / MVI,round3_taiwan_official,https://www.twse.com.tw/rwd/en/company/profile?stockNo=2342,FinLab company_basic_info:公司名稱 | FinLab company_basic_info:公司簡稱 | FinLab company_basic_info:英文簡稱 | TWSE OpenAPI t187ap03_L:公司名稱 | TWSE OpenAPI t187ap03_L:公司簡稱,,,FinLab ticker agrees with TWSE/TPEx official reference.
TAIWAN,NAN YA PRINTED CIRCUIT,8046,verified,南亞電路板股份有限公司 / N.P.C,round3_taiwan_official,https://www.twse.com.tw/rwd/en/company/profile?stockNo=8046,FinLab company_basic_info:公司名稱 | FinLab company_basic_info:公司簡稱 | FinLab company_basic_info:英文簡稱 | TWSE OpenAPI t187ap03_L:公司名稱 | TWSE OpenAPI t187ap03_L:公司簡稱,,,FinLab ticker agrees with TWSE/TPEx official reference.
TAIWAN,NANYA TECHNOLOGY,2408,verified,南亞科技股份有限公司 / NTC,round3_taiwan_official,https://www.twse.com.tw/rwd/en/company/profile?stockNo=2408,FinLab company_basic_info:公司名稱 | FinLab company_basic_info:公司簡稱 | FinLab company_basic_info:英文簡稱 | TWSE OpenAPI t187ap03_L:公司名稱 | TWSE OpenAPI t187ap03_L:公司簡稱,,,FinLab ticker agrees with TWSE/TPEx official reference.
TAIWAN,NANYA TECHNOLOGY CORP,2408,verified,南亞科技股份有限公司 / NTC,round3_taiwan_official,https://www.twse.com.tw/rwd/en/company/profile?stockNo=2408,FinLab company_basic_info:公司名稱 | FinLab company_basic_info:公司簡稱 | FinLab company_basic_info:英文簡稱 | TWSE OpenAPI t187ap03_L:公司名稱 | TWSE OpenAPI t187ap03_L:公司簡稱,,,FinLab ticker agrees with TWSE/TPEx official reference.
TAIWAN,OBI PHARMA,4174,verified,台灣浩鼎生技股份有限公司 / OBI,round3_taiwan_official,https://www.tpex.org.tw/www/en-us/company/otcDetail?code=4174,FinLab company_basic_info:公司名稱 | FinLab company_basic_info:公司簡稱 | FinLab company_basic_info:英文簡稱 | TPEx OpenAPI mopsfin_t187ap03_O:CompanyName,,,FinLab ticker agrees with TWSE/TPEx official reference.
TAIWAN,ORIENTAL UNION CHEMICAL,1710,verified,東聯化學股份有限公司 / OUCC,round3_taiwan_official,https://www.twse.com.tw/rwd/en/company/profile?stockNo=1710,FinLab company_basic_info:公司名稱 | FinLab company_basic_info:公司簡稱 | FinLab company_basic_info:英文簡稱 | TWSE OpenAPI t187ap03_L:公司名稱 | TWSE OpenAPI t187ap03_L:公司簡稱,,,FinLab ticker agrees with TWSE/TPEx official reference.
TAIWAN,PHOENIX PRECISION TECH,8021,verified,尖點科技股份有限公司 / Topoint,round3_taiwan_official,https://www.twse.com.tw/rwd/en/company/profile?stockNo=8021,FinLab company_basic_info:公司名稱 | FinLab company_basic_info:公司簡稱 | FinLab company_basic_info:英文簡稱 | TWSE OpenAPI t187ap03_L:公司名稱 | TWSE OpenAPI t187ap03_L:公司簡稱,,,FinLab ticker agrees with TWSE/TPEx official reference.
TAIWAN,PIXART IMAGING,3227,verified,原相科技股份有限公司 / PXI,round3_taiwan_official,https://www.tpex.org.tw/www/en-us/company/otcDetail?code=3227,FinLab company_basic_info:公司名稱 | FinLab company_basic_info:公司簡稱 | FinLab company_basic_info:英文簡稱 | TPEx OpenAPI mopsfin_t187ap03_O:CompanyName,,,FinLab ticker agrees with TWSE/TPEx official reference.
TAIWAN,POU CHEN CORP,9904,verified,寶成工業股份有限公司 / PCC,round3_taiwan_official,https://www.twse.com.tw/rwd/en/company/profile?stockNo=9904,FinLab company_basic_info:公司名稱 | FinLab company_basic_info:公司簡稱 | FinLab company_basic_info:英文簡稱 | TWSE OpenAPI t187ap03_L:公司名稱 | TWSE OpenAPI t187ap03_L:公司簡稱,,,FinLab ticker agrees with TWSE/TPEx official reference.
TAIWAN,SHIHLIN ELECTR. & ENG,1503,verified,士林電機廠股份有限公司 / SEEC,round3_taiwan_official,https://www.twse.com.tw/rwd/en/company/profile?stockNo=1503,FinLab company_basic_info:公司名稱 | FinLab company_basic_info:公司簡稱 | FinLab company_basic_info:英文簡稱 | TWSE OpenAPI t187ap03_L:公司名稱 | TWSE OpenAPI t187ap03_L:公司簡稱,,,FinLab ticker agrees with TWSE/TPEx official reference.
TAIWAN,SIMPLO TECHNOLOGY CO,6121,verified,新普科技股份有限公司 / SMP,round3_taiwan_official,https://www.tpex.org.tw/www/en-us/company/otcDetail?code=6121,FinLab company_basic_info:公司名稱 | FinLab company_basic_info:公司簡稱 | FinLab company_basic_info:英文簡稱 | TPEx OpenAPI mopsfin_t187ap03_O:CompanyName,,,FinLab ticker agrees with TWSE/TPEx official reference.
TAIWAN,STANDARD FOODS CORP,1227,verified,佳格食品股份有限公司 / SFC,round3_taiwan_official,https://www.twse.com.tw/rwd/en/company/profile?stockNo=1227,FinLab company_basic_info:公司名稱 | FinLab company_basic_info:公司簡稱 | FinLab company_basic_info:英文簡稱 | TWSE OpenAPI t187ap03_L:公司名稱 | TWSE OpenAPI t187ap03_L:公司簡稱,,,FinLab ticker agrees with TWSE/TPEx official reference.
TAIWAN,TAIWAN BUSINESS BANK,2834,verified,臺灣中小企業銀行股份有限公司 / TBB,round3_taiwan_official,https://www.twse.com.tw/rwd/en/company/profile?stockNo=2834,FinLab company_basic_info:公司名稱 | FinLab company_basic_info:公司簡稱 | FinLab company_basic_info:英文簡稱 | TWSE OpenAPI t187ap03_L:公司名稱 | TWSE OpenAPI t187ap03_L:公司簡稱,,,FinLab ticker agrees with TWSE/TPEx official reference.
TAIWAN,TAIWAN NAVIGATION CO,2617,verified,台灣航業股份有限公司 / TNC,round3_taiwan_official,https://www.twse.com.tw/rwd/en/company/profile?stockNo=2617,FinLab company_basic_info:公司名稱 | FinLab company_basic_info:公司簡稱 | FinLab company_basic_info:英文簡稱 | TWSE OpenAPI t187ap03_L:公司名稱 | TWSE OpenAPI t187ap03_L:公司簡稱,,,FinLab ticker agrees with TWSE/TPEx official reference.
TAIWAN,TAIWAN STYRENE MONOMER,1310,verified,台灣苯乙烯工業股份有限公司 / T.S.M.C.,round3_taiwan_official,https://www.twse.com.tw/rwd/en/company/profile?stockNo=1310,FinLab company_basic_info:公司名稱 | FinLab company_basic_info:公司簡稱 | FinLab company_basic_info:英文簡稱 | TWSE OpenAPI t187ap03_L:公司名稱 | TWSE OpenAPI t187ap03_L:公司簡稱,,,FinLab ticker agrees with TWSE/TPEx official reference.
TAIWAN,VANGUARD INT'L SEMICON,5347,verified,世界先進積體電路股份有限公司 / VIS,round3_taiwan_official,https://www.tpex.org.tw/www/en-us/company/otcDetail?code=5347,FinLab company_basic_info:公司名稱 | FinLab company_basic_info:公司簡稱 | FinLab company_basic_info:英文簡稱 | TPEx OpenAPI mopsfin_t187ap03_O:CompanyName,,,FinLab ticker agrees with TWSE/TPEx official reference.
TAIWAN,VIA TECHNOLOGIES,2388,verified,威盛電子股份有限公司 / VIA,round3_taiwan_official,https://www.twse.com.tw/rwd/en/company/profile?stockNo=2388,FinLab company_basic_info:公司名稱 | FinLab company_basic_info:公司簡稱 | FinLab company_basic_info:英文簡稱 | TWSE OpenAPI t187ap03_L:公司名稱 | TWSE OpenAPI t187ap03_L:公司簡稱,,,FinLab ticker agrees with TWSE/TPEx official reference.
TAIWAN,WAN HAI LINES,2615,verified,萬海航運股份有限公司 / WANHAI,round3_taiwan_official,https://www.twse.com.tw/rwd/en/company/profile?stockNo=2615,FinLab company_basic_info:公司名稱 | FinLab company_basic_info:公司簡稱 | FinLab company_basic_info:英文簡稱 | TWSE OpenAPI t187ap03_L:公司名稱 | TWSE OpenAPI t187ap03_L:公司簡稱,,,FinLab ticker agrees with TWSE/TPEx official reference.
TAIWAN,WIN SEMICONDUCTORS,3105,verified,穩懋半導體股份有限公司 / WIN,round3_taiwan_official,https://www.tpex.org.tw/www/en-us/company/otcDetail?code=3105,FinLab company_basic_info:公司名稱 | FinLab company_basic_info:公司簡稱 | FinLab company_basic_info:英文簡稱 | TPEx OpenAPI mopsfin_t187ap03_O:CompanyName,,,FinLab ticker agrees with TWSE/TPEx official reference.
TAIWAN,WINBOND ELECTRONICS CORP,2344,verified,華邦電子股份有限公司 / WEC,round3_taiwan_official,https://www.twse.com.tw/rwd/en/company/profile?stockNo=2344,FinLab company_basic_info:公司名稱 | FinLab company_basic_info:公司簡稱 | FinLab company_basic_info:英文簡稱 | TWSE OpenAPI t187ap03_L:公司名稱 | TWSE OpenAPI t187ap03_L:公司簡稱,,,FinLab ticker agrees with TWSE/TPEx official reference.
TAIWAN,YIEH PHUI ENTERPRISE,2023,verified,燁輝企業股份有限公司 / YP,round3_taiwan_official,https://www.twse.com.tw/rwd/en/company/profile?stockNo=2023,FinLab company_basic_info:公司名稱 | FinLab company_basic_info:公司簡稱 | FinLab company_basic_info:英文簡稱 | TWSE OpenAPI t187ap03_L:公司名稱 | TWSE OpenAPI t187ap03_L:公司簡稱,,,FinLab ticker agrees with TWSE/TPEx official reference.
TAIWAN,YOUNG FAST OPTOELECTRONI,3622,verified,洋華光電股份有限公司 / YFO,round3_taiwan_official,https://www.twse.com.tw/rwd/en/company/profile?stockNo=3622,FinLab company_basic_info:公司名稱 | FinLab company_basic_info:公司簡稱 | FinLab company_basic_info:英文簡稱 | TWSE OpenAPI t187ap03_L:公司名稱 | TWSE OpenAPI t187ap03_L:公司簡稱,,,FinLab ticker agrees with TWSE/TPEx official reference.
TAIWAN,YUEN FOONG YU PAPER MFG,1907,verified,永豐餘投資控股股份有限公司 / YFY,round3_taiwan_official,https://www.twse.com.tw/rwd/en/company/profile?stockNo=1907,FinLab company_basic_info:公司名稱 | FinLab company_basic_info:公司簡稱 | FinLab company_basic_info:英文簡稱 | TWSE OpenAPI t187ap03_L:公司名稱 | TWSE OpenAPI t187ap03_L:公司簡稱,,,FinLab ticker agrees with TWSE/TPEx official reference.
TAIWAN,ZHEN DING TECHNOLOGY,4958,verified,臻鼎科技控股股份有限公司 / ZDT,round3_taiwan_official,https://www.twse.com.tw/rwd/en/company/profile?stockNo=4958,FinLab company_basic_info:公司名稱 | FinLab company_basic_info:公司簡稱 | FinLab company_basic_info:英文簡稱 | TWSE OpenAPI t187ap03_L:公司名稱 | TWSE OpenAPI t187ap03_L:公司簡稱,,,FinLab ticker agrees with TWSE/TPEx official reference.
TAIWAN,SINCERE NAVIGATION,2605,verified_conflict_round4,Sincere Navigation Corporation / 新興航運,round4_conflict_historical,https://www.snc.com.tw/en/investors/,https://ca.marketscreener.com/quote/stock/SINCERE-NAVIGATION-CORPOR-6495337/,https://ca.finance.yahoo.com/quote/2605.TW/,,Company investor FAQ lists TAIEX/TWSE 2605; market quote pages corroborate 2605.TW/TW0002605003. Prior 6721-style fuzzy conflict should stay corrected to 2605.
TAIWAN,EVERGREEN INTERNATIONAL,2607,verified_historical_round4,Evergreen International Storage & Transport Corp,round4_conflict_historical,https://markets.ft.com/data/equities/tearsheet/profile?s=2607%3ATAI,https://stockanalysis.com/quote/tpe/2607/,https://ca.finance.yahoo.com/quote/2607.TW/,,MSCI abbreviation likely drops Storage & Transport; FT/Yahoo/StockAnalysis all identify Evergreen International Storage & Transport as 2607 on Taiwan/TWSE.
TAIWAN,WATERLAND FINANCIAL,2889,verified_historical_round4,"IBF Financial Holdings Co., Ltd., formerly Waterland Financial Holdings",round4_conflict_historical,https://markets.ft.com/data/equities/tearsheet/profile?s=2889%3ATAI,https://uk.marketscreener.com/quote/stock/IBF-FINANCIAL-HOLDINGS-CO-6495205/,https://www.investing.com/equities/waterland-fin,,FT and MarketScreener state IBF Financial Holdings (2889) was formerly Waterland Financial Holdings; Investing.com URL retains waterland-fin slug for 2889.
TAIWAN,CHINA LIFE INSURANCE CO,2823,verified_historical_round4,China Life Insurance (Taiwan) / KGI Life predecessor,round4_conflict_historical,https://service.kgilife.com.tw/wps/portal/kgilife/investor-relations-en/about-chinalife/Company-profile,https://cbonds.com/stocks/TW0002823002/,https://www.ctwant.com/article/159535/,,KGI Life/China Life company profile says listed on TWSE in 1995 and became CDF wholly owned subsidiary in 2021; Cbonds identifies Taiwan China Life ordinary share TW0002823002 ticker 2823; local press says 2823 delisted 2021-12-30.
TAIWAN,EPISTAR CORP,2448,verified_historical_round4,Epistar Corporation,round4_conflict_historical,https://www.ennostar.com/en/news/news/2,https://www.ledinside.com/node/31791,https://semiconductor-today.com/news_items/2021/jan/ennostar-080121.shtml,,Ennostar company release identifies Epistar (TAIEX:2448); LEDinside notes former stock code 2448 and Ennostar listed as 3714 after share swap.
TAIWAN,INOTERA MEMORIES,3474,verified_historical_round4,"Inotera Memories, Inc.",round4_conflict_historical,https://www.digitimes.com/news/a20161011VL201.html,https://en.ctimes.com.tw/DispNews.asp%3FO%3DHJZCE96HQKMSAA00NO,https://www.globenewswire.com/news-release/2016/12/06/895290/14450/en/Micron-Technology-Completes-Acquisition-of-Inotera-Memories-of-Taiwan.html,,Prior source noted Inotera (TWSE:3474); Digitimes and CTIMES/Micron sources corroborate delisting/acquisition by Micron.
TAIWAN,PRO MOS TECHNOLOGIES,5387,verified_historical_round4,ProMOS Technologies Inc.,round4_conflict_historical,https://focustaiwan.tw/business/201202170035,https://www.marketscreener.com/quote/stock/PROMOS-TECHNOLOGIES-INC-6491683/,https://www.digitimes.com/news/a20110906PD206.html,,"Focus Taiwan states ProMOS shares delisted from OTC March 26, 2012; MarketScreener inactive instrument lists ProMOS Technologies Inc. 5387 TW0005387005 on Taipei Exchange."
TAIWAN,WINTEK,2384,verified_historical_round4,Wintek Corporation / 勝華科技,round4_conflict_historical,https://www.twse.com.tw/downloads/zh/about/company/factbook/2016/1.07.html,https://in.marketscreener.com/quote/stock/WINTEK-CORPORATION-6491707/,https://info.technews.tw/company/22100398-%E5%8B%9D%E8%8F%AF%E7%A7%91%E6%8A%80%E8%82%A1%E4%BB%BD%E6%9C%89%E9%99%90%E5%85%AC%E5%8F%B8,,TWSE fact book lists code 2384 WINTEK CORPORTION delisted 07/07; MarketScreener inactive instrument lists Wintek Corporation 2384 TW0002384005; other local company data retains 2384 勝華科技.
TAIWAN,RICHTEK TECHNOLOGY CORP,6286,verified_historical_round4,Richtek Technology Corporation,round4_conflict_historical,https://www.mediatek.com/press-room/mediatek-announces-tender-offer-for-richtek,https://www.digitimes.com/news/a20160120PD204.html,https://richtek.com/~/media/35BCA3DDCEE4474B9C600C624DBC64F4.ashx,,MediaTek official release identifies Richtek Technology Corporation (TSE:6286) and acquisition plan; Digitimes says Richtek delisted from TSE on 2016-04-29; Richtek report says it became wholly owned by MediaTek.
TAIWAN,PHOENIXTEC POWER CO,,manual_review_round4,Phoenixtec Power / Eaton Phoenixtec MMPL,round4_conflict_historical,https://discovery.patsnap.com/company/eaton-phoenixtec-mmpl/,https://dunscertified.dnb.com.tw/en/DUNSCertifiedProfile/DCP656002912,https://haori.tw/yellopages/73735839-%E4%BC%8A%E9%A0%93%E9%A3%9B%E7%91%9E%E6%85%95%E5%93%81%E8%82%A1%E4%BB%BD%E6%9C%89%E9%99%90%E5%85%AC%E5%8F%B8,,Multiple sources support Eaton acquisition and Phoenixtec identity; only one weak data aggregator surfaced stock symbol 2411/ROCO and no reliable TWSE/TPEx historical symbol page was found. Do not map to 2411 yet.
USA,COBALT INTERNATIONAL,CIE,verified_historical_round4,"Cobalt International Energy, Inc.",round4_conflict_historical,https://www.sec.gov/Archives/edgar/data/1471261/000119312517062754/d259399dex991.htm,https://www.sec.gov/Archives/edgar/data/876661/000087666118000002/ruleprovisionnotice.htm,https://www.cobaltintl.com/newsroom/cobalt-international-energy-inc.-announces-effectiveness-of-1-for-15-revers,,"SEC filings/press releases explicitly identify Cobalt International Energy, Inc. (NYSE:CIE); NYSE/SEC removal filing confirms Cobalt common stock delisting/removal in Jan 2018."
USA,CUTERA,CUTR,verified_historical_round4,"Cutera, Inc.",round4_conflict_historical,https://ir.cutera.com/news-releases/news-release-details/cutera-announces-voluntarily-delisting-nasdaq,https://www.sec.gov/Archives/edgar/data/1162461/000162828025011029/cutr-20250306.htm,https://www.sec.gov/Archives/edgar/data/1162461/000162828025014047/cutr-form25.htm,,"Company release and SEC 8-K/Form 25 confirm Nasdaq ticker CUTR and 2025 delisting/suspension context; historical MSCI rows should remain CUTR, not post-bankruptcy OTC substitute."
USA,SIGNATURE BANK,SBNY,verified_historical_round4,Signature Bank,round4_conflict_historical,https://www.nasdaq.com/press-release/signature-bank-releases-2022-form-10-k-2023-03-02,https://www.fdic.gov/news/press-releases/2023/pr23018.html,https://www.fdic.gov/resources/resolutions/bank-failures/failed-bank-list/signature-ny.html,,Nasdaq-hosted company release and FDIC closure/receiver sources confirm historical Signature Bank context; use SBNY for pre-failure MSCI history and avoid treating bridge/Flagstar successor as same equity.
USA,ZOOMINFO TECH A,ZI,verified_historical_round4,ZoomInfo Technologies Inc. Class A,round4_conflict_historical,https://www.sec.gov/Archives/edgar/data/1794515/000179451524000211/zi-20231231.htm,https://www.sec.gov/Archives/edgar/data/1794515/000179451525000097/zi-8kex991x20250512.htm,https://www.businesswire.com/news/home/20250512480158/en/ZoomInfo-Announces-First-Quarter-2025-Financial-Results,,SEC 2024 10-K supported ZI; SEC 2025 8-K/BusinessWire state Nasdaq symbol changed from ZI to GTM effective 2025-05-13. Historical MSCI events through 2023 should remain ZI.
